{"type": "FeatureCollection", "features": [{"type": "Feature", "geometry": {"type": "Point", "coordinates": [107.23498, 12.633858]}, "properties": {"id": "7201", "feature_type": "reservoir", "comid": 44042603, "basin": 44, "direct_child": "87266", "n_downstream": 1, "downstream": ["87266"]}}, {"type": "Feature", "geometry": {"type": "Point", "coordinates": [107.874209, 12.47625]}, "properties": {"id": "8578", "feature_type": "reservoir", "comid": 44042164, "basin": 44, "direct_child": "66085", "n_downstream": 3, "downstream": ["66085", "80131", "87266"]}}, {"type": "Feature", "geometry": {"type": "Point", "coordinates": [107.593382, 12.430934]}, "properties": {"id": "17093", "feature_type": "reservoir", "comid": 44042363, "basin": 44, "direct_child": "87266", "n_downstream": 1, "downstream": ["87266"]}}, {"type": "Feature", "geometry": {"type": "Point", "coordinates": [108.389597, 12.636021]}, "properties": {"id": "17311", "feature_type": "reservoir", "comid": 44041566, "basin": 44, "direct_child": "68721", "n_downstream": 4, "downstream": ["68721", "41300", "80131", "87266"]}}, {"type": "Feature", "geometry": {"type": "Point", "coordinates": [108.249905, 12.716474]}, "properties": {"id": "19654", "feature_type": "reservoir", "comid": 44042577, "basin": 44, "direct_child": "68721", "n_downstream": 4, "downstream": ["68721", "41300", "80131", "87266"]}}, {"type": "Feature", "geometry": {"type": "Point", "coordinates": [108.405887, 12.784607]}, "properties": {"id": "21623", "feature_type": "reservoir", "comid": 44042634, "basin": 44, "direct_child": "17311", "n_downstream": 5, "downstream": ["17311", "68721", "41300", "80131", "87266"]}}, {"type": "Feature", "geometry": {"type": "Point", "coordinates": [101.784843, 15.275566]}, "properties": {"id": "22396", "feature_type": "reservoir", "comid": 44033343, "basin": 44, "direct_child": "64615", "n_downstream": 3, "downstream": ["64615", "88214", "88993"]}}, {"type": "Feature", "geometry": {"type": "Point", "coordinates": [104.721663, 16.83645]}, "properties": {"id": "23051", "feature_type": "reservoir", "comid": 44030507, "basin": 44, "direct_child": null, "n_downstream": 0, "downstream": []}}, {"type": "Feature", "geometry": {"type": "Point", "coordinates": [107.889, 13.864375]}, "properties": {"id": "23354", "feature_type": "reservoir", "comid": 44039483, "basin": 44, "direct_child": "87266", "n_downstream": 1, "downstream": ["87266"]}}, {"type": "Feature", "geometry": {"type": "Point", "coordinates": [108.474702, 12.719173]}, "properties": {"id": "23471", "feature_type": "reservoir", "comid": 44042753, "basin": 44, "direct_child": "76686", "n_downstream": 7, "downstream": ["76686", "70830", "17311", "68721", "41300", "80131", "87266"]}}, {"type": "Feature", "geometry": {"type": "Point", "coordinates": [108.051042, 12.579818]}, "properties": {"id": "23510", "feature_type": "reservoir", "comid": 44042475, "basin": 44, "direct_child": "80131", "n_downstream": 2, "downstream": ["80131", "87266"]}}, {"type": "Feature", "geometry": {"type": "Point", "coordinates": [108.385561, 12.790553]}, "properties": {"id": "26992", "feature_type": "reservoir", "comid": 44042634, "basin": 44, "direct_child": "17311", "n_downstream": 5, "downstream": ["17311", "68721", "41300", "80131", "87266"]}}, {"type": "Feature", "geometry": {"type": "Point", "coordinates": [108.215835, 12.624249]}, "properties": {"id": "27329", "feature_type": "reservoir", "comid": 44042637, "basin": 44, "direct_child": "41300", "n_downstream": 3, "downstream": ["41300", "80131", "87266"]}}, {"type": "Feature", "geometry": {"type": "Point", "coordinates": [108.216102, 12.606797]}, "properties": {"id": "32908", "feature_type": "reservoir", "comid": 44042637, "basin": 44, "direct_child": "27329", "n_downstream": 4, "downstream": ["27329", "41300", "80131", "87266"]}}, {"type": "Feature", "geometry": {"type": "Point", "coordinates": [108.165625, 12.58557]}, "properties": {"id": "34563", "feature_type": "reservoir", "comid": 44042530, "basin": 44, "direct_child": "51017", "n_downstream": 4, "downstream": ["51017", "41300", "80131", "87266"]}}, {"type": "Feature", "geometry": {"type": "Point", "coordinates": [107.563751, 12.417276]}, "properties": {"id": "35283", "feature_type": "reservoir", "comid": 44042229, "basin": 44, "direct_child": "87266", "n_downstream": 1, "downstream": ["87266"]}}, {"type": "Feature", "geometry": {"type": "Point", "coordinates": [108.036925, 12.491787]}, "properties": {"id": "36082", "feature_type": "reservoir", "comid": 44042406, "basin": 44, "direct_child": "59270", "n_downstream": 4, "downstream": ["59270", "63161", "80131", "87266"]}}, {"type": "Feature", "geometry": {"type": "Point", "coordinates": [108.246388, 12.707984]}, "properties": {"id": "37182", "feature_type": "reservoir", "comid": 44042577, "basin": 44, "direct_child": "68721", "n_downstream": 4, "downstream": ["68721", "41300", "80131", "87266"]}}, {"type": "Feature", "geometry": {"type": "Point", "coordinates": [106.275984, 15.402083]}, "properties": {"id": "38025", "feature_type": "reservoir", "comid": 44033276, "basin": 44, "direct_child": "66786", "n_downstream": 1, "downstream": ["66786"]}}, {"type": "Feature", "geometry": {"type": "Point", "coordinates": [108.198707, 12.599837]}, "properties": {"id": "38682", "feature_type": "reservoir", "comid": 44042530, "basin": 44, "direct_child": "34563", "n_downstream": 5, "downstream": ["34563", "51017", "41300", "80131", "87266"]}}, {"type": "Feature", "geometry": {"type": "Point", "coordinates": [99.413185, 19.656666]}, "properties": {"id": "39117", "feature_type": "reservoir", "comid": 44021035, "basin": 44, "direct_child": "53551", "n_downstream": 1, "downstream": ["53551"]}}, {"type": "Feature", "geometry": {"type": "Point", "coordinates": [108.072936, 12.481738]}, "properties": {"id": "41300", "feature_type": "reservoir", "comid": 44041519, "basin": 44, "direct_child": "80131", "n_downstream": 2, "downstream": ["80131", "87266"]}}, {"type": "Feature", "geometry": {"type": "Point", "coordinates": [108.008076, 14.797908]}, "properties": {"id": "41597", "feature_type": "reservoir", "comid": 44035077, "basin": 44, "direct_child": "87746", "n_downstream": 5, "downstream": ["87746", "88142", "79812", "87979", "87266"]}}, {"type": "Feature", "geometry": {"type": "Point", "coordinates": [101.881986, 15.787274]}, "properties": {"id": "42557", "feature_type": "reservoir", "comid": 44030943, "basin": 44, "direct_child": "84647", "n_downstream": 4, "downstream": ["84647", "74094", "74742", "88993"]}}, {"type": "Feature", "geometry": {"type": "Point", "coordinates": [107.646272, 12.387868]}, "properties": {"id": "43016", "feature_type": "reservoir", "comid": 44042210, "basin": 44, "direct_child": "80131", "n_downstream": 2, "downstream": ["80131", "87266"]}}, {"type": "Feature", "geometry": {"type": "Point", "coordinates": [108.427065, 12.789831]}, "properties": {"id": "44124", "feature_type": "reservoir", "comid": 44042706, "basin": 44, "direct_child": "17311", "n_downstream": 5, "downstream": ["17311", "68721", "41300", "80131", "87266"]}}, {"type": "Feature", "geometry": {"type": "Point", "coordinates": [108.405674, 12.753475]}, "properties": {"id": "45325", "feature_type": "reservoir", "comid": 44042634, "basin": 44, "direct_child": "17311", "n_downstream": 5, "downstream": ["17311", "68721", "41300", "80131", "87266"]}}, {"type": "Feature", "geometry": {"type": "Point", "coordinates": [107.944188, 14.565106]}, "properties": {"id": "45608", "feature_type": "reservoir", "comid": 44037886, "basin": 44, "direct_child": "87746", "n_downstream": 5, "downstream": ["87746", "88142", "79812", "87979", "87266"]}}, {"type": "Feature", "geometry": {"type": "Point", "coordinates": [108.326711, 12.596932]}, "properties": {"id": "45920", "feature_type": "reservoir", "comid": 44042494, "basin": 44, "direct_child": "68721", "n_downstream": 4, "downstream": ["68721", "41300", "80131", "87266"]}}, {"type": "Feature", "geometry": {"type": "Point", "coordinates": [108.402092, 12.731847]}, "properties": {"id": "47377", "feature_type": "reservoir", "comid": 44042634, "basin": 44, "direct_child": "21623", "n_downstream": 8, "downstream": ["21623", "26992", "45325", "17311", "68721", "41300", "80131", "87266"]}}, {"type": "Feature", "geometry": {"type": "Point", "coordinates": [107.683505, 12.410751]}, "properties": {"id": "47442", "feature_type": "reservoir", "comid": 44042210, "basin": 44, "direct_child": "43016", "n_downstream": 3, "downstream": ["43016", "80131", "87266"]}}, {"type": "Feature", "geometry": {"type": "Point", "coordinates": [107.796242, 13.928656]}, "properties": {"id": "48345", "feature_type": "reservoir", "comid": 44039649, "basin": 44, "direct_child": "77957", "n_downstream": 3, "downstream": ["77957", "87979", "87266"]}}, {"type": "Feature", "geometry": {"type": "Point", "coordinates": [104.854423, 14.666405]}, "properties": {"id": "50305", "feature_type": "reservoir", "comid": 44034778, "basin": 44, "direct_child": "88993", "n_downstream": 1, "downstream": ["88993"]}}, {"type": "Feature", "geometry": {"type": "Point", "coordinates": [102.190718, 15.673034]}, "properties": {"id": "50929", "feature_type": "reservoir", "comid": 44034176, "basin": 44, "direct_child": "78108", "n_downstream": 5, "downstream": ["78108", "84647", "74094", "74742", "88993"]}}, {"type": "Feature", "geometry": {"type": "Point", "coordinates": [108.194376, 12.636891]}, "properties": {"id": "51017", "feature_type": "reservoir", "comid": 44042530, "basin": 44, "direct_child": "41300", "n_downstream": 3, "downstream": ["41300", "80131", "87266"]}}, {"type": "Feature", "geometry": {"type": "Point", "coordinates": [104.280208, 17.153727]}, "properties": {"id": "51705", "feature_type": "reservoir", "comid": 44026978, "basin": 44, "direct_child": "88804", "n_downstream": 3, "downstream": ["88804", "72581", "63754"]}}, {"type": "Feature", "geometry": {"type": "Point", "coordinates": [107.577415, 12.393349]}, "properties": {"id": "52223", "feature_type": "reservoir", "comid": 44042253, "basin": 44, "direct_child": "80131", "n_downstream": 2, "downstream": ["80131", "87266"]}}, {"type": "Feature", "geometry": {"type": "Point", "coordinates": [107.651169, 14.634881]}, "properties": {"id": "52811", "feature_type": "reservoir", "comid": 44035395, "basin": 44, "direct_child": "87746", "n_downstream": 5, "downstream": ["87746", "88142", "79812", "87979", "87266"]}}, {"type": "Feature", "geometry": {"type": "Point", "coordinates": [108.562657, 12.733188]}, "properties": {"id": "53289", "feature_type": "reservoir", "comid": 44042695, "basin": 44, "direct_child": "68721", "n_downstream": 4, "downstream": ["68721", "41300", "80131", "87266"]}}, {"type": "Feature", "geometry": {"type": "Point", "coordinates": [99.647424, 19.69864]}, "properties": {"id": "53551", "feature_type": "reservoir", "comid": 44019671, "basin": 44, "direct_child": null, "n_downstream": 0, "downstream": []}}, {"type": "Feature", "geometry": {"type": "Point", "coordinates": [107.942855, 14.067689]}, "properties": {"id": "54809", "feature_type": "reservoir", "comid": 44037153, "basin": 44, "direct_child": "77957", "n_downstream": 3, "downstream": ["77957", "87979", "87266"]}}, {"type": "Feature", "geometry": {"type": "Point", "coordinates": [107.942708, 13.839585]}, "properties": {"id": "55069", "feature_type": "reservoir", "comid": 44039490, "basin": 44, "direct_child": "87266", "n_downstream": 1, "downstream": ["87266"]}}, {"type": "Feature", "geometry": {"type": "Point", "coordinates": [108.002105, 14.76965]}, "properties": {"id": "55746", "feature_type": "reservoir", "comid": 44035077, "basin": 44, "direct_child": "41597", "n_downstream": 6, "downstream": ["41597", "87746", "88142", "79812", "87979", "87266"]}}, {"type": "Feature", "geometry": {"type": "Point", "coordinates": [105.277342, 14.576691]}, "properties": {"id": "56445", "feature_type": "reservoir", "comid": 44035355, "basin": 44, "direct_child": "88993", "n_downstream": 1, "downstream": ["88993"]}}, {"type": "Feature", "geometry": {"type": "Point", "coordinates": [108.123024, 12.385073]}, "properties": {"id": "56698", "feature_type": "reservoir", "comid": 44042252, "basin": 44, "direct_child": "41300", "n_downstream": 3, "downstream": ["41300", "80131", "87266"]}}, {"type": "Feature", "geometry": {"type": "Point", "coordinates": [108.631906, 12.658564]}, "properties": {"id": "58531", "feature_type": "reservoir", "comid": 44041916, "basin": 44, "direct_child": "68721", "n_downstream": 4, "downstream": ["68721", "41300", "80131", "87266"]}}, {"type": "Feature", "geometry": {"type": "Point", "coordinates": [108.098771, 12.543529]}, "properties": {"id": "59270", "feature_type": "reservoir", "comid": 44042406, "basin": 44, "direct_child": "80131", "n_downstream": 2, "downstream": ["80131", "87266"]}}, {"type": "Feature", "geometry": {"type": "Point", "coordinates": [103.308946, 15.525807]}, "properties": {"id": "59937", "feature_type": "reservoir", "comid": 44034182, "basin": 44, "direct_child": "88214", "n_downstream": 2, "downstream": ["88214", "88993"]}}, {"type": "Feature", "geometry": {"type": "Point", "coordinates": [108.031224, 12.406227]}, "properties": {"id": "61147", "feature_type": "reservoir", "comid": 44042264, "basin": 44, "direct_child": "41300", "n_downstream": 3, "downstream": ["41300", "80131", "87266"]}}, {"type": "Feature", "geometry": {"type": "Point", "coordinates": [104.394674, 15.329936]}, "properties": {"id": "61693", "feature_type": "reservoir", "comid": 44033158, "basin": 44, "direct_child": "74742", "n_downstream": 2, "downstream": ["74742", "88993"]}}, {"type": "Feature", "geometry": {"type": "Point", "coordinates": [107.924414, 12.398511]}, "properties": {"id": "62101", "feature_type": "reservoir", "comid": 44041426, "basin": 44, "direct_child": "80131", "n_downstream": 2, "downstream": ["80131", "87266"]}}, {"type": "Feature", "geometry": {"type": "Point", "coordinates": [108.094792, 12.54841]}, "properties": {"id": "63161", "feature_type": "reservoir", "comid": 44042406, "basin": 44, "direct_child": "80131", "n_downstream": 2, "downstream": ["80131", "87266"]}}, {"type": "Feature", "geometry": {"type": "Point", "coordinates": [104.716956, 16.922953]}, "properties": {"id": "63754", "feature_type": "reservoir", "comid": 44026939, "basin": 44, "direct_child": null, "n_downstream": 0, "downstream": []}}, {"type": "Feature", "geometry": {"type": "Point", "coordinates": [107.895646, 13.755931]}, "properties": {"id": "63762", "feature_type": "reservoir", "comid": 44039490, "basin": 44, "direct_child": "71729", "n_downstream": 3, "downstream": ["71729", "55069", "87266"]}}, {"type": "Feature", "geometry": {"type": "Point", "coordinates": [108.349246, 12.580571]}, "properties": {"id": "63910", "feature_type": "reservoir", "comid": 44042494, "basin": 44, "direct_child": "45920", "n_downstream": 5, "downstream": ["45920", "68721", "41300", "80131", "87266"]}}, {"type": "Feature", "geometry": {"type": "Point", "coordinates": [107.914582, 12.439585]}, "properties": {"id": "64088", "feature_type": "reservoir", "comid": 44042281, "basin": 44, "direct_child": "80131", "n_downstream": 2, "downstream": ["80131", "87266"]}}, {"type": "Feature", "geometry": {"type": "Point", "coordinates": [104.487943, 15.400293]}, "properties": {"id": "64349", "feature_type": "reservoir", "comid": 44033142, "basin": 44, "direct_child": "88993", "n_downstream": 1, "downstream": ["88993"]}}, {"type": "Feature", "geometry": {"type": "Point", "coordinates": [107.895917, 13.062542]}, "properties": {"id": "64393", "feature_type": "reservoir", "comid": 44040824, "basin": 44, "direct_child": "87266", "n_downstream": 1, "downstream": ["87266"]}}, {"type": "Feature", "geometry": {"type": "Point", "coordinates": [101.798225, 15.303063]}, "properties": {"id": "64615", "feature_type": "reservoir", "comid": 44033343, "basin": 44, "direct_child": "88214", "n_downstream": 2, "downstream": ["88214", "88993"]}}, {"type": "Feature", "geometry": {"type": "Point", "coordinates": [108.421534, 12.757561]}, "properties": {"id": "64733", "feature_type": "reservoir", "comid": 44042706, "basin": 44, "direct_child": "44124", "n_downstream": 6, "downstream": ["44124", "17311", "68721", "41300", "80131", "87266"]}}, {"type": "Feature", "geometry": {"type": "Point", "coordinates": [104.422015, 11.759766]}, "properties": {"id": "65163", "feature_type": "reservoir", "comid": 44043129, "basin": 44, "direct_child": null, "n_downstream": 0, "downstream": []}}, {"type": "Feature", "geometry": {"type": "Point", "coordinates": [103.283656, 19.24375]}, "properties": {"id": "65228", "feature_type": "reservoir", "comid": 44021443, "basin": 44, "direct_child": null, "n_downstream": 0, "downstream": []}}, {"type": "Feature", "geometry": {"type": "Point", "coordinates": [102.747479, 14.297]}, "properties": {"id": "65593", "feature_type": "reservoir", "comid": 44037531, "basin": 44, "direct_child": "88214", "n_downstream": 2, "downstream": ["88214", "88993"]}}, {"type": "Feature", "geometry": {"type": "Point", "coordinates": [104.621621, 11.973654]}, "properties": {"id": "65923", "feature_type": "reservoir", "comid": 44043662, "basin": 44, "direct_child": null, "n_downstream": 0, "downstream": []}}, {"type": "Feature", "geometry": {"type": "Point", "coordinates": [107.85219, 12.472714]}, "properties": {"id": "66085", "feature_type": "reservoir", "comid": 44042164, "basin": 44, "direct_child": "80131", "n_downstream": 2, "downstream": ["80131", "87266"]}}, {"type": "Feature", "geometry": {"type": "Point", "coordinates": [105.186532, 12.196761]}, "properties": {"id": "66230", "feature_type": "reservoir", "comid": 44043889, "basin": 44, "direct_child": null, "n_downstream": 0, "downstream": []}}, {"type": "Feature", "geometry": {"type": "Point", "coordinates": [102.651044, 18.874231]}, "properties": {"id": "66318", "feature_type": "reservoir", "comid": 44022402, "basin": 44, "direct_child": "89219", "n_downstream": 2, "downstream": ["89219", "90321"]}}, {"type": "Feature", "geometry": {"type": "Point", "coordinates": [105.830294, 15.35849]}, "properties": {"id": "66786", "feature_type": "reservoir", "comid": 44032611, "basin": 44, "direct_child": null, "n_downstream": 0, "downstream": []}}, {"type": "Feature", "geometry": {"type": "Point", "coordinates": [108.313829, 12.676988]}, "properties": {"id": "66995", "feature_type": "reservoir", "comid": 44042577, "basin": 44, "direct_child": "19654", "n_downstream": 6, "downstream": ["19654", "37182", "68721", "41300", "80131", "87266"]}}, {"type": "Feature", "geometry": {"type": "Point", "coordinates": [105.209948, 14.426009]}, "properties": {"id": "67494", "feature_type": "reservoir", "comid": 44037718, "basin": 44, "direct_child": "88993", "n_downstream": 1, "downstream": ["88993"]}}, {"type": "Feature", "geometry": {"type": "Point", "coordinates": [107.614928, 12.396803]}, "properties": {"id": "67669", "feature_type": "reservoir", "comid": 44042253, "basin": 44, "direct_child": "80131", "n_downstream": 2, "downstream": ["80131", "87266"]}}, {"type": "Feature", "geometry": {"type": "Point", "coordinates": [107.934375, 12.309008]}, "properties": {"id": "68177", "feature_type": "reservoir", "comid": 44041648, "basin": 44, "direct_child": "62101", "n_downstream": 3, "downstream": ["62101", "80131", "87266"]}}, {"type": "Feature", "geometry": {"type": "Point", "coordinates": [104.263477, 15.603398]}, "properties": {"id": "68336", "feature_type": "reservoir", "comid": 44034152, "basin": 44, "direct_child": "74094", "n_downstream": 3, "downstream": ["74094", "74742", "88993"]}}, {"type": "Feature", "geometry": {"type": "Point", "coordinates": [108.448075, 12.743752]}, "properties": {"id": "68612", "feature_type": "reservoir", "comid": 44042706, "basin": 44, "direct_child": "64733", "n_downstream": 7, "downstream": ["64733", "44124", "17311", "68721", "41300", "80131", "87266"]}}, {"type": "Feature", "geometry": {"type": "Point", "coordinates": [108.235274, 12.497773]}, "properties": {"id": "68721", "feature_type": "reservoir", "comid": 44041529, "basin": 44, "direct_child": "41300", "n_downstream": 3, "downstream": ["41300", "80131", "87266"]}}, {"type": "Feature", "geometry": {"type": "Point", "coordinates": [104.528393, 16.884008]}, "properties": {"id": "68880", "feature_type": "reservoir", "comid": 44027681, "basin": 44, "direct_child": "63754", "n_downstream": 1, "downstream": ["63754"]}}, {"type": "Feature", "geometry": {"type": "Point", "coordinates": [104.4047, 16.563958]}, "properties": {"id": "69184", "feature_type": "reservoir", "comid": 44030105, "basin": 44, "direct_child": null, "n_downstream": 0, "downstream": []}}, {"type": "Feature", "geometry": {"type": "Point", "coordinates": [103.989756, 17.61743]}, "properties": {"id": "69208", "feature_type": "reservoir", "comid": 44025189, "basin": 44, "direct_child": "80684", "n_downstream": 1, "downstream": ["80684"]}}, {"type": "Feature", "geometry": {"type": "Point", "coordinates": [104.713364, 16.828386]}, "properties": {"id": "69417", "feature_type": "reservoir", "comid": 44030507, "basin": 44, "direct_child": null, "n_downstream": 0, "downstream": []}}, {"type": "Feature", "geometry": {"type": "Point", "coordinates": [101.70966, 15.623187]}, "properties": {"id": "69942", "feature_type": "reservoir", "comid": 44034212, "basin": 44, "direct_child": "84647", "n_downstream": 4, "downstream": ["84647", "74094", "74742", "88993"]}}, {"type": "Feature", "geometry": {"type": "Point", "coordinates": [99.823983, 19.352891]}, "properties": {"id": "70133", "feature_type": "reservoir", "comid": 44020360, "basin": 44, "direct_child": "85960", "n_downstream": 1, "downstream": ["85960"]}}, {"type": "Feature", "geometry": {"type": "Point", "coordinates": [104.421399, 16.946363]}, "properties": {"id": "70244", "feature_type": "reservoir", "comid": 44027686, "basin": 44, "direct_child": "72581", "n_downstream": 2, "downstream": ["72581", "63754"]}}, {"type": "Feature", "geometry": {"type": "Point", "coordinates": [104.313186, 16.963468]}, "properties": {"id": "70714", "feature_type": "reservoir", "comid": 44027698, "basin": 44, "direct_child": "72581", "n_downstream": 2, "downstream": ["72581", "63754"]}}, {"type": "Feature", "geometry": {"type": "Point", "coordinates": [108.452038, 12.789771]}, "properties": {"id": "70830", "feature_type": "reservoir", "comid": 44042753, "basin": 44, "direct_child": "17311", "n_downstream": 5, "downstream": ["17311", "68721", "41300", "80131", "87266"]}}, {"type": "Feature", "geometry": {"type": "Point", "coordinates": [102.223958, 19.746729]}, "properties": {"id": "70893", "feature_type": "reservoir", "comid": 44019620, "basin": 44, "direct_child": null, "n_downstream": 0, "downstream": []}}, {"type": "Feature", "geometry": {"type": "Point", "coordinates": [101.702855, 14.381071]}, "properties": {"id": "71203", "feature_type": "reservoir", "comid": 44037629, "basin": 44, "direct_child": "84434", "n_downstream": 3, "downstream": ["84434", "88214", "88993"]}}, {"type": "Feature", "geometry": {"type": "Point", "coordinates": [101.597516, 15.560371]}, "properties": {"id": "71604", "feature_type": "reservoir", "comid": 44034121, "basin": 44, "direct_child": "84647", "n_downstream": 4, "downstream": ["84647", "74094", "74742", "88993"]}}, {"type": "Feature", "geometry": {"type": "Point", "coordinates": [104.320967, 15.858178]}, "properties": {"id": "71613", "feature_type": "reservoir", "comid": 44031179, "basin": 44, "direct_child": "88993", "n_downstream": 1, "downstream": ["88993"]}}, {"type": "Feature", "geometry": {"type": "Point", "coordinates": [107.953597, 13.820506]}, "properties": {"id": "71729", "feature_type": "reservoir", "comid": 44039490, "basin": 44, "direct_child": "55069", "n_downstream": 2, "downstream": ["55069", "87266"]}}, {"type": "Feature", "geometry": {"type": "Point", "coordinates": [107.805001, 12.927148]}, "properties": {"id": "71736", "feature_type": "reservoir", "comid": 44040751, "basin": 44, "direct_child": "87266", "n_downstream": 1, "downstream": ["87266"]}}, {"type": "Feature", "geometry": {"type": "Point", "coordinates": [105.051302, 14.447917]}, "properties": {"id": "72210", "feature_type": "reservoir", "comid": 44037756, "basin": 44, "direct_child": "88993", "n_downstream": 1, "downstream": ["88993"]}}, {"type": "Feature", "geometry": {"type": "Point", "coordinates": [107.60606, 12.443025]}, "properties": {"id": "72258", "feature_type": "reservoir", "comid": 44042363, "basin": 44, "direct_child": "87266", "n_downstream": 1, "downstream": ["87266"]}}, {"type": "Feature", "geometry": {"type": "Point", "coordinates": [104.575688, 14.492207]}, "properties": {"id": "72430", "feature_type": "reservoir", "comid": 44037839, "basin": 44, "direct_child": "88993", "n_downstream": 1, "downstream": ["88993"]}}, {"type": "Feature", "geometry": {"type": "Point", "coordinates": [104.051042, 14.422698]}, "properties": {"id": "72492", "feature_type": "reservoir", "comid": 44037627, "basin": 44, "direct_child": "88993", "n_downstream": 1, "downstream": ["88993"]}}, {"type": "Feature", "geometry": {"type": "Point", "coordinates": [100.784756, 21.90961]}, "properties": {"id": "72526", "feature_type": "reservoir", "comid": 44014117, "basin": 44, "direct_child": null, "n_downstream": 0, "downstream": []}}, {"type": "Feature", "geometry": {"type": "Point", "coordinates": [105.478982, 14.846307]}, "properties": {"id": "72565", "feature_type": "reservoir", "comid": 44035703, "basin": 44, "direct_child": "89953", "n_downstream": 2, "downstream": ["89953", "88993"]}}, {"type": "Feature", "geometry": {"type": "Point", "coordinates": [104.456465, 16.973111]}, "properties": {"id": "72581", "feature_type": "reservoir", "comid": 44026951, "basin": 44, "direct_child": "63754", "n_downstream": 1, "downstream": ["63754"]}}, {"type": "Feature", "geometry": {"type": "Point", "coordinates": [108.127103, 12.652083]}, "properties": {"id": "72624", "feature_type": "reservoir", "comid": 44042558, "basin": 44, "direct_child": "87266", "n_downstream": 1, "downstream": ["87266"]}}, {"type": "Feature", "geometry": {"type": "Point", "coordinates": [102.228125, 15.056699]}, "properties": {"id": "72954", "feature_type": "reservoir", "comid": 44036056, "basin": 44, "direct_child": "88214", "n_downstream": 2, "downstream": ["88214", "88993"]}}, {"type": "Feature", "geometry": {"type": "Point", "coordinates": [104.972917, 15.915163]}, "properties": {"id": "73035", "feature_type": "reservoir", "comid": 44031823, "basin": 44, "direct_child": "88993", "n_downstream": 1, "downstream": ["88993"]}}, {"type": "Feature", "geometry": {"type": "Point", "coordinates": [104.588093, 15.891395]}, "properties": {"id": "73058", "feature_type": "reservoir", "comid": 44031800, "basin": 44, "direct_child": "88993", "n_downstream": 1, "downstream": ["88993"]}}, {"type": "Feature", "geometry": {"type": "Point", "coordinates": [104.228611, 15.671599]}, "properties": {"id": "73353", "feature_type": "reservoir", "comid": 44034290, "basin": 44, "direct_child": "74094", "n_downstream": 3, "downstream": ["74094", "74742", "88993"]}}, {"type": "Feature", "geometry": {"type": "Point", "coordinates": [105.198958, 14.425636]}, "properties": {"id": "73525", "feature_type": "reservoir", "comid": 44037704, "basin": 44, "direct_child": "88993", "n_downstream": 1, "downstream": ["88993"]}}, {"type": "Feature", "geometry": {"type": "Point", "coordinates": [104.209865, 14.867491]}, "properties": {"id": "73707", "feature_type": "reservoir", "comid": 44035346, "basin": 44, "direct_child": "88993", "n_downstream": 1, "downstream": ["88993"]}}, {"type": "Feature", "geometry": {"type": "Point", "coordinates": [104.304785, 15.439409]}, "properties": {"id": "74094", "feature_type": "reservoir", "comid": 44032597, "basin": 44, "direct_child": "74742", "n_downstream": 2, "downstream": ["74742", "88993"]}}, {"type": "Feature", "geometry": {"type": "Point", "coordinates": [103.270219, 16.18424]}, "properties": {"id": "74276", "feature_type": "reservoir", "comid": 44031480, "basin": 44, "direct_child": "74094", "n_downstream": 3, "downstream": ["74094", "74742", "88993"]}}, {"type": "Feature", "geometry": {"type": "Point", "coordinates": [104.456296, 15.314385]}, "properties": {"id": "74742", "feature_type": "reservoir", "comid": 44032594, "basin": 44, "direct_child": "88993", "n_downstream": 1, "downstream": ["88993"]}}, {"type": "Feature", "geometry": {"type": "Point", "coordinates": [102.214669, 15.726402]}, "properties": {"id": "74854", "feature_type": "reservoir", "comid": 44033426, "basin": 44, "direct_child": "84647", "n_downstream": 4, "downstream": ["84647", "74094", "74742", "88993"]}}, {"type": "Feature", "geometry": {"type": "Point", "coordinates": [101.79319, 16.41155]}, "properties": {"id": "75009", "feature_type": "reservoir", "comid": 44029176, "basin": 44, "direct_child": "90206", "n_downstream": 4, "downstream": ["90206", "74094", "74742", "88993"]}}, {"type": "Feature", "geometry": {"type": "Point", "coordinates": [105.44132, 14.646018]}, "properties": {"id": "75061", "feature_type": "reservoir", "comid": 44035371, "basin": 44, "direct_child": "89953", "n_downstream": 2, "downstream": ["89953", "88993"]}}, {"type": "Feature", "geometry": {"type": "Point", "coordinates": [104.192699, 16.685005]}, "properties": {"id": "75132", "feature_type": "reservoir", "comid": 44030278, "basin": 44, "direct_child": null, "n_downstream": 0, "downstream": []}}, {"type": "Feature", "geometry": {"type": "Point", "coordinates": [108.075868, 12.371604]}, "properties": {"id": "75185", "feature_type": "reservoir", "comid": 44042198, "basin": 44, "direct_child": "41300", "n_downstream": 3, "downstream": ["41300", "80131", "87266"]}}, {"type": "Feature", "geometry": {"type": "Point", "coordinates": [106.498213, 15.355295]}, "properties": {"id": "75304", "feature_type": "reservoir", "comid": 44033394, "basin": 44, "direct_child": null, "n_downstream": 0, "downstream": []}}, {"type": "Feature", "geometry": {"type": "Point", "coordinates": [102.558211, 14.712672]}, "properties": {"id": "75628", "feature_type": "reservoir", "comid": 44035490, "basin": 44, "direct_child": "88214", "n_downstream": 2, "downstream": ["88214", "88993"]}}, {"type": "Feature", "geometry": {"type": "Point", "coordinates": [104.350332, 14.546397]}, "properties": {"id": "75723", "feature_type": "reservoir", "comid": 44036908, "basin": 44, "direct_child": "88993", "n_downstream": 1, "downstream": ["88993"]}}, {"type": "Feature", "geometry": {"type": "Point", "coordinates": [100.283571, 21.917006]}, "properties": {"id": "75727", "feature_type": "reservoir", "comid": 44014123, "basin": 44, "direct_child": null, "n_downstream": 0, "downstream": []}}, {"type": "Feature", "geometry": {"type": "Point", "coordinates": [103.749209, 16.844885]}, "properties": {"id": "75892", "feature_type": "reservoir", "comid": 44030583, "basin": 44, "direct_child": "90092", "n_downstream": 4, "downstream": ["90092", "74094", "74742", "88993"]}}, {"type": "Feature", "geometry": {"type": "Point", "coordinates": [108.124615, 12.840292]}, "properties": {"id": "75951", "feature_type": "reservoir", "comid": 44041662, "basin": 44, "direct_child": "87266", "n_downstream": 1, "downstream": ["87266"]}}, {"type": "Feature", "geometry": {"type": "Point", "coordinates": [104.26198, 17.607348]}, "properties": {"id": "76292", "feature_type": "reservoir", "comid": 44025563, "basin": 44, "direct_child": "80684", "n_downstream": 1, "downstream": ["80684"]}}, {"type": "Feature", "geometry": {"type": "Point", "coordinates": [104.742244, 15.887083]}, "properties": {"id": "76394", "feature_type": "reservoir", "comid": 44031840, "basin": 44, "direct_child": "88993", "n_downstream": 1, "downstream": ["88993"]}}, {"type": "Feature", "geometry": {"type": "Point", "coordinates": [105.432803, 14.684074]}, "properties": {"id": "76436", "feature_type": "reservoir", "comid": 44035476, "basin": 44, "direct_child": "89953", "n_downstream": 2, "downstream": ["89953", "88993"]}}, {"type": "Feature", "geometry": {"type": "Point", "coordinates": [104.421875, 14.613956]}, "properties": {"id": "76613", "feature_type": "reservoir", "comid": 44034909, "basin": 44, "direct_child": "88993", "n_downstream": 1, "downstream": ["88993"]}}, {"type": "Feature", "geometry": {"type": "Point", "coordinates": [108.487953, 12.720298]}, "properties": {"id": "76686", "feature_type": "reservoir", "comid": 44042753, "basin": 44, "direct_child": "70830", "n_downstream": 6, "downstream": ["70830", "17311", "68721", "41300", "80131", "87266"]}}, {"type": "Feature", "geometry": {"type": "Point", "coordinates": [103.08829, 14.64037]}, "properties": {"id": "77055", "feature_type": "reservoir", "comid": 44035267, "basin": 44, "direct_child": "88214", "n_downstream": 2, "downstream": ["88214", "88993"]}}, {"type": "Feature", "geometry": {"type": "Point", "coordinates": [101.601119, 21.574097]}, "properties": {"id": "77256", "feature_type": "reservoir", "comid": 44014832, "basin": 44, "direct_child": null, "n_downstream": 0, "downstream": []}}, {"type": "Feature", "geometry": {"type": "Point", "coordinates": [104.380361, 15.741123]}, "properties": {"id": "77259", "feature_type": "reservoir", "comid": 44032867, "basin": 44, "direct_child": "88993", "n_downstream": 1, "downstream": ["88993"]}}, {"type": "Feature", "geometry": {"type": "Point", "coordinates": [102.79375, 14.665525]}, "properties": {"id": "77396", "feature_type": "reservoir", "comid": 44035469, "basin": 44, "direct_child": "88214", "n_downstream": 2, "downstream": ["88214", "88993"]}}, {"type": "Feature", "geometry": {"type": "Point", "coordinates": [108.370289, 12.778758]}, "properties": {"id": "77528", "feature_type": "reservoir", "comid": 44041601, "basin": 44, "direct_child": "17311", "n_downstream": 5, "downstream": ["17311", "68721", "41300", "80131", "87266"]}}, {"type": "Feature", "geometry": {"type": "Point", "coordinates": [103.205101, 15.275593]}, "properties": {"id": "77556", "feature_type": "reservoir", "comid": 44032933, "basin": 44, "direct_child": "88214", "n_downstream": 2, "downstream": ["88214", "88993"]}}, {"type": "Feature", "geometry": {"type": "Point", "coordinates": [108.037201, 12.604621]}, "properties": {"id": "77570", "feature_type": "reservoir", "comid": 44042558, "basin": 44, "direct_child": "72624", "n_downstream": 2, "downstream": ["72624", "87266"]}}, {"type": "Feature", "geometry": {"type": "Point", "coordinates": [103.376042, 15.655405]}, "properties": {"id": "77574", "feature_type": "reservoir", "comid": 44034271, "basin": 44, "direct_child": "88214", "n_downstream": 2, "downstream": ["88214", "88993"]}}, {"type": "Feature", "geometry": {"type": "Point", "coordinates": [105.14375, 14.410417]}, "properties": {"id": "77658", "feature_type": "reservoir", "comid": 44037685, "basin": 44, "direct_child": "88993", "n_downstream": 1, "downstream": ["88993"]}}, {"type": "Feature", "geometry": {"type": "Point", "coordinates": [104.212719, 17.409069]}, "properties": {"id": "77660", "feature_type": "reservoir", "comid": 44027591, "basin": 44, "direct_child": "80684", "n_downstream": 1, "downstream": ["80684"]}}, {"type": "Feature", "geometry": {"type": "Point", "coordinates": [108.10707, 14.184087]}, "properties": {"id": "77757", "feature_type": "reservoir", "comid": 44036329, "basin": 44, "direct_child": "88142", "n_downstream": 4, "downstream": ["88142", "79812", "87979", "87266"]}}, {"type": "Feature", "geometry": {"type": "Point", "coordinates": [101.984119, 15.901919]}, "properties": {"id": "77784", "feature_type": "reservoir", "comid": 44031843, "basin": 44, "direct_child": "84647", "n_downstream": 4, "downstream": ["84647", "74094", "74742", "88993"]}}, {"type": "Feature", "geometry": {"type": "Point", "coordinates": [104.144792, 14.526193]}, "properties": {"id": "77869", "feature_type": "reservoir", "comid": 44034874, "basin": 44, "direct_child": "88993", "n_downstream": 1, "downstream": ["88993"]}}, {"type": "Feature", "geometry": {"type": "Point", "coordinates": [107.650736, 14.022153]}, "properties": {"id": "77957", "feature_type": "reservoir", "comid": 44036411, "basin": 44, "direct_child": "87979", "n_downstream": 2, "downstream": ["87979", "87266"]}}, {"type": "Feature", "geometry": {"type": "Point", "coordinates": [99.53467, 19.681229]}, "properties": {"id": "77971", "feature_type": "reservoir", "comid": 44019845, "basin": 44, "direct_child": "53551", "n_downstream": 1, "downstream": ["53551"]}}, {"type": "Feature", "geometry": {"type": "Point", "coordinates": [102.344401, 21.411347]}, "properties": {"id": "78096", "feature_type": "reservoir", "comid": 44014540, "basin": 44, "direct_child": null, "n_downstream": 0, "downstream": []}}, {"type": "Feature", "geometry": {"type": "Point", "coordinates": [102.201038, 15.642275]}, "properties": {"id": "78108", "feature_type": "reservoir", "comid": 44034176, "basin": 44, "direct_child": "84647", "n_downstream": 4, "downstream": ["84647", "74094", "74742", "88993"]}}, {"type": "Feature", "geometry": {"type": "Point", "coordinates": [107.970131, 14.539121]}, "properties": {"id": "78301", "feature_type": "reservoir", "comid": 44036531, "basin": 44, "direct_child": "87746", "n_downstream": 5, "downstream": ["87746", "88142", "79812", "87979", "87266"]}}, {"type": "Feature", "geometry": {"type": "Point", "coordinates": [102.363207, 15.969796]}, "properties": {"id": "78591", "feature_type": "reservoir", "comid": 44031475, "basin": 44, "direct_child": "84647", "n_downstream": 4, "downstream": ["84647", "74094", "74742", "88993"]}}, {"type": "Feature", "geometry": {"type": "Point", "coordinates": [102.890025, 17.893093]}, "properties": {"id": "78700", "feature_type": "reservoir", "comid": 44026437, "basin": 44, "direct_child": null, "n_downstream": 0, "downstream": []}}, {"type": "Feature", "geometry": {"type": "Point", "coordinates": [105.149687, 12.585715]}, "properties": {"id": "78724", "feature_type": "reservoir", "comid": 44041544, "basin": 44, "direct_child": null, "n_downstream": 0, "downstream": []}}, {"type": "Feature", "geometry": {"type": "Point", "coordinates": [103.88049, 18.275756]}, "properties": {"id": "78945", "feature_type": "reservoir", "comid": 44023678, "basin": 44, "direct_child": null, "n_downstream": 0, "downstream": []}}, {"type": "Feature", "geometry": {"type": "Point", "coordinates": [103.85981, 16.694543]}, "properties": {"id": "79003", "feature_type": "reservoir", "comid": 44030401, "basin": 44, "direct_child": "74094", "n_downstream": 3, "downstream": ["74094", "74742", "88993"]}}, {"type": "Feature", "geometry": {"type": "Point", "coordinates": [102.080032, 15.610417]}, "properties": {"id": "79516", "feature_type": "reservoir", "comid": 44033300, "basin": 44, "direct_child": "84647", "n_downstream": 4, "downstream": ["84647", "74094", "74742", "88993"]}}, {"type": "Feature", "geometry": {"type": "Point", "coordinates": [105.059295, 16.551084]}, "properties": {"id": "79705", "feature_type": "reservoir", "comid": 44030034, "basin": 44, "direct_child": "82921", "n_downstream": 1, "downstream": ["82921"]}}, {"type": "Feature", "geometry": {"type": "Point", "coordinates": [107.721858, 14.215329]}, "properties": {"id": "79812", "feature_type": "reservoir", "comid": 44036316, "basin": 44, "direct_child": "87979", "n_downstream": 2, "downstream": ["87979", "87266"]}}, {"type": "Feature", "geometry": {"type": "Point", "coordinates": [105.365336, 16.257226]}, "properties": {"id": "79823", "feature_type": "reservoir", "comid": 44032445, "basin": 44, "direct_child": null, "n_downstream": 0, "downstream": []}}, {"type": "Feature", "geometry": {"type": "Point", "coordinates": [105.047917, 15.632132]}, "properties": {"id": "80080", "feature_type": "reservoir", "comid": 44034242, "basin": 44, "direct_child": "88993", "n_downstream": 1, "downstream": ["88993"]}}, {"type": "Feature", "geometry": {"type": "Point", "coordinates": [100.047247, 20.247544]}, "properties": {"id": "80130", "feature_type": "reservoir", "comid": 44019287, "basin": 44, "direct_child": null, "n_downstream": 0, "downstream": []}}, {"type": "Feature", "geometry": {"type": "Point", "coordinates": [107.911744, 12.646547]}, "properties": {"id": "80131", "feature_type": "reservoir", "comid": 44041421, "basin": 44, "direct_child": "87266", "n_downstream": 1, "downstream": ["87266"]}}, {"type": "Feature", "geometry": {"type": "Point", "coordinates": [99.869488, 19.35574]}, "properties": {"id": "80339", "feature_type": "reservoir", "comid": 44020237, "basin": 44, "direct_child": "85960", "n_downstream": 1, "downstream": ["85960"]}}, {"type": "Feature", "geometry": {"type": "Point", "coordinates": [103.498958, 16.346059]}, "properties": {"id": "80380", "feature_type": "reservoir", "comid": 44028949, "basin": 44, "direct_child": "74094", "n_downstream": 3, "downstream": ["74094", "74742", "88993"]}}, {"type": "Feature", "geometry": {"type": "Point", "coordinates": [101.701215, 14.850958]}, "properties": {"id": "80479", "feature_type": "reservoir", "comid": 44035247, "basin": 44, "direct_child": "88214", "n_downstream": 2, "downstream": ["88214", "88993"]}}, {"type": "Feature", "geometry": {"type": "Point", "coordinates": [104.401639, 16.246876]}, "properties": {"id": "80562", "feature_type": "reservoir", "comid": 44032422, "basin": 44, "direct_child": "88993", "n_downstream": 1, "downstream": ["88993"]}}, {"type": "Feature", "geometry": {"type": "Point", "coordinates": [104.43435, 17.640161]}, "properties": {"id": "80684", "feature_type": "reservoir", "comid": 44024990, "basin": 44, "direct_child": null, "n_downstream": 0, "downstream": []}}, {"type": "Feature", "geometry": {"type": "Point", "coordinates": [104.571408, 16.358577]}, "properties": {"id": "80731", "feature_type": "reservoir", "comid": 44029045, "basin": 44, "direct_child": null, "n_downstream": 0, "downstream": []}}, {"type": "Feature", "geometry": {"type": "Point", "coordinates": [104.555628, 16.81042]}, "properties": {"id": "80768", "feature_type": "reservoir", "comid": 44030538, "basin": 44, "direct_child": null, "n_downstream": 0, "downstream": []}}, {"type": "Feature", "geometry": {"type": "Point", "coordinates": [103.62592, 18.027967]}, "properties": {"id": "80934", "feature_type": "reservoir", "comid": 44026633, "basin": 44, "direct_child": "80684", "n_downstream": 1, "downstream": ["80684"]}}, {"type": "Feature", "geometry": {"type": "Point", "coordinates": [104.638542, 15.887192]}, "properties": {"id": "81013", "feature_type": "reservoir", "comid": 44031842, "basin": 44, "direct_child": "88993", "n_downstream": 1, "downstream": ["88993"]}}, {"type": "Feature", "geometry": {"type": "Point", "coordinates": [104.68671, 16.160307]}, "properties": {"id": "81062", "feature_type": "reservoir", "comid": 44032314, "basin": 44, "direct_child": "88993", "n_downstream": 1, "downstream": ["88993"]}}, {"type": "Feature", "geometry": {"type": "Point", "coordinates": [103.977083, 17.81875]}, "properties": {"id": "81101", "feature_type": "reservoir", "comid": 44026451, "basin": 44, "direct_child": "80684", "n_downstream": 1, "downstream": ["80684"]}}, {"type": "Feature", "geometry": {"type": "Point", "coordinates": [104.19375, 14.526196]}, "properties": {"id": "81494", "feature_type": "reservoir", "comid": 44034869, "basin": 44, "direct_child": "88993", "n_downstream": 1, "downstream": ["88993"]}}, {"type": "Feature", "geometry": {"type": "Point", "coordinates": [101.54375, 15.497917]}, "properties": {"id": "81588", "feature_type": "reservoir", "comid": 44033400, "basin": 44, "direct_child": "84647", "n_downstream": 4, "downstream": ["84647", "74094", "74742", "88993"]}}, {"type": "Feature", "geometry": {"type": "Point", "coordinates": [104.172531, 17.413032]}, "properties": {"id": "81676", "feature_type": "reservoir", "comid": 44027466, "basin": 44, "direct_child": "80684", "n_downstream": 1, "downstream": ["80684"]}}, {"type": "Feature", "geometry": {"type": "Point", "coordinates": [107.36143, 15.425985]}, "properties": {"id": "81718", "feature_type": "reservoir", "comid": 44033143, "basin": 44, "direct_child": "84444", "n_downstream": 1, "downstream": ["84444"]}}, {"type": "Feature", "geometry": {"type": "Point", "coordinates": [102.489583, 15.084676]}, "properties": {"id": "81816", "feature_type": "reservoir", "comid": 44033013, "basin": 44, "direct_child": "88214", "n_downstream": 2, "downstream": ["88214", "88993"]}}, {"type": "Feature", "geometry": {"type": "Point", "coordinates": [103.247545, 14.909752]}, "properties": {"id": "82102", "feature_type": "reservoir", "comid": 44035753, "basin": 44, "direct_child": "88214", "n_downstream": 2, "downstream": ["88214", "88993"]}}, {"type": "Feature", "geometry": {"type": "Point", "coordinates": [103.693183, 16.537011]}, "properties": {"id": "82107", "feature_type": "reservoir", "comid": 44030156, "basin": 44, "direct_child": "74094", "n_downstream": 3, "downstream": ["74094", "74742", "88993"]}}, {"type": "Feature", "geometry": {"type": "Point", "coordinates": [102.309711, 13.030984]}, "properties": {"id": "82176", "feature_type": "reservoir", "comid": 44040464, "basin": 44, "direct_child": null, "n_downstream": 0, "downstream": []}}, {"type": "Feature", "geometry": {"type": "Point", "coordinates": [102.302083, 16.358893]}, "properties": {"id": "82180", "feature_type": "reservoir", "comid": 44029041, "basin": 44, "direct_child": "90206", "n_downstream": 4, "downstream": ["90206", "74094", "74742", "88993"]}}, {"type": "Feature", "geometry": {"type": "Point", "coordinates": [103.460417, 16.114021]}, "properties": {"id": "82541", "feature_type": "reservoir", "comid": 44031503, "basin": 44, "direct_child": "74094", "n_downstream": 3, "downstream": ["74094", "74742", "88993"]}}, {"type": "Feature", "geometry": {"type": "Point", "coordinates": [105.779045, 12.312202]}, "properties": {"id": "82591", "feature_type": "reservoir", "comid": 44042131, "basin": 44, "direct_child": null, "n_downstream": 0, "downstream": []}}, {"type": "Feature", "geometry": {"type": "Point", "coordinates": [103.230208, 18.219194]}, "properties": {"id": "82595", "feature_type": "reservoir", "comid": 44023962, "basin": 44, "direct_child": null, "n_downstream": 0, "downstream": []}}, {"type": "Feature", "geometry": {"type": "Point", "coordinates": [104.815794, 15.415683]}, "properties": {"id": "82658", "feature_type": "reservoir", "comid": 44033944, "basin": 44, "direct_child": "88993", "n_downstream": 1, "downstream": ["88993"]}}, {"type": "Feature", "geometry": {"type": "Point", "coordinates": [102.620386, 19.355319]}, "properties": {"id": "82751", "feature_type": "reservoir", "comid": 44019838, "basin": 44, "direct_child": "89219", "n_downstream": 2, "downstream": ["89219", "90321"]}}, {"type": "Feature", "geometry": {"type": "Point", "coordinates": [105.208593, 16.520545]}, "properties": {"id": "82921", "feature_type": "reservoir", "comid": 44029283, "basin": 44, "direct_child": null, "n_downstream": 0, "downstream": []}}, {"type": "Feature", "geometry": {"type": "Point", "coordinates": [105.436112, 12.114583]}, "properties": {"id": "82993", "feature_type": "reservoir", "comid": 44043798, "basin": 44, "direct_child": null, "n_downstream": 0, "downstream": []}}, {"type": "Feature", "geometry": {"type": "Point", "coordinates": [103.090589, 21.451759]}, "properties": {"id": "83071", "feature_type": "reservoir", "comid": 44015827, "basin": 44, "direct_child": null, "n_downstream": 0, "downstream": []}}, {"type": "Feature", "geometry": {"type": "Point", "coordinates": [102.064583, 16.076921]}, "properties": {"id": "83293", "feature_type": "reservoir", "comid": 44032432, "basin": 44, "direct_child": "84647", "n_downstream": 4, "downstream": ["84647", "74094", "74742", "88993"]}}, {"type": "Feature", "geometry": {"type": "Point", "coordinates": [108.157737, 12.417893]}, "properties": {"id": "83317", "feature_type": "reservoir", "comid": 44041820, "basin": 44, "direct_child": "41300", "n_downstream": 3, "downstream": ["41300", "80131", "87266"]}}, {"type": "Feature", "geometry": {"type": "Point", "coordinates": [103.285429, 17.730007]}, "properties": {"id": "83430", "feature_type": "reservoir", "comid": 44025488, "basin": 44, "direct_child": "80684", "n_downstream": 1, "downstream": ["80684"]}}, {"type": "Feature", "geometry": {"type": "Point", "coordinates": [103.042708, 14.913018]}, "properties": {"id": "83505", "feature_type": "reservoir", "comid": 44035249, "basin": 44, "direct_child": "77556", "n_downstream": 3, "downstream": ["77556", "88214", "88993"]}}, {"type": "Feature", "geometry": {"type": "Point", "coordinates": [102.466806, 18.177759]}, "properties": {"id": "83771", "feature_type": "reservoir", "comid": 44024065, "basin": 44, "direct_child": null, "n_downstream": 0, "downstream": []}}, {"type": "Feature", "geometry": {"type": "Point", "coordinates": [103.499416, 14.817126]}, "properties": {"id": "83840", "feature_type": "reservoir", "comid": 44034718, "basin": 44, "direct_child": "88214", "n_downstream": 2, "downstream": ["88214", "88993"]}}, {"type": "Feature", "geometry": {"type": "Point", "coordinates": [102.439583, 14.301979]}, "properties": {"id": "83885", "feature_type": "reservoir", "comid": 44036808, "basin": 44, "direct_child": "88214", "n_downstream": 2, "downstream": ["88214", "88993"]}}, {"type": "Feature", "geometry": {"type": "Point", "coordinates": [101.872334, 14.677083]}, "properties": {"id": "83900", "feature_type": "reservoir", "comid": 44035149, "basin": 44, "direct_child": "88214", "n_downstream": 2, "downstream": ["88214", "88993"]}}, {"type": "Feature", "geometry": {"type": "Point", "coordinates": [103.548148, 14.764427]}, "properties": {"id": "83907", "feature_type": "reservoir", "comid": 44034818, "basin": 44, "direct_child": "83840", "n_downstream": 3, "downstream": ["83840", "88214", "88993"]}}, {"type": "Feature", "geometry": {"type": "Point", "coordinates": [103.030208, 15.824707]}, "properties": {"id": "83996", "feature_type": "reservoir", "comid": 44031552, "basin": 44, "direct_child": "88214", "n_downstream": 2, "downstream": ["88214", "88993"]}}, {"type": "Feature", "geometry": {"type": "Point", "coordinates": [101.650246, 16.53714]}, "properties": {"id": "84027", "feature_type": "reservoir", "comid": 44029315, "basin": 44, "direct_child": "75009", "n_downstream": 5, "downstream": ["75009", "90206", "74094", "74742", "88993"]}}, {"type": "Feature", "geometry": {"type": "Point", "coordinates": [103.092348, 17.85865]}, "properties": {"id": "84340", "feature_type": "reservoir", "comid": 44026342, "basin": 44, "direct_child": null, "n_downstream": 0, "downstream": []}}, {"type": "Feature", "geometry": {"type": "Point", "coordinates": [104.592602, 14.730511]}, "properties": {"id": "84380", "feature_type": "reservoir", "comid": 44035184, "basin": 44, "direct_child": "88993", "n_downstream": 1, "downstream": ["88993"]}}, {"type": "Feature", "geometry": {"type": "Point", "coordinates": [101.839349, 14.592853]}, "properties": {"id": "84434", "feature_type": "reservoir", "comid": 44034598, "basin": 44, "direct_child": "88214", "n_downstream": 2, "downstream": ["88214", "88993"]}}, {"type": "Feature", "geometry": {"type": "Point", "coordinates": [107.159768, 14.960122]}, "properties": {"id": "84444", "feature_type": "reservoir", "comid": 44034438, "basin": 44, "direct_child": null, "n_downstream": 0, "downstream": []}}, {"type": "Feature", "geometry": {"type": "Point", "coordinates": [103.084889, 14.881082]}, "properties": {"id": "84510", "feature_type": "reservoir", "comid": 44035136, "basin": 44, "direct_child": "77556", "n_downstream": 3, "downstream": ["77556", "88214", "88993"]}}, {"type": "Feature", "geometry": {"type": "Point", "coordinates": [102.677498, 16.170966]}, "properties": {"id": "84647", "feature_type": "reservoir", "comid": 44030747, "basin": 44, "direct_child": "74094", "n_downstream": 3, "downstream": ["74094", "74742", "88993"]}}, {"type": "Feature", "geometry": {"type": "Point", "coordinates": [102.768653, 18.35067]}, "properties": {"id": "84708", "feature_type": "reservoir", "comid": 44024405, "basin": 44, "direct_child": null, "n_downstream": 0, "downstream": []}}, {"type": "Feature", "geometry": {"type": "Point", "coordinates": [102.946765, 18.439659]}, "properties": {"id": "84795", "feature_type": "reservoir", "comid": 44023703, "basin": 44, "direct_child": null, "n_downstream": 0, "downstream": []}}, {"type": "Feature", "geometry": {"type": "Point", "coordinates": [102.765925, 14.300292]}, "properties": {"id": "85019", "feature_type": "reservoir", "comid": 44036628, "basin": 44, "direct_child": "88214", "n_downstream": 2, "downstream": ["88214", "88993"]}}, {"type": "Feature", "geometry": {"type": "Point", "coordinates": [107.935443, 13.039576]}, "properties": {"id": "85258", "feature_type": "reservoir", "comid": 44040306, "basin": 44, "direct_child": "87266", "n_downstream": 1, "downstream": ["87266"]}}, {"type": "Feature", "geometry": {"type": "Point", "coordinates": [102.462933, 18.245046]}, "properties": {"id": "85824", "feature_type": "reservoir", "comid": 44023669, "basin": 44, "direct_child": null, "n_downstream": 0, "downstream": []}}, {"type": "Feature", "geometry": {"type": "Point", "coordinates": [103.71821, 18.308549]}, "properties": {"id": "85924", "feature_type": "reservoir", "comid": 44023825, "basin": 44, "direct_child": null, "n_downstream": 0, "downstream": []}}, {"type": "Feature", "geometry": {"type": "Point", "coordinates": [99.913007, 19.160086]}, "properties": {"id": "85960", "feature_type": "reservoir", "comid": 44021601, "basin": 44, "direct_child": null, "n_downstream": 0, "downstream": []}}, {"type": "Feature", "geometry": {"type": "Point", "coordinates": [103.976042, 16.972114]}, "properties": {"id": "86242", "feature_type": "reservoir", "comid": 44027086, "basin": 44, "direct_child": "51705", "n_downstream": 4, "downstream": ["51705", "88804", "72581", "63754"]}}, {"type": "Feature", "geometry": {"type": "Point", "coordinates": [101.560159, 14.863445]}, "properties": {"id": "87022", "feature_type": "reservoir", "comid": 44034706, "basin": 44, "direct_child": "88214", "n_downstream": 2, "downstream": ["88214", "88993"]}}, {"type": "Feature", "geometry": {"type": "Point", "coordinates": [106.256674, 13.552205]}, "properties": {"id": "87266", "feature_type": "reservoir", "comid": 44038028, "basin": 44, "direct_child": null, "n_downstream": 0, "downstream": []}}, {"type": "Feature", "geometry": {"type": "Point", "coordinates": [106.765135, 15.059528]}, "properties": {"id": "87285", "feature_type": "reservoir", "comid": 44035207, "basin": 44, "direct_child": null, "n_downstream": 0, "downstream": []}}, {"type": "Feature", "geometry": {"type": "Point", "coordinates": [108.043697, 12.281214]}, "properties": {"id": "87407", "feature_type": "reservoir", "comid": 44041430, "basin": 44, "direct_child": "62101", "n_downstream": 3, "downstream": ["62101", "80131", "87266"]}}, {"type": "Feature", "geometry": {"type": "Point", "coordinates": [107.864439, 14.40999]}, "properties": {"id": "87746", "feature_type": "reservoir", "comid": 44036397, "basin": 44, "direct_child": "88142", "n_downstream": 4, "downstream": ["88142", "79812", "87979", "87266"]}}, {"type": "Feature", "geometry": {"type": "Point", "coordinates": [103.739583, 17.305071]}, "properties": {"id": "87962", "feature_type": "reservoir", "comid": 44027214, "basin": 44, "direct_child": "80684", "n_downstream": 1, "downstream": ["80684"]}}, {"type": "Feature", "geometry": {"type": "Point", "coordinates": [107.497264, 13.968156]}, "properties": {"id": "87979", "feature_type": "reservoir", "comid": 44038123, "basin": 44, "direct_child": "87266", "n_downstream": 1, "downstream": ["87266"]}}, {"type": "Feature", "geometry": {"type": "Point", "coordinates": [102.117489, 18.795679]}, "properties": {"id": "88132", "feature_type": "reservoir", "comid": 44021387, "basin": 44, "direct_child": null, "n_downstream": 0, "downstream": []}}, {"type": "Feature", "geometry": {"type": "Point", "coordinates": [107.832322, 14.230762]}, "properties": {"id": "88142", "feature_type": "reservoir", "comid": 44036317, "basin": 44, "direct_child": "79812", "n_downstream": 3, "downstream": ["79812", "87979", "87266"]}}, {"type": "Feature", "geometry": {"type": "Point", "coordinates": [104.098652, 15.343681]}, "properties": {"id": "88214", "feature_type": "reservoir", "comid": 44032714, "basin": 44, "direct_child": "88993", "n_downstream": 1, "downstream": ["88993"]}}, {"type": "Feature", "geometry": {"type": "Point", "coordinates": [104.262951, 17.148796]}, "properties": {"id": "88804", "feature_type": "reservoir", "comid": 44026978, "basin": 44, "direct_child": "72581", "n_downstream": 2, "downstream": ["72581", "63754"]}}, {"type": "Feature", "geometry": {"type": "Point", "coordinates": [105.467708, 15.279676]}, "properties": {"id": "88993", "feature_type": "reservoir", "comid": 44032573, "basin": 44, "direct_child": null, "n_downstream": 0, "downstream": []}}, {"type": "Feature", "geometry": {"type": "Point", "coordinates": [102.77657, 18.753615]}, "properties": {"id": "89219", "feature_type": "reservoir", "comid": 44021485, "basin": 44, "direct_child": "90321", "n_downstream": 1, "downstream": ["90321"]}}, {"type": "Feature", "geometry": {"type": "Point", "coordinates": [104.635417, 18.297448]}, "properties": {"id": "89314", "feature_type": "reservoir", "comid": 44023400, "basin": 44, "direct_child": null, "n_downstream": 0, "downstream": []}}, {"type": "Feature", "geometry": {"type": "Point", "coordinates": [105.430544, 15.205083]}, "properties": {"id": "89953", "feature_type": "reservoir", "comid": 44032886, "basin": 44, "direct_child": "88993", "n_downstream": 1, "downstream": ["88993"]}}, {"type": "Feature", "geometry": {"type": "Point", "coordinates": [103.453125, 16.603534]}, "properties": {"id": "90092", "feature_type": "reservoir", "comid": 44028819, "basin": 44, "direct_child": "74094", "n_downstream": 3, "downstream": ["74094", "74742", "88993"]}}, {"type": "Feature", "geometry": {"type": "Point", "coordinates": [102.617817, 16.772725]}, "properties": {"id": "90206", "feature_type": "reservoir", "comid": 44028757, "basin": 44, "direct_child": "74094", "n_downstream": 3, "downstream": ["74094", "74742", "88993"]}}, {"type": "Feature", "geometry": {"type": "Point", "coordinates": [102.5491, 18.531233]}, "properties": {"id": "90321", "feature_type": "reservoir", "comid": 44023311, "basin": 44, "direct_child": null, "n_downstream": 0, "downstream": []}}, {"type": "Feature", "geometry": {"type": "Point", "coordinates": [75.792781, 26.809512]}, "properties": {"id": "4894", "feature_type": "reservoir", "comid": 45041450, "basin": 45, "direct_child": "76253", "n_downstream": 1, "downstream": ["76253"]}}, {"type": "Feature", "geometry": {"type": "Point", "coordinates": [77.819, 26.682042]}, "properties": {"id": "5971", "feature_type": "reservoir", "comid": 45042106, "basin": 45, "direct_child": null, "n_downstream": 0, "downstream": []}}, {"type": "Feature", "geometry": {"type": "Point", "coordinates": [83.051245, 24.140844]}, "properties": {"id": "7307", "feature_type": "reservoir", "comid": 45062771, "basin": 45, "direct_child": "44967", "n_downstream": 4, "downstream": ["44967", "9229", "90276", "86256"]}}, {"type": "Feature", "geometry": {"type": "Point", "coordinates": [80.464383, 28.09375]}, "properties": {"id": "8648", "feature_type": "reservoir", "comid": 45034665, "basin": 45, "direct_child": null, "n_downstream": 0, "downstream": []}}, {"type": "Feature", "geometry": {"type": "Point", "coordinates": [80.874794, 23.746019]}, "properties": {"id": "53490", "feature_type": "reservoir", "comid": 45061846, "basin": 45, "direct_child": "68004", "n_downstream": 2, "downstream": ["68004", "90228"]}}, {"type": "Feature", "geometry": {"type": "Point", "coordinates": [83.037672, 24.016813]}, "properties": {"id": "9229", "feature_type": "reservoir", "comid": 45062771, "basin": 45, "direct_child": "90276", "n_downstream": 2, "downstream": ["90276", "86256"]}}, {"type": "Feature", "geometry": {"type": "Point", "coordinates": [84.623477, 23.869707]}, "properties": {"id": "9555", "feature_type": "reservoir", "comid": 45062118, "basin": 45, "direct_child": null, "n_downstream": 0, "downstream": []}}, {"type": "Feature", "geometry": {"type": "Point", "coordinates": [77.103872, 26.47889]}, "properties": {"id": "11796", "feature_type": "reservoir", "comid": 45047160, "basin": 45, "direct_child": "78518", "n_downstream": 1, "downstream": ["78518"]}}, {"type": "Feature", "geometry": {"type": "Point", "coordinates": [83.083816, 23.997756]}, "properties": {"id": "14081", "feature_type": "reservoir", "comid": 45062487, "basin": 45, "direct_child": null, "n_downstream": 0, "downstream": []}}, {"type": "Feature", "geometry": {"type": "Point", "coordinates": [83.024871, 24.133564]}, "properties": {"id": "17313", "feature_type": "reservoir", "comid": 45063100, "basin": 45, "direct_child": "90276", "n_downstream": 2, "downstream": ["90276", "86256"]}}, {"type": "Feature", "geometry": {"type": "Point", "coordinates": [77.186, 26.510083]}, "properties": {"id": "18044", "feature_type": "reservoir", "comid": 45047243, "basin": 45, "direct_child": "63682", "n_downstream": 1, "downstream": ["63682"]}}, {"type": "Feature", "geometry": {"type": "Point", "coordinates": [84.503651, 23.873353]}, "properties": {"id": "18606", "feature_type": "reservoir", "comid": 45062137, "basin": 45, "direct_child": null, "n_downstream": 0, "downstream": []}}, {"type": "Feature", "geometry": {"type": "Point", "coordinates": [80.608627, 23.19602]}, "properties": {"id": "18814", "feature_type": "reservoir", "comid": 45064760, "basin": 45, "direct_child": "90228", "n_downstream": 1, "downstream": ["90228"]}}, {"type": "Feature", "geometry": {"type": "Point", "coordinates": [76.933875, 26.381542]}, "properties": {"id": "18954", "feature_type": "reservoir", "comid": 45047149, "basin": 45, "direct_child": "84718", "n_downstream": 1, "downstream": ["84718"]}}, {"type": "Feature", "geometry": {"type": "Point", "coordinates": [72.234821, 32.814059]}, "properties": {"id": "20555", "feature_type": "reservoir", "comid": 45009372, "basin": 45, "direct_child": null, "n_downstream": 0, "downstream": []}}, {"type": "Feature", "geometry": {"type": "Point", "coordinates": [69.22284, 34.140296]}, "properties": {"id": "21538", "feature_type": "reservoir", "comid": 45003359, "basin": 45, "direct_child": "85529", "n_downstream": 3, "downstream": ["85529", "83828", "82393"]}}, {"type": "Feature", "geometry": {"type": "Point", "coordinates": [83.125083, 24.203833]}, "properties": {"id": "23628", "feature_type": "reservoir", "comid": 45063196, "basin": 45, "direct_child": "28555", "n_downstream": 2, "downstream": ["28555", "37171"]}}, {"type": "Feature", "geometry": {"type": "Point", "coordinates": [84.645484, 23.840755]}, "properties": {"id": "23794", "feature_type": "reservoir", "comid": 45062024, "basin": 45, "direct_child": null, "n_downstream": 0, "downstream": []}}, {"type": "Feature", "geometry": {"type": "Point", "coordinates": [83.07419, 22.893466]}, "properties": {"id": "23795", "feature_type": "reservoir", "comid": 45068319, "basin": 45, "direct_child": "90276", "n_downstream": 2, "downstream": ["90276", "86256"]}}, {"type": "Feature", "geometry": {"type": "Point", "coordinates": [81.802167, 23.2105]}, "properties": {"id": "23861", "feature_type": "reservoir", "comid": 45065498, "basin": 45, "direct_child": "90228", "n_downstream": 1, "downstream": ["90228"]}}, {"type": "Feature", "geometry": {"type": "Point", "coordinates": [79.784486, 23.805317]}, "properties": {"id": "24145", "feature_type": "reservoir", "comid": 45061758, "basin": 45, "direct_child": null, "n_downstream": 0, "downstream": []}}, {"type": "Feature", "geometry": {"type": "Point", "coordinates": [77.203375, 26.576125]}, "properties": {"id": "24167", "feature_type": "reservoir", "comid": 45040342, "basin": 45, "direct_child": "78518", "n_downstream": 1, "downstream": ["78518"]}}, {"type": "Feature", "geometry": {"type": "Point", "coordinates": [80.636008, 23.25567]}, "properties": {"id": "24888", "feature_type": "reservoir", "comid": 45065696, "basin": 45, "direct_child": "54782", "n_downstream": 2, "downstream": ["54782", "90228"]}}, {"type": "Feature", "geometry": {"type": "Point", "coordinates": [73.531018, 33.072552]}, "properties": {"id": "25542", "feature_type": "reservoir", "comid": 45008362, "basin": 45, "direct_child": "62898", "n_downstream": 2, "downstream": ["62898", "87726"]}}, {"type": "Feature", "geometry": {"type": "Point", "coordinates": [83.165417, 23.21274]}, "properties": {"id": "25612", "feature_type": "reservoir", "comid": 45065509, "basin": 45, "direct_child": "28395", "n_downstream": 3, "downstream": ["28395", "90276", "86256"]}}, {"type": "Feature", "geometry": {"type": "Point", "coordinates": [79.131497, 25.204654]}, "properties": {"id": "25622", "feature_type": "reservoir", "comid": 45053238, "basin": 45, "direct_child": "33972", "n_downstream": 1, "downstream": ["33972"]}}, {"type": "Feature", "geometry": {"type": "Point", "coordinates": [83.225844, 24.198323]}, "properties": {"id": "25930", "feature_type": "reservoir", "comid": 45061092, "basin": 45, "direct_child": null, "n_downstream": 0, "downstream": []}}, {"type": "Feature", "geometry": {"type": "Point", "coordinates": [89.593553, 27.03682]}, "properties": {"id": "26581", "feature_type": "reservoir", "comid": 45040312, "basin": 45, "direct_child": null, "n_downstream": 0, "downstream": []}}, {"type": "Feature", "geometry": {"type": "Point", "coordinates": [83.102448, 23.474499]}, "properties": {"id": "28395", "feature_type": "reservoir", "comid": 45063776, "basin": 45, "direct_child": "90276", "n_downstream": 2, "downstream": ["90276", "86256"]}}, {"type": "Feature", "geometry": {"type": "Point", "coordinates": [83.209556, 24.231934]}, "properties": {"id": "28555", "feature_type": "reservoir", "comid": 45056706, "basin": 45, "direct_child": "37171", "n_downstream": 1, "downstream": ["37171"]}}, {"type": "Feature", "geometry": {"type": "Point", "coordinates": [81.424233, 25.221792]}, "properties": {"id": "28679", "feature_type": "reservoir", "comid": 45055252, "basin": 45, "direct_child": null, "n_downstream": 0, "downstream": []}}, {"type": "Feature", "geometry": {"type": "Point", "coordinates": [83.069815, 23.950723]}, "properties": {"id": "29051", "feature_type": "reservoir", "comid": 45062503, "basin": 45, "direct_child": "90276", "n_downstream": 2, "downstream": ["90276", "86256"]}}, {"type": "Feature", "geometry": {"type": "Point", "coordinates": [79.031616, 24.755307]}, "properties": {"id": "29162", "feature_type": "reservoir", "comid": 45059393, "basin": 45, "direct_child": "56653", "n_downstream": 2, "downstream": ["56653", "64419"]}}, {"type": "Feature", "geometry": {"type": "Point", "coordinates": [77.717492, 25.427498]}, "properties": {"id": "29269", "feature_type": "reservoir", "comid": 45048951, "basin": 45, "direct_child": "84516", "n_downstream": 1, "downstream": ["84516"]}}, {"type": "Feature", "geometry": {"type": "Point", "coordinates": [78.939217, 25.154781]}, "properties": {"id": "29407", "feature_type": "reservoir", "comid": 45053906, "basin": 45, "direct_child": "38966", "n_downstream": 3, "downstream": ["38966", "25622", "33972"]}}, {"type": "Feature", "geometry": {"type": "Point", "coordinates": [79.71469, 23.656661]}, "properties": {"id": "29658", "feature_type": "reservoir", "comid": 45061579, "basin": 45, "direct_child": null, "n_downstream": 0, "downstream": []}}, {"type": "Feature", "geometry": {"type": "Point", "coordinates": [77.090948, 23.712062]}, "properties": {"id": "30081", "feature_type": "reservoir", "comid": 45061654, "basin": 45, "direct_child": null, "n_downstream": 0, "downstream": []}}, {"type": "Feature", "geometry": {"type": "Point", "coordinates": [77.592766, 22.950113]}, "properties": {"id": "30522", "feature_type": "reservoir", "comid": 45069973, "basin": 45, "direct_child": "88059", "n_downstream": 4, "downstream": ["88059", "88816", "85934", "85250"]}}, {"type": "Feature", "geometry": {"type": "Point", "coordinates": [82.311033, 25.108613]}, "properties": {"id": "30989", "feature_type": "reservoir", "comid": 45053642, "basin": 45, "direct_child": null, "n_downstream": 0, "downstream": []}}, {"type": "Feature", "geometry": {"type": "Point", "coordinates": [73.30311, 33.293372]}, "properties": {"id": "31054", "feature_type": "reservoir", "comid": 45007006, "basin": 45, "direct_child": "89940", "n_downstream": 2, "downstream": ["89940", "87726"]}}, {"type": "Feature", "geometry": {"type": "Point", "coordinates": [77.822917, 26.689375]}, "properties": {"id": "31552", "feature_type": "reservoir", "comid": 45042106, "basin": 45, "direct_child": null, "n_downstream": 0, "downstream": []}}, {"type": "Feature", "geometry": {"type": "Point", "coordinates": [71.280847, 33.17607]}, "properties": {"id": "32354", "feature_type": "reservoir", "comid": 45007396, "basin": 45, "direct_child": null, "n_downstream": 0, "downstream": []}}, {"type": "Feature", "geometry": {"type": "Point", "coordinates": [80.62868, 23.086894]}, "properties": {"id": "32659", "feature_type": "reservoir", "comid": 45064096, "basin": 45, "direct_child": "90228", "n_downstream": 1, "downstream": ["90228"]}}, {"type": "Feature", "geometry": {"type": "Point", "coordinates": [80.618473, 23.121842]}, "properties": {"id": "33818", "feature_type": "reservoir", "comid": 45065140, "basin": 45, "direct_child": "90228", "n_downstream": 1, "downstream": ["90228"]}}, {"type": "Feature", "geometry": {"type": "Point", "coordinates": [79.135093, 25.230733]}, "properties": {"id": "33972", "feature_type": "reservoir", "comid": 45053238, "basin": 45, "direct_child": null, "n_downstream": 0, "downstream": []}}, {"type": "Feature", "geometry": {"type": "Point", "coordinates": [75.856065, 27.598062]}, "properties": {"id": "34174", "feature_type": "reservoir", "comid": 45039121, "basin": 45, "direct_child": null, "n_downstream": 0, "downstream": []}}, {"type": "Feature", "geometry": {"type": "Point", "coordinates": [77.263367, 26.698812]}, "properties": {"id": "34558", "feature_type": "reservoir", "comid": 45042150, "basin": 45, "direct_child": "82426", "n_downstream": 1, "downstream": ["82426"]}}, {"type": "Feature", "geometry": {"type": "Point", "coordinates": [79.20591, 25.644018]}, "properties": {"id": "34623", "feature_type": "reservoir", "comid": 45050805, "basin": 45, "direct_child": null, "n_downstream": 0, "downstream": []}}, {"type": "Feature", "geometry": {"type": "Point", "coordinates": [83.163454, 22.931606]}, "properties": {"id": "34753", "feature_type": "reservoir", "comid": 45069844, "basin": 45, "direct_child": "90276", "n_downstream": 2, "downstream": ["90276", "86256"]}}, {"type": "Feature", "geometry": {"type": "Point", "coordinates": [77.091828, 23.658685]}, "properties": {"id": "35006", "feature_type": "reservoir", "comid": 45064149, "basin": 45, "direct_child": null, "n_downstream": 0, "downstream": []}}, {"type": "Feature", "geometry": {"type": "Point", "coordinates": [81.981465, 23.241012]}, "properties": {"id": "35123", "feature_type": "reservoir", "comid": 45065380, "basin": 45, "direct_child": "90228", "n_downstream": 1, "downstream": ["90228"]}}, {"type": "Feature", "geometry": {"type": "Point", "coordinates": [84.281483, 23.943848]}, "properties": {"id": "35374", "feature_type": "reservoir", "comid": 45062479, "basin": 45, "direct_child": null, "n_downstream": 0, "downstream": []}}, {"type": "Feature", "geometry": {"type": "Point", "coordinates": [83.098983, 23.15124]}, "properties": {"id": "35607", "feature_type": "reservoir", "comid": 45065269, "basin": 45, "direct_child": "90276", "n_downstream": 2, "downstream": ["90276", "86256"]}}, {"type": "Feature", "geometry": {"type": "Point", "coordinates": [77.099354, 25.371125]}, "properties": {"id": "36209", "feature_type": "reservoir", "comid": 45049041, "basin": 45, "direct_child": null, "n_downstream": 0, "downstream": []}}, {"type": "Feature", "geometry": {"type": "Point", "coordinates": [76.714079, 30.901235]}, "properties": {"id": "36563", "feature_type": "reservoir", "comid": 45014815, "basin": 45, "direct_child": "79699", "n_downstream": 1, "downstream": ["79699"]}}, {"type": "Feature", "geometry": {"type": "Point", "coordinates": [83.192301, 24.228494]}, "properties": {"id": "37171", "feature_type": "reservoir", "comid": 45056706, "basin": 45, "direct_child": null, "n_downstream": 0, "downstream": []}}, {"type": "Feature", "geometry": {"type": "Point", "coordinates": [84.085079, 23.948379]}, "properties": {"id": "37630", "feature_type": "reservoir", "comid": 45062404, "basin": 45, "direct_child": null, "n_downstream": 0, "downstream": []}}, {"type": "Feature", "geometry": {"type": "Point", "coordinates": [79.551993, 23.814662]}, "properties": {"id": "37762", "feature_type": "reservoir", "comid": 45061938, "basin": 45, "direct_child": "47749", "n_downstream": 2, "downstream": ["47749", "59876"]}}, {"type": "Feature", "geometry": {"type": "Point", "coordinates": [83.113355, 23.934921]}, "properties": {"id": "37910", "feature_type": "reservoir", "comid": 45062321, "basin": 45, "direct_child": null, "n_downstream": 0, "downstream": []}}, {"type": "Feature", "geometry": {"type": "Point", "coordinates": [75.992319, 31.602694]}, "properties": {"id": "38660", "feature_type": "reservoir", "comid": 45012842, "basin": 45, "direct_child": "79699", "n_downstream": 1, "downstream": ["79699"]}}, {"type": "Feature", "geometry": {"type": "Point", "coordinates": [79.783417, 23.846025]}, "properties": {"id": "38676", "feature_type": "reservoir", "comid": 45061758, "basin": 45, "direct_child": "55168", "n_downstream": 2, "downstream": ["55168", "24145"]}}, {"type": "Feature", "geometry": {"type": "Point", "coordinates": [78.920271, 25.137625]}, "properties": {"id": "38966", "feature_type": "reservoir", "comid": 45053906, "basin": 45, "direct_child": "25622", "n_downstream": 2, "downstream": ["25622", "33972"]}}, {"type": "Feature", "geometry": {"type": "Point", "coordinates": [79.525899, 23.831035]}, "properties": {"id": "39096", "feature_type": "reservoir", "comid": 45062133, "basin": 45, "direct_child": null, "n_downstream": 0, "downstream": []}}, {"type": "Feature", "geometry": {"type": "Point", "coordinates": [83.163805, 23.246637]}, "properties": {"id": "39312", "feature_type": "reservoir", "comid": 45064551, "basin": 45, "direct_child": "50334", "n_downstream": 4, "downstream": ["50334", "28395", "90276", "86256"]}}, {"type": "Feature", "geometry": {"type": "Point", "coordinates": [77.46723, 30.587694]}, "properties": {"id": "39843", "feature_type": "reservoir", "comid": 45015893, "basin": 45, "direct_child": null, "n_downstream": 0, "downstream": []}}, {"type": "Feature", "geometry": {"type": "Point", "coordinates": [76.643619, 24.24586]}, "properties": {"id": "39844", "feature_type": "reservoir", "comid": 45057775, "basin": 45, "direct_child": "53419", "n_downstream": 1, "downstream": ["53419"]}}, {"type": "Feature", "geometry": {"type": "Point", "coordinates": [83.581654, 27.979523]}, "properties": {"id": "40050", "feature_type": "reservoir", "comid": 45031428, "basin": 45, "direct_child": null, "n_downstream": 0, "downstream": []}}, {"type": "Feature", "geometry": {"type": "Point", "coordinates": [74.6635, 24.479542]}, "properties": {"id": "40089", "feature_type": "reservoir", "comid": 45058418, "basin": 45, "direct_child": "80132", "n_downstream": 2, "downstream": ["80132", "88587"]}}, {"type": "Feature", "geometry": {"type": "Point", "coordinates": [76.494551, 23.193279]}, "properties": {"id": "40160", "feature_type": "reservoir", "comid": 45065505, "basin": 45, "direct_child": null, "n_downstream": 0, "downstream": []}}, {"type": "Feature", "geometry": {"type": "Point", "coordinates": [80.145359, 23.898051]}, "properties": {"id": "40201", "feature_type": "reservoir", "comid": 45062323, "basin": 45, "direct_child": null, "n_downstream": 0, "downstream": []}}, {"type": "Feature", "geometry": {"type": "Point", "coordinates": [80.036372, 23.855086]}, "properties": {"id": "40483", "feature_type": "reservoir", "comid": 45062017, "basin": 45, "direct_child": null, "n_downstream": 0, "downstream": []}}, {"type": "Feature", "geometry": {"type": "Point", "coordinates": [79.689398, 23.638423]}, "properties": {"id": "40552", "feature_type": "reservoir", "comid": 45061552, "basin": 45, "direct_child": null, "n_downstream": 0, "downstream": []}}, {"type": "Feature", "geometry": {"type": "Point", "coordinates": [76.519646, 23.231804]}, "properties": {"id": "40625", "feature_type": "reservoir", "comid": 45065505, "basin": 45, "direct_child": null, "n_downstream": 0, "downstream": []}}, {"type": "Feature", "geometry": {"type": "Point", "coordinates": [76.812214, 26.204562]}, "properties": {"id": "40717", "feature_type": "reservoir", "comid": 45046554, "basin": 45, "direct_child": null, "n_downstream": 0, "downstream": []}}, {"type": "Feature", "geometry": {"type": "Point", "coordinates": [78.78376, 23.616089]}, "properties": {"id": "41004", "feature_type": "reservoir", "comid": 45066672, "basin": 45, "direct_child": null, "n_downstream": 0, "downstream": []}}, {"type": "Feature", "geometry": {"type": "Point", "coordinates": [80.720438, 23.226685]}, "properties": {"id": "41041", "feature_type": "reservoir", "comid": 45065425, "basin": 45, "direct_child": "18814", "n_downstream": 2, "downstream": ["18814", "90228"]}}, {"type": "Feature", "geometry": {"type": "Point", "coordinates": [80.719684, 23.244956]}, "properties": {"id": "41111", "feature_type": "reservoir", "comid": 45065425, "basin": 45, "direct_child": "18814", "n_downstream": 2, "downstream": ["18814", "90228"]}}, {"type": "Feature", "geometry": {"type": "Point", "coordinates": [83.117104, 23.470542]}, "properties": {"id": "41146", "feature_type": "reservoir", "comid": 45064436, "basin": 45, "direct_child": "28395", "n_downstream": 3, "downstream": ["28395", "90276", "86256"]}}, {"type": "Feature", "geometry": {"type": "Point", "coordinates": [83.113151, 24.059603]}, "properties": {"id": "41163", "feature_type": "reservoir", "comid": 45062789, "basin": 45, "direct_child": "25930", "n_downstream": 1, "downstream": ["25930"]}}, {"type": "Feature", "geometry": {"type": "Point", "coordinates": [82.679742, 23.334498]}, "properties": {"id": "41369", "feature_type": "reservoir", "comid": 45065791, "basin": 45, "direct_child": "43012", "n_downstream": 3, "downstream": ["43012", "90276", "86256"]}}, {"type": "Feature", "geometry": {"type": "Point", "coordinates": [77.208225, 26.674925]}, "properties": {"id": "41372", "feature_type": "reservoir", "comid": 45041885, "basin": 45, "direct_child": "78518", "n_downstream": 1, "downstream": ["78518"]}}, {"type": "Feature", "geometry": {"type": "Point", "coordinates": [78.861199, 25.117425]}, "properties": {"id": "41866", "feature_type": "reservoir", "comid": 45055022, "basin": 45, "direct_child": "29407", "n_downstream": 4, "downstream": ["29407", "38966", "25622", "33972"]}}, {"type": "Feature", "geometry": {"type": "Point", "coordinates": [72.971501, 33.448266]}, "properties": {"id": "41966", "feature_type": "reservoir", "comid": 45007761, "basin": 45, "direct_child": "50002", "n_downstream": 1, "downstream": ["50002"]}}, {"type": "Feature", "geometry": {"type": "Point", "coordinates": [82.032839, 27.874434]}, "properties": {"id": "42416", "feature_type": "reservoir", "comid": 45033811, "basin": 45, "direct_child": null, "n_downstream": 0, "downstream": []}}, {"type": "Feature", "geometry": {"type": "Point", "coordinates": [71.448338, 33.380332]}, "properties": {"id": "42540", "feature_type": "reservoir", "comid": 45007704, "basin": 45, "direct_child": null, "n_downstream": 0, "downstream": []}}, {"type": "Feature", "geometry": {"type": "Point", "coordinates": [83.367193, 23.386764]}, "properties": {"id": "42577", "feature_type": "reservoir", "comid": 45064397, "basin": 45, "direct_child": "28395", "n_downstream": 3, "downstream": ["28395", "90276", "86256"]}}, {"type": "Feature", "geometry": {"type": "Point", "coordinates": [77.793716, 26.631035]}, "properties": {"id": "42734", "feature_type": "reservoir", "comid": 45041805, "basin": 45, "direct_child": null, "n_downstream": 0, "downstream": []}}, {"type": "Feature", "geometry": {"type": "Point", "coordinates": [75.176675, 25.351335]}, "properties": {"id": "42822", "feature_type": "reservoir", "comid": 45055641, "basin": 45, "direct_child": "81103", "n_downstream": 1, "downstream": ["81103"]}}, {"type": "Feature", "geometry": {"type": "Point", "coordinates": [79.135183, 24.822359]}, "properties": {"id": "42823", "feature_type": "reservoir", "comid": 45052949, "basin": 45, "direct_child": null, "n_downstream": 0, "downstream": []}}, {"type": "Feature", "geometry": {"type": "Point", "coordinates": [81.443018, 23.724808]}, "properties": {"id": "42854", "feature_type": "reservoir", "comid": 45061642, "basin": 45, "direct_child": "90228", "n_downstream": 1, "downstream": ["90228"]}}, {"type": "Feature", "geometry": {"type": "Point", "coordinates": [77.205918, 26.607541]}, "properties": {"id": "42979", "feature_type": "reservoir", "comid": 45040342, "basin": 45, "direct_child": "78518", "n_downstream": 1, "downstream": ["78518"]}}, {"type": "Feature", "geometry": {"type": "Point", "coordinates": [82.756192, 23.302612]}, "properties": {"id": "43012", "feature_type": "reservoir", "comid": 45064776, "basin": 45, "direct_child": "90276", "n_downstream": 2, "downstream": ["90276", "86256"]}}, {"type": "Feature", "geometry": {"type": "Point", "coordinates": [83.425083, 24.737708]}, "properties": {"id": "43957", "feature_type": "reservoir", "comid": 45059253, "basin": 45, "direct_child": "84315", "n_downstream": 2, "downstream": ["84315", "72953"]}}, {"type": "Feature", "geometry": {"type": "Point", "coordinates": [80.105992, 25.326785]}, "properties": {"id": "44524", "feature_type": "reservoir", "comid": 45053775, "basin": 45, "direct_child": null, "n_downstream": 0, "downstream": []}}, {"type": "Feature", "geometry": {"type": "Point", "coordinates": [82.531573, 27.627878]}, "properties": {"id": "44609", "feature_type": "reservoir", "comid": 45039018, "basin": 45, "direct_child": null, "n_downstream": 0, "downstream": []}}, {"type": "Feature", "geometry": {"type": "Point", "coordinates": [77.886754, 23.304655]}, "properties": {"id": "44782", "feature_type": "reservoir", "comid": 45065852, "basin": 45, "direct_child": "88059", "n_downstream": 4, "downstream": ["88059", "88816", "85934", "85250"]}}, {"type": "Feature", "geometry": {"type": "Point", "coordinates": [76.57926, 26.035033]}, "properties": {"id": "44813", "feature_type": "reservoir", "comid": 45045984, "basin": 45, "direct_child": null, "n_downstream": 0, "downstream": []}}, {"type": "Feature", "geometry": {"type": "Point", "coordinates": [83.057177, 24.109281]}, "properties": {"id": "44967", "feature_type": "reservoir", "comid": 45062771, "basin": 45, "direct_child": "9229", "n_downstream": 3, "downstream": ["9229", "90276", "86256"]}}, {"type": "Feature", "geometry": {"type": "Point", "coordinates": [76.559045, 26.898257]}, "properties": {"id": "45059", "feature_type": "reservoir", "comid": 45042186, "basin": 45, "direct_child": null, "n_downstream": 0, "downstream": []}}, {"type": "Feature", "geometry": {"type": "Point", "coordinates": [76.313966, 23.085047]}, "properties": {"id": "46406", "feature_type": "reservoir", "comid": 45067943, "basin": 45, "direct_child": null, "n_downstream": 0, "downstream": []}}, {"type": "Feature", "geometry": {"type": "Point", "coordinates": [76.822337, 22.95808]}, "properties": {"id": "46545", "feature_type": "reservoir", "comid": 45069951, "basin": 45, "direct_child": "68325", "n_downstream": 1, "downstream": ["68325"]}}, {"type": "Feature", "geometry": {"type": "Point", "coordinates": [71.846454, 33.561811]}, "properties": {"id": "46678", "feature_type": "reservoir", "comid": 45007912, "basin": 45, "direct_child": "56979", "n_downstream": 1, "downstream": ["56979"]}}, {"type": "Feature", "geometry": {"type": "Point", "coordinates": [83.138574, 23.201293]}, "properties": {"id": "46937", "feature_type": "reservoir", "comid": 45065509, "basin": 45, "direct_child": "28395", "n_downstream": 3, "downstream": ["28395", "90276", "86256"]}}, {"type": "Feature", "geometry": {"type": "Point", "coordinates": [77.820705, 23.249676]}, "properties": {"id": "47462", "feature_type": "reservoir", "comid": 45065486, "basin": 45, "direct_child": "66021", "n_downstream": 5, "downstream": ["66021", "88059", "88816", "85934", "85250"]}}, {"type": "Feature", "geometry": {"type": "Point", "coordinates": [81.326968, 25.185813]}, "properties": {"id": "47466", "feature_type": "reservoir", "comid": 45055249, "basin": 45, "direct_child": null, "n_downstream": 0, "downstream": []}}, {"type": "Feature", "geometry": {"type": "Point", "coordinates": [82.476879, 24.202036]}, "properties": {"id": "47542", "feature_type": "reservoir", "comid": 45063251, "basin": 45, "direct_child": null, "n_downstream": 0, "downstream": []}}, {"type": "Feature", "geometry": {"type": "Point", "coordinates": [79.08184, 24.838292]}, "properties": {"id": "47645", "feature_type": "reservoir", "comid": 45054009, "basin": 45, "direct_child": "64419", "n_downstream": 1, "downstream": ["64419"]}}, {"type": "Feature", "geometry": {"type": "Point", "coordinates": [81.478383, 23.685089]}, "properties": {"id": "47686", "feature_type": "reservoir", "comid": 45066847, "basin": 45, "direct_child": "90228", "n_downstream": 1, "downstream": ["90228"]}}, {"type": "Feature", "geometry": {"type": "Point", "coordinates": [79.54597, 23.771142]}, "properties": {"id": "47749", "feature_type": "reservoir", "comid": 45061938, "basin": 45, "direct_child": "59876", "n_downstream": 1, "downstream": ["59876"]}}, {"type": "Feature", "geometry": {"type": "Point", "coordinates": [76.117504, 23.885714]}, "properties": {"id": "47779", "feature_type": "reservoir", "comid": 45062203, "basin": 45, "direct_child": null, "n_downstream": 0, "downstream": []}}, {"type": "Feature", "geometry": {"type": "Point", "coordinates": [77.419984, 23.203278]}, "properties": {"id": "47821", "feature_type": "reservoir", "comid": 45064536, "basin": 45, "direct_child": "75566", "n_downstream": 5, "downstream": ["75566", "88059", "88816", "85934", "85250"]}}, {"type": "Feature", "geometry": {"type": "Point", "coordinates": [83.280208, 24.619351]}, "properties": {"id": "48095", "feature_type": "reservoir", "comid": 45058971, "basin": 45, "direct_child": "85249", "n_downstream": 1, "downstream": ["85249"]}}, {"type": "Feature", "geometry": {"type": "Point", "coordinates": [79.122795, 25.480921]}, "properties": {"id": "48177", "feature_type": "reservoir", "comid": 45048396, "basin": 45, "direct_child": null, "n_downstream": 0, "downstream": []}}, {"type": "Feature", "geometry": {"type": "Point", "coordinates": [76.465835, 27.809059]}, "properties": {"id": "48223", "feature_type": "reservoir", "comid": 45032355, "basin": 45, "direct_child": null, "n_downstream": 0, "downstream": []}}, {"type": "Feature", "geometry": {"type": "Point", "coordinates": [75.821428, 32.677866]}, "properties": {"id": "48235", "feature_type": "reservoir", "comid": 45008591, "basin": 45, "direct_child": "88178", "n_downstream": 2, "downstream": ["88178", "82838"]}}, {"type": "Feature", "geometry": {"type": "Point", "coordinates": [75.644164, 22.486831]}, "properties": {"id": "48465", "feature_type": "reservoir", "comid": 45068730, "basin": 45, "direct_child": "90381", "n_downstream": 2, "downstream": ["90381", "89585"]}}, {"type": "Feature", "geometry": {"type": "Point", "coordinates": [76.301824, 23.156675]}, "properties": {"id": "48508", "feature_type": "reservoir", "comid": 45065293, "basin": 45, "direct_child": null, "n_downstream": 0, "downstream": []}}, {"type": "Feature", "geometry": {"type": "Point", "coordinates": [79.648628, 23.632686]}, "properties": {"id": "48846", "feature_type": "reservoir", "comid": 45066749, "basin": 45, "direct_child": null, "n_downstream": 0, "downstream": []}}, {"type": "Feature", "geometry": {"type": "Point", "coordinates": [71.194795, 33.042754]}, "properties": {"id": "48854", "feature_type": "reservoir", "comid": 45007264, "basin": 45, "direct_child": null, "n_downstream": 0, "downstream": []}}, {"type": "Feature", "geometry": {"type": "Point", "coordinates": [83.54061, 23.414863]}, "properties": {"id": "49094", "feature_type": "reservoir", "comid": 45064856, "basin": 45, "direct_child": "42577", "n_downstream": 4, "downstream": ["42577", "28395", "90276", "86256"]}}, {"type": "Feature", "geometry": {"type": "Point", "coordinates": [83.016406, 22.929465]}, "properties": {"id": "49107", "feature_type": "reservoir", "comid": 45068319, "basin": 45, "direct_child": "23795", "n_downstream": 3, "downstream": ["23795", "90276", "86256"]}}, {"type": "Feature", "geometry": {"type": "Point", "coordinates": [76.155084, 27.124137]}, "properties": {"id": "49399", "feature_type": "reservoir", "comid": 45043599, "basin": 45, "direct_child": null, "n_downstream": 0, "downstream": []}}, {"type": "Feature", "geometry": {"type": "Point", "coordinates": [77.207553, 26.16415]}, "properties": {"id": "49581", "feature_type": "reservoir", "comid": 45046440, "basin": 45, "direct_child": null, "n_downstream": 0, "downstream": []}}, {"type": "Feature", "geometry": {"type": "Point", "coordinates": [76.798677, 25.080873]}, "properties": {"id": "49723", "feature_type": "reservoir", "comid": 45054800, "basin": 45, "direct_child": null, "n_downstream": 0, "downstream": []}}, {"type": "Feature", "geometry": {"type": "Point", "coordinates": [82.033614, 22.913839]}, "properties": {"id": "49780", "feature_type": "reservoir", "comid": 45068349, "basin": 45, "direct_child": "90228", "n_downstream": 1, "downstream": ["90228"]}}, {"type": "Feature", "geometry": {"type": "Point", "coordinates": [72.935618, 33.428552]}, "properties": {"id": "50002", "feature_type": "reservoir", "comid": 45006500, "basin": 45, "direct_child": null, "n_downstream": 0, "downstream": []}}, {"type": "Feature", "geometry": {"type": "Point", "coordinates": [81.096528, 25.029097]}, "properties": {"id": "50125", "feature_type": "reservoir", "comid": 45054526, "basin": 45, "direct_child": null, "n_downstream": 0, "downstream": []}}, {"type": "Feature", "geometry": {"type": "Point", "coordinates": [76.547925, 23.227075]}, "properties": {"id": "50273", "feature_type": "reservoir", "comid": 45065481, "basin": 45, "direct_child": "53419", "n_downstream": 1, "downstream": ["53419"]}}, {"type": "Feature", "geometry": {"type": "Point", "coordinates": [79.560317, 29.34375]}, "properties": {"id": "50298", "feature_type": "reservoir", "comid": 45026262, "basin": 45, "direct_child": null, "n_downstream": 0, "downstream": []}}, {"type": "Feature", "geometry": {"type": "Point", "coordinates": [77.5563, 26.599115]}, "properties": {"id": "50306", "feature_type": "reservoir", "comid": 45040711, "basin": 45, "direct_child": "81356", "n_downstream": 1, "downstream": ["81356"]}}, {"type": "Feature", "geometry": {"type": "Point", "coordinates": [83.236245, 23.273531]}, "properties": {"id": "50334", "feature_type": "reservoir", "comid": 45064551, "basin": 45, "direct_child": "28395", "n_downstream": 3, "downstream": ["28395", "90276", "86256"]}}, {"type": "Feature", "geometry": {"type": "Point", "coordinates": [74.631252, 25.181248]}, "properties": {"id": "50336", "feature_type": "reservoir", "comid": 45055173, "basin": 45, "direct_child": "88587", "n_downstream": 1, "downstream": ["88587"]}}, {"type": "Feature", "geometry": {"type": "Point", "coordinates": [81.6937, 23.319265]}, "properties": {"id": "50641", "feature_type": "reservoir", "comid": 45065687, "basin": 45, "direct_child": "90228", "n_downstream": 1, "downstream": ["90228"]}}, {"type": "Feature", "geometry": {"type": "Point", "coordinates": [83.35665, 24.705554]}, "properties": {"id": "50729", "feature_type": "reservoir", "comid": 45057033, "basin": 45, "direct_child": "84315", "n_downstream": 2, "downstream": ["84315", "72953"]}}, {"type": "Feature", "geometry": {"type": "Point", "coordinates": [83.146053, 24.188267]}, "properties": {"id": "50813", "feature_type": "reservoir", "comid": 45063196, "basin": 45, "direct_child": "28555", "n_downstream": 2, "downstream": ["28555", "37171"]}}, {"type": "Feature", "geometry": {"type": "Point", "coordinates": [76.252761, 25.381204]}, "properties": {"id": "50933", "feature_type": "reservoir", "comid": 45048997, "basin": 45, "direct_child": null, "n_downstream": 0, "downstream": []}}, {"type": "Feature", "geometry": {"type": "Point", "coordinates": [78.122051, 26.179987]}, "properties": {"id": "51049", "feature_type": "reservoir", "comid": 45046309, "basin": 45, "direct_child": "61774", "n_downstream": 3, "downstream": ["61774", "72149", "73091"]}}, {"type": "Feature", "geometry": {"type": "Point", "coordinates": [76.535106, 23.415293]}, "properties": {"id": "51167", "feature_type": "reservoir", "comid": 45066183, "basin": 45, "direct_child": "53419", "n_downstream": 1, "downstream": ["53419"]}}, {"type": "Feature", "geometry": {"type": "Point", "coordinates": [76.322847, 22.618063]}, "properties": {"id": "51559", "feature_type": "reservoir", "comid": 45069072, "basin": 45, "direct_child": "46406", "n_downstream": 1, "downstream": ["46406"]}}, {"type": "Feature", "geometry": {"type": "Point", "coordinates": [77.477506, 25.743708]}, "properties": {"id": "51965", "feature_type": "reservoir", "comid": 45051015, "basin": 45, "direct_child": "70121", "n_downstream": 3, "downstream": ["70121", "82167", "85897"]}}, {"type": "Feature", "geometry": {"type": "Point", "coordinates": [76.261805, 24.40049]}, "properties": {"id": "52164", "feature_type": "reservoir", "comid": 45058225, "basin": 45, "direct_child": null, "n_downstream": 0, "downstream": []}}, {"type": "Feature", "geometry": {"type": "Point", "coordinates": [76.748436, 30.86906]}, "properties": {"id": "52436", "feature_type": "reservoir", "comid": 45014705, "basin": 45, "direct_child": "79699", "n_downstream": 1, "downstream": ["79699"]}}, {"type": "Feature", "geometry": {"type": "Point", "coordinates": [75.138801, 25.154366]}, "properties": {"id": "52438", "feature_type": "reservoir", "comid": 45054904, "basin": 45, "direct_child": "88587", "n_downstream": 1, "downstream": ["88587"]}}, {"type": "Feature", "geometry": {"type": "Point", "coordinates": [72.221781, 33.475341]}, "properties": {"id": "52602", "feature_type": "reservoir", "comid": 45007777, "basin": 45, "direct_child": null, "n_downstream": 0, "downstream": []}}, {"type": "Feature", "geometry": {"type": "Point", "coordinates": [79.434895, 23.77776]}, "properties": {"id": "53030", "feature_type": "reservoir", "comid": 45061793, "basin": 45, "direct_child": null, "n_downstream": 0, "downstream": []}}, {"type": "Feature", "geometry": {"type": "Point", "coordinates": [75.971541, 31.602455]}, "properties": {"id": "53261", "feature_type": "reservoir", "comid": 45012866, "basin": 45, "direct_child": "79699", "n_downstream": 1, "downstream": ["79699"]}}, {"type": "Feature", "geometry": {"type": "Point", "coordinates": [79.317613, 23.327451]}, "properties": {"id": "53416", "feature_type": "reservoir", "comid": 45064423, "basin": 45, "direct_child": null, "n_downstream": 0, "downstream": []}}, {"type": "Feature", "geometry": {"type": "Point", "coordinates": [76.282541, 25.019863]}, "properties": {"id": "53419", "feature_type": "reservoir", "comid": 45052053, "basin": 45, "direct_child": null, "n_downstream": 0, "downstream": []}}, {"type": "Feature", "geometry": {"type": "Point", "coordinates": [79.462633, 24.643768]}, "properties": {"id": "53516", "feature_type": "reservoir", "comid": 45058988, "basin": 45, "direct_child": "84513", "n_downstream": 1, "downstream": ["84513"]}}, {"type": "Feature", "geometry": {"type": "Point", "coordinates": [76.131258, 23.655652]}, "properties": {"id": "54153", "feature_type": "reservoir", "comid": 45060614, "basin": 45, "direct_child": null, "n_downstream": 0, "downstream": []}}, {"type": "Feature", "geometry": {"type": "Point", "coordinates": [78.966946, 23.406487]}, "properties": {"id": "54172", "feature_type": "reservoir", "comid": 45066150, "basin": 45, "direct_child": "71728", "n_downstream": 1, "downstream": ["71728"]}}, {"type": "Feature", "geometry": {"type": "Point", "coordinates": [76.939583, 28.142137]}, "properties": {"id": "54431", "feature_type": "reservoir", "comid": 45034901, "basin": 45, "direct_child": null, "n_downstream": 0, "downstream": []}}, {"type": "Feature", "geometry": {"type": "Point", "coordinates": [75.938273, 23.418956]}, "properties": {"id": "54538", "feature_type": "reservoir", "comid": 45066003, "basin": 45, "direct_child": "90381", "n_downstream": 2, "downstream": ["90381", "89585"]}}, {"type": "Feature", "geometry": {"type": "Point", "coordinates": [82.421135, 27.623961]}, "properties": {"id": "54624", "feature_type": "reservoir", "comid": 45037702, "basin": 45, "direct_child": "72621", "n_downstream": 1, "downstream": ["72621"]}}, {"type": "Feature", "geometry": {"type": "Point", "coordinates": [80.691484, 23.293767]}, "properties": {"id": "54782", "feature_type": "reservoir", "comid": 45065696, "basin": 45, "direct_child": "90228", "n_downstream": 1, "downstream": ["90228"]}}, {"type": "Feature", "geometry": {"type": "Point", "coordinates": [79.048857, 24.725869]}, "properties": {"id": "54856", "feature_type": "reservoir", "comid": 45059393, "basin": 45, "direct_child": "56653", "n_downstream": 2, "downstream": ["56653", "64419"]}}, {"type": "Feature", "geometry": {"type": "Point", "coordinates": [74.134033, 25.725738]}, "properties": {"id": "54932", "feature_type": "reservoir", "comid": 45049966, "basin": 45, "direct_child": "88587", "n_downstream": 1, "downstream": ["88587"]}}, {"type": "Feature", "geometry": {"type": "Point", "coordinates": [81.035235, 25.026948]}, "properties": {"id": "54977", "feature_type": "reservoir", "comid": 45053687, "basin": 45, "direct_child": null, "n_downstream": 0, "downstream": []}}, {"type": "Feature", "geometry": {"type": "Point", "coordinates": [79.823209, 23.806307]}, "properties": {"id": "55168", "feature_type": "reservoir", "comid": 45061758, "basin": 45, "direct_child": "24145", "n_downstream": 1, "downstream": ["24145"]}}, {"type": "Feature", "geometry": {"type": "Point", "coordinates": [83.621844, 24.406621]}, "properties": {"id": "55525", "feature_type": "reservoir", "comid": 45058185, "basin": 45, "direct_child": null, "n_downstream": 0, "downstream": []}}, {"type": "Feature", "geometry": {"type": "Point", "coordinates": [81.989548, 23.902555]}, "properties": {"id": "55695", "feature_type": "reservoir", "comid": 45062327, "basin": 45, "direct_child": null, "n_downstream": 0, "downstream": []}}, {"type": "Feature", "geometry": {"type": "Point", "coordinates": [74.35625, 25.047767]}, "properties": {"id": "55916", "feature_type": "reservoir", "comid": 45052238, "basin": 45, "direct_child": "88587", "n_downstream": 1, "downstream": ["88587"]}}, {"type": "Feature", "geometry": {"type": "Point", "coordinates": [84.778382, 23.877268]}, "properties": {"id": "56113", "feature_type": "reservoir", "comid": 45062208, "basin": 45, "direct_child": null, "n_downstream": 0, "downstream": []}}, {"type": "Feature", "geometry": {"type": "Point", "coordinates": [71.635582, 33.784602]}, "properties": {"id": "56157", "feature_type": "reservoir", "comid": 45005754, "basin": 45, "direct_child": null, "n_downstream": 0, "downstream": []}}, {"type": "Feature", "geometry": {"type": "Point", "coordinates": [82.604887, 25.080103]}, "properties": {"id": "56167", "feature_type": "reservoir", "comid": 45054309, "basin": 45, "direct_child": "74551", "n_downstream": 1, "downstream": ["74551"]}}, {"type": "Feature", "geometry": {"type": "Point", "coordinates": [76.392708, 27.243799]}, "properties": {"id": "56386", "feature_type": "reservoir", "comid": 45038128, "basin": 45, "direct_child": "66079", "n_downstream": 1, "downstream": ["66079"]}}, {"type": "Feature", "geometry": {"type": "Point", "coordinates": [76.130154, 27.102556]}, "properties": {"id": "56496", "feature_type": "reservoir", "comid": 45043663, "basin": 45, "direct_child": null, "n_downstream": 0, "downstream": []}}, {"type": "Feature", "geometry": {"type": "Point", "coordinates": [78.808697, 23.635643]}, "properties": {"id": "56513", "feature_type": "reservoir", "comid": 45066709, "basin": 45, "direct_child": null, "n_downstream": 0, "downstream": []}}, {"type": "Feature", "geometry": {"type": "Point", "coordinates": [75.919264, 23.444559]}, "properties": {"id": "56519", "feature_type": "reservoir", "comid": 45066252, "basin": 45, "direct_child": "90381", "n_downstream": 2, "downstream": ["90381", "89585"]}}, {"type": "Feature", "geometry": {"type": "Point", "coordinates": [79.027083, 24.860417]}, "properties": {"id": "56653", "feature_type": "reservoir", "comid": 45052914, "basin": 45, "direct_child": "64419", "n_downstream": 1, "downstream": ["64419"]}}, {"type": "Feature", "geometry": {"type": "Point", "coordinates": [76.671545, 25.134284]}, "properties": {"id": "56669", "feature_type": "reservoir", "comid": 45054830, "basin": 45, "direct_child": null, "n_downstream": 0, "downstream": []}}, {"type": "Feature", "geometry": {"type": "Point", "coordinates": [79.250233, 24.902541]}, "properties": {"id": "56684", "feature_type": "reservoir", "comid": 45054108, "basin": 45, "direct_child": null, "n_downstream": 0, "downstream": []}}, {"type": "Feature", "geometry": {"type": "Point", "coordinates": [77.250708, 26.614167]}, "properties": {"id": "56685", "feature_type": "reservoir", "comid": 45041762, "basin": 45, "direct_child": null, "n_downstream": 0, "downstream": []}}, {"type": "Feature", "geometry": {"type": "Point", "coordinates": [71.825042, 33.55225]}, "properties": {"id": "56979", "feature_type": "reservoir", "comid": 45007912, "basin": 45, "direct_child": null, "n_downstream": 0, "downstream": []}}, {"type": "Feature", "geometry": {"type": "Point", "coordinates": [72.996875, 32.809849]}, "properties": {"id": "56986", "feature_type": "reservoir", "comid": 45009272, "basin": 45, "direct_child": "87726", "n_downstream": 1, "downstream": ["87726"]}}, {"type": "Feature", "geometry": {"type": "Point", "coordinates": [79.036664, 25.414561]}, "properties": {"id": "57035", "feature_type": "reservoir", "comid": 45048418, "basin": 45, "direct_child": "48177", "n_downstream": 1, "downstream": ["48177"]}}, {"type": "Feature", "geometry": {"type": "Point", "coordinates": [73.847578, 24.685417]}, "properties": {"id": "57331", "feature_type": "reservoir", "comid": 45059112, "basin": 45, "direct_child": "88587", "n_downstream": 1, "downstream": ["88587"]}}, {"type": "Feature", "geometry": {"type": "Point", "coordinates": [79.919586, 23.710073]}, "properties": {"id": "57655", "feature_type": "reservoir", "comid": 45061681, "basin": 45, "direct_child": "77808", "n_downstream": 1, "downstream": ["77808"]}}, {"type": "Feature", "geometry": {"type": "Point", "coordinates": [77.077475, 23.802147]}, "properties": {"id": "57753", "feature_type": "reservoir", "comid": 45061920, "basin": 45, "direct_child": "53419", "n_downstream": 1, "downstream": ["53419"]}}, {"type": "Feature", "geometry": {"type": "Point", "coordinates": [81.106236, 25.068766]}, "properties": {"id": "57902", "feature_type": "reservoir", "comid": 45054696, "basin": 45, "direct_child": null, "n_downstream": 0, "downstream": []}}, {"type": "Feature", "geometry": {"type": "Point", "coordinates": [74.043106, 25.514332]}, "properties": {"id": "57944", "feature_type": "reservoir", "comid": 45050230, "basin": 45, "direct_child": "73473", "n_downstream": 3, "downstream": ["73473", "78725", "88587"]}}, {"type": "Feature", "geometry": {"type": "Point", "coordinates": [75.953667, 31.670193]}, "properties": {"id": "58149", "feature_type": "reservoir", "comid": 45012985, "basin": 45, "direct_child": "79699", "n_downstream": 1, "downstream": ["79699"]}}, {"type": "Feature", "geometry": {"type": "Point", "coordinates": [79.370426, 24.938782]}, "properties": {"id": "58292", "feature_type": "reservoir", "comid": 45054320, "basin": 45, "direct_child": null, "n_downstream": 0, "downstream": []}}, {"type": "Feature", "geometry": {"type": "Point", "coordinates": [72.323958, 33.692489]}, "properties": {"id": "58560", "feature_type": "reservoir", "comid": 45005484, "basin": 45, "direct_child": null, "n_downstream": 0, "downstream": []}}, {"type": "Feature", "geometry": {"type": "Point", "coordinates": [78.339851, 25.630424]}, "properties": {"id": "58606", "feature_type": "reservoir", "comid": 45050786, "basin": 45, "direct_child": null, "n_downstream": 0, "downstream": []}}, {"type": "Feature", "geometry": {"type": "Point", "coordinates": [76.650324, 26.841786]}, "properties": {"id": "58853", "feature_type": "reservoir", "comid": 45042492, "basin": 45, "direct_child": null, "n_downstream": 0, "downstream": []}}, {"type": "Feature", "geometry": {"type": "Point", "coordinates": [80.310356, 23.721408]}, "properties": {"id": "58860", "feature_type": "reservoir", "comid": 45061825, "basin": 45, "direct_child": "63066", "n_downstream": 2, "downstream": ["63066", "90228"]}}, {"type": "Feature", "geometry": {"type": "Point", "coordinates": [75.328125, 25.386225]}, "properties": {"id": "58953", "feature_type": "reservoir", "comid": 45050037, "basin": 45, "direct_child": "81103", "n_downstream": 1, "downstream": ["81103"]}}, {"type": "Feature", "geometry": {"type": "Point", "coordinates": [76.789985, 26.329757]}, "properties": {"id": "59388", "feature_type": "reservoir", "comid": 45047020, "basin": 45, "direct_child": null, "n_downstream": 0, "downstream": []}}, {"type": "Feature", "geometry": {"type": "Point", "coordinates": [79.606112, 23.575304]}, "properties": {"id": "59531", "feature_type": "reservoir", "comid": 45066543, "basin": 45, "direct_child": null, "n_downstream": 0, "downstream": []}}, {"type": "Feature", "geometry": {"type": "Point", "coordinates": [78.719005, 25.209162]}, "properties": {"id": "59536", "feature_type": "reservoir", "comid": 45055126, "basin": 45, "direct_child": "76440", "n_downstream": 2, "downstream": ["76440", "85250"]}}, {"type": "Feature", "geometry": {"type": "Point", "coordinates": [76.939611, 22.935388]}, "properties": {"id": "59542", "feature_type": "reservoir", "comid": 45069985, "basin": 45, "direct_child": null, "n_downstream": 0, "downstream": []}}, {"type": "Feature", "geometry": {"type": "Point", "coordinates": [76.810432, 25.002083]}, "properties": {"id": "59656", "feature_type": "reservoir", "comid": 45054460, "basin": 45, "direct_child": null, "n_downstream": 0, "downstream": []}}, {"type": "Feature", "geometry": {"type": "Point", "coordinates": [82.655902, 23.285572]}, "properties": {"id": "59860", "feature_type": "reservoir", "comid": 45065616, "basin": 45, "direct_child": "43012", "n_downstream": 3, "downstream": ["43012", "90276", "86256"]}}, {"type": "Feature", "geometry": {"type": "Point", "coordinates": [79.490625, 23.800919]}, "properties": {"id": "59876", "feature_type": "reservoir", "comid": 45061938, "basin": 45, "direct_child": null, "n_downstream": 0, "downstream": []}}, {"type": "Feature", "geometry": {"type": "Point", "coordinates": [82.352502, 27.61575]}, "properties": {"id": "60108", "feature_type": "reservoir", "comid": 45039356, "basin": 45, "direct_child": null, "n_downstream": 0, "downstream": []}}, {"type": "Feature", "geometry": {"type": "Point", "coordinates": [75.579805, 25.649357]}, "properties": {"id": "60155", "feature_type": "reservoir", "comid": 45050777, "basin": 45, "direct_child": null, "n_downstream": 0, "downstream": []}}, {"type": "Feature", "geometry": {"type": "Point", "coordinates": [75.021769, 25.993922]}, "properties": {"id": "60205", "feature_type": "reservoir", "comid": 45051834, "basin": 45, "direct_child": "88587", "n_downstream": 1, "downstream": ["88587"]}}, {"type": "Feature", "geometry": {"type": "Point", "coordinates": [75.447202, 25.304297]}, "properties": {"id": "60239", "feature_type": "reservoir", "comid": 45053735, "basin": 45, "direct_child": null, "n_downstream": 0, "downstream": []}}, {"type": "Feature", "geometry": {"type": "Point", "coordinates": [79.411133, 23.352942]}, "properties": {"id": "60542", "feature_type": "reservoir", "comid": 45065892, "basin": 45, "direct_child": "53416", "n_downstream": 1, "downstream": ["53416"]}}, {"type": "Feature", "geometry": {"type": "Point", "coordinates": [82.224579, 27.76993]}, "properties": {"id": "61137", "feature_type": "reservoir", "comid": 45036689, "basin": 45, "direct_child": null, "n_downstream": 0, "downstream": []}}, {"type": "Feature", "geometry": {"type": "Point", "coordinates": [76.179977, 25.713348]}, "properties": {"id": "61231", "feature_type": "reservoir", "comid": 45050946, "basin": 45, "direct_child": null, "n_downstream": 0, "downstream": []}}, {"type": "Feature", "geometry": {"type": "Point", "coordinates": [79.807976, 25.293387]}, "properties": {"id": "61324", "feature_type": "reservoir", "comid": 45055446, "basin": 45, "direct_child": "86989", "n_downstream": 1, "downstream": ["86989"]}}, {"type": "Feature", "geometry": {"type": "Point", "coordinates": [72.355568, 32.796649]}, "properties": {"id": "61376", "feature_type": "reservoir", "comid": 45008770, "basin": 45, "direct_child": null, "n_downstream": 0, "downstream": []}}, {"type": "Feature", "geometry": {"type": "Point", "coordinates": [83.094675, 23.102104]}, "properties": {"id": "61568", "feature_type": "reservoir", "comid": 45065166, "basin": 45, "direct_child": "90276", "n_downstream": 2, "downstream": ["90276", "86256"]}}, {"type": "Feature", "geometry": {"type": "Point", "coordinates": [79.194507, 25.20284]}, "properties": {"id": "61575", "feature_type": "reservoir", "comid": 45055129, "basin": 45, "direct_child": null, "n_downstream": 0, "downstream": []}}, {"type": "Feature", "geometry": {"type": "Point", "coordinates": [78.058617, 26.137853]}, "properties": {"id": "61774", "feature_type": "reservoir", "comid": 45046309, "basin": 45, "direct_child": "72149", "n_downstream": 2, "downstream": ["72149", "73091"]}}, {"type": "Feature", "geometry": {"type": "Point", "coordinates": [75.341939, 25.519591]}, "properties": {"id": "62160", "feature_type": "reservoir", "comid": 45050342, "basin": 45, "direct_child": "81103", "n_downstream": 1, "downstream": ["81103"]}}, {"type": "Feature", "geometry": {"type": "Point", "coordinates": [77.062385, 25.138096]}, "properties": {"id": "62230", "feature_type": "reservoir", "comid": 45054860, "basin": 45, "direct_child": null, "n_downstream": 0, "downstream": []}}, {"type": "Feature", "geometry": {"type": "Point", "coordinates": [76.343266, 25.802765]}, "properties": {"id": "62467", "feature_type": "reservoir", "comid": 45051375, "basin": 45, "direct_child": null, "n_downstream": 0, "downstream": []}}, {"type": "Feature", "geometry": {"type": "Point", "coordinates": [75.649327, 22.671229]}, "properties": {"id": "62718", "feature_type": "reservoir", "comid": 45069172, "basin": 45, "direct_child": "90381", "n_downstream": 2, "downstream": ["90381", "89585"]}}, {"type": "Feature", "geometry": {"type": "Point", "coordinates": [77.0748, 23.150451]}, "properties": {"id": "62871", "feature_type": "reservoir", "comid": 45065384, "basin": 45, "direct_child": null, "n_downstream": 0, "downstream": []}}, {"type": "Feature", "geometry": {"type": "Point", "coordinates": [73.529527, 33.055718]}, "properties": {"id": "62898", "feature_type": "reservoir", "comid": 45008362, "basin": 45, "direct_child": "87726", "n_downstream": 1, "downstream": ["87726"]}}, {"type": "Feature", "geometry": {"type": "Point", "coordinates": [80.478381, 23.750612]}, "properties": {"id": "63040", "feature_type": "reservoir", "comid": 45061757, "basin": 45, "direct_child": "63066", "n_downstream": 2, "downstream": ["63066", "90228"]}}, {"type": "Feature", "geometry": {"type": "Point", "coordinates": [80.460501, 23.839067]}, "properties": {"id": "63066", "feature_type": "reservoir", "comid": 45060293, "basin": 45, "direct_child": "90228", "n_downstream": 1, "downstream": ["90228"]}}, {"type": "Feature", "geometry": {"type": "Point", "coordinates": [76.394792, 22.935417]}, "properties": {"id": "63091", "feature_type": "reservoir", "comid": 45069980, "basin": 45, "direct_child": "46406", "n_downstream": 1, "downstream": ["46406"]}}, {"type": "Feature", "geometry": {"type": "Point", "coordinates": [81.91207, 23.144205]}, "properties": {"id": "63195", "feature_type": "reservoir", "comid": 45065230, "basin": 45, "direct_child": "90228", "n_downstream": 1, "downstream": ["90228"]}}, {"type": "Feature", "geometry": {"type": "Point", "coordinates": [77.032801, 25.202826]}, "properties": {"id": "63342", "feature_type": "reservoir", "comid": 45055151, "basin": 45, "direct_child": null, "n_downstream": 0, "downstream": []}}, {"type": "Feature", "geometry": {"type": "Point", "coordinates": [75.284303, 25.461152]}, "properties": {"id": "63473", "feature_type": "reservoir", "comid": 45050096, "basin": 45, "direct_child": "81103", "n_downstream": 1, "downstream": ["81103"]}}, {"type": "Feature", "geometry": {"type": "Point", "coordinates": [77.666424, 30.43588]}, "properties": {"id": "63486", "feature_type": "reservoir", "comid": 45015708, "basin": 45, "direct_child": null, "n_downstream": 0, "downstream": []}}, {"type": "Feature", "geometry": {"type": "Point", "coordinates": [79.718859, 23.559107]}, "properties": {"id": "63498", "feature_type": "reservoir", "comid": 45066598, "basin": 45, "direct_child": null, "n_downstream": 0, "downstream": []}}, {"type": "Feature", "geometry": {"type": "Point", "coordinates": [77.446641, 26.622602]}, "properties": {"id": "63682", "feature_type": "reservoir", "comid": 45040679, "basin": 45, "direct_child": null, "n_downstream": 0, "downstream": []}}, {"type": "Feature", "geometry": {"type": "Point", "coordinates": [77.79784, 30.502521]}, "properties": {"id": "63834", "feature_type": "reservoir", "comid": 45015716, "basin": 45, "direct_child": "63486", "n_downstream": 1, "downstream": ["63486"]}}, {"type": "Feature", "geometry": {"type": "Point", "coordinates": [76.473122, 23.976194]}, "properties": {"id": "63840", "feature_type": "reservoir", "comid": 45062491, "basin": 45, "direct_child": "80965", "n_downstream": 2, "downstream": ["80965", "53419"]}}, {"type": "Feature", "geometry": {"type": "Point", "coordinates": [81.560266, 23.482899]}, "properties": {"id": "64255", "feature_type": "reservoir", "comid": 45066241, "basin": 45, "direct_child": "90228", "n_downstream": 1, "downstream": ["90228"]}}, {"type": "Feature", "geometry": {"type": "Point", "coordinates": [72.326042, 33.471381]}, "properties": {"id": "64274", "feature_type": "reservoir", "comid": 45007791, "basin": 45, "direct_child": null, "n_downstream": 0, "downstream": []}}, {"type": "Feature", "geometry": {"type": "Point", "coordinates": [77.877083, 24.37447]}, "properties": {"id": "64359", "feature_type": "reservoir", "comid": 45058170, "basin": 45, "direct_child": "88059", "n_downstream": 4, "downstream": ["88059", "88816", "85934", "85250"]}}, {"type": "Feature", "geometry": {"type": "Point", "coordinates": [79.135639, 24.971846]}, "properties": {"id": "64419", "feature_type": "reservoir", "comid": 45052694, "basin": 45, "direct_child": null, "n_downstream": 0, "downstream": []}}, {"type": "Feature", "geometry": {"type": "Point", "coordinates": [75.966856, 27.75857]}, "properties": {"id": "64560", "feature_type": "reservoir", "comid": 45032288, "basin": 45, "direct_child": null, "n_downstream": 0, "downstream": []}}, {"type": "Feature", "geometry": {"type": "Point", "coordinates": [75.122854, 25.243415]}, "properties": {"id": "64623", "feature_type": "reservoir", "comid": 45055330, "basin": 45, "direct_child": "88587", "n_downstream": 1, "downstream": ["88587"]}}, {"type": "Feature", "geometry": {"type": "Point", "coordinates": [76.278021, 25.882881]}, "properties": {"id": "64637", "feature_type": "reservoir", "comid": 45051575, "basin": 45, "direct_child": null, "n_downstream": 0, "downstream": []}}, {"type": "Feature", "geometry": {"type": "Point", "coordinates": [79.828446, 23.843494]}, "properties": {"id": "64640", "feature_type": "reservoir", "comid": 45061758, "basin": 45, "direct_child": "38676", "n_downstream": 3, "downstream": ["38676", "55168", "24145"]}}, {"type": "Feature", "geometry": {"type": "Point", "coordinates": [77.501195, 25.793699]}, "properties": {"id": "64750", "feature_type": "reservoir", "comid": 45051240, "basin": 45, "direct_child": "82167", "n_downstream": 2, "downstream": ["82167", "85897"]}}, {"type": "Feature", "geometry": {"type": "Point", "coordinates": [74.346521, 25.325208]}, "properties": {"id": "65007", "feature_type": "reservoir", "comid": 45055526, "basin": 45, "direct_child": "73473", "n_downstream": 3, "downstream": ["73473", "78725", "88587"]}}, {"type": "Feature", "geometry": {"type": "Point", "coordinates": [76.129569, 23.842531]}, "properties": {"id": "65234", "feature_type": "reservoir", "comid": 45062112, "basin": 45, "direct_child": null, "n_downstream": 0, "downstream": []}}, {"type": "Feature", "geometry": {"type": "Point", "coordinates": [78.080135, 25.543226]}, "properties": {"id": "65244", "feature_type": "reservoir", "comid": 45050415, "basin": 45, "direct_child": null, "n_downstream": 0, "downstream": []}}, {"type": "Feature", "geometry": {"type": "Point", "coordinates": [79.849154, 23.901826]}, "properties": {"id": "65342", "feature_type": "reservoir", "comid": 45062211, "basin": 45, "direct_child": null, "n_downstream": 0, "downstream": []}}, {"type": "Feature", "geometry": {"type": "Point", "coordinates": [74.650622, 24.517667]}, "properties": {"id": "65392", "feature_type": "reservoir", "comid": 45058461, "basin": 45, "direct_child": "80132", "n_downstream": 2, "downstream": ["80132", "88587"]}}, {"type": "Feature", "geometry": {"type": "Point", "coordinates": [77.801931, 24.589213]}, "properties": {"id": "65395", "feature_type": "reservoir", "comid": 45058798, "basin": 45, "direct_child": "88816", "n_downstream": 3, "downstream": ["88816", "85934", "85250"]}}, {"type": "Feature", "geometry": {"type": "Point", "coordinates": [80.57224, 23.640805]}, "properties": {"id": "65463", "feature_type": "reservoir", "comid": 45066800, "basin": 45, "direct_child": "90228", "n_downstream": 1, "downstream": ["90228"]}}, {"type": "Feature", "geometry": {"type": "Point", "coordinates": [78.084997, 25.45947]}, "properties": {"id": "65499", "feature_type": "reservoir", "comid": 45050140, "basin": 45, "direct_child": null, "n_downstream": 0, "downstream": []}}, {"type": "Feature", "geometry": {"type": "Point", "coordinates": [75.111372, 25.415569]}, "properties": {"id": "65891", "feature_type": "reservoir", "comid": 45055731, "basin": 45, "direct_child": "88587", "n_downstream": 1, "downstream": ["88587"]}}, {"type": "Feature", "geometry": {"type": "Point", "coordinates": [76.73449, 25.164314]}, "properties": {"id": "65944", "feature_type": "reservoir", "comid": 45054952, "basin": 45, "direct_child": null, "n_downstream": 0, "downstream": []}}, {"type": "Feature", "geometry": {"type": "Point", "coordinates": [76.857981, 24.914342]}, "properties": {"id": "66009", "feature_type": "reservoir", "comid": 45054162, "basin": 45, "direct_child": null, "n_downstream": 0, "downstream": []}}, {"type": "Feature", "geometry": {"type": "Point", "coordinates": [77.762853, 23.216816]}, "properties": {"id": "66021", "feature_type": "reservoir", "comid": 45065486, "basin": 45, "direct_child": "88059", "n_downstream": 4, "downstream": ["88059", "88816", "85934", "85250"]}}, {"type": "Feature", "geometry": {"type": "Point", "coordinates": [76.410403, 27.119445]}, "properties": {"id": "66079", "feature_type": "reservoir", "comid": 45040772, "basin": 45, "direct_child": null, "n_downstream": 0, "downstream": []}}, {"type": "Feature", "geometry": {"type": "Point", "coordinates": [76.809375, 22.888745]}, "properties": {"id": "66105", "feature_type": "reservoir", "comid": 45069860, "basin": 45, "direct_child": "68325", "n_downstream": 1, "downstream": ["68325"]}}, {"type": "Feature", "geometry": {"type": "Point", "coordinates": [81.218191, 25.184174]}, "properties": {"id": "66109", "feature_type": "reservoir", "comid": 45055057, "basin": 45, "direct_child": null, "n_downstream": 0, "downstream": []}}, {"type": "Feature", "geometry": {"type": "Point", "coordinates": [82.055051, 25.130903]}, "properties": {"id": "66122", "feature_type": "reservoir", "comid": 45054929, "basin": 45, "direct_child": null, "n_downstream": 0, "downstream": []}}, {"type": "Feature", "geometry": {"type": "Point", "coordinates": [76.131073, 23.809577]}, "properties": {"id": "66335", "feature_type": "reservoir", "comid": 45061933, "basin": 45, "direct_child": null, "n_downstream": 0, "downstream": []}}, {"type": "Feature", "geometry": {"type": "Point", "coordinates": [78.429904, 26.428485]}, "properties": {"id": "66338", "feature_type": "reservoir", "comid": 45045305, "basin": 45, "direct_child": null, "n_downstream": 0, "downstream": []}}, {"type": "Feature", "geometry": {"type": "Point", "coordinates": [77.156252, 24.710434]}, "properties": {"id": "66445", "feature_type": "reservoir", "comid": 45059175, "basin": 45, "direct_child": null, "n_downstream": 0, "downstream": []}}, {"type": "Feature", "geometry": {"type": "Point", "coordinates": [83.194792, 23.370444]}, "properties": {"id": "66454", "feature_type": "reservoir", "comid": 45065923, "basin": 45, "direct_child": "28395", "n_downstream": 3, "downstream": ["28395", "90276", "86256"]}}, {"type": "Feature", "geometry": {"type": "Point", "coordinates": [75.706347, 22.489225]}, "properties": {"id": "66592", "feature_type": "reservoir", "comid": 45068769, "basin": 45, "direct_child": "77811", "n_downstream": 4, "downstream": ["77811", "79933", "90381", "89585"]}}, {"type": "Feature", "geometry": {"type": "Point", "coordinates": [77.135335, 25.056167]}, "properties": {"id": "66836", "feature_type": "reservoir", "comid": 45054650, "basin": 45, "direct_child": null, "n_downstream": 0, "downstream": []}}, {"type": "Feature", "geometry": {"type": "Point", "coordinates": [79.409561, 23.751116]}, "properties": {"id": "66900", "feature_type": "reservoir", "comid": 45061793, "basin": 45, "direct_child": null, "n_downstream": 0, "downstream": []}}, {"type": "Feature", "geometry": {"type": "Point", "coordinates": [76.958213, 26.433597]}, "properties": {"id": "66901", "feature_type": "reservoir", "comid": 45047237, "basin": 45, "direct_child": null, "n_downstream": 0, "downstream": []}}, {"type": "Feature", "geometry": {"type": "Point", "coordinates": [79.607524, 23.685199]}, "properties": {"id": "66912", "feature_type": "reservoir", "comid": 45061599, "basin": 45, "direct_child": null, "n_downstream": 0, "downstream": []}}, {"type": "Feature", "geometry": {"type": "Point", "coordinates": [75.854929, 26.953231]}, "properties": {"id": "66955", "feature_type": "reservoir", "comid": 45042958, "basin": 45, "direct_child": "76253", "n_downstream": 1, "downstream": ["76253"]}}, {"type": "Feature", "geometry": {"type": "Point", "coordinates": [75.891245, 31.736893]}, "properties": {"id": "67129", "feature_type": "reservoir", "comid": 45012385, "basin": 45, "direct_child": "79699", "n_downstream": 1, "downstream": ["79699"]}}, {"type": "Feature", "geometry": {"type": "Point", "coordinates": [78.54375, 24.693382]}, "properties": {"id": "67174", "feature_type": "reservoir", "comid": 45059043, "basin": 45, "direct_child": "85250", "n_downstream": 1, "downstream": ["85250"]}}, {"type": "Feature", "geometry": {"type": "Point", "coordinates": [78.323594, 25.614547]}, "properties": {"id": "67237", "feature_type": "reservoir", "comid": 45050650, "basin": 45, "direct_child": null, "n_downstream": 0, "downstream": []}}, {"type": "Feature", "geometry": {"type": "Point", "coordinates": [75.528265, 24.288783]}, "properties": {"id": "67268", "feature_type": "reservoir", "comid": 45057833, "basin": 45, "direct_child": "90381", "n_downstream": 2, "downstream": ["90381", "89585"]}}, {"type": "Feature", "geometry": {"type": "Point", "coordinates": [78.111947, 23.541284]}, "properties": {"id": "67292", "feature_type": "reservoir", "comid": 45066482, "basin": 45, "direct_child": "88059", "n_downstream": 4, "downstream": ["88059", "88816", "85934", "85250"]}}, {"type": "Feature", "geometry": {"type": "Point", "coordinates": [79.692648, 25.288201]}, "properties": {"id": "67431", "feature_type": "reservoir", "comid": 45055492, "basin": 45, "direct_child": "86989", "n_downstream": 1, "downstream": ["86989"]}}, {"type": "Feature", "geometry": {"type": "Point", "coordinates": [77.165113, 24.654761]}, "properties": {"id": "67438", "feature_type": "reservoir", "comid": 45058942, "basin": 45, "direct_child": null, "n_downstream": 0, "downstream": []}}, {"type": "Feature", "geometry": {"type": "Point", "coordinates": [82.057775, 27.853778]}, "properties": {"id": "67458", "feature_type": "reservoir", "comid": 45033872, "basin": 45, "direct_child": null, "n_downstream": 0, "downstream": []}}, {"type": "Feature", "geometry": {"type": "Point", "coordinates": [76.058658, 27.045428]}, "properties": {"id": "67483", "feature_type": "reservoir", "comid": 45040314, "basin": 45, "direct_child": "71475", "n_downstream": 1, "downstream": ["71475"]}}, {"type": "Feature", "geometry": {"type": "Point", "coordinates": [77.790979, 23.27698]}, "properties": {"id": "67509", "feature_type": "reservoir", "comid": 45065742, "basin": 45, "direct_child": "88059", "n_downstream": 4, "downstream": ["88059", "88816", "85934", "85250"]}}, {"type": "Feature", "geometry": {"type": "Point", "coordinates": [75.946769, 23.409522]}, "properties": {"id": "67565", "feature_type": "reservoir", "comid": 45066003, "basin": 45, "direct_child": "54538", "n_downstream": 3, "downstream": ["54538", "90381", "89585"]}}, {"type": "Feature", "geometry": {"type": "Point", "coordinates": [78.451504, 25.4357]}, "properties": {"id": "67579", "feature_type": "reservoir", "comid": 45050079, "basin": 45, "direct_child": null, "n_downstream": 0, "downstream": []}}, {"type": "Feature", "geometry": {"type": "Point", "coordinates": [80.563331, 23.821762]}, "properties": {"id": "67798", "feature_type": "reservoir", "comid": 45062054, "basin": 45, "direct_child": "90228", "n_downstream": 1, "downstream": ["90228"]}}, {"type": "Feature", "geometry": {"type": "Point", "coordinates": [78.829487, 25.317768]}, "properties": {"id": "67866", "feature_type": "reservoir", "comid": 45053652, "basin": 45, "direct_child": null, "n_downstream": 0, "downstream": []}}, {"type": "Feature", "geometry": {"type": "Point", "coordinates": [80.940081, 23.923095]}, "properties": {"id": "68004", "feature_type": "reservoir", "comid": 45060980, "basin": 45, "direct_child": "90228", "n_downstream": 1, "downstream": ["90228"]}}, {"type": "Feature", "geometry": {"type": "Point", "coordinates": [79.365766, 25.310187]}, "properties": {"id": "68064", "feature_type": "reservoir", "comid": 45055447, "basin": 45, "direct_child": "86989", "n_downstream": 1, "downstream": ["86989"]}}, {"type": "Feature", "geometry": {"type": "Point", "coordinates": [76.802682, 22.989416]}, "properties": {"id": "68325", "feature_type": "reservoir", "comid": 45068468, "basin": 45, "direct_child": null, "n_downstream": 0, "downstream": []}}, {"type": "Feature", "geometry": {"type": "Point", "coordinates": [80.976258, 25.010417]}, "properties": {"id": "68348", "feature_type": "reservoir", "comid": 45054467, "basin": 45, "direct_child": "54977", "n_downstream": 1, "downstream": ["54977"]}}, {"type": "Feature", "geometry": {"type": "Point", "coordinates": [81.740478, 22.779926]}, "properties": {"id": "68444", "feature_type": "reservoir", "comid": 45069522, "basin": 45, "direct_child": "85585", "n_downstream": 2, "downstream": ["85585", "90228"]}}, {"type": "Feature", "geometry": {"type": "Point", "coordinates": [78.744792, 23.827208]}, "properties": {"id": "68462", "feature_type": "reservoir", "comid": 45061997, "basin": 45, "direct_child": null, "n_downstream": 0, "downstream": []}}, {"type": "Feature", "geometry": {"type": "Point", "coordinates": [75.39752, 25.565028]}, "properties": {"id": "68491", "feature_type": "reservoir", "comid": 45050496, "basin": 45, "direct_child": null, "n_downstream": 0, "downstream": []}}, {"type": "Feature", "geometry": {"type": "Point", "coordinates": [75.286254, 25.614414]}, "properties": {"id": "68535", "feature_type": "reservoir", "comid": 45050630, "basin": 45, "direct_child": "88587", "n_downstream": 1, "downstream": ["88587"]}}, {"type": "Feature", "geometry": {"type": "Point", "coordinates": [78.912235, 25.287597]}, "properties": {"id": "68613", "feature_type": "reservoir", "comid": 45055448, "basin": 45, "direct_child": null, "n_downstream": 0, "downstream": []}}, {"type": "Feature", "geometry": {"type": "Point", "coordinates": [73.929794, 25.552083]}, "properties": {"id": "68780", "feature_type": "reservoir", "comid": 45050285, "basin": 45, "direct_child": "77848", "n_downstream": 2, "downstream": ["77848", "88587"]}}, {"type": "Feature", "geometry": {"type": "Point", "coordinates": [76.142248, 23.413272]}, "properties": {"id": "68786", "feature_type": "reservoir", "comid": 45066082, "basin": 45, "direct_child": null, "n_downstream": 0, "downstream": []}}, {"type": "Feature", "geometry": {"type": "Point", "coordinates": [74.960417, 24.934701]}, "properties": {"id": "68914", "feature_type": "reservoir", "comid": 45054312, "basin": 45, "direct_child": null, "n_downstream": 0, "downstream": []}}, {"type": "Feature", "geometry": {"type": "Point", "coordinates": [76.168058, 24.543487]}, "properties": {"id": "68926", "feature_type": "reservoir", "comid": 45057443, "basin": 45, "direct_child": null, "n_downstream": 0, "downstream": []}}, {"type": "Feature", "geometry": {"type": "Point", "coordinates": [77.040808, 23.09375]}, "properties": {"id": "68944", "feature_type": "reservoir", "comid": 45065122, "basin": 45, "direct_child": null, "n_downstream": 0, "downstream": []}}, {"type": "Feature", "geometry": {"type": "Point", "coordinates": [77.069933, 31.671975]}, "properties": {"id": "68975", "feature_type": "reservoir", "comid": 45011557, "basin": 45, "direct_child": "89637", "n_downstream": 3, "downstream": ["89637", "79202", "79699"]}}, {"type": "Feature", "geometry": {"type": "Point", "coordinates": [77.311634, 24.066531]}, "properties": {"id": "68976", "feature_type": "reservoir", "comid": 45062896, "basin": 45, "direct_child": null, "n_downstream": 0, "downstream": []}}, {"type": "Feature", "geometry": {"type": "Point", "coordinates": [83.491848, 24.979306]}, "properties": {"id": "69002", "feature_type": "reservoir", "comid": 45054198, "basin": 45, "direct_child": null, "n_downstream": 0, "downstream": []}}, {"type": "Feature", "geometry": {"type": "Point", "coordinates": [74.885501, 24.30625]}, "properties": {"id": "69059", "feature_type": "reservoir", "comid": 45057958, "basin": 45, "direct_child": "90381", "n_downstream": 2, "downstream": ["90381", "89585"]}}, {"type": "Feature", "geometry": {"type": "Point", "coordinates": [77.817497, 25.083525]}, "properties": {"id": "69232", "feature_type": "reservoir", "comid": 45054609, "basin": 45, "direct_child": "84516", "n_downstream": 1, "downstream": ["84516"]}}, {"type": "Feature", "geometry": {"type": "Point", "coordinates": [73.822652, 24.577067]}, "properties": {"id": "69416", "feature_type": "reservoir", "comid": 45057115, "basin": 45, "direct_child": "88587", "n_downstream": 1, "downstream": ["88587"]}}, {"type": "Feature", "geometry": {"type": "Point", "coordinates": [76.265623, 26.137775]}, "properties": {"id": "69515", "feature_type": "reservoir", "comid": 45046221, "basin": 45, "direct_child": null, "n_downstream": 0, "downstream": []}}, {"type": "Feature", "geometry": {"type": "Point", "coordinates": [78.15264, 23.914868]}, "properties": {"id": "69527", "feature_type": "reservoir", "comid": 45062302, "basin": 45, "direct_child": "88059", "n_downstream": 4, "downstream": ["88059", "88816", "85934", "85250"]}}, {"type": "Feature", "geometry": {"type": "Point", "coordinates": [79.335571, 24.609018]}, "properties": {"id": "69619", "feature_type": "reservoir", "comid": 45058928, "basin": 45, "direct_child": null, "n_downstream": 0, "downstream": []}}, {"type": "Feature", "geometry": {"type": "Point", "coordinates": [77.682698, 23.116253]}, "properties": {"id": "69640", "feature_type": "reservoir", "comid": 45065178, "basin": 45, "direct_child": "88059", "n_downstream": 4, "downstream": ["88059", "88816", "85934", "85250"]}}, {"type": "Feature", "geometry": {"type": "Point", "coordinates": [78.919039, 25.484988]}, "properties": {"id": "69722", "feature_type": "reservoir", "comid": 45050297, "basin": 45, "direct_child": null, "n_downstream": 0, "downstream": []}}, {"type": "Feature", "geometry": {"type": "Point", "coordinates": [78.288725, 30.074194]}, "properties": {"id": "69741", "feature_type": "reservoir", "comid": 45018657, "basin": 45, "direct_child": "75415", "n_downstream": 1, "downstream": ["75415"]}}, {"type": "Feature", "geometry": {"type": "Point", "coordinates": [80.705161, 24.815481]}, "properties": {"id": "69742", "feature_type": "reservoir", "comid": 45059485, "basin": 45, "direct_child": "80268", "n_downstream": 1, "downstream": ["80268"]}}, {"type": "Feature", "geometry": {"type": "Point", "coordinates": [72.264711, 33.287222]}, "properties": {"id": "69779", "feature_type": "reservoir", "comid": 45007592, "basin": 45, "direct_child": null, "n_downstream": 0, "downstream": []}}, {"type": "Feature", "geometry": {"type": "Point", "coordinates": [76.442069, 25.924211]}, "properties": {"id": "69921", "feature_type": "reservoir", "comid": 45049875, "basin": 45, "direct_child": null, "n_downstream": 0, "downstream": []}}, {"type": "Feature", "geometry": {"type": "Point", "coordinates": [74.783942, 24.84429]}, "properties": {"id": "70007", "feature_type": "reservoir", "comid": 45053875, "basin": 45, "direct_child": "88587", "n_downstream": 1, "downstream": ["88587"]}}, {"type": "Feature", "geometry": {"type": "Point", "coordinates": [78.422917, 24.83125]}, "properties": {"id": "70061", "feature_type": "reservoir", "comid": 45052984, "basin": 45, "direct_child": "85992", "n_downstream": 2, "downstream": ["85992", "85250"]}}, {"type": "Feature", "geometry": {"type": "Point", "coordinates": [77.467298, 25.722802]}, "properties": {"id": "70121", "feature_type": "reservoir", "comid": 45051015, "basin": 45, "direct_child": "82167", "n_downstream": 2, "downstream": ["82167", "85897"]}}, {"type": "Feature", "geometry": {"type": "Point", "coordinates": [81.888542, 24.359347]}, "properties": {"id": "70200", "feature_type": "reservoir", "comid": 45058053, "basin": 45, "direct_child": null, "n_downstream": 0, "downstream": []}}, {"type": "Feature", "geometry": {"type": "Point", "coordinates": [81.571156, 25.137216]}, "properties": {"id": "70212", "feature_type": "reservoir", "comid": 45055017, "basin": 45, "direct_child": null, "n_downstream": 0, "downstream": []}}, {"type": "Feature", "geometry": {"type": "Point", "coordinates": [80.387281, 23.651001]}, "properties": {"id": "70593", "feature_type": "reservoir", "comid": 45060597, "basin": 45, "direct_child": "63066", "n_downstream": 2, "downstream": ["63066", "90228"]}}, {"type": "Feature", "geometry": {"type": "Point", "coordinates": [76.150095, 25.767029]}, "properties": {"id": "70647", "feature_type": "reservoir", "comid": 45050032, "basin": 45, "direct_child": null, "n_downstream": 0, "downstream": []}}, {"type": "Feature", "geometry": {"type": "Point", "coordinates": [75.832452, 23.213278]}, "properties": {"id": "70710", "feature_type": "reservoir", "comid": 45065474, "basin": 45, "direct_child": "90381", "n_downstream": 2, "downstream": ["90381", "89585"]}}, {"type": "Feature", "geometry": {"type": "Point", "coordinates": [78.66141, 25.130216]}, "properties": {"id": "70721", "feature_type": "reservoir", "comid": 45054886, "basin": 45, "direct_child": "85250", "n_downstream": 1, "downstream": ["85250"]}}, {"type": "Feature", "geometry": {"type": "Point", "coordinates": [75.651755, 25.69517]}, "properties": {"id": "70836", "feature_type": "reservoir", "comid": 45049545, "basin": 45, "direct_child": null, "n_downstream": 0, "downstream": []}}, {"type": "Feature", "geometry": {"type": "Point", "coordinates": [83.550565, 24.11891]}, "properties": {"id": "70847", "feature_type": "reservoir", "comid": 45062894, "basin": 45, "direct_child": null, "n_downstream": 0, "downstream": []}}, {"type": "Feature", "geometry": {"type": "Point", "coordinates": [80.497917, 24.442847]}, "properties": {"id": "70864", "feature_type": "reservoir", "comid": 45058410, "basin": 45, "direct_child": "80268", "n_downstream": 1, "downstream": ["80268"]}}, {"type": "Feature", "geometry": {"type": "Point", "coordinates": [78.29252, 26.00671]}, "properties": {"id": "70896", "feature_type": "reservoir", "comid": 45046027, "basin": 45, "direct_child": null, "n_downstream": 0, "downstream": []}}, {"type": "Feature", "geometry": {"type": "Point", "coordinates": [77.128125, 23.155209]}, "properties": {"id": "70954", "feature_type": "reservoir", "comid": 45065374, "basin": 45, "direct_child": null, "n_downstream": 0, "downstream": []}}, {"type": "Feature", "geometry": {"type": "Point", "coordinates": [77.860673, 24.762208]}, "properties": {"id": "71016", "feature_type": "reservoir", "comid": 45059307, "basin": 45, "direct_child": "88816", "n_downstream": 3, "downstream": ["88816", "85934", "85250"]}}, {"type": "Feature", "geometry": {"type": "Point", "coordinates": [73.34184, 33.722917]}, "properties": {"id": "71149", "feature_type": "reservoir", "comid": 45005435, "basin": 45, "direct_child": "50002", "n_downstream": 1, "downstream": ["50002"]}}, {"type": "Feature", "geometry": {"type": "Point", "coordinates": [76.229913, 26.981348]}, "properties": {"id": "71475", "feature_type": "reservoir", "comid": 45040292, "basin": 45, "direct_child": null, "n_downstream": 0, "downstream": []}}, {"type": "Feature", "geometry": {"type": "Point", "coordinates": [74.912845, 25.446559]}, "properties": {"id": "71608", "feature_type": "reservoir", "comid": 45048399, "basin": 45, "direct_child": "88587", "n_downstream": 1, "downstream": ["88587"]}}, {"type": "Feature", "geometry": {"type": "Point", "coordinates": [82.179752, 25.075827]}, "properties": {"id": "71653", "feature_type": "reservoir", "comid": 45054720, "basin": 45, "direct_child": "30989", "n_downstream": 1, "downstream": ["30989"]}}, {"type": "Feature", "geometry": {"type": "Point", "coordinates": [79.092069, 25.313528]}, "properties": {"id": "71677", "feature_type": "reservoir", "comid": 45055428, "basin": 45, "direct_child": null, "n_downstream": 0, "downstream": []}}, {"type": "Feature", "geometry": {"type": "Point", "coordinates": [78.972466, 23.420368]}, "properties": {"id": "71728", "feature_type": "reservoir", "comid": 45066150, "basin": 45, "direct_child": null, "n_downstream": 0, "downstream": []}}, {"type": "Feature", "geometry": {"type": "Point", "coordinates": [78.39804, 25.672692]}, "properties": {"id": "71825", "feature_type": "reservoir", "comid": 45050799, "basin": 45, "direct_child": null, "n_downstream": 0, "downstream": []}}, {"type": "Feature", "geometry": {"type": "Point", "coordinates": [82.520514, 25.054398]}, "properties": {"id": "71839", "feature_type": "reservoir", "comid": 45054547, "basin": 45, "direct_child": null, "n_downstream": 0, "downstream": []}}, {"type": "Feature", "geometry": {"type": "Point", "coordinates": [77.546886, 25.897345]}, "properties": {"id": "71972", "feature_type": "reservoir", "comid": 45051568, "basin": 45, "direct_child": "82167", "n_downstream": 2, "downstream": ["82167", "85897"]}}, {"type": "Feature", "geometry": {"type": "Point", "coordinates": [77.753125, 26.651396]}, "properties": {"id": "72011", "feature_type": "reservoir", "comid": 45041856, "basin": 45, "direct_child": null, "n_downstream": 0, "downstream": []}}, {"type": "Feature", "geometry": {"type": "Point", "coordinates": [77.960398, 25.072865]}, "properties": {"id": "72097", "feature_type": "reservoir", "comid": 45054636, "basin": 45, "direct_child": null, "n_downstream": 0, "downstream": []}}, {"type": "Feature", "geometry": {"type": "Point", "coordinates": [78.140572, 26.400367]}, "properties": {"id": "72149", "feature_type": "reservoir", "comid": 45045413, "basin": 45, "direct_child": "73091", "n_downstream": 1, "downstream": ["73091"]}}, {"type": "Feature", "geometry": {"type": "Point", "coordinates": [75.105894, 25.718527]}, "properties": {"id": "72222", "feature_type": "reservoir", "comid": 45049349, "basin": 45, "direct_child": "88587", "n_downstream": 1, "downstream": ["88587"]}}, {"type": "Feature", "geometry": {"type": "Point", "coordinates": [79.838209, 25.200601]}, "properties": {"id": "72574", "feature_type": "reservoir", "comid": 45055137, "basin": 45, "direct_child": null, "n_downstream": 0, "downstream": []}}, {"type": "Feature", "geometry": {"type": "Point", "coordinates": [80.581381, 25.11841]}, "properties": {"id": "72578", "feature_type": "reservoir", "comid": 45054867, "basin": 45, "direct_child": null, "n_downstream": 0, "downstream": []}}, {"type": "Feature", "geometry": {"type": "Point", "coordinates": [76.131419, 27.481834]}, "properties": {"id": "72618", "feature_type": "reservoir", "comid": 45037618, "basin": 45, "direct_child": null, "n_downstream": 0, "downstream": []}}, {"type": "Feature", "geometry": {"type": "Point", "coordinates": [82.449589, 27.59673]}, "properties": {"id": "72621", "feature_type": "reservoir", "comid": 45037702, "basin": 45, "direct_child": null, "n_downstream": 0, "downstream": []}}, {"type": "Feature", "geometry": {"type": "Point", "coordinates": [77.141215, 26.125094]}, "properties": {"id": "72716", "feature_type": "reservoir", "comid": 45046249, "basin": 45, "direct_child": null, "n_downstream": 0, "downstream": []}}, {"type": "Feature", "geometry": {"type": "Point", "coordinates": [77.532292, 23.277452]}, "properties": {"id": "72747", "feature_type": "reservoir", "comid": 45065698, "basin": 45, "direct_child": "88059", "n_downstream": 4, "downstream": ["88059", "88816", "85934", "85250"]}}, {"type": "Feature", "geometry": {"type": "Point", "coordinates": [80.511064, 23.056016]}, "properties": {"id": "72936", "feature_type": "reservoir", "comid": 45064079, "basin": 45, "direct_child": "90228", "n_downstream": 1, "downstream": ["90228"]}}, {"type": "Feature", "geometry": {"type": "Point", "coordinates": [83.239583, 25.019989]}, "properties": {"id": "72953", "feature_type": "reservoir", "comid": 45052650, "basin": 45, "direct_child": null, "n_downstream": 0, "downstream": []}}, {"type": "Feature", "geometry": {"type": "Point", "coordinates": [86.464903, 27.871028]}, "properties": {"id": "73060", "feature_type": "reservoir", "comid": 45033835, "basin": 45, "direct_child": null, "n_downstream": 0, "downstream": []}}, {"type": "Feature", "geometry": {"type": "Point", "coordinates": [76.798805, 23.30625]}, "properties": {"id": "73073", "feature_type": "reservoir", "comid": 45065754, "basin": 45, "direct_child": "53419", "n_downstream": 1, "downstream": ["53419"]}}, {"type": "Feature", "geometry": {"type": "Point", "coordinates": [78.146084, 26.450178]}, "properties": {"id": "73091", "feature_type": "reservoir", "comid": 45045258, "basin": 45, "direct_child": null, "n_downstream": 0, "downstream": []}}, {"type": "Feature", "geometry": {"type": "Point", "coordinates": [79.043215, 25.365162]}, "properties": {"id": "73161", "feature_type": "reservoir", "comid": 45055661, "basin": 45, "direct_child": null, "n_downstream": 0, "downstream": []}}, {"type": "Feature", "geometry": {"type": "Point", "coordinates": [75.285253, 25.068869]}, "properties": {"id": "73379", "feature_type": "reservoir", "comid": 45054708, "basin": 45, "direct_child": null, "n_downstream": 0, "downstream": []}}, {"type": "Feature", "geometry": {"type": "Point", "coordinates": [74.541859, 25.39521]}, "properties": {"id": "73473", "feature_type": "reservoir", "comid": 45048411, "basin": 45, "direct_child": "78725", "n_downstream": 2, "downstream": ["78725", "88587"]}}, {"type": "Feature", "geometry": {"type": "Point", "coordinates": [82.659375, 27.615188]}, "properties": {"id": "73667", "feature_type": "reservoir", "comid": 45039110, "basin": 45, "direct_child": null, "n_downstream": 0, "downstream": []}}, {"type": "Feature", "geometry": {"type": "Point", "coordinates": [80.363014, 24.640119]}, "properties": {"id": "73713", "feature_type": "reservoir", "comid": 45059001, "basin": 45, "direct_child": "80268", "n_downstream": 1, "downstream": ["80268"]}}, {"type": "Feature", "geometry": {"type": "Point", "coordinates": [74.49795, 24.906515]}, "properties": {"id": "73857", "feature_type": "reservoir", "comid": 45053500, "basin": 45, "direct_child": "88587", "n_downstream": 1, "downstream": ["88587"]}}, {"type": "Feature", "geometry": {"type": "Point", "coordinates": [75.67058, 22.591882]}, "properties": {"id": "73900", "feature_type": "reservoir", "comid": 45068853, "basin": 45, "direct_child": "90381", "n_downstream": 2, "downstream": ["90381", "89585"]}}, {"type": "Feature", "geometry": {"type": "Point", "coordinates": [74.393508, 25.395231]}, "properties": {"id": "74020", "feature_type": "reservoir", "comid": 45052881, "basin": 45, "direct_child": "73473", "n_downstream": 3, "downstream": ["73473", "78725", "88587"]}}, {"type": "Feature", "geometry": {"type": "Point", "coordinates": [85.157579, 27.59091]}, "properties": {"id": "74220", "feature_type": "reservoir", "comid": 45039274, "basin": 45, "direct_child": null, "n_downstream": 0, "downstream": []}}, {"type": "Feature", "geometry": {"type": "Point", "coordinates": [74.831059, 24.127045]}, "properties": {"id": "74347", "feature_type": "reservoir", "comid": 45062975, "basin": 45, "direct_child": "90381", "n_downstream": 2, "downstream": ["90381", "89585"]}}, {"type": "Feature", "geometry": {"type": "Point", "coordinates": [86.403208, 24.821599]}, "properties": {"id": "74381", "feature_type": "reservoir", "comid": 45052928, "basin": 45, "direct_child": null, "n_downstream": 0, "downstream": []}}, {"type": "Feature", "geometry": {"type": "Point", "coordinates": [86.52096, 25.133163]}, "properties": {"id": "74424", "feature_type": "reservoir", "comid": 45053587, "basin": 45, "direct_child": null, "n_downstream": 0, "downstream": []}}, {"type": "Feature", "geometry": {"type": "Point", "coordinates": [82.610155, 24.99637]}, "properties": {"id": "74551", "feature_type": "reservoir", "comid": 45054309, "basin": 45, "direct_child": null, "n_downstream": 0, "downstream": []}}, {"type": "Feature", "geometry": {"type": "Point", "coordinates": [79.45287, 24.96875]}, "properties": {"id": "74649", "feature_type": "reservoir", "comid": 45054363, "basin": 45, "direct_child": null, "n_downstream": 0, "downstream": []}}, {"type": "Feature", "geometry": {"type": "Point", "coordinates": [76.475875, 26.909086]}, "properties": {"id": "74693", "feature_type": "reservoir", "comid": 45041193, "basin": 45, "direct_child": null, "n_downstream": 0, "downstream": []}}, {"type": "Feature", "geometry": {"type": "Point", "coordinates": [77.709808, 25.431955]}, "properties": {"id": "74781", "feature_type": "reservoir", "comid": 45050089, "basin": 45, "direct_child": "29269", "n_downstream": 2, "downstream": ["29269", "84516"]}}, {"type": "Feature", "geometry": {"type": "Point", "coordinates": [78.768714, 23.972791]}, "properties": {"id": "74857", "feature_type": "reservoir", "comid": 45062466, "basin": 45, "direct_child": null, "n_downstream": 0, "downstream": []}}, {"type": "Feature", "geometry": {"type": "Point", "coordinates": [83.817472, 24.064673]}, "properties": {"id": "74897", "feature_type": "reservoir", "comid": 45062634, "basin": 45, "direct_child": null, "n_downstream": 0, "downstream": []}}, {"type": "Feature", "geometry": {"type": "Point", "coordinates": [80.119683, 29.055727]}, "properties": {"id": "75021", "feature_type": "reservoir", "comid": 45023104, "basin": 45, "direct_child": null, "n_downstream": 0, "downstream": []}}, {"type": "Feature", "geometry": {"type": "Point", "coordinates": [75.443649, 25.63534]}, "properties": {"id": "75066", "feature_type": "reservoir", "comid": 45049989, "basin": 45, "direct_child": "70836", "n_downstream": 1, "downstream": ["70836"]}}, {"type": "Feature", "geometry": {"type": "Point", "coordinates": [85.152083, 24.262688]}, "properties": {"id": "75107", "feature_type": "reservoir", "comid": 45057743, "basin": 45, "direct_child": null, "n_downstream": 0, "downstream": []}}, {"type": "Feature", "geometry": {"type": "Point", "coordinates": [83.02646, 22.96009]}, "properties": {"id": "75412", "feature_type": "reservoir", "comid": 45069965, "basin": 45, "direct_child": "90276", "n_downstream": 2, "downstream": ["90276", "86256"]}}, {"type": "Feature", "geometry": {"type": "Point", "coordinates": [78.18125, 29.95757]}, "properties": {"id": "75415", "feature_type": "reservoir", "comid": 45018645, "basin": 45, "direct_child": null, "n_downstream": 0, "downstream": []}}, {"type": "Feature", "geometry": {"type": "Point", "coordinates": [79.067708, 24.751636]}, "properties": {"id": "75485", "feature_type": "reservoir", "comid": 45059300, "basin": 45, "direct_child": "56653", "n_downstream": 2, "downstream": ["56653", "64419"]}}, {"type": "Feature", "geometry": {"type": "Point", "coordinates": [73.780231, 24.926612]}, "properties": {"id": "75523", "feature_type": "reservoir", "comid": 45052640, "basin": 45, "direct_child": "55916", "n_downstream": 2, "downstream": ["55916", "88587"]}}, {"type": "Feature", "geometry": {"type": "Point", "coordinates": [76.101982, 23.722993]}, "properties": {"id": "75524", "feature_type": "reservoir", "comid": 45061683, "basin": 45, "direct_child": null, "n_downstream": 0, "downstream": []}}, {"type": "Feature", "geometry": {"type": "Point", "coordinates": [77.408466, 23.199555]}, "properties": {"id": "75566", "feature_type": "reservoir", "comid": 45064536, "basin": 45, "direct_child": "88059", "n_downstream": 4, "downstream": ["88059", "88816", "85934", "85250"]}}, {"type": "Feature", "geometry": {"type": "Point", "coordinates": [86.560357, 24.85187]}, "properties": {"id": "75588", "feature_type": "reservoir", "comid": 45052985, "basin": 45, "direct_child": null, "n_downstream": 0, "downstream": []}}, {"type": "Feature", "geometry": {"type": "Point", "coordinates": [76.828883, 25.047784]}, "properties": {"id": "75599", "feature_type": "reservoir", "comid": 45054650, "basin": 45, "direct_child": "66836", "n_downstream": 1, "downstream": ["66836"]}}, {"type": "Feature", "geometry": {"type": "Point", "coordinates": [81.158852, 31.359465]}, "properties": {"id": "75631", "feature_type": "reservoir", "comid": 45012368, "basin": 45, "direct_child": "79252", "n_downstream": 2, "downstream": ["79252", "85288"]}}, {"type": "Feature", "geometry": {"type": "Point", "coordinates": [75.208534, 25.246396]}, "properties": {"id": "75737", "feature_type": "reservoir", "comid": 45054989, "basin": 45, "direct_child": "88587", "n_downstream": 1, "downstream": ["88587"]}}, {"type": "Feature", "geometry": {"type": "Point", "coordinates": [81.659318, 23.16822]}, "properties": {"id": "75982", "feature_type": "reservoir", "comid": 45065242, "basin": 45, "direct_child": "90228", "n_downstream": 1, "downstream": ["90228"]}}, {"type": "Feature", "geometry": {"type": "Point", "coordinates": [78.791939, 24.35762]}, "properties": {"id": "76023", "feature_type": "reservoir", "comid": 45057987, "basin": 45, "direct_child": null, "n_downstream": 0, "downstream": []}}, {"type": "Feature", "geometry": {"type": "Point", "coordinates": [76.58441, 27.490297]}, "properties": {"id": "76035", "feature_type": "reservoir", "comid": 45039324, "basin": 45, "direct_child": null, "n_downstream": 0, "downstream": []}}, {"type": "Feature", "geometry": {"type": "Point", "coordinates": [77.189583, 26.317774]}, "properties": {"id": "76207", "feature_type": "reservoir", "comid": 45046918, "basin": 45, "direct_child": null, "n_downstream": 0, "downstream": []}}, {"type": "Feature", "geometry": {"type": "Point", "coordinates": [81.27059, 24.376912]}, "properties": {"id": "76218", "feature_type": "reservoir", "comid": 45058064, "basin": 45, "direct_child": null, "n_downstream": 0, "downstream": []}}, {"type": "Feature", "geometry": {"type": "Point", "coordinates": [80.245888, 23.941448]}, "properties": {"id": "76230", "feature_type": "reservoir", "comid": 45062438, "basin": 45, "direct_child": null, "n_downstream": 0, "downstream": []}}, {"type": "Feature", "geometry": {"type": "Point", "coordinates": [76.331095, 26.448372]}, "properties": {"id": "76253", "feature_type": "reservoir", "comid": 45044590, "basin": 45, "direct_child": null, "n_downstream": 0, "downstream": []}}, {"type": "Feature", "geometry": {"type": "Point", "coordinates": [83.265227, 23.11871]}, "properties": {"id": "76305", "feature_type": "reservoir", "comid": 45065175, "basin": 45, "direct_child": "39312", "n_downstream": 5, "downstream": ["39312", "50334", "28395", "90276", "86256"]}}, {"type": "Feature", "geometry": {"type": "Point", "coordinates": [84.285417, 23.91875]}, "properties": {"id": "76314", "feature_type": "reservoir", "comid": 45062290, "basin": 45, "direct_child": null, "n_downstream": 0, "downstream": []}}, {"type": "Feature", "geometry": {"type": "Point", "coordinates": [78.697917, 25.185417]}, "properties": {"id": "76440", "feature_type": "reservoir", "comid": 45055126, "basin": 45, "direct_child": "85250", "n_downstream": 1, "downstream": ["85250"]}}, {"type": "Feature", "geometry": {"type": "Point", "coordinates": [81.896251, 24.04375]}, "properties": {"id": "76472", "feature_type": "reservoir", "comid": 45062640, "basin": 45, "direct_child": null, "n_downstream": 0, "downstream": []}}, {"type": "Feature", "geometry": {"type": "Point", "coordinates": [80.819118, 23.48885]}, "properties": {"id": "76569", "feature_type": "reservoir", "comid": 45066259, "basin": 45, "direct_child": "90228", "n_downstream": 1, "downstream": ["90228"]}}, {"type": "Feature", "geometry": {"type": "Point", "coordinates": [86.439583, 24.847389]}, "properties": {"id": "76642", "feature_type": "reservoir", "comid": 45053974, "basin": 45, "direct_child": null, "n_downstream": 0, "downstream": []}}, {"type": "Feature", "geometry": {"type": "Point", "coordinates": [77.683719, 24.527187]}, "properties": {"id": "76658", "feature_type": "reservoir", "comid": 45058642, "basin": 45, "direct_child": "88816", "n_downstream": 3, "downstream": ["88816", "85934", "85250"]}}, {"type": "Feature", "geometry": {"type": "Point", "coordinates": [79.139142, 25.035476]}, "properties": {"id": "76782", "feature_type": "reservoir", "comid": 45054573, "basin": 45, "direct_child": null, "n_downstream": 0, "downstream": []}}, {"type": "Feature", "geometry": {"type": "Point", "coordinates": [77.700293, 22.950295]}, "properties": {"id": "76790", "feature_type": "reservoir", "comid": 45069963, "basin": 45, "direct_child": "88059", "n_downstream": 4, "downstream": ["88059", "88816", "85934", "85250"]}}, {"type": "Feature", "geometry": {"type": "Point", "coordinates": [77.112194, 23.241774]}, "properties": {"id": "76911", "feature_type": "reservoir", "comid": 45065534, "basin": 45, "direct_child": null, "n_downstream": 0, "downstream": []}}, {"type": "Feature", "geometry": {"type": "Point", "coordinates": [80.428125, 23.722076]}, "properties": {"id": "76915", "feature_type": "reservoir", "comid": 45061598, "basin": 45, "direct_child": "63066", "n_downstream": 2, "downstream": ["63066", "90228"]}}, {"type": "Feature", "geometry": {"type": "Point", "coordinates": [76.096284, 24.821334]}, "properties": {"id": "76940", "feature_type": "reservoir", "comid": 45052206, "basin": 45, "direct_child": null, "n_downstream": 0, "downstream": []}}, {"type": "Feature", "geometry": {"type": "Point", "coordinates": [79.639024, 24.840038]}, "properties": {"id": "76988", "feature_type": "reservoir", "comid": 45056836, "basin": 45, "direct_child": "84513", "n_downstream": 1, "downstream": ["84513"]}}, {"type": "Feature", "geometry": {"type": "Point", "coordinates": [75.635532, 35.243529]}, "properties": {"id": "76991", "feature_type": "reservoir", "comid": 45002188, "basin": 45, "direct_child": null, "n_downstream": 0, "downstream": []}}, {"type": "Feature", "geometry": {"type": "Point", "coordinates": [75.827435, 23.248005]}, "properties": {"id": "77000", "feature_type": "reservoir", "comid": 45065549, "basin": 45, "direct_child": "90381", "n_downstream": 2, "downstream": ["90381", "89585"]}}, {"type": "Feature", "geometry": {"type": "Point", "coordinates": [76.420118, 27.219625]}, "properties": {"id": "77037", "feature_type": "reservoir", "comid": 45037528, "basin": 45, "direct_child": "66079", "n_downstream": 1, "downstream": ["66079"]}}, {"type": "Feature", "geometry": {"type": "Point", "coordinates": [81.168453, 24.86933]}, "properties": {"id": "77052", "feature_type": "reservoir", "comid": 45056809, "basin": 45, "direct_child": null, "n_downstream": 0, "downstream": []}}, {"type": "Feature", "geometry": {"type": "Point", "coordinates": [77.500518, 23.271298]}, "properties": {"id": "77108", "feature_type": "reservoir", "comid": 45065634, "basin": 45, "direct_child": "88059", "n_downstream": 4, "downstream": ["88059", "88816", "85934", "85250"]}}, {"type": "Feature", "geometry": {"type": "Point", "coordinates": [78.459553, 25.38132]}, "properties": {"id": "77113", "feature_type": "reservoir", "comid": 45048991, "basin": 45, "direct_child": null, "n_downstream": 0, "downstream": []}}, {"type": "Feature", "geometry": {"type": "Point", "coordinates": [82.452496, 24.155003]}, "properties": {"id": "77410", "feature_type": "reservoir", "comid": 45061492, "basin": 45, "direct_child": "90276", "n_downstream": 2, "downstream": ["90276", "86256"]}}, {"type": "Feature", "geometry": {"type": "Point", "coordinates": [76.581467, 24.367602]}, "properties": {"id": "77515", "feature_type": "reservoir", "comid": 45057921, "basin": 45, "direct_child": "53419", "n_downstream": 1, "downstream": ["53419"]}}, {"type": "Feature", "geometry": {"type": "Point", "coordinates": [77.187039, 23.396443]}, "properties": {"id": "77641", "feature_type": "reservoir", "comid": 45066053, "basin": 45, "direct_child": null, "n_downstream": 0, "downstream": []}}, {"type": "Feature", "geometry": {"type": "Point", "coordinates": [79.971875, 25.408627]}, "properties": {"id": "77738", "feature_type": "reservoir", "comid": 45053858, "basin": 45, "direct_child": null, "n_downstream": 0, "downstream": []}}, {"type": "Feature", "geometry": {"type": "Point", "coordinates": [79.737277, 23.695276]}, "properties": {"id": "77808", "feature_type": "reservoir", "comid": 45061459, "basin": 45, "direct_child": null, "n_downstream": 0, "downstream": []}}, {"type": "Feature", "geometry": {"type": "Point", "coordinates": [75.694006, 22.82583]}, "properties": {"id": "77811", "feature_type": "reservoir", "comid": 45068029, "basin": 45, "direct_child": "79933", "n_downstream": 3, "downstream": ["79933", "90381", "89585"]}}, {"type": "Feature", "geometry": {"type": "Point", "coordinates": [78.324767, 25.462688]}, "properties": {"id": "77829", "feature_type": "reservoir", "comid": 45050119, "basin": 45, "direct_child": null, "n_downstream": 0, "downstream": []}}, {"type": "Feature", "geometry": {"type": "Point", "coordinates": [74.280286, 25.703443]}, "properties": {"id": "77848", "feature_type": "reservoir", "comid": 45049326, "basin": 45, "direct_child": "88587", "n_downstream": 1, "downstream": ["88587"]}}, {"type": "Feature", "geometry": {"type": "Point", "coordinates": [77.176808, 24.773413]}, "properties": {"id": "77896", "feature_type": "reservoir", "comid": 45057549, "basin": 45, "direct_child": "80501", "n_downstream": 1, "downstream": ["80501"]}}, {"type": "Feature", "geometry": {"type": "Point", "coordinates": [79.04375, 25.01089]}, "properties": {"id": "77949", "feature_type": "reservoir", "comid": 45054482, "basin": 45, "direct_child": "64419", "n_downstream": 1, "downstream": ["64419"]}}, {"type": "Feature", "geometry": {"type": "Point", "coordinates": [77.097711, 26.718775]}, "properties": {"id": "77950", "feature_type": "reservoir", "comid": 45041356, "basin": 45, "direct_child": null, "n_downstream": 0, "downstream": []}}, {"type": "Feature", "geometry": {"type": "Point", "coordinates": [77.371245, 23.165298]}, "properties": {"id": "77990", "feature_type": "reservoir", "comid": 45065266, "basin": 45, "direct_child": "88059", "n_downstream": 4, "downstream": ["88059", "88816", "85934", "85250"]}}, {"type": "Feature", "geometry": {"type": "Point", "coordinates": [77.888542, 25.034147]}, "properties": {"id": "78058", "feature_type": "reservoir", "comid": 45054478, "basin": 45, "direct_child": "84516", "n_downstream": 1, "downstream": ["84516"]}}, {"type": "Feature", "geometry": {"type": "Point", "coordinates": [74.912894, 24.353206]}, "properties": {"id": "78089", "feature_type": "reservoir", "comid": 45057490, "basin": 45, "direct_child": "90381", "n_downstream": 2, "downstream": ["90381", "89585"]}}, {"type": "Feature", "geometry": {"type": "Point", "coordinates": [84.094141, 28.16875]}, "properties": {"id": "78376", "feature_type": "reservoir", "comid": 45034991, "basin": 45, "direct_child": null, "n_downstream": 0, "downstream": []}}, {"type": "Feature", "geometry": {"type": "Point", "coordinates": [72.677083, 33.617474]}, "properties": {"id": "78454", "feature_type": "reservoir", "comid": 45005052, "basin": 45, "direct_child": null, "n_downstream": 0, "downstream": []}}, {"type": "Feature", "geometry": {"type": "Point", "coordinates": [77.005208, 26.559876]}, "properties": {"id": "78518", "feature_type": "reservoir", "comid": 45044274, "basin": 45, "direct_child": null, "n_downstream": 0, "downstream": []}}, {"type": "Feature", "geometry": {"type": "Point", "coordinates": [77.513041, 23.671831]}, "properties": {"id": "78540", "feature_type": "reservoir", "comid": 45060609, "basin": 45, "direct_child": "88059", "n_downstream": 4, "downstream": ["88059", "88816", "85934", "85250"]}}, {"type": "Feature", "geometry": {"type": "Point", "coordinates": [74.995954, 25.316893]}, "properties": {"id": "78725", "feature_type": "reservoir", "comid": 45052184, "basin": 45, "direct_child": "88587", "n_downstream": 1, "downstream": ["88587"]}}, {"type": "Feature", "geometry": {"type": "Point", "coordinates": [77.240625, 24.373939]}, "properties": {"id": "78877", "feature_type": "reservoir", "comid": 45057552, "basin": 45, "direct_child": null, "n_downstream": 0, "downstream": []}}, {"type": "Feature", "geometry": {"type": "Point", "coordinates": [76.790436, 25.517189]}, "properties": {"id": "78950", "feature_type": "reservoir", "comid": 45050317, "basin": 45, "direct_child": null, "n_downstream": 0, "downstream": []}}, {"type": "Feature", "geometry": {"type": "Point", "coordinates": [75.171202, 24.654754]}, "properties": {"id": "79082", "feature_type": "reservoir", "comid": 45059005, "basin": 45, "direct_child": "89585", "n_downstream": 1, "downstream": ["89585"]}}, {"type": "Feature", "geometry": {"type": "Point", "coordinates": [79.577671, 25.260324]}, "properties": {"id": "79167", "feature_type": "reservoir", "comid": 45055208, "basin": 45, "direct_child": "86989", "n_downstream": 1, "downstream": ["86989"]}}, {"type": "Feature", "geometry": {"type": "Point", "coordinates": [75.895376, 31.956137]}, "properties": {"id": "79202", "feature_type": "reservoir", "comid": 45009668, "basin": 45, "direct_child": "79699", "n_downstream": 1, "downstream": ["79699"]}}, {"type": "Feature", "geometry": {"type": "Point", "coordinates": [81.280794, 32.142766]}, "properties": {"id": "79252", "feature_type": "reservoir", "comid": 45009704, "basin": 45, "direct_child": "85288", "n_downstream": 1, "downstream": ["85288"]}}, {"type": "Feature", "geometry": {"type": "Point", "coordinates": [86.813633, 24.831005]}, "properties": {"id": "79309", "feature_type": "reservoir", "comid": 45052938, "basin": 45, "direct_child": null, "n_downstream": 0, "downstream": []}}, {"type": "Feature", "geometry": {"type": "Point", "coordinates": [77.838249, 24.340706]}, "properties": {"id": "79510", "feature_type": "reservoir", "comid": 45057665, "basin": 45, "direct_child": "88059", "n_downstream": 4, "downstream": ["88059", "88816", "85934", "85250"]}}, {"type": "Feature", "geometry": {"type": "Point", "coordinates": [76.367421, 31.382387]}, "properties": {"id": "79666", "feature_type": "reservoir", "comid": 45011411, "basin": 45, "direct_child": "89238", "n_downstream": 2, "downstream": ["89238", "79699"]}}, {"type": "Feature", "geometry": {"type": "Point", "coordinates": [72.549847, 29.826518]}, "properties": {"id": "79699", "feature_type": "reservoir", "comid": 45018463, "basin": 45, "direct_child": null, "n_downstream": 0, "downstream": []}}, {"type": "Feature", "geometry": {"type": "Point", "coordinates": [79.03125, 24.259263]}, "properties": {"id": "79777", "feature_type": "reservoir", "comid": 45056713, "basin": 45, "direct_child": null, "n_downstream": 0, "downstream": []}}, {"type": "Feature", "geometry": {"type": "Point", "coordinates": [74.823958, 25.0303]}, "properties": {"id": "79832", "feature_type": "reservoir", "comid": 45052784, "basin": 45, "direct_child": "88587", "n_downstream": 1, "downstream": ["88587"]}}, {"type": "Feature", "geometry": {"type": "Point", "coordinates": [78.819507, 25.051614]}, "properties": {"id": "79878", "feature_type": "reservoir", "comid": 45054626, "basin": 45, "direct_child": "81304", "n_downstream": 2, "downstream": ["81304", "85250"]}}, {"type": "Feature", "geometry": {"type": "Point", "coordinates": [87.390625, 24.942838]}, "properties": {"id": "79896", "feature_type": "reservoir", "comid": 45053864, "basin": 45, "direct_child": null, "n_downstream": 0, "downstream": []}}, {"type": "Feature", "geometry": {"type": "Point", "coordinates": [75.635967, 23.208706]}, "properties": {"id": "79933", "feature_type": "reservoir", "comid": 45063983, "basin": 45, "direct_child": "90381", "n_downstream": 2, "downstream": ["90381", "89585"]}}, {"type": "Feature", "geometry": {"type": "Point", "coordinates": [83.03825, 24.997917]}, "properties": {"id": "79991", "feature_type": "reservoir", "comid": 45053562, "basin": 45, "direct_child": null, "n_downstream": 0, "downstream": []}}, {"type": "Feature", "geometry": {"type": "Point", "coordinates": [83.21843, 24.781066]}, "properties": {"id": "79995", "feature_type": "reservoir", "comid": 45059173, "basin": 45, "direct_child": "84315", "n_downstream": 2, "downstream": ["84315", "72953"]}}, {"type": "Feature", "geometry": {"type": "Point", "coordinates": [77.759578, 24.027902]}, "properties": {"id": "80035", "feature_type": "reservoir", "comid": 45062619, "basin": 45, "direct_child": "88059", "n_downstream": 4, "downstream": ["88059", "88816", "85934", "85250"]}}, {"type": "Feature", "geometry": {"type": "Point", "coordinates": [79.871108, 24.796618]}, "properties": {"id": "80039", "feature_type": "reservoir", "comid": 45059429, "basin": 45, "direct_child": null, "n_downstream": 0, "downstream": []}}, {"type": "Feature", "geometry": {"type": "Point", "coordinates": [76.596875, 22.834045]}, "properties": {"id": "80040", "feature_type": "reservoir", "comid": 45068696, "basin": 45, "direct_child": null, "n_downstream": 0, "downstream": []}}, {"type": "Feature", "geometry": {"type": "Point", "coordinates": [69.357041, 30.946757]}, "properties": {"id": "80071", "feature_type": "reservoir", "comid": 45013970, "basin": 45, "direct_child": null, "n_downstream": 0, "downstream": []}}, {"type": "Feature", "geometry": {"type": "Point", "coordinates": [86.829565, 24.962611]}, "properties": {"id": "80091", "feature_type": "reservoir", "comid": 45054153, "basin": 45, "direct_child": null, "n_downstream": 0, "downstream": []}}, {"type": "Feature", "geometry": {"type": "Point", "coordinates": [78.531175, 25.50148]}, "properties": {"id": "80101", "feature_type": "reservoir", "comid": 45050243, "basin": 45, "direct_child": null, "n_downstream": 0, "downstream": []}}, {"type": "Feature", "geometry": {"type": "Point", "coordinates": [81.032292, 25.134152]}, "properties": {"id": "80126", "feature_type": "reservoir", "comid": 45054733, "basin": 45, "direct_child": null, "n_downstream": 0, "downstream": []}}, {"type": "Feature", "geometry": {"type": "Point", "coordinates": [74.731306, 24.701374]}, "properties": {"id": "80132", "feature_type": "reservoir", "comid": 45057021, "basin": 45, "direct_child": "88587", "n_downstream": 1, "downstream": ["88587"]}}, {"type": "Feature", "geometry": {"type": "Point", "coordinates": [81.150554, 24.702487]}, "properties": {"id": "80268", "feature_type": "reservoir", "comid": 45056120, "basin": 45, "direct_child": null, "n_downstream": 0, "downstream": []}}, {"type": "Feature", "geometry": {"type": "Point", "coordinates": [77.488468, 23.027013]}, "properties": {"id": "80276", "feature_type": "reservoir", "comid": 45070181, "basin": 45, "direct_child": "88059", "n_downstream": 4, "downstream": ["88059", "88816", "85934", "85250"]}}, {"type": "Feature", "geometry": {"type": "Point", "coordinates": [79.548169, 25.192111]}, "properties": {"id": "80386", "feature_type": "reservoir", "comid": 45053878, "basin": 45, "direct_child": "86989", "n_downstream": 1, "downstream": ["86989"]}}, {"type": "Feature", "geometry": {"type": "Point", "coordinates": [81.732292, 27.392921]}, "properties": {"id": "80413", "feature_type": "reservoir", "comid": 45038814, "basin": 45, "direct_child": null, "n_downstream": 0, "downstream": []}}, {"type": "Feature", "geometry": {"type": "Point", "coordinates": [81.086458, 28.273971]}, "properties": {"id": "80488", "feature_type": "reservoir", "comid": 45031392, "basin": 45, "direct_child": null, "n_downstream": 0, "downstream": []}}, {"type": "Feature", "geometry": {"type": "Point", "coordinates": [77.273196, 24.724062]}, "properties": {"id": "80501", "feature_type": "reservoir", "comid": 45057549, "basin": 45, "direct_child": null, "n_downstream": 0, "downstream": []}}, {"type": "Feature", "geometry": {"type": "Point", "coordinates": [77.760417, 25.965678]}, "properties": {"id": "80513", "feature_type": "reservoir", "comid": 45048523, "basin": 45, "direct_child": "85897", "n_downstream": 1, "downstream": ["85897"]}}, {"type": "Feature", "geometry": {"type": "Point", "coordinates": [78.844959, 24.64375]}, "properties": {"id": "80604", "feature_type": "reservoir", "comid": 45058950, "basin": 45, "direct_child": "85250", "n_downstream": 1, "downstream": ["85250"]}}, {"type": "Feature", "geometry": {"type": "Point", "coordinates": [71.397826, 33.573094]}, "properties": {"id": "80621", "feature_type": "reservoir", "comid": 45007933, "basin": 45, "direct_child": null, "n_downstream": 0, "downstream": []}}, {"type": "Feature", "geometry": {"type": "Point", "coordinates": [73.122917, 33.695011]}, "properties": {"id": "80626", "feature_type": "reservoir", "comid": 45005233, "basin": 45, "direct_child": "50002", "n_downstream": 1, "downstream": ["50002"]}}, {"type": "Feature", "geometry": {"type": "Point", "coordinates": [86.072185, 24.806052]}, "properties": {"id": "80674", "feature_type": "reservoir", "comid": 45059473, "basin": 45, "direct_child": null, "n_downstream": 0, "downstream": []}}, {"type": "Feature", "geometry": {"type": "Point", "coordinates": [83.01026, 24.901539]}, "properties": {"id": "80959", "feature_type": "reservoir", "comid": 45053980, "basin": 45, "direct_child": "79991", "n_downstream": 1, "downstream": ["79991"]}}, {"type": "Feature", "geometry": {"type": "Point", "coordinates": [76.472146, 24.341812]}, "properties": {"id": "80965", "feature_type": "reservoir", "comid": 45056320, "basin": 45, "direct_child": "53419", "n_downstream": 1, "downstream": ["53419"]}}, {"type": "Feature", "geometry": {"type": "Point", "coordinates": [75.694317, 23.654332]}, "properties": {"id": "81015", "feature_type": "reservoir", "comid": 45060565, "basin": 45, "direct_child": "90381", "n_downstream": 2, "downstream": ["90381", "89585"]}}, {"type": "Feature", "geometry": {"type": "Point", "coordinates": [75.759375, 26.411396]}, "properties": {"id": "81043", "feature_type": "reservoir", "comid": 45043968, "basin": 45, "direct_child": null, "n_downstream": 0, "downstream": []}}, {"type": "Feature", "geometry": {"type": "Point", "coordinates": [75.459193, 25.498438]}, "properties": {"id": "81103", "feature_type": "reservoir", "comid": 45048795, "basin": 45, "direct_child": null, "n_downstream": 0, "downstream": []}}, {"type": "Feature", "geometry": {"type": "Point", "coordinates": [82.048016, 24.722797]}, "properties": {"id": "81166", "feature_type": "reservoir", "comid": 45057553, "basin": 45, "direct_child": null, "n_downstream": 0, "downstream": []}}, {"type": "Feature", "geometry": {"type": "Point", "coordinates": [78.757907, 25.077235]}, "properties": {"id": "81304", "feature_type": "reservoir", "comid": 45053609, "basin": 45, "direct_child": "85250", "n_downstream": 1, "downstream": ["85250"]}}, {"type": "Feature", "geometry": {"type": "Point", "coordinates": [77.588605, 26.604629]}, "properties": {"id": "81356", "feature_type": "reservoir", "comid": 45040711, "basin": 45, "direct_child": null, "n_downstream": 0, "downstream": []}}, {"type": "Feature", "geometry": {"type": "Point", "coordinates": [76.259375, 23.2426]}, "properties": {"id": "81497", "feature_type": "reservoir", "comid": 45065462, "basin": 45, "direct_child": null, "n_downstream": 0, "downstream": []}}, {"type": "Feature", "geometry": {"type": "Point", "coordinates": [78.620246, 29.412507]}, "properties": {"id": "81572", "feature_type": "reservoir", "comid": 45023542, "basin": 45, "direct_child": null, "n_downstream": 0, "downstream": []}}, {"type": "Feature", "geometry": {"type": "Point", "coordinates": [85.492829, 24.596066]}, "properties": {"id": "81661", "feature_type": "reservoir", "comid": 45057444, "basin": 45, "direct_child": null, "n_downstream": 0, "downstream": []}}, {"type": "Feature", "geometry": {"type": "Point", "coordinates": [72.931986, 33.802642]}, "properties": {"id": "81693", "feature_type": "reservoir", "comid": 45005147, "basin": 45, "direct_child": null, "n_downstream": 0, "downstream": []}}, {"type": "Feature", "geometry": {"type": "Point", "coordinates": [79.088465, 25.213142]}, "properties": {"id": "81702", "feature_type": "reservoir", "comid": 45053368, "basin": 45, "direct_child": "25622", "n_downstream": 2, "downstream": ["25622", "33972"]}}, {"type": "Feature", "geometry": {"type": "Point", "coordinates": [76.110095, 23.597633]}, "properties": {"id": "81834", "feature_type": "reservoir", "comid": 45066609, "basin": 45, "direct_child": null, "n_downstream": 0, "downstream": []}}, {"type": "Feature", "geometry": {"type": "Point", "coordinates": [89.834161, 28.847027]}, "properties": {"id": "81864", "feature_type": "reservoir", "comid": 45027587, "basin": 45, "direct_child": null, "n_downstream": 0, "downstream": []}}, {"type": "Feature", "geometry": {"type": "Point", "coordinates": [86.913542, 24.675737]}, "properties": {"id": "81872", "feature_type": "reservoir", "comid": 45057016, "basin": 45, "direct_child": null, "n_downstream": 0, "downstream": []}}, {"type": "Feature", "geometry": {"type": "Point", "coordinates": [76.290112, 23.395926]}, "properties": {"id": "82093", "feature_type": "reservoir", "comid": 45065790, "basin": 45, "direct_child": null, "n_downstream": 0, "downstream": []}}, {"type": "Feature", "geometry": {"type": "Point", "coordinates": [77.693734, 25.898632]}, "properties": {"id": "82167", "feature_type": "reservoir", "comid": 45049317, "basin": 45, "direct_child": "85897", "n_downstream": 1, "downstream": ["85897"]}}, {"type": "Feature", "geometry": {"type": "Point", "coordinates": [71.355795, 34.163438]}, "properties": {"id": "82393", "feature_type": "reservoir", "comid": 45003064, "basin": 45, "direct_child": null, "n_downstream": 0, "downstream": []}}, {"type": "Feature", "geometry": {"type": "Point", "coordinates": [82.597917, 27.578604]}, "properties": {"id": "82420", "feature_type": "reservoir", "comid": 45037209, "basin": 45, "direct_child": null, "n_downstream": 0, "downstream": []}}, {"type": "Feature", "geometry": {"type": "Point", "coordinates": [77.371773, 26.896903]}, "properties": {"id": "82426", "feature_type": "reservoir", "comid": 45041226, "basin": 45, "direct_child": null, "n_downstream": 0, "downstream": []}}, {"type": "Feature", "geometry": {"type": "Point", "coordinates": [78.785417, 29.363657]}, "properties": {"id": "82676", "feature_type": "reservoir", "comid": 45026417, "basin": 45, "direct_child": null, "n_downstream": 0, "downstream": []}}, {"type": "Feature", "geometry": {"type": "Point", "coordinates": [78.126234, 26.489224]}, "properties": {"id": "82816", "feature_type": "reservoir", "comid": 45044479, "basin": 45, "direct_child": null, "n_downstream": 0, "downstream": []}}, {"type": "Feature", "geometry": {"type": "Point", "coordinates": [73.857499, 31.223039]}, "properties": {"id": "82838", "feature_type": "reservoir", "comid": 45013368, "basin": 45, "direct_child": null, "n_downstream": 0, "downstream": []}}, {"type": "Feature", "geometry": {"type": "Point", "coordinates": [73.893912, 25.060766]}, "properties": {"id": "82876", "feature_type": "reservoir", "comid": 45053222, "basin": 45, "direct_child": "55916", "n_downstream": 2, "downstream": ["55916", "88587"]}}, {"type": "Feature", "geometry": {"type": "Point", "coordinates": [76.918983, 23.66368]}, "properties": {"id": "82892", "feature_type": "reservoir", "comid": 45060551, "basin": 45, "direct_child": "53419", "n_downstream": 1, "downstream": ["53419"]}}, {"type": "Feature", "geometry": {"type": "Point", "coordinates": [75.327018, 33.160442]}, "properties": {"id": "82918", "feature_type": "reservoir", "comid": 45006451, "basin": 45, "direct_child": "83646", "n_downstream": 3, "downstream": ["83646", "86501", "87726"]}}, {"type": "Feature", "geometry": {"type": "Point", "coordinates": [71.802595, 32.666423]}, "properties": {"id": "82947", "feature_type": "reservoir", "comid": 45008519, "basin": 45, "direct_child": null, "n_downstream": 0, "downstream": []}}, {"type": "Feature", "geometry": {"type": "Point", "coordinates": [79.147568, 25.518804]}, "properties": {"id": "83075", "feature_type": "reservoir", "comid": 45049921, "basin": 45, "direct_child": null, "n_downstream": 0, "downstream": []}}, {"type": "Feature", "geometry": {"type": "Point", "coordinates": [77.232916, 24.547689]}, "properties": {"id": "83121", "feature_type": "reservoir", "comid": 45057323, "basin": 45, "direct_child": null, "n_downstream": 0, "downstream": []}}, {"type": "Feature", "geometry": {"type": "Point", "coordinates": [83.22035, 23.025856]}, "properties": {"id": "83428", "feature_type": "reservoir", "comid": 45068045, "basin": 45, "direct_child": "90276", "n_downstream": 2, "downstream": ["90276", "86256"]}}, {"type": "Feature", "geometry": {"type": "Point", "coordinates": [76.333723, 24.561104]}, "properties": {"id": "83451", "feature_type": "reservoir", "comid": 45057185, "basin": 45, "direct_child": null, "n_downstream": 0, "downstream": []}}, {"type": "Feature", "geometry": {"type": "Point", "coordinates": [79.58125, 28.940353]}, "properties": {"id": "83473", "feature_type": "reservoir", "comid": 45028039, "basin": 45, "direct_child": null, "n_downstream": 0, "downstream": []}}, {"type": "Feature", "geometry": {"type": "Point", "coordinates": [83.170637, 24.929348]}, "properties": {"id": "83548", "feature_type": "reservoir", "comid": 45052325, "basin": 45, "direct_child": null, "n_downstream": 0, "downstream": []}}, {"type": "Feature", "geometry": {"type": "Point", "coordinates": [79.896875, 25.438806]}, "properties": {"id": "83582", "feature_type": "reservoir", "comid": 45048943, "basin": 45, "direct_child": null, "n_downstream": 0, "downstream": []}}, {"type": "Feature", "geometry": {"type": "Point", "coordinates": [80.79375, 25.180972]}, "properties": {"id": "83602", "feature_type": "reservoir", "comid": 45053907, "basin": 45, "direct_child": null, "n_downstream": 0, "downstream": []}}, {"type": "Feature", "geometry": {"type": "Point", "coordinates": [70.505008, 33.01528]}, "properties": {"id": "83608", "feature_type": "reservoir", "comid": 45008106, "basin": 45, "direct_child": null, "n_downstream": 0, "downstream": []}}, {"type": "Feature", "geometry": {"type": "Point", "coordinates": [74.810289, 33.144241]}, "properties": {"id": "83646", "feature_type": "reservoir", "comid": 45006426, "basin": 45, "direct_child": "86501", "n_downstream": 2, "downstream": ["86501", "87726"]}}, {"type": "Feature", "geometry": {"type": "Point", "coordinates": [86.639583, 24.884162]}, "properties": {"id": "83687", "feature_type": "reservoir", "comid": 45052840, "basin": 45, "direct_child": null, "n_downstream": 0, "downstream": []}}, {"type": "Feature", "geometry": {"type": "Point", "coordinates": [82.313894, 24.784088]}, "properties": {"id": "83689", "feature_type": "reservoir", "comid": 45056915, "basin": 45, "direct_child": null, "n_downstream": 0, "downstream": []}}, {"type": "Feature", "geometry": {"type": "Point", "coordinates": [70.362995, 34.484384]}, "properties": {"id": "83828", "feature_type": "reservoir", "comid": 45003143, "basin": 45, "direct_child": "82393", "n_downstream": 1, "downstream": ["82393"]}}, {"type": "Feature", "geometry": {"type": "Point", "coordinates": [75.986229, 32.597035]}, "properties": {"id": "83834", "feature_type": "reservoir", "comid": 45008126, "basin": 45, "direct_child": "88178", "n_downstream": 2, "downstream": ["88178", "82838"]}}, {"type": "Feature", "geometry": {"type": "Point", "coordinates": [78.754629, 23.722503]}, "properties": {"id": "83880", "feature_type": "reservoir", "comid": 45060459, "basin": 45, "direct_child": null, "n_downstream": 0, "downstream": []}}, {"type": "Feature", "geometry": {"type": "Point", "coordinates": [88.591837, 26.75737]}, "properties": {"id": "83973", "feature_type": "reservoir", "comid": 45040130, "basin": 45, "direct_child": null, "n_downstream": 0, "downstream": []}}, {"type": "Feature", "geometry": {"type": "Point", "coordinates": [83.378693, 24.674064]}, "properties": {"id": "84163", "feature_type": "reservoir", "comid": 45057065, "basin": 45, "direct_child": "50729", "n_downstream": 3, "downstream": ["50729", "84315", "72953"]}}, {"type": "Feature", "geometry": {"type": "Point", "coordinates": [83.297917, 24.975486]}, "properties": {"id": "84315", "feature_type": "reservoir", "comid": 45052678, "basin": 45, "direct_child": "72953", "n_downstream": 1, "downstream": ["72953"]}}, {"type": "Feature", "geometry": {"type": "Point", "coordinates": [79.620645, 28.8873]}, "properties": {"id": "84334", "feature_type": "reservoir", "comid": 45031260, "basin": 45, "direct_child": null, "n_downstream": 0, "downstream": []}}, {"type": "Feature", "geometry": {"type": "Point", "coordinates": [79.859303, 24.685417]}, "properties": {"id": "84513", "feature_type": "reservoir", "comid": 45056524, "basin": 45, "direct_child": null, "n_downstream": 0, "downstream": []}}, {"type": "Feature", "geometry": {"type": "Point", "coordinates": [77.884787, 25.672398]}, "properties": {"id": "84516", "feature_type": "reservoir", "comid": 45048223, "basin": 45, "direct_child": null, "n_downstream": 0, "downstream": []}}, {"type": "Feature", "geometry": {"type": "Point", "coordinates": [78.414548, 24.672874]}, "properties": {"id": "84696", "feature_type": "reservoir", "comid": 45057273, "basin": 45, "direct_child": "85992", "n_downstream": 2, "downstream": ["85992", "85250"]}}, {"type": "Feature", "geometry": {"type": "Point", "coordinates": [76.769075, 26.271338]}, "properties": {"id": "84718", "feature_type": "reservoir", "comid": 45045652, "basin": 45, "direct_child": null, "n_downstream": 0, "downstream": []}}, {"type": "Feature", "geometry": {"type": "Point", "coordinates": [78.6895, 24.364008]}, "properties": {"id": "84985", "feature_type": "reservoir", "comid": 45057744, "basin": 45, "direct_child": "85250", "n_downstream": 1, "downstream": ["85250"]}}, {"type": "Feature", "geometry": {"type": "Point", "coordinates": [77.838542, 26.271257]}, "properties": {"id": "85113", "feature_type": "reservoir", "comid": 45044626, "basin": 45, "direct_child": "82816", "n_downstream": 1, "downstream": ["82816"]}}, {"type": "Feature", "geometry": {"type": "Point", "coordinates": [79.677083, 25.384813]}, "properties": {"id": "85205", "feature_type": "reservoir", "comid": 45055612, "basin": 45, "direct_child": "86989", "n_downstream": 1, "downstream": ["86989"]}}, {"type": "Feature", "geometry": {"type": "Point", "coordinates": [79.700863, 25.131337]}, "properties": {"id": "85220", "feature_type": "reservoir", "comid": 45053258, "basin": 45, "direct_child": null, "n_downstream": 0, "downstream": []}}, {"type": "Feature", "geometry": {"type": "Point", "coordinates": [78.59375, 24.522265]}, "properties": {"id": "85248", "feature_type": "reservoir", "comid": 45057372, "basin": 45, "direct_child": "85250", "n_downstream": 1, "downstream": ["85250"]}}, {"type": "Feature", "geometry": {"type": "Point", "coordinates": [83.172986, 24.61056]}, "properties": {"id": "85249", "feature_type": "reservoir", "comid": 45057202, "basin": 45, "direct_child": null, "n_downstream": 0, "downstream": []}}, {"type": "Feature", "geometry": {"type": "Point", "coordinates": [78.781221, 25.513835]}, "properties": {"id": "85250", "feature_type": "reservoir", "comid": 45047951, "basin": 45, "direct_child": null, "n_downstream": 0, "downstream": []}}, {"type": "Feature", "geometry": {"type": "Point", "coordinates": [78.938542, 29.307964]}, "properties": {"id": "85263", "feature_type": "reservoir", "comid": 45024801, "basin": 45, "direct_child": null, "n_downstream": 0, "downstream": []}}, {"type": "Feature", "geometry": {"type": "Point", "coordinates": [80.156792, 32.523997]}, "properties": {"id": "85288", "feature_type": "reservoir", "comid": 45008017, "basin": 45, "direct_child": null, "n_downstream": 0, "downstream": []}}, {"type": "Feature", "geometry": {"type": "Point", "coordinates": [77.997917, 26.222917]}, "properties": {"id": "85489", "feature_type": "reservoir", "comid": 45045482, "basin": 45, "direct_child": "73091", "n_downstream": 1, "downstream": ["73091"]}}, {"type": "Feature", "geometry": {"type": "Point", "coordinates": [81.543001, 24.223666]}, "properties": {"id": "85501", "feature_type": "reservoir", "comid": 45056700, "basin": 45, "direct_child": null, "n_downstream": 0, "downstream": []}}, {"type": "Feature", "geometry": {"type": "Point", "coordinates": [69.715625, 34.644781]}, "properties": {"id": "85529", "feature_type": "reservoir", "comid": 45003176, "basin": 45, "direct_child": "83828", "n_downstream": 2, "downstream": ["83828", "82393"]}}, {"type": "Feature", "geometry": {"type": "Point", "coordinates": [81.031219, 23.322887]}, "properties": {"id": "85585", "feature_type": "reservoir", "comid": 45063847, "basin": 45, "direct_child": "90228", "n_downstream": 1, "downstream": ["90228"]}}, {"type": "Feature", "geometry": {"type": "Point", "coordinates": [79.324684, 29.116464]}, "properties": {"id": "85688", "feature_type": "reservoir", "comid": 45024151, "basin": 45, "direct_child": null, "n_downstream": 0, "downstream": []}}, {"type": "Feature", "geometry": {"type": "Point", "coordinates": [77.921309, 25.75125]}, "properties": {"id": "85897", "feature_type": "reservoir", "comid": 45048458, "basin": 45, "direct_child": null, "n_downstream": 0, "downstream": []}}, {"type": "Feature", "geometry": {"type": "Point", "coordinates": [78.546959, 25.187932]}, "properties": {"id": "85934", "feature_type": "reservoir", "comid": 45051999, "basin": 45, "direct_child": "85250", "n_downstream": 1, "downstream": ["85250"]}}, {"type": "Feature", "geometry": {"type": "Point", "coordinates": [78.521474, 24.947541]}, "properties": {"id": "85992", "feature_type": "reservoir", "comid": 45052733, "basin": 45, "direct_child": "85250", "n_downstream": 1, "downstream": ["85250"]}}, {"type": "Feature", "geometry": {"type": "Point", "coordinates": [82.965839, 24.43944]}, "properties": {"id": "86256", "feature_type": "reservoir", "comid": 45056092, "basin": 45, "direct_child": null, "n_downstream": 0, "downstream": []}}, {"type": "Feature", "geometry": {"type": "Point", "coordinates": [82.402113, 24.864554]}, "properties": {"id": "86261", "feature_type": "reservoir", "comid": 45052070, "basin": 45, "direct_child": null, "n_downstream": 0, "downstream": []}}, {"type": "Feature", "geometry": {"type": "Point", "coordinates": [82.499662, 24.838777]}, "properties": {"id": "86305", "feature_type": "reservoir", "comid": 45056003, "basin": 45, "direct_child": "86261", "n_downstream": 1, "downstream": ["86261"]}}, {"type": "Feature", "geometry": {"type": "Point", "coordinates": [79.824665, 28.945588]}, "properties": {"id": "86396", "feature_type": "reservoir", "comid": 45023970, "basin": 45, "direct_child": null, "n_downstream": 0, "downstream": []}}, {"type": "Feature", "geometry": {"type": "Point", "coordinates": [74.479345, 32.687268]}, "properties": {"id": "86501", "feature_type": "reservoir", "comid": 45008053, "basin": 45, "direct_child": "87726", "n_downstream": 1, "downstream": ["87726"]}}, {"type": "Feature", "geometry": {"type": "Point", "coordinates": [82.948972, 25.046848]}, "properties": {"id": "86525", "feature_type": "reservoir", "comid": 45053414, "basin": 45, "direct_child": null, "n_downstream": 0, "downstream": []}}, {"type": "Feature", "geometry": {"type": "Point", "coordinates": [78.476042, 30.37459]}, "properties": {"id": "86529", "feature_type": "reservoir", "comid": 45015594, "basin": 45, "direct_child": "69741", "n_downstream": 2, "downstream": ["69741", "75415"]}}, {"type": "Feature", "geometry": {"type": "Point", "coordinates": [79.710417, 25.588271]}, "properties": {"id": "86989", "feature_type": "reservoir", "comid": 45048674, "basin": 45, "direct_child": null, "n_downstream": 0, "downstream": []}}, {"type": "Feature", "geometry": {"type": "Point", "coordinates": [77.550653, 23.501459]}, "properties": {"id": "87680", "feature_type": "reservoir", "comid": 45064434, "basin": 45, "direct_child": "88059", "n_downstream": 4, "downstream": ["88059", "88816", "85934", "85250"]}}, {"type": "Feature", "geometry": {"type": "Point", "coordinates": [80.108476, 28.762638]}, "properties": {"id": "87717", "feature_type": "reservoir", "comid": 45031035, "basin": 45, "direct_child": null, "n_downstream": 0, "downstream": []}}, {"type": "Feature", "geometry": {"type": "Point", "coordinates": [73.51113, 32.684284]}, "properties": {"id": "87726", "feature_type": "reservoir", "comid": 45007967, "basin": 45, "direct_child": null, "n_downstream": 0, "downstream": []}}, {"type": "Feature", "geometry": {"type": "Point", "coordinates": [78.231178, 24.76032]}, "properties": {"id": "88059", "feature_type": "reservoir", "comid": 45055940, "basin": 45, "direct_child": "88816", "n_downstream": 3, "downstream": ["88816", "85934", "85250"]}}, {"type": "Feature", "geometry": {"type": "Point", "coordinates": [78.760167, 29.520704]}, "properties": {"id": "88176", "feature_type": "reservoir", "comid": 45019674, "basin": 45, "direct_child": "81572", "n_downstream": 1, "downstream": ["81572"]}}, {"type": "Feature", "geometry": {"type": "Point", "coordinates": [75.730279, 32.447996]}, "properties": {"id": "88178", "feature_type": "reservoir", "comid": 45009764, "basin": 45, "direct_child": "82838", "n_downstream": 1, "downstream": ["82838"]}}, {"type": "Feature", "geometry": {"type": "Point", "coordinates": [75.458686, 25.92453]}, "properties": {"id": "88587", "feature_type": "reservoir", "comid": 45047881, "basin": 45, "direct_child": null, "n_downstream": 0, "downstream": []}}, {"type": "Feature", "geometry": {"type": "Point", "coordinates": [78.371526, 25.097261]}, "properties": {"id": "88816", "feature_type": "reservoir", "comid": 45052003, "basin": 45, "direct_child": "85934", "n_downstream": 2, "downstream": ["85934", "85250"]}}, {"type": "Feature", "geometry": {"type": "Point", "coordinates": [76.435869, 31.411296]}, "properties": {"id": "89238", "feature_type": "reservoir", "comid": 45011411, "basin": 45, "direct_child": "79699", "n_downstream": 1, "downstream": ["79699"]}}, {"type": "Feature", "geometry": {"type": "Point", "coordinates": [68.052083, 24.898739]}, "properties": {"id": "89307", "feature_type": "reservoir", "comid": 45053100, "basin": 45, "direct_child": null, "n_downstream": 0, "downstream": []}}, {"type": "Feature", "geometry": {"type": "Point", "coordinates": [75.579578, 24.916837]}, "properties": {"id": "89585", "feature_type": "reservoir", "comid": 45052101, "basin": 45, "direct_child": null, "n_downstream": 0, "downstream": []}}, {"type": "Feature", "geometry": {"type": "Point", "coordinates": [75.949034, 31.972897]}, "properties": {"id": "89637", "feature_type": "reservoir", "comid": 45009669, "basin": 45, "direct_child": "79202", "n_downstream": 2, "downstream": ["79202", "79699"]}}, {"type": "Feature", "geometry": {"type": "Point", "coordinates": [73.644471, 33.143972]}, "properties": {"id": "89940", "feature_type": "reservoir", "comid": 45006375, "basin": 45, "direct_child": "87726", "n_downstream": 1, "downstream": ["87726"]}}, {"type": "Feature", "geometry": {"type": "Point", "coordinates": [81.288434, 24.190348]}, "properties": {"id": "90228", "feature_type": "reservoir", "comid": 45059625, "basin": 45, "direct_child": null, "n_downstream": 0, "downstream": []}}, {"type": "Feature", "geometry": {"type": "Point", "coordinates": [83.007292, 24.200837]}, "properties": {"id": "90276", "feature_type": "reservoir", "comid": 45059883, "basin": 45, "direct_child": "86256", "n_downstream": 1, "downstream": ["86256"]}}, {"type": "Feature", "geometry": {"type": "Point", "coordinates": [75.553943, 24.700139]}, "properties": {"id": "90381", "feature_type": "reservoir", "comid": 45056028, "basin": 45, "direct_child": "89585", "n_downstream": 1, "downstream": ["89585"]}}]}