{"type": "FeatureCollection", "features": [{"type": "Feature", "geometry": {"type": "LineString", "coordinates": [[107.23498, 12.633858], [106.256674, 13.552205]]}, "properties": {"from_id": "7201", "to_id": "87266", "from_type": "reservoir", "to_type": "reservoir"}}, {"type": "Feature", "geometry": {"type": "LineString", "coordinates": [[107.874209, 12.47625], [107.85219, 12.472714]]}, "properties": {"from_id": "8578", "to_id": "66085", "from_type": "reservoir", "to_type": "reservoir"}}, {"type": "Feature", "geometry": {"type": "LineString", "coordinates": [[107.593382, 12.430934], [106.256674, 13.552205]]}, "properties": {"from_id": "17093", "to_id": "87266", "from_type": "reservoir", "to_type": "reservoir"}}, {"type": "Feature", "geometry": {"type": "LineString", "coordinates": [[108.389597, 12.636021], [108.235274, 12.497773]]}, "properties": {"from_id": "17311", "to_id": "68721", "from_type": "reservoir", "to_type": "reservoir"}}, {"type": "Feature", "geometry": {"type": "LineString", "coordinates": [[108.249905, 12.716474], [108.235274, 12.497773]]}, "properties": {"from_id": "19654", "to_id": "68721", "from_type": "reservoir", "to_type": "reservoir"}}, {"type": "Feature", "geometry": {"type": "LineString", "coordinates": [[108.405887, 12.784607], [108.389597, 12.636021]]}, "properties": {"from_id": "21623", "to_id": "17311", "from_type": "reservoir", "to_type": "reservoir"}}, {"type": "Feature", "geometry": {"type": "LineString", "coordinates": [[101.784843, 15.275566], [101.798225, 15.303063]]}, "properties": {"from_id": "22396", "to_id": "64615", "from_type": "reservoir", "to_type": "reservoir"}}, {"type": "Feature", "geometry": {"type": "LineString", "coordinates": [[107.889, 13.864375], [106.256674, 13.552205]]}, "properties": {"from_id": "23354", "to_id": "87266", "from_type": "reservoir", "to_type": "reservoir"}}, {"type": "Feature", "geometry": {"type": "LineString", "coordinates": [[108.474702, 12.719173], [108.487953, 12.720298]]}, "properties": {"from_id": "23471", "to_id": "76686", "from_type": "reservoir", "to_type": "reservoir"}}, {"type": "Feature", "geometry": {"type": "LineString", "coordinates": [[108.051042, 12.579818], [107.911744, 12.646547]]}, "properties": {"from_id": "23510", "to_id": "80131", "from_type": "reservoir", "to_type": "reservoir"}}, {"type": "Feature", "geometry": {"type": "LineString", "coordinates": [[108.385561, 12.790553], [108.389597, 12.636021]]}, "properties": {"from_id": "26992", "to_id": "17311", "from_type": "reservoir", "to_type": "reservoir"}}, {"type": "Feature", "geometry": {"type": "LineString", "coordinates": [[108.215835, 12.624249], [108.072936, 12.481738]]}, "properties": {"from_id": "27329", "to_id": "41300", "from_type": "reservoir", "to_type": "reservoir"}}, {"type": "Feature", "geometry": {"type": "LineString", "coordinates": [[108.216102, 12.606797], [108.215835, 12.624249]]}, "properties": {"from_id": "32908", "to_id": "27329", "from_type": "reservoir", "to_type": "reservoir"}}, {"type": "Feature", "geometry": {"type": "LineString", "coordinates": [[108.165625, 12.58557], [108.194376, 12.636891]]}, "properties": {"from_id": "34563", "to_id": "51017", "from_type": "reservoir", "to_type": "reservoir"}}, {"type": "Feature", "geometry": {"type": "LineString", "coordinates": [[107.563751, 12.417276], [106.256674, 13.552205]]}, "properties": {"from_id": "35283", "to_id": "87266", "from_type": "reservoir", "to_type": "reservoir"}}, {"type": "Feature", "geometry": {"type": "LineString", "coordinates": [[108.036925, 12.491787], [108.098771, 12.543529]]}, "properties": {"from_id": "36082", "to_id": "59270", "from_type": "reservoir", "to_type": "reservoir"}}, {"type": "Feature", "geometry": {"type": "LineString", "coordinates": [[108.246388, 12.707984], [108.235274, 12.497773]]}, "properties": {"from_id": "37182", "to_id": "68721", "from_type": "reservoir", "to_type": "reservoir"}}, {"type": "Feature", "geometry": {"type": "LineString", "coordinates": [[106.275984, 15.402083], [105.830294, 15.35849]]}, "properties": {"from_id": "38025", "to_id": "66786", "from_type": "reservoir", "to_type": "reservoir"}}, {"type": "Feature", "geometry": {"type": "LineString", "coordinates": [[108.198707, 12.599837], [108.165625, 12.58557]]}, "properties": {"from_id": "38682", "to_id": "34563", "from_type": "reservoir", "to_type": "reservoir"}}, {"type": "Feature", "geometry": {"type": "LineString", "coordinates": [[99.413185, 19.656666], [99.647424, 19.69864]]}, "properties": {"from_id": "39117", "to_id": "53551", "from_type": "reservoir", "to_type": "reservoir"}}, {"type": "Feature", "geometry": {"type": "LineString", "coordinates": [[108.072936, 12.481738], [107.911744, 12.646547]]}, "properties": {"from_id": "41300", "to_id": "80131", "from_type": "reservoir", "to_type": "reservoir"}}, {"type": "Feature", "geometry": {"type": "LineString", "coordinates": [[108.008076, 14.797908], [107.864439, 14.40999]]}, "properties": {"from_id": "41597", "to_id": "87746", "from_type": "reservoir", "to_type": "reservoir"}}, {"type": "Feature", "geometry": {"type": "LineString", "coordinates": [[101.881986, 15.787274], [102.677498, 16.170966]]}, "properties": {"from_id": "42557", "to_id": "84647", "from_type": "reservoir", "to_type": "reservoir"}}, {"type": "Feature", "geometry": {"type": "LineString", "coordinates": [[107.646272, 12.387868], [107.911744, 12.646547]]}, "properties": {"from_id": "43016", "to_id": "80131", "from_type": "reservoir", "to_type": "reservoir"}}, {"type": "Feature", "geometry": {"type": "LineString", "coordinates": [[108.427065, 12.789831], [108.389597, 12.636021]]}, "properties": {"from_id": "44124", "to_id": "17311", "from_type": "reservoir", "to_type": "reservoir"}}, {"type": "Feature", "geometry": {"type": "LineString", "coordinates": [[108.405674, 12.753475], [108.389597, 12.636021]]}, "properties": {"from_id": "45325", "to_id": "17311", "from_type": "reservoir", "to_type": "reservoir"}}, {"type": "Feature", "geometry": {"type": "LineString", "coordinates": [[107.944188, 14.565106], [107.864439, 14.40999]]}, "properties": {"from_id": "45608", "to_id": "87746", "from_type": "reservoir", "to_type": "reservoir"}}, {"type": "Feature", "geometry": {"type": "LineString", "coordinates": [[108.326711, 12.596932], [108.235274, 12.497773]]}, "properties": {"from_id": "45920", "to_id": "68721", "from_type": "reservoir", "to_type": "reservoir"}}, {"type": "Feature", "geometry": {"type": "LineString", "coordinates": [[108.402092, 12.731847], [108.405887, 12.784607]]}, "properties": {"from_id": "47377", "to_id": "21623", "from_type": "reservoir", "to_type": "reservoir"}}, {"type": "Feature", "geometry": {"type": "LineString", "coordinates": [[107.683505, 12.410751], [107.646272, 12.387868]]}, "properties": {"from_id": "47442", "to_id": "43016", "from_type": "reservoir", "to_type": "reservoir"}}, {"type": "Feature", "geometry": {"type": "LineString", "coordinates": [[107.796242, 13.928656], [107.650736, 14.022153]]}, "properties": {"from_id": "48345", "to_id": "77957", "from_type": "reservoir", "to_type": "reservoir"}}, {"type": "Feature", "geometry": {"type": "LineString", "coordinates": [[104.854423, 14.666405], [105.467708, 15.279676]]}, "properties": {"from_id": "50305", "to_id": "88993", "from_type": "reservoir", "to_type": "reservoir"}}, {"type": "Feature", "geometry": {"type": "LineString", "coordinates": [[102.190718, 15.673034], [102.201038, 15.642275]]}, "properties": {"from_id": "50929", "to_id": "78108", "from_type": "reservoir", "to_type": "reservoir"}}, {"type": "Feature", "geometry": {"type": "LineString", "coordinates": [[108.194376, 12.636891], [108.072936, 12.481738]]}, "properties": {"from_id": "51017", "to_id": "41300", "from_type": "reservoir", "to_type": "reservoir"}}, {"type": "Feature", "geometry": {"type": "LineString", "coordinates": [[104.280208, 17.153727], [104.262951, 17.148796]]}, "properties": {"from_id": "51705", "to_id": "88804", "from_type": "reservoir", "to_type": "reservoir"}}, {"type": "Feature", "geometry": {"type": "LineString", "coordinates": [[107.577415, 12.393349], [107.911744, 12.646547]]}, "properties": {"from_id": "52223", "to_id": "80131", "from_type": "reservoir", "to_type": "reservoir"}}, {"type": "Feature", "geometry": {"type": "LineString", "coordinates": [[107.651169, 14.634881], [107.864439, 14.40999]]}, "properties": {"from_id": "52811", "to_id": "87746", "from_type": "reservoir", "to_type": "reservoir"}}, {"type": "Feature", "geometry": {"type": "LineString", "coordinates": [[108.562657, 12.733188], [108.235274, 12.497773]]}, "properties": {"from_id": "53289", "to_id": "68721", "from_type": "reservoir", "to_type": "reservoir"}}, {"type": "Feature", "geometry": {"type": "LineString", "coordinates": [[107.942855, 14.067689], [107.650736, 14.022153]]}, "properties": {"from_id": "54809", "to_id": "77957", "from_type": "reservoir", "to_type": "reservoir"}}, {"type": "Feature", "geometry": {"type": "LineString", "coordinates": [[107.942708, 13.839585], [106.256674, 13.552205]]}, "properties": {"from_id": "55069", "to_id": "87266", "from_type": "reservoir", "to_type": "reservoir"}}, {"type": "Feature", "geometry": {"type": "LineString", "coordinates": [[108.002105, 14.76965], [108.008076, 14.797908]]}, "properties": {"from_id": "55746", "to_id": "41597", "from_type": "reservoir", "to_type": "reservoir"}}, {"type": "Feature", "geometry": {"type": "LineString", "coordinates": [[105.277342, 14.576691], [105.467708, 15.279676]]}, "properties": {"from_id": "56445", "to_id": "88993", "from_type": "reservoir", "to_type": "reservoir"}}, {"type": "Feature", "geometry": {"type": "LineString", "coordinates": [[108.123024, 12.385073], [108.072936, 12.481738]]}, "properties": {"from_id": "56698", "to_id": "41300", "from_type": "reservoir", "to_type": "reservoir"}}, {"type": "Feature", "geometry": {"type": "LineString", "coordinates": [[108.631906, 12.658564], [108.235274, 12.497773]]}, "properties": {"from_id": "58531", "to_id": "68721", "from_type": "reservoir", "to_type": "reservoir"}}, {"type": "Feature", "geometry": {"type": "LineString", "coordinates": [[108.098771, 12.543529], [107.911744, 12.646547]]}, "properties": {"from_id": "59270", "to_id": "80131", "from_type": "reservoir", "to_type": "reservoir"}}, {"type": "Feature", "geometry": {"type": "LineString", "coordinates": [[103.308946, 15.525807], [104.098652, 15.343681]]}, "properties": {"from_id": "59937", "to_id": "88214", "from_type": "reservoir", "to_type": "reservoir"}}, {"type": "Feature", "geometry": {"type": "LineString", "coordinates": [[108.031224, 12.406227], [108.072936, 12.481738]]}, "properties": {"from_id": "61147", "to_id": "41300", "from_type": "reservoir", "to_type": "reservoir"}}, {"type": "Feature", "geometry": {"type": "LineString", "coordinates": [[104.394674, 15.329936], [104.456296, 15.314385]]}, "properties": {"from_id": "61693", "to_id": "74742", "from_type": "reservoir", "to_type": "reservoir"}}, {"type": "Feature", "geometry": {"type": "LineString", "coordinates": [[107.924414, 12.398511], [107.911744, 12.646547]]}, "properties": {"from_id": "62101", "to_id": "80131", "from_type": "reservoir", "to_type": "reservoir"}}, {"type": "Feature", "geometry": {"type": "LineString", "coordinates": [[108.094792, 12.54841], [107.911744, 12.646547]]}, "properties": {"from_id": "63161", "to_id": "80131", "from_type": "reservoir", "to_type": "reservoir"}}, {"type": "Feature", "geometry": {"type": "LineString", "coordinates": [[107.895646, 13.755931], [107.953597, 13.820506]]}, "properties": {"from_id": "63762", "to_id": "71729", "from_type": "reservoir", "to_type": "reservoir"}}, {"type": "Feature", "geometry": {"type": "LineString", "coordinates": [[108.349246, 12.580571], [108.326711, 12.596932]]}, "properties": {"from_id": "63910", "to_id": "45920", "from_type": "reservoir", "to_type": "reservoir"}}, {"type": "Feature", "geometry": {"type": "LineString", "coordinates": [[107.914582, 12.439585], [107.911744, 12.646547]]}, "properties": {"from_id": "64088", "to_id": "80131", "from_type": "reservoir", "to_type": "reservoir"}}, {"type": "Feature", "geometry": {"type": "LineString", "coordinates": [[104.487943, 15.400293], [105.467708, 15.279676]]}, "properties": {"from_id": "64349", "to_id": "88993", "from_type": "reservoir", "to_type": "reservoir"}}, {"type": "Feature", "geometry": {"type": "LineString", "coordinates": [[107.895917, 13.062542], [106.256674, 13.552205]]}, "properties": {"from_id": "64393", "to_id": "87266", "from_type": "reservoir", "to_type": "reservoir"}}, {"type": "Feature", "geometry": {"type": "LineString", "coordinates": [[101.798225, 15.303063], [104.098652, 15.343681]]}, "properties": {"from_id": "64615", "to_id": "88214", "from_type": "reservoir", "to_type": "reservoir"}}, {"type": "Feature", "geometry": {"type": "LineString", "coordinates": [[108.421534, 12.757561], [108.427065, 12.789831]]}, "properties": {"from_id": "64733", "to_id": "44124", "from_type": "reservoir", "to_type": "reservoir"}}, {"type": "Feature", "geometry": {"type": "LineString", "coordinates": [[102.747479, 14.297], [104.098652, 15.343681]]}, "properties": {"from_id": "65593", "to_id": "88214", "from_type": "reservoir", "to_type": "reservoir"}}, {"type": "Feature", "geometry": {"type": "LineString", "coordinates": [[107.85219, 12.472714], [107.911744, 12.646547]]}, "properties": {"from_id": "66085", "to_id": "80131", "from_type": "reservoir", "to_type": "reservoir"}}, {"type": "Feature", "geometry": {"type": "LineString", "coordinates": [[102.651044, 18.874231], [102.77657, 18.753615]]}, "properties": {"from_id": "66318", "to_id": "89219", "from_type": "reservoir", "to_type": "reservoir"}}, {"type": "Feature", "geometry": {"type": "LineString", "coordinates": [[108.313829, 12.676988], [108.249905, 12.716474]]}, "properties": {"from_id": "66995", "to_id": "19654", "from_type": "reservoir", "to_type": "reservoir"}}, {"type": "Feature", "geometry": {"type": "LineString", "coordinates": [[105.209948, 14.426009], [105.467708, 15.279676]]}, "properties": {"from_id": "67494", "to_id": "88993", "from_type": "reservoir", "to_type": "reservoir"}}, {"type": "Feature", "geometry": {"type": "LineString", "coordinates": [[107.614928, 12.396803], [107.911744, 12.646547]]}, "properties": {"from_id": "67669", "to_id": "80131", "from_type": "reservoir", "to_type": "reservoir"}}, {"type": "Feature", "geometry": {"type": "LineString", "coordinates": [[107.934375, 12.309008], [107.924414, 12.398511]]}, "properties": {"from_id": "68177", "to_id": "62101", "from_type": "reservoir", "to_type": "reservoir"}}, {"type": "Feature", "geometry": {"type": "LineString", "coordinates": [[104.263477, 15.603398], [104.304785, 15.439409]]}, "properties": {"from_id": "68336", "to_id": "74094", "from_type": "reservoir", "to_type": "reservoir"}}, {"type": "Feature", "geometry": {"type": "LineString", "coordinates": [[108.448075, 12.743752], [108.421534, 12.757561]]}, "properties": {"from_id": "68612", "to_id": "64733", "from_type": "reservoir", "to_type": "reservoir"}}, {"type": "Feature", "geometry": {"type": "LineString", "coordinates": [[108.235274, 12.497773], [108.072936, 12.481738]]}, "properties": {"from_id": "68721", "to_id": "41300", "from_type": "reservoir", "to_type": "reservoir"}}, {"type": "Feature", "geometry": {"type": "LineString", "coordinates": [[104.528393, 16.884008], [104.716956, 16.922953]]}, "properties": {"from_id": "68880", "to_id": "63754", "from_type": "reservoir", "to_type": "reservoir"}}, {"type": "Feature", "geometry": {"type": "LineString", "coordinates": [[103.989756, 17.61743], [104.43435, 17.640161]]}, "properties": {"from_id": "69208", "to_id": "80684", "from_type": "reservoir", "to_type": "reservoir"}}, {"type": "Feature", "geometry": {"type": "LineString", "coordinates": [[101.70966, 15.623187], [102.677498, 16.170966]]}, "properties": {"from_id": "69942", "to_id": "84647", "from_type": "reservoir", "to_type": "reservoir"}}, {"type": "Feature", "geometry": {"type": "LineString", "coordinates": [[99.823983, 19.352891], [99.913007, 19.160086]]}, "properties": {"from_id": "70133", "to_id": "85960", "from_type": "reservoir", "to_type": "reservoir"}}, {"type": "Feature", "geometry": {"type": "LineString", "coordinates": [[104.421399, 16.946363], [104.456465, 16.973111]]}, "properties": {"from_id": "70244", "to_id": "72581", "from_type": "reservoir", "to_type": "reservoir"}}, {"type": "Feature", "geometry": {"type": "LineString", "coordinates": [[104.313186, 16.963468], [104.456465, 16.973111]]}, "properties": {"from_id": "70714", "to_id": "72581", "from_type": "reservoir", "to_type": "reservoir"}}, {"type": "Feature", "geometry": {"type": "LineString", "coordinates": [[108.452038, 12.789771], [108.389597, 12.636021]]}, "properties": {"from_id": "70830", "to_id": "17311", "from_type": "reservoir", "to_type": "reservoir"}}, {"type": "Feature", "geometry": {"type": "LineString", "coordinates": [[101.702855, 14.381071], [101.839349, 14.592853]]}, "properties": {"from_id": "71203", "to_id": "84434", "from_type": "reservoir", "to_type": "reservoir"}}, {"type": "Feature", "geometry": {"type": "LineString", "coordinates": [[101.597516, 15.560371], [102.677498, 16.170966]]}, "properties": {"from_id": "71604", "to_id": "84647", "from_type": "reservoir", "to_type": "reservoir"}}, {"type": "Feature", "geometry": {"type": "LineString", "coordinates": [[104.320967, 15.858178], [105.467708, 15.279676]]}, "properties": {"from_id": "71613", "to_id": "88993", "from_type": "reservoir", "to_type": "reservoir"}}, {"type": "Feature", "geometry": {"type": "LineString", "coordinates": [[107.953597, 13.820506], [107.942708, 13.839585]]}, "properties": {"from_id": "71729", "to_id": "55069", "from_type": "reservoir", "to_type": "reservoir"}}, {"type": "Feature", "geometry": {"type": "LineString", "coordinates": [[107.805001, 12.927148], [106.256674, 13.552205]]}, "properties": {"from_id": "71736", "to_id": "87266", "from_type": "reservoir", "to_type": "reservoir"}}, {"type": "Feature", "geometry": {"type": "LineString", "coordinates": [[105.051302, 14.447917], [105.467708, 15.279676]]}, "properties": {"from_id": "72210", "to_id": "88993", "from_type": "reservoir", "to_type": "reservoir"}}, {"type": "Feature", "geometry": {"type": "LineString", "coordinates": [[107.60606, 12.443025], [106.256674, 13.552205]]}, "properties": {"from_id": "72258", "to_id": "87266", "from_type": "reservoir", "to_type": "reservoir"}}, {"type": "Feature", "geometry": {"type": "LineString", "coordinates": [[104.575688, 14.492207], [105.467708, 15.279676]]}, "properties": {"from_id": "72430", "to_id": "88993", "from_type": "reservoir", "to_type": "reservoir"}}, {"type": "Feature", "geometry": {"type": "LineString", "coordinates": [[104.051042, 14.422698], [105.467708, 15.279676]]}, "properties": {"from_id": "72492", "to_id": "88993", "from_type": "reservoir", "to_type": "reservoir"}}, {"type": "Feature", "geometry": {"type": "LineString", "coordinates": [[105.478982, 14.846307], [105.430544, 15.205083]]}, "properties": {"from_id": "72565", "to_id": "89953", "from_type": "reservoir", "to_type": "reservoir"}}, {"type": "Feature", "geometry": {"type": "LineString", "coordinates": [[104.456465, 16.973111], [104.716956, 16.922953]]}, "properties": {"from_id": "72581", "to_id": "63754", "from_type": "reservoir", "to_type": "reservoir"}}, {"type": "Feature", "geometry": {"type": "LineString", "coordinates": [[108.127103, 12.652083], [106.256674, 13.552205]]}, "properties": {"from_id": "72624", "to_id": "87266", "from_type": "reservoir", "to_type": "reservoir"}}, {"type": "Feature", "geometry": {"type": "LineString", "coordinates": [[102.228125, 15.056699], [104.098652, 15.343681]]}, "properties": {"from_id": "72954", "to_id": "88214", "from_type": "reservoir", "to_type": "reservoir"}}, {"type": "Feature", "geometry": {"type": "LineString", "coordinates": [[104.972917, 15.915163], [105.467708, 15.279676]]}, "properties": {"from_id": "73035", "to_id": "88993", "from_type": "reservoir", "to_type": "reservoir"}}, {"type": "Feature", "geometry": {"type": "LineString", "coordinates": [[104.588093, 15.891395], [105.467708, 15.279676]]}, "properties": {"from_id": "73058", "to_id": "88993", "from_type": "reservoir", "to_type": "reservoir"}}, {"type": "Feature", "geometry": {"type": "LineString", "coordinates": [[104.228611, 15.671599], [104.304785, 15.439409]]}, "properties": {"from_id": "73353", "to_id": "74094", "from_type": "reservoir", "to_type": "reservoir"}}, {"type": "Feature", "geometry": {"type": "LineString", "coordinates": [[105.198958, 14.425636], [105.467708, 15.279676]]}, "properties": {"from_id": "73525", "to_id": "88993", "from_type": "reservoir", "to_type": "reservoir"}}, {"type": "Feature", "geometry": {"type": "LineString", "coordinates": [[104.209865, 14.867491], [105.467708, 15.279676]]}, "properties": {"from_id": "73707", "to_id": "88993", "from_type": "reservoir", "to_type": "reservoir"}}, {"type": "Feature", "geometry": {"type": "LineString", "coordinates": [[104.304785, 15.439409], [104.456296, 15.314385]]}, "properties": {"from_id": "74094", "to_id": "74742", "from_type": "reservoir", "to_type": "reservoir"}}, {"type": "Feature", "geometry": {"type": "LineString", "coordinates": [[103.270219, 16.18424], [104.304785, 15.439409]]}, "properties": {"from_id": "74276", "to_id": "74094", "from_type": "reservoir", "to_type": "reservoir"}}, {"type": "Feature", "geometry": {"type": "LineString", "coordinates": [[104.456296, 15.314385], [105.467708, 15.279676]]}, "properties": {"from_id": "74742", "to_id": "88993", "from_type": "reservoir", "to_type": "reservoir"}}, {"type": "Feature", "geometry": {"type": "LineString", "coordinates": [[102.214669, 15.726402], [102.677498, 16.170966]]}, "properties": {"from_id": "74854", "to_id": "84647", "from_type": "reservoir", "to_type": "reservoir"}}, {"type": "Feature", "geometry": {"type": "LineString", "coordinates": [[101.79319, 16.41155], [102.617817, 16.772725]]}, "properties": {"from_id": "75009", "to_id": "90206", "from_type": "reservoir", "to_type": "reservoir"}}, {"type": "Feature", "geometry": {"type": "LineString", "coordinates": [[105.44132, 14.646018], [105.430544, 15.205083]]}, "properties": {"from_id": "75061", "to_id": "89953", "from_type": "reservoir", "to_type": "reservoir"}}, {"type": "Feature", "geometry": {"type": "LineString", "coordinates": [[108.075868, 12.371604], [108.072936, 12.481738]]}, "properties": {"from_id": "75185", "to_id": "41300", "from_type": "reservoir", "to_type": "reservoir"}}, {"type": "Feature", "geometry": {"type": "LineString", "coordinates": [[102.558211, 14.712672], [104.098652, 15.343681]]}, "properties": {"from_id": "75628", "to_id": "88214", "from_type": "reservoir", "to_type": "reservoir"}}, {"type": "Feature", "geometry": {"type": "LineString", "coordinates": [[104.350332, 14.546397], [105.467708, 15.279676]]}, "properties": {"from_id": "75723", "to_id": "88993", "from_type": "reservoir", "to_type": "reservoir"}}, {"type": "Feature", "geometry": {"type": "LineString", "coordinates": [[103.749209, 16.844885], [103.453125, 16.603534]]}, "properties": {"from_id": "75892", "to_id": "90092", "from_type": "reservoir", "to_type": "reservoir"}}, {"type": "Feature", "geometry": {"type": "LineString", "coordinates": [[108.124615, 12.840292], [106.256674, 13.552205]]}, "properties": {"from_id": "75951", "to_id": "87266", "from_type": "reservoir", "to_type": "reservoir"}}, {"type": "Feature", "geometry": {"type": "LineString", "coordinates": [[104.26198, 17.607348], [104.43435, 17.640161]]}, "properties": {"from_id": "76292", "to_id": "80684", "from_type": "reservoir", "to_type": "reservoir"}}, {"type": "Feature", "geometry": {"type": "LineString", "coordinates": [[104.742244, 15.887083], [105.467708, 15.279676]]}, "properties": {"from_id": "76394", "to_id": "88993", "from_type": "reservoir", "to_type": "reservoir"}}, {"type": "Feature", "geometry": {"type": "LineString", "coordinates": [[105.432803, 14.684074], [105.430544, 15.205083]]}, "properties": {"from_id": "76436", "to_id": "89953", "from_type": "reservoir", "to_type": "reservoir"}}, {"type": "Feature", "geometry": {"type": "LineString", "coordinates": [[104.421875, 14.613956], [105.467708, 15.279676]]}, "properties": {"from_id": "76613", "to_id": "88993", "from_type": "reservoir", "to_type": "reservoir"}}, {"type": "Feature", "geometry": {"type": "LineString", "coordinates": [[108.487953, 12.720298], [108.452038, 12.789771]]}, "properties": {"from_id": "76686", "to_id": "70830", "from_type": "reservoir", "to_type": "reservoir"}}, {"type": "Feature", "geometry": {"type": "LineString", "coordinates": [[103.08829, 14.64037], [104.098652, 15.343681]]}, "properties": {"from_id": "77055", "to_id": "88214", "from_type": "reservoir", "to_type": "reservoir"}}, {"type": "Feature", "geometry": {"type": "LineString", "coordinates": [[104.380361, 15.741123], [105.467708, 15.279676]]}, "properties": {"from_id": "77259", "to_id": "88993", "from_type": "reservoir", "to_type": "reservoir"}}, {"type": "Feature", "geometry": {"type": "LineString", "coordinates": [[102.79375, 14.665525], [104.098652, 15.343681]]}, "properties": {"from_id": "77396", "to_id": "88214", "from_type": "reservoir", "to_type": "reservoir"}}, {"type": "Feature", "geometry": {"type": "LineString", "coordinates": [[108.370289, 12.778758], [108.389597, 12.636021]]}, "properties": {"from_id": "77528", "to_id": "17311", "from_type": "reservoir", "to_type": "reservoir"}}, {"type": "Feature", "geometry": {"type": "LineString", "coordinates": [[103.205101, 15.275593], [104.098652, 15.343681]]}, "properties": {"from_id": "77556", "to_id": "88214", "from_type": "reservoir", "to_type": "reservoir"}}, {"type": "Feature", "geometry": {"type": "LineString", "coordinates": [[108.037201, 12.604621], [108.127103, 12.652083]]}, "properties": {"from_id": "77570", "to_id": "72624", "from_type": "reservoir", "to_type": "reservoir"}}, {"type": "Feature", "geometry": {"type": "LineString", "coordinates": [[103.376042, 15.655405], [104.098652, 15.343681]]}, "properties": {"from_id": "77574", "to_id": "88214", "from_type": "reservoir", "to_type": "reservoir"}}, {"type": "Feature", "geometry": {"type": "LineString", "coordinates": [[105.14375, 14.410417], [105.467708, 15.279676]]}, "properties": {"from_id": "77658", "to_id": "88993", "from_type": "reservoir", "to_type": "reservoir"}}, {"type": "Feature", "geometry": {"type": "LineString", "coordinates": [[104.212719, 17.409069], [104.43435, 17.640161]]}, "properties": {"from_id": "77660", "to_id": "80684", "from_type": "reservoir", "to_type": "reservoir"}}, {"type": "Feature", "geometry": {"type": "LineString", "coordinates": [[108.10707, 14.184087], [107.832322, 14.230762]]}, "properties": {"from_id": "77757", "to_id": "88142", "from_type": "reservoir", "to_type": "reservoir"}}, {"type": "Feature", "geometry": {"type": "LineString", "coordinates": [[101.984119, 15.901919], [102.677498, 16.170966]]}, "properties": {"from_id": "77784", "to_id": "84647", "from_type": "reservoir", "to_type": "reservoir"}}, {"type": "Feature", "geometry": {"type": "LineString", "coordinates": [[104.144792, 14.526193], [105.467708, 15.279676]]}, "properties": {"from_id": "77869", "to_id": "88993", "from_type": "reservoir", "to_type": "reservoir"}}, {"type": "Feature", "geometry": {"type": "LineString", "coordinates": [[107.650736, 14.022153], [107.497264, 13.968156]]}, "properties": {"from_id": "77957", "to_id": "87979", "from_type": "reservoir", "to_type": "reservoir"}}, {"type": "Feature", "geometry": {"type": "LineString", "coordinates": [[99.53467, 19.681229], [99.647424, 19.69864]]}, "properties": {"from_id": "77971", "to_id": "53551", "from_type": "reservoir", "to_type": "reservoir"}}, {"type": "Feature", "geometry": {"type": "LineString", "coordinates": [[102.201038, 15.642275], [102.677498, 16.170966]]}, "properties": {"from_id": "78108", "to_id": "84647", "from_type": "reservoir", "to_type": "reservoir"}}, {"type": "Feature", "geometry": {"type": "LineString", "coordinates": [[107.970131, 14.539121], [107.864439, 14.40999]]}, "properties": {"from_id": "78301", "to_id": "87746", "from_type": "reservoir", "to_type": "reservoir"}}, {"type": "Feature", "geometry": {"type": "LineString", "coordinates": [[102.363207, 15.969796], [102.677498, 16.170966]]}, "properties": {"from_id": "78591", "to_id": "84647", "from_type": "reservoir", "to_type": "reservoir"}}, {"type": "Feature", "geometry": {"type": "LineString", "coordinates": [[103.85981, 16.694543], [104.304785, 15.439409]]}, "properties": {"from_id": "79003", "to_id": "74094", "from_type": "reservoir", "to_type": "reservoir"}}, {"type": "Feature", "geometry": {"type": "LineString", "coordinates": [[102.080032, 15.610417], [102.677498, 16.170966]]}, "properties": {"from_id": "79516", "to_id": "84647", "from_type": "reservoir", "to_type": "reservoir"}}, {"type": "Feature", "geometry": {"type": "LineString", "coordinates": [[105.059295, 16.551084], [105.208593, 16.520545]]}, "properties": {"from_id": "79705", "to_id": "82921", "from_type": "reservoir", "to_type": "reservoir"}}, {"type": "Feature", "geometry": {"type": "LineString", "coordinates": [[107.721858, 14.215329], [107.497264, 13.968156]]}, "properties": {"from_id": "79812", "to_id": "87979", "from_type": "reservoir", "to_type": "reservoir"}}, {"type": "Feature", "geometry": {"type": "LineString", "coordinates": [[105.047917, 15.632132], [105.467708, 15.279676]]}, "properties": {"from_id": "80080", "to_id": "88993", "from_type": "reservoir", "to_type": "reservoir"}}, {"type": "Feature", "geometry": {"type": "LineString", "coordinates": [[107.911744, 12.646547], [106.256674, 13.552205]]}, "properties": {"from_id": "80131", "to_id": "87266", "from_type": "reservoir", "to_type": "reservoir"}}, {"type": "Feature", "geometry": {"type": "LineString", "coordinates": [[99.869488, 19.35574], [99.913007, 19.160086]]}, "properties": {"from_id": "80339", "to_id": "85960", "from_type": "reservoir", "to_type": "reservoir"}}, {"type": "Feature", "geometry": {"type": "LineString", "coordinates": [[103.498958, 16.346059], [104.304785, 15.439409]]}, "properties": {"from_id": "80380", "to_id": "74094", "from_type": "reservoir", "to_type": "reservoir"}}, {"type": "Feature", "geometry": {"type": "LineString", "coordinates": [[101.701215, 14.850958], [104.098652, 15.343681]]}, "properties": {"from_id": "80479", "to_id": "88214", "from_type": "reservoir", "to_type": "reservoir"}}, {"type": "Feature", "geometry": {"type": "LineString", "coordinates": [[104.401639, 16.246876], [105.467708, 15.279676]]}, "properties": {"from_id": "80562", "to_id": "88993", "from_type": "reservoir", "to_type": "reservoir"}}, {"type": "Feature", "geometry": {"type": "LineString", "coordinates": [[103.62592, 18.027967], [104.43435, 17.640161]]}, "properties": {"from_id": "80934", "to_id": "80684", "from_type": "reservoir", "to_type": "reservoir"}}, {"type": "Feature", "geometry": {"type": "LineString", "coordinates": [[104.638542, 15.887192], [105.467708, 15.279676]]}, "properties": {"from_id": "81013", "to_id": "88993", "from_type": "reservoir", "to_type": "reservoir"}}, {"type": "Feature", "geometry": {"type": "LineString", "coordinates": [[104.68671, 16.160307], [105.467708, 15.279676]]}, "properties": {"from_id": "81062", "to_id": "88993", "from_type": "reservoir", "to_type": "reservoir"}}, {"type": "Feature", "geometry": {"type": "LineString", "coordinates": [[103.977083, 17.81875], [104.43435, 17.640161]]}, "properties": {"from_id": "81101", "to_id": "80684", "from_type": "reservoir", "to_type": "reservoir"}}, {"type": "Feature", "geometry": {"type": "LineString", "coordinates": [[104.19375, 14.526196], [105.467708, 15.279676]]}, "properties": {"from_id": "81494", "to_id": "88993", "from_type": "reservoir", "to_type": "reservoir"}}, {"type": "Feature", "geometry": {"type": "LineString", "coordinates": [[101.54375, 15.497917], [102.677498, 16.170966]]}, "properties": {"from_id": "81588", "to_id": "84647", "from_type": "reservoir", "to_type": "reservoir"}}, {"type": "Feature", "geometry": {"type": "LineString", "coordinates": [[104.172531, 17.413032], [104.43435, 17.640161]]}, "properties": {"from_id": "81676", "to_id": "80684", "from_type": "reservoir", "to_type": "reservoir"}}, {"type": "Feature", "geometry": {"type": "LineString", "coordinates": [[107.36143, 15.425985], [107.159768, 14.960122]]}, "properties": {"from_id": "81718", "to_id": "84444", "from_type": "reservoir", "to_type": "reservoir"}}, {"type": "Feature", "geometry": {"type": "LineString", "coordinates": [[102.489583, 15.084676], [104.098652, 15.343681]]}, "properties": {"from_id": "81816", "to_id": "88214", "from_type": "reservoir", "to_type": "reservoir"}}, {"type": "Feature", "geometry": {"type": "LineString", "coordinates": [[103.247545, 14.909752], [104.098652, 15.343681]]}, "properties": {"from_id": "82102", "to_id": "88214", "from_type": "reservoir", "to_type": "reservoir"}}, {"type": "Feature", "geometry": {"type": "LineString", "coordinates": [[103.693183, 16.537011], [104.304785, 15.439409]]}, "properties": {"from_id": "82107", "to_id": "74094", "from_type": "reservoir", "to_type": "reservoir"}}, {"type": "Feature", "geometry": {"type": "LineString", "coordinates": [[102.302083, 16.358893], [102.617817, 16.772725]]}, "properties": {"from_id": "82180", "to_id": "90206", "from_type": "reservoir", "to_type": "reservoir"}}, {"type": "Feature", "geometry": {"type": "LineString", "coordinates": [[103.460417, 16.114021], [104.304785, 15.439409]]}, "properties": {"from_id": "82541", "to_id": "74094", "from_type": "reservoir", "to_type": "reservoir"}}, {"type": "Feature", "geometry": {"type": "LineString", "coordinates": [[104.815794, 15.415683], [105.467708, 15.279676]]}, "properties": {"from_id": "82658", "to_id": "88993", "from_type": "reservoir", "to_type": "reservoir"}}, {"type": "Feature", "geometry": {"type": "LineString", "coordinates": [[102.620386, 19.355319], [102.77657, 18.753615]]}, "properties": {"from_id": "82751", "to_id": "89219", "from_type": "reservoir", "to_type": "reservoir"}}, {"type": "Feature", "geometry": {"type": "LineString", "coordinates": [[102.064583, 16.076921], [102.677498, 16.170966]]}, "properties": {"from_id": "83293", "to_id": "84647", "from_type": "reservoir", "to_type": "reservoir"}}, {"type": "Feature", "geometry": {"type": "LineString", "coordinates": [[108.157737, 12.417893], [108.072936, 12.481738]]}, "properties": {"from_id": "83317", "to_id": "41300", "from_type": "reservoir", "to_type": "reservoir"}}, {"type": "Feature", "geometry": {"type": "LineString", "coordinates": [[103.285429, 17.730007], [104.43435, 17.640161]]}, "properties": {"from_id": "83430", "to_id": "80684", "from_type": "reservoir", "to_type": "reservoir"}}, {"type": "Feature", "geometry": {"type": "LineString", "coordinates": [[103.042708, 14.913018], [103.205101, 15.275593]]}, "properties": {"from_id": "83505", "to_id": "77556", "from_type": "reservoir", "to_type": "reservoir"}}, {"type": "Feature", "geometry": {"type": "LineString", "coordinates": [[103.499416, 14.817126], [104.098652, 15.343681]]}, "properties": {"from_id": "83840", "to_id": "88214", "from_type": "reservoir", "to_type": "reservoir"}}, {"type": "Feature", "geometry": {"type": "LineString", "coordinates": [[102.439583, 14.301979], [104.098652, 15.343681]]}, "properties": {"from_id": "83885", "to_id": "88214", "from_type": "reservoir", "to_type": "reservoir"}}, {"type": "Feature", "geometry": {"type": "LineString", "coordinates": [[101.872334, 14.677083], [104.098652, 15.343681]]}, "properties": {"from_id": "83900", "to_id": "88214", "from_type": "reservoir", "to_type": "reservoir"}}, {"type": "Feature", "geometry": {"type": "LineString", "coordinates": [[103.548148, 14.764427], [103.499416, 14.817126]]}, "properties": {"from_id": "83907", "to_id": "83840", "from_type": "reservoir", "to_type": "reservoir"}}, {"type": "Feature", "geometry": {"type": "LineString", "coordinates": [[103.030208, 15.824707], [104.098652, 15.343681]]}, "properties": {"from_id": "83996", "to_id": "88214", "from_type": "reservoir", "to_type": "reservoir"}}, {"type": "Feature", "geometry": {"type": "LineString", "coordinates": [[101.650246, 16.53714], [101.79319, 16.41155]]}, "properties": {"from_id": "84027", "to_id": "75009", "from_type": "reservoir", "to_type": "reservoir"}}, {"type": "Feature", "geometry": {"type": "LineString", "coordinates": [[104.592602, 14.730511], [105.467708, 15.279676]]}, "properties": {"from_id": "84380", "to_id": "88993", "from_type": "reservoir", "to_type": "reservoir"}}, {"type": "Feature", "geometry": {"type": "LineString", "coordinates": [[101.839349, 14.592853], [104.098652, 15.343681]]}, "properties": {"from_id": "84434", "to_id": "88214", "from_type": "reservoir", "to_type": "reservoir"}}, {"type": "Feature", "geometry": {"type": "LineString", "coordinates": [[103.084889, 14.881082], [103.205101, 15.275593]]}, "properties": {"from_id": "84510", "to_id": "77556", "from_type": "reservoir", "to_type": "reservoir"}}, {"type": "Feature", "geometry": {"type": "LineString", "coordinates": [[102.677498, 16.170966], [104.304785, 15.439409]]}, "properties": {"from_id": "84647", "to_id": "74094", "from_type": "reservoir", "to_type": "reservoir"}}, {"type": "Feature", "geometry": {"type": "LineString", "coordinates": [[102.765925, 14.300292], [104.098652, 15.343681]]}, "properties": {"from_id": "85019", "to_id": "88214", "from_type": "reservoir", "to_type": "reservoir"}}, {"type": "Feature", "geometry": {"type": "LineString", "coordinates": [[107.935443, 13.039576], [106.256674, 13.552205]]}, "properties": {"from_id": "85258", "to_id": "87266", "from_type": "reservoir", "to_type": "reservoir"}}, {"type": "Feature", "geometry": {"type": "LineString", "coordinates": [[103.976042, 16.972114], [104.280208, 17.153727]]}, "properties": {"from_id": "86242", "to_id": "51705", "from_type": "reservoir", "to_type": "reservoir"}}, {"type": "Feature", "geometry": {"type": "LineString", "coordinates": [[101.560159, 14.863445], [104.098652, 15.343681]]}, "properties": {"from_id": "87022", "to_id": "88214", "from_type": "reservoir", "to_type": "reservoir"}}, {"type": "Feature", "geometry": {"type": "LineString", "coordinates": [[108.043697, 12.281214], [107.924414, 12.398511]]}, "properties": {"from_id": "87407", "to_id": "62101", "from_type": "reservoir", "to_type": "reservoir"}}, {"type": "Feature", "geometry": {"type": "LineString", "coordinates": [[107.864439, 14.40999], [107.832322, 14.230762]]}, "properties": {"from_id": "87746", "to_id": "88142", "from_type": "reservoir", "to_type": "reservoir"}}, {"type": "Feature", "geometry": {"type": "LineString", "coordinates": [[103.739583, 17.305071], [104.43435, 17.640161]]}, "properties": {"from_id": "87962", "to_id": "80684", "from_type": "reservoir", "to_type": "reservoir"}}, {"type": "Feature", "geometry": {"type": "LineString", "coordinates": [[107.497264, 13.968156], [106.256674, 13.552205]]}, "properties": {"from_id": "87979", "to_id": "87266", "from_type": "reservoir", "to_type": "reservoir"}}, {"type": "Feature", "geometry": {"type": "LineString", "coordinates": [[107.832322, 14.230762], [107.721858, 14.215329]]}, "properties": {"from_id": "88142", "to_id": "79812", "from_type": "reservoir", "to_type": "reservoir"}}, {"type": "Feature", "geometry": {"type": "LineString", "coordinates": [[104.098652, 15.343681], [105.467708, 15.279676]]}, "properties": {"from_id": "88214", "to_id": "88993", "from_type": "reservoir", "to_type": "reservoir"}}, {"type": "Feature", "geometry": {"type": "LineString", "coordinates": [[104.262951, 17.148796], [104.456465, 16.973111]]}, "properties": {"from_id": "88804", "to_id": "72581", "from_type": "reservoir", "to_type": "reservoir"}}, {"type": "Feature", "geometry": {"type": "LineString", "coordinates": [[102.77657, 18.753615], [102.5491, 18.531233]]}, "properties": {"from_id": "89219", "to_id": "90321", "from_type": "reservoir", "to_type": "reservoir"}}, {"type": "Feature", "geometry": {"type": "LineString", "coordinates": [[105.430544, 15.205083], [105.467708, 15.279676]]}, "properties": {"from_id": "89953", "to_id": "88993", "from_type": "reservoir", "to_type": "reservoir"}}, {"type": "Feature", "geometry": {"type": "LineString", "coordinates": [[103.453125, 16.603534], [104.304785, 15.439409]]}, "properties": {"from_id": "90092", "to_id": "74094", "from_type": "reservoir", "to_type": "reservoir"}}, {"type": "Feature", "geometry": {"type": "LineString", "coordinates": [[102.617817, 16.772725], [104.304785, 15.439409]]}, "properties": {"from_id": "90206", "to_id": "74094", "from_type": "reservoir", "to_type": "reservoir"}}, {"type": "Feature", "geometry": {"type": "LineString", "coordinates": [[75.792781, 26.809512], [76.331095, 26.448372]]}, "properties": {"from_id": "4894", "to_id": "76253", "from_type": "reservoir", "to_type": "reservoir"}}, {"type": "Feature", "geometry": {"type": "LineString", "coordinates": [[83.051245, 24.140844], [83.057177, 24.109281]]}, "properties": {"from_id": "7307", "to_id": "44967", "from_type": "reservoir", "to_type": "reservoir"}}, {"type": "Feature", "geometry": {"type": "LineString", "coordinates": [[80.874794, 23.746019], [80.940081, 23.923095]]}, "properties": {"from_id": "53490", "to_id": "68004", "from_type": "reservoir", "to_type": "reservoir"}}, {"type": "Feature", "geometry": {"type": "LineString", "coordinates": [[83.037672, 24.016813], [83.007292, 24.200837]]}, "properties": {"from_id": "9229", "to_id": "90276", "from_type": "reservoir", "to_type": "reservoir"}}, {"type": "Feature", "geometry": {"type": "LineString", "coordinates": [[77.103872, 26.47889], [77.005208, 26.559876]]}, "properties": {"from_id": "11796", "to_id": "78518", "from_type": "reservoir", "to_type": "reservoir"}}, {"type": "Feature", "geometry": {"type": "LineString", "coordinates": [[83.024871, 24.133564], [83.007292, 24.200837]]}, "properties": {"from_id": "17313", "to_id": "90276", "from_type": "reservoir", "to_type": "reservoir"}}, {"type": "Feature", "geometry": {"type": "LineString", "coordinates": [[77.186, 26.510083], [77.446641, 26.622602]]}, "properties": {"from_id": "18044", "to_id": "63682", "from_type": "reservoir", "to_type": "reservoir"}}, {"type": "Feature", "geometry": {"type": "LineString", "coordinates": [[80.608627, 23.19602], [81.288434, 24.190348]]}, "properties": {"from_id": "18814", "to_id": "90228", "from_type": "reservoir", "to_type": "reservoir"}}, {"type": "Feature", "geometry": {"type": "LineString", "coordinates": [[76.933875, 26.381542], [76.769075, 26.271338]]}, "properties": {"from_id": "18954", "to_id": "84718", "from_type": "reservoir", "to_type": "reservoir"}}, {"type": "Feature", "geometry": {"type": "LineString", "coordinates": [[69.22284, 34.140296], [69.715625, 34.644781]]}, "properties": {"from_id": "21538", "to_id": "85529", "from_type": "reservoir", "to_type": "reservoir"}}, {"type": "Feature", "geometry": {"type": "LineString", "coordinates": [[83.125083, 24.203833], [83.209556, 24.231934]]}, "properties": {"from_id": "23628", "to_id": "28555", "from_type": "reservoir", "to_type": "reservoir"}}, {"type": "Feature", "geometry": {"type": "LineString", "coordinates": [[83.07419, 22.893466], [83.007292, 24.200837]]}, "properties": {"from_id": "23795", "to_id": "90276", "from_type": "reservoir", "to_type": "reservoir"}}, {"type": "Feature", "geometry": {"type": "LineString", "coordinates": [[81.802167, 23.2105], [81.288434, 24.190348]]}, "properties": {"from_id": "23861", "to_id": "90228", "from_type": "reservoir", "to_type": "reservoir"}}, {"type": "Feature", "geometry": {"type": "LineString", "coordinates": [[77.203375, 26.576125], [77.005208, 26.559876]]}, "properties": {"from_id": "24167", "to_id": "78518", "from_type": "reservoir", "to_type": "reservoir"}}, {"type": "Feature", "geometry": {"type": "LineString", "coordinates": [[80.636008, 23.25567], [80.691484, 23.293767]]}, "properties": {"from_id": "24888", "to_id": "54782", "from_type": "reservoir", "to_type": "reservoir"}}, {"type": "Feature", "geometry": {"type": "LineString", "coordinates": [[73.531018, 33.072552], [73.529527, 33.055718]]}, "properties": {"from_id": "25542", "to_id": "62898", "from_type": "reservoir", "to_type": "reservoir"}}, {"type": "Feature", "geometry": {"type": "LineString", "coordinates": [[83.165417, 23.21274], [83.102448, 23.474499]]}, "properties": {"from_id": "25612", "to_id": "28395", "from_type": "reservoir", "to_type": "reservoir"}}, {"type": "Feature", "geometry": {"type": "LineString", "coordinates": [[79.131497, 25.204654], [79.135093, 25.230733]]}, "properties": {"from_id": "25622", "to_id": "33972", "from_type": "reservoir", "to_type": "reservoir"}}, {"type": "Feature", "geometry": {"type": "LineString", "coordinates": [[83.102448, 23.474499], [83.007292, 24.200837]]}, "properties": {"from_id": "28395", "to_id": "90276", "from_type": "reservoir", "to_type": "reservoir"}}, {"type": "Feature", "geometry": {"type": "LineString", "coordinates": [[83.209556, 24.231934], [83.192301, 24.228494]]}, "properties": {"from_id": "28555", "to_id": "37171", "from_type": "reservoir", "to_type": "reservoir"}}, {"type": "Feature", "geometry": {"type": "LineString", "coordinates": [[83.069815, 23.950723], [83.007292, 24.200837]]}, "properties": {"from_id": "29051", "to_id": "90276", "from_type": "reservoir", "to_type": "reservoir"}}, {"type": "Feature", "geometry": {"type": "LineString", "coordinates": [[79.031616, 24.755307], [79.027083, 24.860417]]}, "properties": {"from_id": "29162", "to_id": "56653", "from_type": "reservoir", "to_type": "reservoir"}}, {"type": "Feature", "geometry": {"type": "LineString", "coordinates": [[77.717492, 25.427498], [77.884787, 25.672398]]}, "properties": {"from_id": "29269", "to_id": "84516", "from_type": "reservoir", "to_type": "reservoir"}}, {"type": "Feature", "geometry": {"type": "LineString", "coordinates": [[78.939217, 25.154781], [78.920271, 25.137625]]}, "properties": {"from_id": "29407", "to_id": "38966", "from_type": "reservoir", "to_type": "reservoir"}}, {"type": "Feature", "geometry": {"type": "LineString", "coordinates": [[77.592766, 22.950113], [78.231178, 24.76032]]}, "properties": {"from_id": "30522", "to_id": "88059", "from_type": "reservoir", "to_type": "reservoir"}}, {"type": "Feature", "geometry": {"type": "LineString", "coordinates": [[73.30311, 33.293372], [73.644471, 33.143972]]}, "properties": {"from_id": "31054", "to_id": "89940", "from_type": "reservoir", "to_type": "reservoir"}}, {"type": "Feature", "geometry": {"type": "LineString", "coordinates": [[80.62868, 23.086894], [81.288434, 24.190348]]}, "properties": {"from_id": "32659", "to_id": "90228", "from_type": "reservoir", "to_type": "reservoir"}}, {"type": "Feature", "geometry": {"type": "LineString", "coordinates": [[80.618473, 23.121842], [81.288434, 24.190348]]}, "properties": {"from_id": "33818", "to_id": "90228", "from_type": "reservoir", "to_type": "reservoir"}}, {"type": "Feature", "geometry": {"type": "LineString", "coordinates": [[77.263367, 26.698812], [77.371773, 26.896903]]}, "properties": {"from_id": "34558", "to_id": "82426", "from_type": "reservoir", "to_type": "reservoir"}}, {"type": "Feature", "geometry": {"type": "LineString", "coordinates": [[83.163454, 22.931606], [83.007292, 24.200837]]}, "properties": {"from_id": "34753", "to_id": "90276", "from_type": "reservoir", "to_type": "reservoir"}}, {"type": "Feature", "geometry": {"type": "LineString", "coordinates": [[81.981465, 23.241012], [81.288434, 24.190348]]}, "properties": {"from_id": "35123", "to_id": "90228", "from_type": "reservoir", "to_type": "reservoir"}}, {"type": "Feature", "geometry": {"type": "LineString", "coordinates": [[83.098983, 23.15124], [83.007292, 24.200837]]}, "properties": {"from_id": "35607", "to_id": "90276", "from_type": "reservoir", "to_type": "reservoir"}}, {"type": "Feature", "geometry": {"type": "LineString", "coordinates": [[76.714079, 30.901235], [72.549847, 29.826518]]}, "properties": {"from_id": "36563", "to_id": "79699", "from_type": "reservoir", "to_type": "reservoir"}}, {"type": "Feature", "geometry": {"type": "LineString", "coordinates": [[79.551993, 23.814662], [79.54597, 23.771142]]}, "properties": {"from_id": "37762", "to_id": "47749", "from_type": "reservoir", "to_type": "reservoir"}}, {"type": "Feature", "geometry": {"type": "LineString", "coordinates": [[75.992319, 31.602694], [72.549847, 29.826518]]}, "properties": {"from_id": "38660", "to_id": "79699", "from_type": "reservoir", "to_type": "reservoir"}}, {"type": "Feature", "geometry": {"type": "LineString", "coordinates": [[79.783417, 23.846025], [79.823209, 23.806307]]}, "properties": {"from_id": "38676", "to_id": "55168", "from_type": "reservoir", "to_type": "reservoir"}}, {"type": "Feature", "geometry": {"type": "LineString", "coordinates": [[78.920271, 25.137625], [79.131497, 25.204654]]}, "properties": {"from_id": "38966", "to_id": "25622", "from_type": "reservoir", "to_type": "reservoir"}}, {"type": "Feature", "geometry": {"type": "LineString", "coordinates": [[83.163805, 23.246637], [83.236245, 23.273531]]}, "properties": {"from_id": "39312", "to_id": "50334", "from_type": "reservoir", "to_type": "reservoir"}}, {"type": "Feature", "geometry": {"type": "LineString", "coordinates": [[76.643619, 24.24586], [76.282541, 25.019863]]}, "properties": {"from_id": "39844", "to_id": "53419", "from_type": "reservoir", "to_type": "reservoir"}}, {"type": "Feature", "geometry": {"type": "LineString", "coordinates": [[74.6635, 24.479542], [74.731306, 24.701374]]}, "properties": {"from_id": "40089", "to_id": "80132", "from_type": "reservoir", "to_type": "reservoir"}}, {"type": "Feature", "geometry": {"type": "LineString", "coordinates": [[80.720438, 23.226685], [80.608627, 23.19602]]}, "properties": {"from_id": "41041", "to_id": "18814", "from_type": "reservoir", "to_type": "reservoir"}}, {"type": "Feature", "geometry": {"type": "LineString", "coordinates": [[80.719684, 23.244956], [80.608627, 23.19602]]}, "properties": {"from_id": "41111", "to_id": "18814", "from_type": "reservoir", "to_type": "reservoir"}}, {"type": "Feature", "geometry": {"type": "LineString", "coordinates": [[83.117104, 23.470542], [83.102448, 23.474499]]}, "properties": {"from_id": "41146", "to_id": "28395", "from_type": "reservoir", "to_type": "reservoir"}}, {"type": "Feature", "geometry": {"type": "LineString", "coordinates": [[83.113151, 24.059603], [83.225844, 24.198323]]}, "properties": {"from_id": "41163", "to_id": "25930", "from_type": "reservoir", "to_type": "reservoir"}}, {"type": "Feature", "geometry": {"type": "LineString", "coordinates": [[82.679742, 23.334498], [82.756192, 23.302612]]}, "properties": {"from_id": "41369", "to_id": "43012", "from_type": "reservoir", "to_type": "reservoir"}}, {"type": "Feature", "geometry": {"type": "LineString", "coordinates": [[77.208225, 26.674925], [77.005208, 26.559876]]}, "properties": {"from_id": "41372", "to_id": "78518", "from_type": "reservoir", "to_type": "reservoir"}}, {"type": "Feature", "geometry": {"type": "LineString", "coordinates": [[78.861199, 25.117425], [78.939217, 25.154781]]}, "properties": {"from_id": "41866", "to_id": "29407", "from_type": "reservoir", "to_type": "reservoir"}}, {"type": "Feature", "geometry": {"type": "LineString", "coordinates": [[72.971501, 33.448266], [72.935618, 33.428552]]}, "properties": {"from_id": "41966", "to_id": "50002", "from_type": "reservoir", "to_type": "reservoir"}}, {"type": "Feature", "geometry": {"type": "LineString", "coordinates": [[83.367193, 23.386764], [83.102448, 23.474499]]}, "properties": {"from_id": "42577", "to_id": "28395", "from_type": "reservoir", "to_type": "reservoir"}}, {"type": "Feature", "geometry": {"type": "LineString", "coordinates": [[75.176675, 25.351335], [75.459193, 25.498438]]}, "properties": {"from_id": "42822", "to_id": "81103", "from_type": "reservoir", "to_type": "reservoir"}}, {"type": "Feature", "geometry": {"type": "LineString", "coordinates": [[81.443018, 23.724808], [81.288434, 24.190348]]}, "properties": {"from_id": "42854", "to_id": "90228", "from_type": "reservoir", "to_type": "reservoir"}}, {"type": "Feature", "geometry": {"type": "LineString", "coordinates": [[77.205918, 26.607541], [77.005208, 26.559876]]}, "properties": {"from_id": "42979", "to_id": "78518", "from_type": "reservoir", "to_type": "reservoir"}}, {"type": "Feature", "geometry": {"type": "LineString", "coordinates": [[82.756192, 23.302612], [83.007292, 24.200837]]}, "properties": {"from_id": "43012", "to_id": "90276", "from_type": "reservoir", "to_type": "reservoir"}}, {"type": "Feature", "geometry": {"type": "LineString", "coordinates": [[83.425083, 24.737708], [83.297917, 24.975486]]}, "properties": {"from_id": "43957", "to_id": "84315", "from_type": "reservoir", "to_type": "reservoir"}}, {"type": "Feature", "geometry": {"type": "LineString", "coordinates": [[77.886754, 23.304655], [78.231178, 24.76032]]}, "properties": {"from_id": "44782", "to_id": "88059", "from_type": "reservoir", "to_type": "reservoir"}}, {"type": "Feature", "geometry": {"type": "LineString", "coordinates": [[83.057177, 24.109281], [83.037672, 24.016813]]}, "properties": {"from_id": "44967", "to_id": "9229", "from_type": "reservoir", "to_type": "reservoir"}}, {"type": "Feature", "geometry": {"type": "LineString", "coordinates": [[76.822337, 22.95808], [76.802682, 22.989416]]}, "properties": {"from_id": "46545", "to_id": "68325", "from_type": "reservoir", "to_type": "reservoir"}}, {"type": "Feature", "geometry": {"type": "LineString", "coordinates": [[71.846454, 33.561811], [71.825042, 33.55225]]}, "properties": {"from_id": "46678", "to_id": "56979", "from_type": "reservoir", "to_type": "reservoir"}}, {"type": "Feature", "geometry": {"type": "LineString", "coordinates": [[83.138574, 23.201293], [83.102448, 23.474499]]}, "properties": {"from_id": "46937", "to_id": "28395", "from_type": "reservoir", "to_type": "reservoir"}}, {"type": "Feature", "geometry": {"type": "LineString", "coordinates": [[77.820705, 23.249676], [77.762853, 23.216816]]}, "properties": {"from_id": "47462", "to_id": "66021", "from_type": "reservoir", "to_type": "reservoir"}}, {"type": "Feature", "geometry": {"type": "LineString", "coordinates": [[79.08184, 24.838292], [79.135639, 24.971846]]}, "properties": {"from_id": "47645", "to_id": "64419", "from_type": "reservoir", "to_type": "reservoir"}}, {"type": "Feature", "geometry": {"type": "LineString", "coordinates": [[81.478383, 23.685089], [81.288434, 24.190348]]}, "properties": {"from_id": "47686", "to_id": "90228", "from_type": "reservoir", "to_type": "reservoir"}}, {"type": "Feature", "geometry": {"type": "LineString", "coordinates": [[79.54597, 23.771142], [79.490625, 23.800919]]}, "properties": {"from_id": "47749", "to_id": "59876", "from_type": "reservoir", "to_type": "reservoir"}}, {"type": "Feature", "geometry": {"type": "LineString", "coordinates": [[77.419984, 23.203278], [77.408466, 23.199555]]}, "properties": {"from_id": "47821", "to_id": "75566", "from_type": "reservoir", "to_type": "reservoir"}}, {"type": "Feature", "geometry": {"type": "LineString", "coordinates": [[83.280208, 24.619351], [83.172986, 24.61056]]}, "properties": {"from_id": "48095", "to_id": "85249", "from_type": "reservoir", "to_type": "reservoir"}}, {"type": "Feature", "geometry": {"type": "LineString", "coordinates": [[75.821428, 32.677866], [75.730279, 32.447996]]}, "properties": {"from_id": "48235", "to_id": "88178", "from_type": "reservoir", "to_type": "reservoir"}}, {"type": "Feature", "geometry": {"type": "LineString", "coordinates": [[75.644164, 22.486831], [75.553943, 24.700139]]}, "properties": {"from_id": "48465", "to_id": "90381", "from_type": "reservoir", "to_type": "reservoir"}}, {"type": "Feature", "geometry": {"type": "LineString", "coordinates": [[83.54061, 23.414863], [83.367193, 23.386764]]}, "properties": {"from_id": "49094", "to_id": "42577", "from_type": "reservoir", "to_type": "reservoir"}}, {"type": "Feature", "geometry": {"type": "LineString", "coordinates": [[83.016406, 22.929465], [83.07419, 22.893466]]}, "properties": {"from_id": "49107", "to_id": "23795", "from_type": "reservoir", "to_type": "reservoir"}}, {"type": "Feature", "geometry": {"type": "LineString", "coordinates": [[82.033614, 22.913839], [81.288434, 24.190348]]}, "properties": {"from_id": "49780", "to_id": "90228", "from_type": "reservoir", "to_type": "reservoir"}}, {"type": "Feature", "geometry": {"type": "LineString", "coordinates": [[76.547925, 23.227075], [76.282541, 25.019863]]}, "properties": {"from_id": "50273", "to_id": "53419", "from_type": "reservoir", "to_type": "reservoir"}}, {"type": "Feature", "geometry": {"type": "LineString", "coordinates": [[77.5563, 26.599115], [77.588605, 26.604629]]}, "properties": {"from_id": "50306", "to_id": "81356", "from_type": "reservoir", "to_type": "reservoir"}}, {"type": "Feature", "geometry": {"type": "LineString", "coordinates": [[83.236245, 23.273531], [83.102448, 23.474499]]}, "properties": {"from_id": "50334", "to_id": "28395", "from_type": "reservoir", "to_type": "reservoir"}}, {"type": "Feature", "geometry": {"type": "LineString", "coordinates": [[74.631252, 25.181248], [75.458686, 25.92453]]}, "properties": {"from_id": "50336", "to_id": "88587", "from_type": "reservoir", "to_type": "reservoir"}}, {"type": "Feature", "geometry": {"type": "LineString", "coordinates": [[81.6937, 23.319265], [81.288434, 24.190348]]}, "properties": {"from_id": "50641", "to_id": "90228", "from_type": "reservoir", "to_type": "reservoir"}}, {"type": "Feature", "geometry": {"type": "LineString", "coordinates": [[83.35665, 24.705554], [83.297917, 24.975486]]}, "properties": {"from_id": "50729", "to_id": "84315", "from_type": "reservoir", "to_type": "reservoir"}}, {"type": "Feature", "geometry": {"type": "LineString", "coordinates": [[83.146053, 24.188267], [83.209556, 24.231934]]}, "properties": {"from_id": "50813", "to_id": "28555", "from_type": "reservoir", "to_type": "reservoir"}}, {"type": "Feature", "geometry": {"type": "LineString", "coordinates": [[78.122051, 26.179987], [78.058617, 26.137853]]}, "properties": {"from_id": "51049", "to_id": "61774", "from_type": "reservoir", "to_type": "reservoir"}}, {"type": "Feature", "geometry": {"type": "LineString", "coordinates": [[76.535106, 23.415293], [76.282541, 25.019863]]}, "properties": {"from_id": "51167", "to_id": "53419", "from_type": "reservoir", "to_type": "reservoir"}}, {"type": "Feature", "geometry": {"type": "LineString", "coordinates": [[76.322847, 22.618063], [76.313966, 23.085047]]}, "properties": {"from_id": "51559", "to_id": "46406", "from_type": "reservoir", "to_type": "reservoir"}}, {"type": "Feature", "geometry": {"type": "LineString", "coordinates": [[77.477506, 25.743708], [77.467298, 25.722802]]}, "properties": {"from_id": "51965", "to_id": "70121", "from_type": "reservoir", "to_type": "reservoir"}}, {"type": "Feature", "geometry": {"type": "LineString", "coordinates": [[76.748436, 30.86906], [72.549847, 29.826518]]}, "properties": {"from_id": "52436", "to_id": "79699", "from_type": "reservoir", "to_type": "reservoir"}}, {"type": "Feature", "geometry": {"type": "LineString", "coordinates": [[75.138801, 25.154366], [75.458686, 25.92453]]}, "properties": {"from_id": "52438", "to_id": "88587", "from_type": "reservoir", "to_type": "reservoir"}}, {"type": "Feature", "geometry": {"type": "LineString", "coordinates": [[75.971541, 31.602455], [72.549847, 29.826518]]}, "properties": {"from_id": "53261", "to_id": "79699", "from_type": "reservoir", "to_type": "reservoir"}}, {"type": "Feature", "geometry": {"type": "LineString", "coordinates": [[79.462633, 24.643768], [79.859303, 24.685417]]}, "properties": {"from_id": "53516", "to_id": "84513", "from_type": "reservoir", "to_type": "reservoir"}}, {"type": "Feature", "geometry": {"type": "LineString", "coordinates": [[78.966946, 23.406487], [78.972466, 23.420368]]}, "properties": {"from_id": "54172", "to_id": "71728", "from_type": "reservoir", "to_type": "reservoir"}}, {"type": "Feature", "geometry": {"type": "LineString", "coordinates": [[75.938273, 23.418956], [75.553943, 24.700139]]}, "properties": {"from_id": "54538", "to_id": "90381", "from_type": "reservoir", "to_type": "reservoir"}}, {"type": "Feature", "geometry": {"type": "LineString", "coordinates": [[82.421135, 27.623961], [82.449589, 27.59673]]}, "properties": {"from_id": "54624", "to_id": "72621", "from_type": "reservoir", "to_type": "reservoir"}}, {"type": "Feature", "geometry": {"type": "LineString", "coordinates": [[80.691484, 23.293767], [81.288434, 24.190348]]}, "properties": {"from_id": "54782", "to_id": "90228", "from_type": "reservoir", "to_type": "reservoir"}}, {"type": "Feature", "geometry": {"type": "LineString", "coordinates": [[79.048857, 24.725869], [79.027083, 24.860417]]}, "properties": {"from_id": "54856", "to_id": "56653", "from_type": "reservoir", "to_type": "reservoir"}}, {"type": "Feature", "geometry": {"type": "LineString", "coordinates": [[74.134033, 25.725738], [75.458686, 25.92453]]}, "properties": {"from_id": "54932", "to_id": "88587", "from_type": "reservoir", "to_type": "reservoir"}}, {"type": "Feature", "geometry": {"type": "LineString", "coordinates": [[79.823209, 23.806307], [79.784486, 23.805317]]}, "properties": {"from_id": "55168", "to_id": "24145", "from_type": "reservoir", "to_type": "reservoir"}}, {"type": "Feature", "geometry": {"type": "LineString", "coordinates": [[74.35625, 25.047767], [75.458686, 25.92453]]}, "properties": {"from_id": "55916", "to_id": "88587", "from_type": "reservoir", "to_type": "reservoir"}}, {"type": "Feature", "geometry": {"type": "LineString", "coordinates": [[82.604887, 25.080103], [82.610155, 24.99637]]}, "properties": {"from_id": "56167", "to_id": "74551", "from_type": "reservoir", "to_type": "reservoir"}}, {"type": "Feature", "geometry": {"type": "LineString", "coordinates": [[76.392708, 27.243799], [76.410403, 27.119445]]}, "properties": {"from_id": "56386", "to_id": "66079", "from_type": "reservoir", "to_type": "reservoir"}}, {"type": "Feature", "geometry": {"type": "LineString", "coordinates": [[75.919264, 23.444559], [75.553943, 24.700139]]}, "properties": {"from_id": "56519", "to_id": "90381", "from_type": "reservoir", "to_type": "reservoir"}}, {"type": "Feature", "geometry": {"type": "LineString", "coordinates": [[79.027083, 24.860417], [79.135639, 24.971846]]}, "properties": {"from_id": "56653", "to_id": "64419", "from_type": "reservoir", "to_type": "reservoir"}}, {"type": "Feature", "geometry": {"type": "LineString", "coordinates": [[72.996875, 32.809849], [73.51113, 32.684284]]}, "properties": {"from_id": "56986", "to_id": "87726", "from_type": "reservoir", "to_type": "reservoir"}}, {"type": "Feature", "geometry": {"type": "LineString", "coordinates": [[79.036664, 25.414561], [79.122795, 25.480921]]}, "properties": {"from_id": "57035", "to_id": "48177", "from_type": "reservoir", "to_type": "reservoir"}}, {"type": "Feature", "geometry": {"type": "LineString", "coordinates": [[73.847578, 24.685417], [75.458686, 25.92453]]}, "properties": {"from_id": "57331", "to_id": "88587", "from_type": "reservoir", "to_type": "reservoir"}}, {"type": "Feature", "geometry": {"type": "LineString", "coordinates": [[79.919586, 23.710073], [79.737277, 23.695276]]}, "properties": {"from_id": "57655", "to_id": "77808", "from_type": "reservoir", "to_type": "reservoir"}}, {"type": "Feature", "geometry": {"type": "LineString", "coordinates": [[77.077475, 23.802147], [76.282541, 25.019863]]}, "properties": {"from_id": "57753", "to_id": "53419", "from_type": "reservoir", "to_type": "reservoir"}}, {"type": "Feature", "geometry": {"type": "LineString", "coordinates": [[74.043106, 25.514332], [74.541859, 25.39521]]}, "properties": {"from_id": "57944", "to_id": "73473", "from_type": "reservoir", "to_type": "reservoir"}}, {"type": "Feature", "geometry": {"type": "LineString", "coordinates": [[75.953667, 31.670193], [72.549847, 29.826518]]}, "properties": {"from_id": "58149", "to_id": "79699", "from_type": "reservoir", "to_type": "reservoir"}}, {"type": "Feature", "geometry": {"type": "LineString", "coordinates": [[80.310356, 23.721408], [80.460501, 23.839067]]}, "properties": {"from_id": "58860", "to_id": "63066", "from_type": "reservoir", "to_type": "reservoir"}}, {"type": "Feature", "geometry": {"type": "LineString", "coordinates": [[75.328125, 25.386225], [75.459193, 25.498438]]}, "properties": {"from_id": "58953", "to_id": "81103", "from_type": "reservoir", "to_type": "reservoir"}}, {"type": "Feature", "geometry": {"type": "LineString", "coordinates": [[78.719005, 25.209162], [78.697917, 25.185417]]}, "properties": {"from_id": "59536", "to_id": "76440", "from_type": "reservoir", "to_type": "reservoir"}}, {"type": "Feature", "geometry": {"type": "LineString", "coordinates": [[82.655902, 23.285572], [82.756192, 23.302612]]}, "properties": {"from_id": "59860", "to_id": "43012", "from_type": "reservoir", "to_type": "reservoir"}}, {"type": "Feature", "geometry": {"type": "LineString", "coordinates": [[75.021769, 25.993922], [75.458686, 25.92453]]}, "properties": {"from_id": "60205", "to_id": "88587", "from_type": "reservoir", "to_type": "reservoir"}}, {"type": "Feature", "geometry": {"type": "LineString", "coordinates": [[79.411133, 23.352942], [79.317613, 23.327451]]}, "properties": {"from_id": "60542", "to_id": "53416", "from_type": "reservoir", "to_type": "reservoir"}}, {"type": "Feature", "geometry": {"type": "LineString", "coordinates": [[79.807976, 25.293387], [79.710417, 25.588271]]}, "properties": {"from_id": "61324", "to_id": "86989", "from_type": "reservoir", "to_type": "reservoir"}}, {"type": "Feature", "geometry": {"type": "LineString", "coordinates": [[83.094675, 23.102104], [83.007292, 24.200837]]}, "properties": {"from_id": "61568", "to_id": "90276", "from_type": "reservoir", "to_type": "reservoir"}}, {"type": "Feature", "geometry": {"type": "LineString", "coordinates": [[78.058617, 26.137853], [78.140572, 26.400367]]}, "properties": {"from_id": "61774", "to_id": "72149", "from_type": "reservoir", "to_type": "reservoir"}}, {"type": "Feature", "geometry": {"type": "LineString", "coordinates": [[75.341939, 25.519591], [75.459193, 25.498438]]}, "properties": {"from_id": "62160", "to_id": "81103", "from_type": "reservoir", "to_type": "reservoir"}}, {"type": "Feature", "geometry": {"type": "LineString", "coordinates": [[75.649327, 22.671229], [75.553943, 24.700139]]}, "properties": {"from_id": "62718", "to_id": "90381", "from_type": "reservoir", "to_type": "reservoir"}}, {"type": "Feature", "geometry": {"type": "LineString", "coordinates": [[73.529527, 33.055718], [73.51113, 32.684284]]}, "properties": {"from_id": "62898", "to_id": "87726", "from_type": "reservoir", "to_type": "reservoir"}}, {"type": "Feature", "geometry": {"type": "LineString", "coordinates": [[80.478381, 23.750612], [80.460501, 23.839067]]}, "properties": {"from_id": "63040", "to_id": "63066", "from_type": "reservoir", "to_type": "reservoir"}}, {"type": "Feature", "geometry": {"type": "LineString", "coordinates": [[80.460501, 23.839067], [81.288434, 24.190348]]}, "properties": {"from_id": "63066", "to_id": "90228", "from_type": "reservoir", "to_type": "reservoir"}}, {"type": "Feature", "geometry": {"type": "LineString", "coordinates": [[76.394792, 22.935417], [76.313966, 23.085047]]}, "properties": {"from_id": "63091", "to_id": "46406", "from_type": "reservoir", "to_type": "reservoir"}}, {"type": "Feature", "geometry": {"type": "LineString", "coordinates": [[81.91207, 23.144205], [81.288434, 24.190348]]}, "properties": {"from_id": "63195", "to_id": "90228", "from_type": "reservoir", "to_type": "reservoir"}}, {"type": "Feature", "geometry": {"type": "LineString", "coordinates": [[75.284303, 25.461152], [75.459193, 25.498438]]}, "properties": {"from_id": "63473", "to_id": "81103", "from_type": "reservoir", "to_type": "reservoir"}}, {"type": "Feature", "geometry": {"type": "LineString", "coordinates": [[77.79784, 30.502521], [77.666424, 30.43588]]}, "properties": {"from_id": "63834", "to_id": "63486", "from_type": "reservoir", "to_type": "reservoir"}}, {"type": "Feature", "geometry": {"type": "LineString", "coordinates": [[76.473122, 23.976194], [76.472146, 24.341812]]}, "properties": {"from_id": "63840", "to_id": "80965", "from_type": "reservoir", "to_type": "reservoir"}}, {"type": "Feature", "geometry": {"type": "LineString", "coordinates": [[81.560266, 23.482899], [81.288434, 24.190348]]}, "properties": {"from_id": "64255", "to_id": "90228", "from_type": "reservoir", "to_type": "reservoir"}}, {"type": "Feature", "geometry": {"type": "LineString", "coordinates": [[77.877083, 24.37447], [78.231178, 24.76032]]}, "properties": {"from_id": "64359", "to_id": "88059", "from_type": "reservoir", "to_type": "reservoir"}}, {"type": "Feature", "geometry": {"type": "LineString", "coordinates": [[75.122854, 25.243415], [75.458686, 25.92453]]}, "properties": {"from_id": "64623", "to_id": "88587", "from_type": "reservoir", "to_type": "reservoir"}}, {"type": "Feature", "geometry": {"type": "LineString", "coordinates": [[79.828446, 23.843494], [79.783417, 23.846025]]}, "properties": {"from_id": "64640", "to_id": "38676", "from_type": "reservoir", "to_type": "reservoir"}}, {"type": "Feature", "geometry": {"type": "LineString", "coordinates": [[77.501195, 25.793699], [77.693734, 25.898632]]}, "properties": {"from_id": "64750", "to_id": "82167", "from_type": "reservoir", "to_type": "reservoir"}}, {"type": "Feature", "geometry": {"type": "LineString", "coordinates": [[74.346521, 25.325208], [74.541859, 25.39521]]}, "properties": {"from_id": "65007", "to_id": "73473", "from_type": "reservoir", "to_type": "reservoir"}}, {"type": "Feature", "geometry": {"type": "LineString", "coordinates": [[74.650622, 24.517667], [74.731306, 24.701374]]}, "properties": {"from_id": "65392", "to_id": "80132", "from_type": "reservoir", "to_type": "reservoir"}}, {"type": "Feature", "geometry": {"type": "LineString", "coordinates": [[77.801931, 24.589213], [78.371526, 25.097261]]}, "properties": {"from_id": "65395", "to_id": "88816", "from_type": "reservoir", "to_type": "reservoir"}}, {"type": "Feature", "geometry": {"type": "LineString", "coordinates": [[80.57224, 23.640805], [81.288434, 24.190348]]}, "properties": {"from_id": "65463", "to_id": "90228", "from_type": "reservoir", "to_type": "reservoir"}}, {"type": "Feature", "geometry": {"type": "LineString", "coordinates": [[75.111372, 25.415569], [75.458686, 25.92453]]}, "properties": {"from_id": "65891", "to_id": "88587", "from_type": "reservoir", "to_type": "reservoir"}}, {"type": "Feature", "geometry": {"type": "LineString", "coordinates": [[77.762853, 23.216816], [78.231178, 24.76032]]}, "properties": {"from_id": "66021", "to_id": "88059", "from_type": "reservoir", "to_type": "reservoir"}}, {"type": "Feature", "geometry": {"type": "LineString", "coordinates": [[76.809375, 22.888745], [76.802682, 22.989416]]}, "properties": {"from_id": "66105", "to_id": "68325", "from_type": "reservoir", "to_type": "reservoir"}}, {"type": "Feature", "geometry": {"type": "LineString", "coordinates": [[83.194792, 23.370444], [83.102448, 23.474499]]}, "properties": {"from_id": "66454", "to_id": "28395", "from_type": "reservoir", "to_type": "reservoir"}}, {"type": "Feature", "geometry": {"type": "LineString", "coordinates": [[75.706347, 22.489225], [75.694006, 22.82583]]}, "properties": {"from_id": "66592", "to_id": "77811", "from_type": "reservoir", "to_type": "reservoir"}}, {"type": "Feature", "geometry": {"type": "LineString", "coordinates": [[75.854929, 26.953231], [76.331095, 26.448372]]}, "properties": {"from_id": "66955", "to_id": "76253", "from_type": "reservoir", "to_type": "reservoir"}}, {"type": "Feature", "geometry": {"type": "LineString", "coordinates": [[75.891245, 31.736893], [72.549847, 29.826518]]}, "properties": {"from_id": "67129", "to_id": "79699", "from_type": "reservoir", "to_type": "reservoir"}}, {"type": "Feature", "geometry": {"type": "LineString", "coordinates": [[78.54375, 24.693382], [78.781221, 25.513835]]}, "properties": {"from_id": "67174", "to_id": "85250", "from_type": "reservoir", "to_type": "reservoir"}}, {"type": "Feature", "geometry": {"type": "LineString", "coordinates": [[75.528265, 24.288783], [75.553943, 24.700139]]}, "properties": {"from_id": "67268", "to_id": "90381", "from_type": "reservoir", "to_type": "reservoir"}}, {"type": "Feature", "geometry": {"type": "LineString", "coordinates": [[78.111947, 23.541284], [78.231178, 24.76032]]}, "properties": {"from_id": "67292", "to_id": "88059", "from_type": "reservoir", "to_type": "reservoir"}}, {"type": "Feature", "geometry": {"type": "LineString", "coordinates": [[79.692648, 25.288201], [79.710417, 25.588271]]}, "properties": {"from_id": "67431", "to_id": "86989", "from_type": "reservoir", "to_type": "reservoir"}}, {"type": "Feature", "geometry": {"type": "LineString", "coordinates": [[76.058658, 27.045428], [76.229913, 26.981348]]}, "properties": {"from_id": "67483", "to_id": "71475", "from_type": "reservoir", "to_type": "reservoir"}}, {"type": "Feature", "geometry": {"type": "LineString", "coordinates": [[77.790979, 23.27698], [78.231178, 24.76032]]}, "properties": {"from_id": "67509", "to_id": "88059", "from_type": "reservoir", "to_type": "reservoir"}}, {"type": "Feature", "geometry": {"type": "LineString", "coordinates": [[75.946769, 23.409522], [75.938273, 23.418956]]}, "properties": {"from_id": "67565", "to_id": "54538", "from_type": "reservoir", "to_type": "reservoir"}}, {"type": "Feature", "geometry": {"type": "LineString", "coordinates": [[80.563331, 23.821762], [81.288434, 24.190348]]}, "properties": {"from_id": "67798", "to_id": "90228", "from_type": "reservoir", "to_type": "reservoir"}}, {"type": "Feature", "geometry": {"type": "LineString", "coordinates": [[80.940081, 23.923095], [81.288434, 24.190348]]}, "properties": {"from_id": "68004", "to_id": "90228", "from_type": "reservoir", "to_type": "reservoir"}}, {"type": "Feature", "geometry": {"type": "LineString", "coordinates": [[79.365766, 25.310187], [79.710417, 25.588271]]}, "properties": {"from_id": "68064", "to_id": "86989", "from_type": "reservoir", "to_type": "reservoir"}}, {"type": "Feature", "geometry": {"type": "LineString", "coordinates": [[80.976258, 25.010417], [81.035235, 25.026948]]}, "properties": {"from_id": "68348", "to_id": "54977", "from_type": "reservoir", "to_type": "reservoir"}}, {"type": "Feature", "geometry": {"type": "LineString", "coordinates": [[81.740478, 22.779926], [81.031219, 23.322887]]}, "properties": {"from_id": "68444", "to_id": "85585", "from_type": "reservoir", "to_type": "reservoir"}}, {"type": "Feature", "geometry": {"type": "LineString", "coordinates": [[75.286254, 25.614414], [75.458686, 25.92453]]}, "properties": {"from_id": "68535", "to_id": "88587", "from_type": "reservoir", "to_type": "reservoir"}}, {"type": "Feature", "geometry": {"type": "LineString", "coordinates": [[73.929794, 25.552083], [74.280286, 25.703443]]}, "properties": {"from_id": "68780", "to_id": "77848", "from_type": "reservoir", "to_type": "reservoir"}}, {"type": "Feature", "geometry": {"type": "LineString", "coordinates": [[77.069933, 31.671975], [75.949034, 31.972897]]}, "properties": {"from_id": "68975", "to_id": "89637", "from_type": "reservoir", "to_type": "reservoir"}}, {"type": "Feature", "geometry": {"type": "LineString", "coordinates": [[74.885501, 24.30625], [75.553943, 24.700139]]}, "properties": {"from_id": "69059", "to_id": "90381", "from_type": "reservoir", "to_type": "reservoir"}}, {"type": "Feature", "geometry": {"type": "LineString", "coordinates": [[77.817497, 25.083525], [77.884787, 25.672398]]}, "properties": {"from_id": "69232", "to_id": "84516", "from_type": "reservoir", "to_type": "reservoir"}}, {"type": "Feature", "geometry": {"type": "LineString", "coordinates": [[73.822652, 24.577067], [75.458686, 25.92453]]}, "properties": {"from_id": "69416", "to_id": "88587", "from_type": "reservoir", "to_type": "reservoir"}}, {"type": "Feature", "geometry": {"type": "LineString", "coordinates": [[78.15264, 23.914868], [78.231178, 24.76032]]}, "properties": {"from_id": "69527", "to_id": "88059", "from_type": "reservoir", "to_type": "reservoir"}}, {"type": "Feature", "geometry": {"type": "LineString", "coordinates": [[77.682698, 23.116253], [78.231178, 24.76032]]}, "properties": {"from_id": "69640", "to_id": "88059", "from_type": "reservoir", "to_type": "reservoir"}}, {"type": "Feature", "geometry": {"type": "LineString", "coordinates": [[78.288725, 30.074194], [78.18125, 29.95757]]}, "properties": {"from_id": "69741", "to_id": "75415", "from_type": "reservoir", "to_type": "reservoir"}}, {"type": "Feature", "geometry": {"type": "LineString", "coordinates": [[80.705161, 24.815481], [81.150554, 24.702487]]}, "properties": {"from_id": "69742", "to_id": "80268", "from_type": "reservoir", "to_type": "reservoir"}}, {"type": "Feature", "geometry": {"type": "LineString", "coordinates": [[74.783942, 24.84429], [75.458686, 25.92453]]}, "properties": {"from_id": "70007", "to_id": "88587", "from_type": "reservoir", "to_type": "reservoir"}}, {"type": "Feature", "geometry": {"type": "LineString", "coordinates": [[78.422917, 24.83125], [78.521474, 24.947541]]}, "properties": {"from_id": "70061", "to_id": "85992", "from_type": "reservoir", "to_type": "reservoir"}}, {"type": "Feature", "geometry": {"type": "LineString", "coordinates": [[77.467298, 25.722802], [77.693734, 25.898632]]}, "properties": {"from_id": "70121", "to_id": "82167", "from_type": "reservoir", "to_type": "reservoir"}}, {"type": "Feature", "geometry": {"type": "LineString", "coordinates": [[80.387281, 23.651001], [80.460501, 23.839067]]}, "properties": {"from_id": "70593", "to_id": "63066", "from_type": "reservoir", "to_type": "reservoir"}}, {"type": "Feature", "geometry": {"type": "LineString", "coordinates": [[75.832452, 23.213278], [75.553943, 24.700139]]}, "properties": {"from_id": "70710", "to_id": "90381", "from_type": "reservoir", "to_type": "reservoir"}}, {"type": "Feature", "geometry": {"type": "LineString", "coordinates": [[78.66141, 25.130216], [78.781221, 25.513835]]}, "properties": {"from_id": "70721", "to_id": "85250", "from_type": "reservoir", "to_type": "reservoir"}}, {"type": "Feature", "geometry": {"type": "LineString", "coordinates": [[80.497917, 24.442847], [81.150554, 24.702487]]}, "properties": {"from_id": "70864", "to_id": "80268", "from_type": "reservoir", "to_type": "reservoir"}}, {"type": "Feature", "geometry": {"type": "LineString", "coordinates": [[77.860673, 24.762208], [78.371526, 25.097261]]}, "properties": {"from_id": "71016", "to_id": "88816", "from_type": "reservoir", "to_type": "reservoir"}}, {"type": "Feature", "geometry": {"type": "LineString", "coordinates": [[73.34184, 33.722917], [72.935618, 33.428552]]}, "properties": {"from_id": "71149", "to_id": "50002", "from_type": "reservoir", "to_type": "reservoir"}}, {"type": "Feature", "geometry": {"type": "LineString", "coordinates": [[74.912845, 25.446559], [75.458686, 25.92453]]}, "properties": {"from_id": "71608", "to_id": "88587", "from_type": "reservoir", "to_type": "reservoir"}}, {"type": "Feature", "geometry": {"type": "LineString", "coordinates": [[82.179752, 25.075827], [82.311033, 25.108613]]}, "properties": {"from_id": "71653", "to_id": "30989", "from_type": "reservoir", "to_type": "reservoir"}}, {"type": "Feature", "geometry": {"type": "LineString", "coordinates": [[77.546886, 25.897345], [77.693734, 25.898632]]}, "properties": {"from_id": "71972", "to_id": "82167", "from_type": "reservoir", "to_type": "reservoir"}}, {"type": "Feature", "geometry": {"type": "LineString", "coordinates": [[78.140572, 26.400367], [78.146084, 26.450178]]}, "properties": {"from_id": "72149", "to_id": "73091", "from_type": "reservoir", "to_type": "reservoir"}}, {"type": "Feature", "geometry": {"type": "LineString", "coordinates": [[75.105894, 25.718527], [75.458686, 25.92453]]}, "properties": {"from_id": "72222", "to_id": "88587", "from_type": "reservoir", "to_type": "reservoir"}}, {"type": "Feature", "geometry": {"type": "LineString", "coordinates": [[77.532292, 23.277452], [78.231178, 24.76032]]}, "properties": {"from_id": "72747", "to_id": "88059", "from_type": "reservoir", "to_type": "reservoir"}}, {"type": "Feature", "geometry": {"type": "LineString", "coordinates": [[80.511064, 23.056016], [81.288434, 24.190348]]}, "properties": {"from_id": "72936", "to_id": "90228", "from_type": "reservoir", "to_type": "reservoir"}}, {"type": "Feature", "geometry": {"type": "LineString", "coordinates": [[76.798805, 23.30625], [76.282541, 25.019863]]}, "properties": {"from_id": "73073", "to_id": "53419", "from_type": "reservoir", "to_type": "reservoir"}}, {"type": "Feature", "geometry": {"type": "LineString", "coordinates": [[74.541859, 25.39521], [74.995954, 25.316893]]}, "properties": {"from_id": "73473", "to_id": "78725", "from_type": "reservoir", "to_type": "reservoir"}}, {"type": "Feature", "geometry": {"type": "LineString", "coordinates": [[80.363014, 24.640119], [81.150554, 24.702487]]}, "properties": {"from_id": "73713", "to_id": "80268", "from_type": "reservoir", "to_type": "reservoir"}}, {"type": "Feature", "geometry": {"type": "LineString", "coordinates": [[74.49795, 24.906515], [75.458686, 25.92453]]}, "properties": {"from_id": "73857", "to_id": "88587", "from_type": "reservoir", "to_type": "reservoir"}}, {"type": "Feature", "geometry": {"type": "LineString", "coordinates": [[75.67058, 22.591882], [75.553943, 24.700139]]}, "properties": {"from_id": "73900", "to_id": "90381", "from_type": "reservoir", "to_type": "reservoir"}}, {"type": "Feature", "geometry": {"type": "LineString", "coordinates": [[74.393508, 25.395231], [74.541859, 25.39521]]}, "properties": {"from_id": "74020", "to_id": "73473", "from_type": "reservoir", "to_type": "reservoir"}}, {"type": "Feature", "geometry": {"type": "LineString", "coordinates": [[74.831059, 24.127045], [75.553943, 24.700139]]}, "properties": {"from_id": "74347", "to_id": "90381", "from_type": "reservoir", "to_type": "reservoir"}}, {"type": "Feature", "geometry": {"type": "LineString", "coordinates": [[77.709808, 25.431955], [77.717492, 25.427498]]}, "properties": {"from_id": "74781", "to_id": "29269", "from_type": "reservoir", "to_type": "reservoir"}}, {"type": "Feature", "geometry": {"type": "LineString", "coordinates": [[75.443649, 25.63534], [75.651755, 25.69517]]}, "properties": {"from_id": "75066", "to_id": "70836", "from_type": "reservoir", "to_type": "reservoir"}}, {"type": "Feature", "geometry": {"type": "LineString", "coordinates": [[83.02646, 22.96009], [83.007292, 24.200837]]}, "properties": {"from_id": "75412", "to_id": "90276", "from_type": "reservoir", "to_type": "reservoir"}}, {"type": "Feature", "geometry": {"type": "LineString", "coordinates": [[79.067708, 24.751636], [79.027083, 24.860417]]}, "properties": {"from_id": "75485", "to_id": "56653", "from_type": "reservoir", "to_type": "reservoir"}}, {"type": "Feature", "geometry": {"type": "LineString", "coordinates": [[73.780231, 24.926612], [74.35625, 25.047767]]}, "properties": {"from_id": "75523", "to_id": "55916", "from_type": "reservoir", "to_type": "reservoir"}}, {"type": "Feature", "geometry": {"type": "LineString", "coordinates": [[77.408466, 23.199555], [78.231178, 24.76032]]}, "properties": {"from_id": "75566", "to_id": "88059", "from_type": "reservoir", "to_type": "reservoir"}}, {"type": "Feature", "geometry": {"type": "LineString", "coordinates": [[76.828883, 25.047784], [77.135335, 25.056167]]}, "properties": {"from_id": "75599", "to_id": "66836", "from_type": "reservoir", "to_type": "reservoir"}}, {"type": "Feature", "geometry": {"type": "LineString", "coordinates": [[81.158852, 31.359465], [81.280794, 32.142766]]}, "properties": {"from_id": "75631", "to_id": "79252", "from_type": "reservoir", "to_type": "reservoir"}}, {"type": "Feature", "geometry": {"type": "LineString", "coordinates": [[75.208534, 25.246396], [75.458686, 25.92453]]}, "properties": {"from_id": "75737", "to_id": "88587", "from_type": "reservoir", "to_type": "reservoir"}}, {"type": "Feature", "geometry": {"type": "LineString", "coordinates": [[81.659318, 23.16822], [81.288434, 24.190348]]}, "properties": {"from_id": "75982", "to_id": "90228", "from_type": "reservoir", "to_type": "reservoir"}}, {"type": "Feature", "geometry": {"type": "LineString", "coordinates": [[83.265227, 23.11871], [83.163805, 23.246637]]}, "properties": {"from_id": "76305", "to_id": "39312", "from_type": "reservoir", "to_type": "reservoir"}}, {"type": "Feature", "geometry": {"type": "LineString", "coordinates": [[78.697917, 25.185417], [78.781221, 25.513835]]}, "properties": {"from_id": "76440", "to_id": "85250", "from_type": "reservoir", "to_type": "reservoir"}}, {"type": "Feature", "geometry": {"type": "LineString", "coordinates": [[80.819118, 23.48885], [81.288434, 24.190348]]}, "properties": {"from_id": "76569", "to_id": "90228", "from_type": "reservoir", "to_type": "reservoir"}}, {"type": "Feature", "geometry": {"type": "LineString", "coordinates": [[77.683719, 24.527187], [78.371526, 25.097261]]}, "properties": {"from_id": "76658", "to_id": "88816", "from_type": "reservoir", "to_type": "reservoir"}}, {"type": "Feature", "geometry": {"type": "LineString", "coordinates": [[77.700293, 22.950295], [78.231178, 24.76032]]}, "properties": {"from_id": "76790", "to_id": "88059", "from_type": "reservoir", "to_type": "reservoir"}}, {"type": "Feature", "geometry": {"type": "LineString", "coordinates": [[80.428125, 23.722076], [80.460501, 23.839067]]}, "properties": {"from_id": "76915", "to_id": "63066", "from_type": "reservoir", "to_type": "reservoir"}}, {"type": "Feature", "geometry": {"type": "LineString", "coordinates": [[79.639024, 24.840038], [79.859303, 24.685417]]}, "properties": {"from_id": "76988", "to_id": "84513", "from_type": "reservoir", "to_type": "reservoir"}}, {"type": "Feature", "geometry": {"type": "LineString", "coordinates": [[75.827435, 23.248005], [75.553943, 24.700139]]}, "properties": {"from_id": "77000", "to_id": "90381", "from_type": "reservoir", "to_type": "reservoir"}}, {"type": "Feature", "geometry": {"type": "LineString", "coordinates": [[76.420118, 27.219625], [76.410403, 27.119445]]}, "properties": {"from_id": "77037", "to_id": "66079", "from_type": "reservoir", "to_type": "reservoir"}}, {"type": "Feature", "geometry": {"type": "LineString", "coordinates": [[77.500518, 23.271298], [78.231178, 24.76032]]}, "properties": {"from_id": "77108", "to_id": "88059", "from_type": "reservoir", "to_type": "reservoir"}}, {"type": "Feature", "geometry": {"type": "LineString", "coordinates": [[82.452496, 24.155003], [83.007292, 24.200837]]}, "properties": {"from_id": "77410", "to_id": "90276", "from_type": "reservoir", "to_type": "reservoir"}}, {"type": "Feature", "geometry": {"type": "LineString", "coordinates": [[76.581467, 24.367602], [76.282541, 25.019863]]}, "properties": {"from_id": "77515", "to_id": "53419", "from_type": "reservoir", "to_type": "reservoir"}}, {"type": "Feature", "geometry": {"type": "LineString", "coordinates": [[75.694006, 22.82583], [75.635967, 23.208706]]}, "properties": {"from_id": "77811", "to_id": "79933", "from_type": "reservoir", "to_type": "reservoir"}}, {"type": "Feature", "geometry": {"type": "LineString", "coordinates": [[74.280286, 25.703443], [75.458686, 25.92453]]}, "properties": {"from_id": "77848", "to_id": "88587", "from_type": "reservoir", "to_type": "reservoir"}}, {"type": "Feature", "geometry": {"type": "LineString", "coordinates": [[77.176808, 24.773413], [77.273196, 24.724062]]}, "properties": {"from_id": "77896", "to_id": "80501", "from_type": "reservoir", "to_type": "reservoir"}}, {"type": "Feature", "geometry": {"type": "LineString", "coordinates": [[79.04375, 25.01089], [79.135639, 24.971846]]}, "properties": {"from_id": "77949", "to_id": "64419", "from_type": "reservoir", "to_type": "reservoir"}}, {"type": "Feature", "geometry": {"type": "LineString", "coordinates": [[77.371245, 23.165298], [78.231178, 24.76032]]}, "properties": {"from_id": "77990", "to_id": "88059", "from_type": "reservoir", "to_type": "reservoir"}}, {"type": "Feature", "geometry": {"type": "LineString", "coordinates": [[77.888542, 25.034147], [77.884787, 25.672398]]}, "properties": {"from_id": "78058", "to_id": "84516", "from_type": "reservoir", "to_type": "reservoir"}}, {"type": "Feature", "geometry": {"type": "LineString", "coordinates": [[74.912894, 24.353206], [75.553943, 24.700139]]}, "properties": {"from_id": "78089", "to_id": "90381", "from_type": "reservoir", "to_type": "reservoir"}}, {"type": "Feature", "geometry": {"type": "LineString", "coordinates": [[77.513041, 23.671831], [78.231178, 24.76032]]}, "properties": {"from_id": "78540", "to_id": "88059", "from_type": "reservoir", "to_type": "reservoir"}}, {"type": "Feature", "geometry": {"type": "LineString", "coordinates": [[74.995954, 25.316893], [75.458686, 25.92453]]}, "properties": {"from_id": "78725", "to_id": "88587", "from_type": "reservoir", "to_type": "reservoir"}}, {"type": "Feature", "geometry": {"type": "LineString", "coordinates": [[75.171202, 24.654754], [75.579578, 24.916837]]}, "properties": {"from_id": "79082", "to_id": "89585", "from_type": "reservoir", "to_type": "reservoir"}}, {"type": "Feature", "geometry": {"type": "LineString", "coordinates": [[79.577671, 25.260324], [79.710417, 25.588271]]}, "properties": {"from_id": "79167", "to_id": "86989", "from_type": "reservoir", "to_type": "reservoir"}}, {"type": "Feature", "geometry": {"type": "LineString", "coordinates": [[75.895376, 31.956137], [72.549847, 29.826518]]}, "properties": {"from_id": "79202", "to_id": "79699", "from_type": "reservoir", "to_type": "reservoir"}}, {"type": "Feature", "geometry": {"type": "LineString", "coordinates": [[81.280794, 32.142766], [80.156792, 32.523997]]}, "properties": {"from_id": "79252", "to_id": "85288", "from_type": "reservoir", "to_type": "reservoir"}}, {"type": "Feature", "geometry": {"type": "LineString", "coordinates": [[77.838249, 24.340706], [78.231178, 24.76032]]}, "properties": {"from_id": "79510", "to_id": "88059", "from_type": "reservoir", "to_type": "reservoir"}}, {"type": "Feature", "geometry": {"type": "LineString", "coordinates": [[76.367421, 31.382387], [76.435869, 31.411296]]}, "properties": {"from_id": "79666", "to_id": "89238", "from_type": "reservoir", "to_type": "reservoir"}}, {"type": "Feature", "geometry": {"type": "LineString", "coordinates": [[74.823958, 25.0303], [75.458686, 25.92453]]}, "properties": {"from_id": "79832", "to_id": "88587", "from_type": "reservoir", "to_type": "reservoir"}}, {"type": "Feature", "geometry": {"type": "LineString", "coordinates": [[78.819507, 25.051614], [78.757907, 25.077235]]}, "properties": {"from_id": "79878", "to_id": "81304", "from_type": "reservoir", "to_type": "reservoir"}}, {"type": "Feature", "geometry": {"type": "LineString", "coordinates": [[75.635967, 23.208706], [75.553943, 24.700139]]}, "properties": {"from_id": "79933", "to_id": "90381", "from_type": "reservoir", "to_type": "reservoir"}}, {"type": "Feature", "geometry": {"type": "LineString", "coordinates": [[83.21843, 24.781066], [83.297917, 24.975486]]}, "properties": {"from_id": "79995", "to_id": "84315", "from_type": "reservoir", "to_type": "reservoir"}}, {"type": "Feature", "geometry": {"type": "LineString", "coordinates": [[77.759578, 24.027902], [78.231178, 24.76032]]}, "properties": {"from_id": "80035", "to_id": "88059", "from_type": "reservoir", "to_type": "reservoir"}}, {"type": "Feature", "geometry": {"type": "LineString", "coordinates": [[74.731306, 24.701374], [75.458686, 25.92453]]}, "properties": {"from_id": "80132", "to_id": "88587", "from_type": "reservoir", "to_type": "reservoir"}}, {"type": "Feature", "geometry": {"type": "LineString", "coordinates": [[77.488468, 23.027013], [78.231178, 24.76032]]}, "properties": {"from_id": "80276", "to_id": "88059", "from_type": "reservoir", "to_type": "reservoir"}}, {"type": "Feature", "geometry": {"type": "LineString", "coordinates": [[79.548169, 25.192111], [79.710417, 25.588271]]}, "properties": {"from_id": "80386", "to_id": "86989", "from_type": "reservoir", "to_type": "reservoir"}}, {"type": "Feature", "geometry": {"type": "LineString", "coordinates": [[77.760417, 25.965678], [77.921309, 25.75125]]}, "properties": {"from_id": "80513", "to_id": "85897", "from_type": "reservoir", "to_type": "reservoir"}}, {"type": "Feature", "geometry": {"type": "LineString", "coordinates": [[78.844959, 24.64375], [78.781221, 25.513835]]}, "properties": {"from_id": "80604", "to_id": "85250", "from_type": "reservoir", "to_type": "reservoir"}}, {"type": "Feature", "geometry": {"type": "LineString", "coordinates": [[73.122917, 33.695011], [72.935618, 33.428552]]}, "properties": {"from_id": "80626", "to_id": "50002", "from_type": "reservoir", "to_type": "reservoir"}}, {"type": "Feature", "geometry": {"type": "LineString", "coordinates": [[83.01026, 24.901539], [83.03825, 24.997917]]}, "properties": {"from_id": "80959", "to_id": "79991", "from_type": "reservoir", "to_type": "reservoir"}}, {"type": "Feature", "geometry": {"type": "LineString", "coordinates": [[76.472146, 24.341812], [76.282541, 25.019863]]}, "properties": {"from_id": "80965", "to_id": "53419", "from_type": "reservoir", "to_type": "reservoir"}}, {"type": "Feature", "geometry": {"type": "LineString", "coordinates": [[75.694317, 23.654332], [75.553943, 24.700139]]}, "properties": {"from_id": "81015", "to_id": "90381", "from_type": "reservoir", "to_type": "reservoir"}}, {"type": "Feature", "geometry": {"type": "LineString", "coordinates": [[78.757907, 25.077235], [78.781221, 25.513835]]}, "properties": {"from_id": "81304", "to_id": "85250", "from_type": "reservoir", "to_type": "reservoir"}}, {"type": "Feature", "geometry": {"type": "LineString", "coordinates": [[79.088465, 25.213142], [79.131497, 25.204654]]}, "properties": {"from_id": "81702", "to_id": "25622", "from_type": "reservoir", "to_type": "reservoir"}}, {"type": "Feature", "geometry": {"type": "LineString", "coordinates": [[77.693734, 25.898632], [77.921309, 25.75125]]}, "properties": {"from_id": "82167", "to_id": "85897", "from_type": "reservoir", "to_type": "reservoir"}}, {"type": "Feature", "geometry": {"type": "LineString", "coordinates": [[73.893912, 25.060766], [74.35625, 25.047767]]}, "properties": {"from_id": "82876", "to_id": "55916", "from_type": "reservoir", "to_type": "reservoir"}}, {"type": "Feature", "geometry": {"type": "LineString", "coordinates": [[76.918983, 23.66368], [76.282541, 25.019863]]}, "properties": {"from_id": "82892", "to_id": "53419", "from_type": "reservoir", "to_type": "reservoir"}}, {"type": "Feature", "geometry": {"type": "LineString", "coordinates": [[75.327018, 33.160442], [74.810289, 33.144241]]}, "properties": {"from_id": "82918", "to_id": "83646", "from_type": "reservoir", "to_type": "reservoir"}}, {"type": "Feature", "geometry": {"type": "LineString", "coordinates": [[83.22035, 23.025856], [83.007292, 24.200837]]}, "properties": {"from_id": "83428", "to_id": "90276", "from_type": "reservoir", "to_type": "reservoir"}}, {"type": "Feature", "geometry": {"type": "LineString", "coordinates": [[74.810289, 33.144241], [74.479345, 32.687268]]}, "properties": {"from_id": "83646", "to_id": "86501", "from_type": "reservoir", "to_type": "reservoir"}}, {"type": "Feature", "geometry": {"type": "LineString", "coordinates": [[70.362995, 34.484384], [71.355795, 34.163438]]}, "properties": {"from_id": "83828", "to_id": "82393", "from_type": "reservoir", "to_type": "reservoir"}}, {"type": "Feature", "geometry": {"type": "LineString", "coordinates": [[75.986229, 32.597035], [75.730279, 32.447996]]}, "properties": {"from_id": "83834", "to_id": "88178", "from_type": "reservoir", "to_type": "reservoir"}}, {"type": "Feature", "geometry": {"type": "LineString", "coordinates": [[83.378693, 24.674064], [83.35665, 24.705554]]}, "properties": {"from_id": "84163", "to_id": "50729", "from_type": "reservoir", "to_type": "reservoir"}}, {"type": "Feature", "geometry": {"type": "LineString", "coordinates": [[83.297917, 24.975486], [83.239583, 25.019989]]}, "properties": {"from_id": "84315", "to_id": "72953", "from_type": "reservoir", "to_type": "reservoir"}}, {"type": "Feature", "geometry": {"type": "LineString", "coordinates": [[78.414548, 24.672874], [78.521474, 24.947541]]}, "properties": {"from_id": "84696", "to_id": "85992", "from_type": "reservoir", "to_type": "reservoir"}}, {"type": "Feature", "geometry": {"type": "LineString", "coordinates": [[78.6895, 24.364008], [78.781221, 25.513835]]}, "properties": {"from_id": "84985", "to_id": "85250", "from_type": "reservoir", "to_type": "reservoir"}}, {"type": "Feature", "geometry": {"type": "LineString", "coordinates": [[77.838542, 26.271257], [78.126234, 26.489224]]}, "properties": {"from_id": "85113", "to_id": "82816", "from_type": "reservoir", "to_type": "reservoir"}}, {"type": "Feature", "geometry": {"type": "LineString", "coordinates": [[79.677083, 25.384813], [79.710417, 25.588271]]}, "properties": {"from_id": "85205", "to_id": "86989", "from_type": "reservoir", "to_type": "reservoir"}}, {"type": "Feature", "geometry": {"type": "LineString", "coordinates": [[78.59375, 24.522265], [78.781221, 25.513835]]}, "properties": {"from_id": "85248", "to_id": "85250", "from_type": "reservoir", "to_type": "reservoir"}}, {"type": "Feature", "geometry": {"type": "LineString", "coordinates": [[77.997917, 26.222917], [78.146084, 26.450178]]}, "properties": {"from_id": "85489", "to_id": "73091", "from_type": "reservoir", "to_type": "reservoir"}}, {"type": "Feature", "geometry": {"type": "LineString", "coordinates": [[69.715625, 34.644781], [70.362995, 34.484384]]}, "properties": {"from_id": "85529", "to_id": "83828", "from_type": "reservoir", "to_type": "reservoir"}}, {"type": "Feature", "geometry": {"type": "LineString", "coordinates": [[81.031219, 23.322887], [81.288434, 24.190348]]}, "properties": {"from_id": "85585", "to_id": "90228", "from_type": "reservoir", "to_type": "reservoir"}}, {"type": "Feature", "geometry": {"type": "LineString", "coordinates": [[78.546959, 25.187932], [78.781221, 25.513835]]}, "properties": {"from_id": "85934", "to_id": "85250", "from_type": "reservoir", "to_type": "reservoir"}}, {"type": "Feature", "geometry": {"type": "LineString", "coordinates": [[78.521474, 24.947541], [78.781221, 25.513835]]}, "properties": {"from_id": "85992", "to_id": "85250", "from_type": "reservoir", "to_type": "reservoir"}}, {"type": "Feature", "geometry": {"type": "LineString", "coordinates": [[82.499662, 24.838777], [82.402113, 24.864554]]}, "properties": {"from_id": "86305", "to_id": "86261", "from_type": "reservoir", "to_type": "reservoir"}}, {"type": "Feature", "geometry": {"type": "LineString", "coordinates": [[74.479345, 32.687268], [73.51113, 32.684284]]}, "properties": {"from_id": "86501", "to_id": "87726", "from_type": "reservoir", "to_type": "reservoir"}}, {"type": "Feature", "geometry": {"type": "LineString", "coordinates": [[78.476042, 30.37459], [78.288725, 30.074194]]}, "properties": {"from_id": "86529", "to_id": "69741", "from_type": "reservoir", "to_type": "reservoir"}}, {"type": "Feature", "geometry": {"type": "LineString", "coordinates": [[77.550653, 23.501459], [78.231178, 24.76032]]}, "properties": {"from_id": "87680", "to_id": "88059", "from_type": "reservoir", "to_type": "reservoir"}}, {"type": "Feature", "geometry": {"type": "LineString", "coordinates": [[78.231178, 24.76032], [78.371526, 25.097261]]}, "properties": {"from_id": "88059", "to_id": "88816", "from_type": "reservoir", "to_type": "reservoir"}}, {"type": "Feature", "geometry": {"type": "LineString", "coordinates": [[78.760167, 29.520704], [78.620246, 29.412507]]}, "properties": {"from_id": "88176", "to_id": "81572", "from_type": "reservoir", "to_type": "reservoir"}}, {"type": "Feature", "geometry": {"type": "LineString", "coordinates": [[75.730279, 32.447996], [73.857499, 31.223039]]}, "properties": {"from_id": "88178", "to_id": "82838", "from_type": "reservoir", "to_type": "reservoir"}}, {"type": "Feature", "geometry": {"type": "LineString", "coordinates": [[78.371526, 25.097261], [78.546959, 25.187932]]}, "properties": {"from_id": "88816", "to_id": "85934", "from_type": "reservoir", "to_type": "reservoir"}}, {"type": "Feature", "geometry": {"type": "LineString", "coordinates": [[76.435869, 31.411296], [72.549847, 29.826518]]}, "properties": {"from_id": "89238", "to_id": "79699", "from_type": "reservoir", "to_type": "reservoir"}}, {"type": "Feature", "geometry": {"type": "LineString", "coordinates": [[75.949034, 31.972897], [75.895376, 31.956137]]}, "properties": {"from_id": "89637", "to_id": "79202", "from_type": "reservoir", "to_type": "reservoir"}}, {"type": "Feature", "geometry": {"type": "LineString", "coordinates": [[73.644471, 33.143972], [73.51113, 32.684284]]}, "properties": {"from_id": "89940", "to_id": "87726", "from_type": "reservoir", "to_type": "reservoir"}}, {"type": "Feature", "geometry": {"type": "LineString", "coordinates": [[83.007292, 24.200837], [82.965839, 24.43944]]}, "properties": {"from_id": "90276", "to_id": "86256", "from_type": "reservoir", "to_type": "reservoir"}}, {"type": "Feature", "geometry": {"type": "LineString", "coordinates": [[75.553943, 24.700139], [75.579578, 24.916837]]}, "properties": {"from_id": "90381", "to_id": "89585", "from_type": "reservoir", "to_type": "reservoir"}}]}