{
"type": "FeatureCollection",
"name": "downstream_8648",
"crs": { "type": "name", "properties": { "name": "urn:ogc:def:crs:OGC:1.3:CRS84" } },
"features": [
{ "type": "Feature", "properties": { "COMID": 45034665, "id": "18438", "lengthkm": 17.859261682796927, "order": 1, "uparea": 65.275012495770468 }, "geometry": { "type": "LineString", "coordinates": [ [ 80.605833333333322, 28.006666666666675 ], [ 80.605, 28.013333333333343 ], [ 80.599166666666662, 28.0175 ], [ 80.600833333333327, 28.023333333333341 ], [ 80.594166666666652, 28.024166666666677 ], [ 80.59333333333332, 28.021666666666675 ], [ 80.590833333333322, 28.024166666666677 ], [ 80.5925, 28.03 ], [ 80.589166666666657, 28.034166666666678 ], [ 80.585, 28.035833333333343 ], [ 80.589166666666657, 28.038333333333341 ], [ 80.580833333333317, 28.045833333333341 ], [ 80.5825, 28.046666666666674 ], [ 80.579166666666652, 28.048333333333343 ], [ 80.579166666666652, 28.050833333333344 ], [ 80.575833333333321, 28.049166666666675 ], [ 80.573333333333323, 28.05 ], [ 80.570833333333326, 28.055 ], [ 80.571666666666658, 28.055833333333343 ], [ 80.57, 28.0575 ], [ 80.5675, 28.056666666666676 ], [ 80.565, 28.060833333333342 ], [ 80.561666666666653, 28.059166666666677 ], [ 80.559166666666655, 28.061666666666675 ], [ 80.553333333333327, 28.06 ], [ 80.553333333333327, 28.064166666666676 ], [ 80.550833333333316, 28.0675 ], [ 80.544166666666655, 28.063333333333343 ], [ 80.5425, 28.065 ], [ 80.541666666666657, 28.0625 ], [ 80.539166666666659, 28.0625 ], [ 80.54, 28.063333333333343 ], [ 80.536666666666662, 28.065 ], [ 80.53416666666665, 28.064166666666676 ], [ 80.535, 28.068333333333342 ], [ 80.5325, 28.070833333333344 ] ] } },
{ "type": "Feature", "properties": { "COMID": 45033168, "id": "18438", "lengthkm": 11.201057484133219, "order": 2, "uparea": 139.79970956404651 }, "geometry": { "type": "LineString", "coordinates": [ [ 80.621666666666655, 27.934166666666677 ], [ 80.618333333333325, 27.938333333333343 ], [ 80.621666666666655, 27.941666666666677 ], [ 80.618333333333325, 27.9425 ], [ 80.6175, 27.945 ], [ 80.61666666666666, 27.944166666666675 ], [ 80.62, 27.950833333333343 ], [ 80.614166666666648, 27.96 ], [ 80.615833333333327, 27.961666666666677 ], [ 80.615833333333327, 27.966666666666676 ], [ 80.618333333333325, 27.966666666666676 ], [ 80.62, 27.969166666666673 ], [ 80.6175, 27.973333333333343 ], [ 80.618333333333325, 27.975833333333341 ], [ 80.61666666666666, 27.98 ], [ 80.61166666666665, 27.984166666666674 ], [ 80.614166666666648, 27.988333333333344 ], [ 80.61, 27.995 ], [ 80.61166666666665, 27.999166666666675 ], [ 80.605833333333322, 28.006666666666675 ] ] } },
{ "type": "Feature", "properties": { "COMID": 45032948, "id": "18438", "lengthkm": 29.283641010747342, "order": 2, "uparea": 277.86912246837625 }, "geometry": { "type": "LineString", "coordinates": [ [ 80.65916666666665, 27.8175 ], [ 80.663333333333327, 27.820833333333344 ], [ 80.663333333333327, 27.826666666666675 ], [ 80.665833333333325, 27.8275 ], [ 80.665, 27.83 ], [ 80.6675, 27.8325 ], [ 80.671666666666653, 27.830833333333345 ], [ 80.671666666666653, 27.824166666666677 ], [ 80.678333333333327, 27.821666666666676 ], [ 80.67916666666666, 27.82 ], [ 80.685, 27.825 ], [ 80.6875, 27.825 ], [ 80.688333333333318, 27.8225 ], [ 80.690833333333316, 27.824166666666677 ], [ 80.693333333333328, 27.82833333333334 ], [ 80.693333333333328, 27.8375 ], [ 80.690833333333316, 27.84 ], [ 80.690833333333316, 27.845 ], [ 80.695833333333326, 27.850833333333341 ], [ 80.691666666666663, 27.856666666666676 ], [ 80.696666666666658, 27.863333333333344 ], [ 80.696666666666658, 27.8675 ], [ 80.695, 27.869166666666676 ], [ 80.695833333333326, 27.8725 ], [ 80.693333333333328, 27.874166666666675 ], [ 80.6925, 27.873333333333342 ], [ 80.686666666666653, 27.88 ], [ 80.688333333333318, 27.885833333333345 ], [ 80.685, 27.8875 ], [ 80.684166666666655, 27.889166666666675 ], [ 80.686666666666653, 27.891666666666676 ], [ 80.6825, 27.899166666666677 ], [ 80.68, 27.900833333333345 ], [ 80.680833333333325, 27.903333333333343 ], [ 80.6775, 27.905 ], [ 80.68, 27.909166666666678 ], [ 80.6775, 27.915833333333342 ], [ 80.6725, 27.916666666666679 ], [ 80.671666666666653, 27.915 ], [ 80.668333333333322, 27.919166666666676 ], [ 80.665, 27.921666666666674 ], [ 80.664166666666659, 27.920833333333341 ], [ 80.664166666666659, 27.923333333333343 ], [ 80.6625, 27.9225 ], [ 80.660833333333329, 27.924166666666675 ], [ 80.656666666666652, 27.924166666666675 ], [ 80.65583333333332, 27.925833333333344 ], [ 80.651666666666657, 27.924166666666675 ], [ 80.648333333333326, 27.9275 ], [ 80.645, 27.926666666666677 ], [ 80.645, 27.928333333333342 ], [ 80.639166666666654, 27.934166666666677 ], [ 80.634166666666658, 27.933333333333344 ], [ 80.631666666666661, 27.935833333333342 ], [ 80.628333333333316, 27.934166666666677 ], [ 80.626666666666651, 27.936666666666675 ], [ 80.621666666666655, 27.934166666666677 ] ] } },
{ "type": "Feature", "properties": { "COMID": 45036585, "id": "18438", "lengthkm": 20.70692637015652, "order": 3, "uparea": 708.05058317661667 }, "geometry": { "type": "LineString", "coordinates": [ [ 80.681666666666658, 27.659166666666678 ], [ 80.67916666666666, 27.671666666666674 ], [ 80.689166666666651, 27.694166666666675 ], [ 80.69, 27.728333333333342 ], [ 80.685833333333321, 27.7375 ], [ 80.684166666666655, 27.738333333333344 ], [ 80.685, 27.739166666666677 ], [ 80.683333333333323, 27.74 ], [ 80.6825, 27.744166666666676 ], [ 80.67083333333332, 27.7525 ], [ 80.66, 27.7575 ], [ 80.6575, 27.7625 ], [ 80.655, 27.77 ], [ 80.655, 27.800833333333344 ], [ 80.6575, 27.811666666666675 ], [ 80.66, 27.814166666666676 ], [ 80.65916666666665, 27.8175 ] ] } },
{ "type": "Feature", "properties": { "COMID": 45036462, "id": "18438", "lengthkm": 4.9961340814462947, "order": 3, "uparea": 761.7065879155283 }, "geometry": { "type": "LineString", "coordinates": [ [ 80.6925, 27.618333333333343 ], [ 80.689166666666651, 27.625 ], [ 80.681666666666658, 27.659166666666678 ] ] } },
{ "type": "Feature", "properties": { "COMID": 45036429, "id": "18438", "lengthkm": 2.494439222268761, "order": 3, "uparea": 806.41843792807833 }, "geometry": { "type": "LineString", "coordinates": [ [ 80.698333333333323, 27.6 ], [ 80.700833333333321, 27.603333333333342 ], [ 80.6925, 27.618333333333343 ] ] } },
{ "type": "Feature", "properties": { "COMID": 45035839, "id": "18438", "lengthkm": 12.219155940481976, "order": 3, "uparea": 1160.4614643607099 }, "geometry": { "type": "LineString", "coordinates": [ [ 80.65916666666665, 27.553333333333342 ], [ 80.661666666666662, 27.5525 ], [ 80.663333333333327, 27.555833333333343 ], [ 80.665, 27.554166666666674 ], [ 80.666666666666657, 27.555 ], [ 80.668333333333322, 27.56 ], [ 80.660833333333329, 27.561666666666675 ], [ 80.660833333333329, 27.565833333333345 ], [ 80.666666666666657, 27.568333333333342 ], [ 80.67083333333332, 27.575833333333343 ], [ 80.67416666666665, 27.5725 ], [ 80.6775, 27.575 ], [ 80.68, 27.5725 ], [ 80.6825, 27.575 ], [ 80.685, 27.575 ], [ 80.685, 27.576666666666675 ], [ 80.689166666666651, 27.5775 ], [ 80.690833333333316, 27.58 ], [ 80.6925, 27.578333333333344 ], [ 80.695833333333326, 27.580833333333345 ], [ 80.705, 27.583333333333343 ], [ 80.703333333333319, 27.593333333333341 ], [ 80.698333333333323, 27.6 ] ] } },
{ "type": "Feature", "properties": { "COMID": 45035837, "id": "18438", "lengthkm": 2.513934630205588, "order": 3, "uparea": 1454.130103667575 }, "geometry": { "type": "LineString", "coordinates": [ [ 80.645833333333314, 27.548333333333343 ], [ 80.644166666666649, 27.550833333333344 ], [ 80.645, 27.5525 ], [ 80.650833333333324, 27.55 ], [ 80.654166666666654, 27.551666666666677 ], [ 80.65583333333332, 27.55 ], [ 80.65916666666665, 27.553333333333342 ] ] } },
{ "type": "Feature", "properties": { "COMID": 45035836, "id": "18438", "lengthkm": 21.022995942765213, "order": 3, "uparea": 1535.8085113344378 }, "geometry": { "type": "LineString", "coordinates": [ [ 80.709166666666661, 27.505833333333342 ], [ 80.7025, 27.506666666666675 ], [ 80.700833333333321, 27.508333333333344 ], [ 80.7, 27.505 ], [ 80.7025, 27.5025 ], [ 80.700833333333321, 27.501666666666676 ], [ 80.698333333333323, 27.503333333333345 ], [ 80.695, 27.499166666666675 ], [ 80.695, 27.495833333333344 ], [ 80.6925, 27.495 ], [ 80.690833333333316, 27.491666666666674 ], [ 80.6875, 27.491666666666674 ], [ 80.685, 27.4875 ], [ 80.684166666666655, 27.4925 ], [ 80.680833333333325, 27.495 ], [ 80.675, 27.4875 ], [ 80.6725, 27.488333333333344 ], [ 80.67416666666665, 27.4975 ], [ 80.673333333333318, 27.499166666666675 ], [ 80.67083333333332, 27.499166666666675 ], [ 80.67, 27.503333333333345 ], [ 80.666666666666657, 27.504166666666677 ], [ 80.669166666666655, 27.508333333333344 ], [ 80.669166666666655, 27.51 ], [ 80.6675, 27.51 ], [ 80.668333333333322, 27.519166666666678 ], [ 80.66, 27.521666666666675 ], [ 80.66, 27.525 ], [ 80.666666666666657, 27.5275 ], [ 80.660833333333329, 27.53 ], [ 80.665833333333325, 27.535 ], [ 80.6675, 27.5325 ], [ 80.668333333333322, 27.533333333333346 ], [ 80.668333333333322, 27.538333333333341 ], [ 80.665833333333325, 27.541666666666679 ], [ 80.664166666666659, 27.541666666666679 ], [ 80.661666666666662, 27.54 ], [ 80.65916666666665, 27.534166666666678 ], [ 80.658333333333317, 27.5375 ], [ 80.655, 27.54 ], [ 80.655, 27.544166666666676 ], [ 80.6475, 27.545833333333341 ], [ 80.645833333333314, 27.548333333333343 ] ] } },
{ "type": "Feature", "properties": { "COMID": 45035835, "id": "18438", "lengthkm": 24.999159305961538, "order": 3, "uparea": 1651.2437725596833 }, "geometry": { "type": "LineString", "coordinates": [ [ 80.800833333333316, 27.4175 ], [ 80.800833333333316, 27.4225 ], [ 80.79916666666665, 27.424166666666679 ], [ 80.79583333333332, 27.426666666666677 ], [ 80.79, 27.4275 ], [ 80.786666666666662, 27.430833333333343 ], [ 80.778333333333322, 27.426666666666677 ], [ 80.779166666666654, 27.431666666666679 ], [ 80.776666666666657, 27.4325 ], [ 80.776666666666657, 27.435833333333342 ], [ 80.775833333333324, 27.435 ], [ 80.775, 27.436666666666675 ], [ 80.773333333333326, 27.4325 ], [ 80.765833333333319, 27.43 ], [ 80.7625, 27.430833333333343 ], [ 80.7625, 27.433333333333344 ], [ 80.765833333333319, 27.434166666666677 ], [ 80.765, 27.436666666666675 ], [ 80.769166666666649, 27.436666666666675 ], [ 80.77, 27.44 ], [ 80.768333333333317, 27.440833333333345 ], [ 80.7625, 27.439166666666676 ], [ 80.76, 27.441666666666677 ], [ 80.768333333333317, 27.449166666666677 ], [ 80.763333333333321, 27.450833333333343 ], [ 80.759166666666658, 27.449166666666677 ], [ 80.7575, 27.455 ], [ 80.7475, 27.455 ], [ 80.7475, 27.459166666666675 ], [ 80.74166666666666, 27.460833333333341 ], [ 80.744166666666658, 27.464166666666678 ], [ 80.743333333333325, 27.468333333333341 ], [ 80.735, 27.475 ], [ 80.73, 27.475 ], [ 80.728333333333325, 27.476666666666677 ], [ 80.728333333333325, 27.483333333333341 ], [ 80.720833333333317, 27.478333333333342 ], [ 80.7175, 27.479166666666679 ], [ 80.716666666666654, 27.4825 ], [ 80.71833333333332, 27.484166666666674 ], [ 80.71833333333332, 27.489166666666677 ], [ 80.716666666666654, 27.488333333333344 ], [ 80.713333333333324, 27.491666666666674 ], [ 80.711666666666659, 27.498333333333342 ], [ 80.706666666666649, 27.499166666666675 ], [ 80.71, 27.5025 ], [ 80.709166666666661, 27.505833333333342 ] ] } },
{ "type": "Feature", "properties": { "COMID": 45035833, "id": "18438", "lengthkm": 15.231878542347387, "order": 3, "uparea": 2009.8492651329059 }, "geometry": { "type": "LineString", "coordinates": [ [ 80.7275, 27.386666666666677 ], [ 80.7325, 27.385 ], [ 80.740833333333327, 27.386666666666677 ], [ 80.746666666666655, 27.384166666666676 ], [ 80.746666666666655, 27.390833333333344 ], [ 80.7525, 27.388333333333343 ], [ 80.76, 27.3875 ], [ 80.760833333333323, 27.39 ], [ 80.756666666666661, 27.391666666666676 ], [ 80.7575, 27.394166666666678 ], [ 80.761666666666656, 27.395 ], [ 80.758333333333326, 27.4 ], [ 80.76, 27.400833333333345 ], [ 80.764166666666654, 27.399166666666677 ], [ 80.765833333333319, 27.400833333333345 ], [ 80.765833333333319, 27.403333333333343 ], [ 80.760833333333323, 27.408333333333346 ], [ 80.761666666666656, 27.409166666666678 ], [ 80.769166666666649, 27.41 ], [ 80.7725, 27.415833333333342 ], [ 80.775833333333324, 27.411666666666676 ], [ 80.779166666666654, 27.413333333333341 ], [ 80.78416666666665, 27.411666666666676 ], [ 80.785833333333329, 27.413333333333341 ], [ 80.78416666666665, 27.4175 ], [ 80.785, 27.419166666666676 ], [ 80.795, 27.42 ], [ 80.7975, 27.416666666666679 ], [ 80.800833333333316, 27.4175 ] ] } },
{ "type": "Feature", "properties": { "COMID": 45035831, "id": "18438", "lengthkm": 55.893230660436771, "order": 3, "uparea": 2504.0005836192945 }, "geometry": { "type": "LineString", "coordinates": [ [ 80.786666666666662, 27.2 ], [ 80.79, 27.209166666666675 ], [ 80.7925, 27.209166666666675 ], [ 80.798333333333318, 27.204166666666676 ], [ 80.8, 27.204166666666676 ], [ 80.8025, 27.208333333333343 ], [ 80.805, 27.205 ], [ 80.819166666666661, 27.205833333333345 ], [ 80.821666666666658, 27.213333333333345 ], [ 80.825833333333321, 27.2175 ], [ 80.825, 27.219166666666677 ], [ 80.821666666666658, 27.219166666666677 ], [ 80.809166666666655, 27.230833333333344 ], [ 80.809166666666655, 27.238333333333344 ], [ 80.813333333333318, 27.241666666666674 ], [ 80.811666666666653, 27.244166666666679 ], [ 80.803333333333327, 27.241666666666674 ], [ 80.80416666666666, 27.239166666666677 ], [ 80.801666666666648, 27.238333333333344 ], [ 80.798333333333318, 27.246666666666677 ], [ 80.794166666666655, 27.243333333333343 ], [ 80.791666666666657, 27.243333333333343 ], [ 80.789166666666659, 27.2475 ], [ 80.786666666666662, 27.248333333333342 ], [ 80.783333333333317, 27.239166666666677 ], [ 80.78, 27.24 ], [ 80.779166666666654, 27.250833333333343 ], [ 80.785, 27.264166666666675 ], [ 80.793333333333322, 27.266666666666676 ], [ 80.794166666666655, 27.27 ], [ 80.798333333333318, 27.2725 ], [ 80.7975, 27.274166666666677 ], [ 80.794166666666655, 27.274166666666677 ], [ 80.796666666666653, 27.280833333333341 ], [ 80.790833333333325, 27.288333333333341 ], [ 80.793333333333322, 27.290833333333342 ], [ 80.79916666666665, 27.29 ], [ 80.8025, 27.294166666666676 ], [ 80.798333333333318, 27.295 ], [ 80.791666666666657, 27.293333333333344 ], [ 80.790833333333325, 27.294166666666676 ], [ 80.79583333333332, 27.299166666666679 ], [ 80.794166666666655, 27.3025 ], [ 80.7925, 27.3025 ], [ 80.79, 27.299166666666679 ], [ 80.7825, 27.3025 ], [ 80.779166666666654, 27.299166666666679 ], [ 80.775833333333324, 27.3 ], [ 80.770833333333314, 27.296666666666674 ], [ 80.769166666666649, 27.2975 ], [ 80.768333333333317, 27.299166666666679 ], [ 80.771666666666661, 27.301666666666677 ], [ 80.769166666666649, 27.308333333333344 ], [ 80.770833333333314, 27.309166666666677 ], [ 80.774166666666659, 27.306666666666679 ], [ 80.779166666666654, 27.3125 ], [ 80.78416666666665, 27.3125 ], [ 80.7825, 27.315833333333345 ], [ 80.78, 27.316666666666677 ], [ 80.774166666666659, 27.313333333333343 ], [ 80.773333333333326, 27.315833333333345 ], [ 80.775, 27.318333333333342 ], [ 80.773333333333326, 27.320833333333344 ], [ 80.769166666666649, 27.32 ], [ 80.766666666666652, 27.3225 ], [ 80.765833333333319, 27.334166666666675 ], [ 80.774166666666659, 27.341666666666676 ], [ 80.769166666666649, 27.344166666666677 ], [ 80.7625, 27.344166666666677 ], [ 80.7625, 27.340833333333343 ], [ 80.758333333333326, 27.339166666666678 ], [ 80.76, 27.349166666666676 ], [ 80.755833333333328, 27.349166666666676 ], [ 80.754166666666663, 27.343333333333341 ], [ 80.7475, 27.350833333333341 ], [ 80.7475, 27.355833333333344 ], [ 80.745833333333323, 27.3575 ], [ 80.7425, 27.355833333333344 ], [ 80.743333333333325, 27.3525 ], [ 80.740833333333327, 27.351666666666677 ], [ 80.739166666666648, 27.358333333333341 ], [ 80.735, 27.36 ], [ 80.73666666666665, 27.366666666666674 ], [ 80.74, 27.369166666666679 ], [ 80.74, 27.370833333333344 ], [ 80.735833333333318, 27.373333333333342 ], [ 80.74, 27.3775 ], [ 80.734166666666653, 27.38 ], [ 80.73, 27.3775 ], [ 80.725833333333327, 27.38 ], [ 80.7275, 27.386666666666677 ] ] } },
{ "type": "Feature", "properties": { "COMID": 45039887, "id": "18438", "lengthkm": 16.673689356474465, "order": 4, "uparea": 6990.9612542577088 }, "geometry": { "type": "LineString", "coordinates": [ [ 80.801666666666648, 27.1275 ], [ 80.800833333333316, 27.129166666666677 ], [ 80.80416666666666, 27.131666666666675 ], [ 80.808333333333323, 27.131666666666675 ], [ 80.810833333333321, 27.133333333333344 ], [ 80.813333333333318, 27.1325 ], [ 80.82, 27.135 ], [ 80.821666666666658, 27.1375 ], [ 80.820833333333326, 27.139166666666675 ], [ 80.819166666666661, 27.138333333333343 ], [ 80.8175, 27.14 ], [ 80.818333333333328, 27.145 ], [ 80.815, 27.151666666666678 ], [ 80.816666666666663, 27.1525 ], [ 80.82, 27.148333333333344 ], [ 80.8225, 27.148333333333344 ], [ 80.824166666666656, 27.153333333333343 ], [ 80.821666666666658, 27.1575 ], [ 80.815, 27.1575 ], [ 80.8125, 27.155833333333341 ], [ 80.81, 27.156666666666677 ], [ 80.81, 27.159166666666678 ], [ 80.815, 27.160833333333343 ], [ 80.816666666666663, 27.163333333333341 ], [ 80.815, 27.169166666666676 ], [ 80.813333333333318, 27.170833333333341 ], [ 80.808333333333323, 27.169166666666676 ], [ 80.805833333333325, 27.170833333333341 ], [ 80.805833333333325, 27.176666666666677 ], [ 80.8025, 27.186666666666675 ], [ 80.79916666666665, 27.190833333333345 ], [ 80.798333333333318, 27.1975 ], [ 80.794166666666655, 27.200833333333343 ], [ 80.788333333333327, 27.198333333333345 ], [ 80.786666666666662, 27.2 ] ] } },
{ "type": "Feature", "properties": { "COMID": 45039883, "id": "18438", "lengthkm": 18.359563435122915, "order": 4, "uparea": 7160.9074386827906 }, "geometry": { "type": "LineString", "coordinates": [ [ 80.849166666666662, 27.0375 ], [ 80.84, 27.045833333333341 ], [ 80.844166666666652, 27.0525 ], [ 80.838333333333324, 27.060833333333342 ], [ 80.839166666666657, 27.064166666666676 ], [ 80.831666666666649, 27.07 ], [ 80.8325, 27.0725 ], [ 80.835, 27.0725 ], [ 80.84, 27.0775 ], [ 80.831666666666649, 27.081666666666678 ], [ 80.834166666666661, 27.085833333333344 ], [ 80.830833333333317, 27.088333333333345 ], [ 80.831666666666649, 27.09 ], [ 80.835, 27.09 ], [ 80.839166666666657, 27.094166666666677 ], [ 80.840833333333322, 27.1025 ], [ 80.833333333333314, 27.1025 ], [ 80.828333333333319, 27.0975 ], [ 80.824166666666656, 27.1025 ], [ 80.825833333333321, 27.105833333333344 ], [ 80.824166666666656, 27.113333333333344 ], [ 80.816666666666663, 27.115833333333342 ], [ 80.813333333333318, 27.110833333333343 ], [ 80.810833333333321, 27.110833333333343 ], [ 80.811666666666653, 27.115833333333342 ], [ 80.801666666666648, 27.1275 ] ] } },
{ "type": "Feature", "properties": { "COMID": 45039881, "id": "18438", "lengthkm": 4.5556760942873309, "order": 4, "uparea": 7247.0396860421988 }, "geometry": { "type": "LineString", "coordinates": [ [ 80.820833333333326, 27.0175 ], [ 80.8275, 27.023333333333344 ], [ 80.8325, 27.023333333333344 ], [ 80.8425, 27.029166666666676 ], [ 80.848333333333329, 27.03 ], [ 80.85, 27.031666666666677 ], [ 80.849166666666662, 27.0375 ] ] } },
{ "type": "Feature", "properties": { "COMID": 45039880, "id": "18438", "lengthkm": 13.732948459439221, "order": 4, "uparea": 7338.5390624286147 }, "geometry": { "type": "LineString", "coordinates": [ [ 80.825, 26.96 ], [ 80.829166666666652, 26.964166666666678 ], [ 80.83, 26.9775 ], [ 80.8325, 26.980833333333344 ], [ 80.8375, 26.979166666666679 ], [ 80.841666666666654, 26.975 ], [ 80.845, 26.978333333333346 ], [ 80.845, 26.9825 ], [ 80.84333333333332, 26.984166666666678 ], [ 80.8275, 26.990833333333342 ], [ 80.825, 26.993333333333343 ], [ 80.825, 26.995833333333344 ], [ 80.828333333333319, 26.999166666666675 ], [ 80.84, 27.006666666666675 ], [ 80.8425, 27.0175 ], [ 80.839166666666657, 27.02 ], [ 80.828333333333319, 27.015 ], [ 80.824166666666656, 27.015 ], [ 80.820833333333326, 27.0175 ] ] } },
{ "type": "Feature", "properties": { "COMID": 45039877, "id": "18438", "lengthkm": 5.1951241898985518, "order": 4, "uparea": 7529.6582395375826 }, "geometry": { "type": "LineString", "coordinates": [ [ 80.854166666666657, 26.938333333333343 ], [ 80.8525, 26.940833333333345 ], [ 80.845833333333317, 26.944166666666675 ], [ 80.8375, 26.943333333333342 ], [ 80.826666666666654, 26.946666666666676 ], [ 80.8225, 26.954166666666676 ], [ 80.825, 26.96 ] ] } },
{ "type": "Feature", "properties": { "COMID": 45039876, "id": "18438", "lengthkm": 8.1489766082208259, "order": 4, "uparea": 8696.3008741107678 }, "geometry": { "type": "LineString", "coordinates": [ [ 80.875833333333318, 26.900833333333345 ], [ 80.869166666666658, 26.905 ], [ 80.87, 26.908333333333346 ], [ 80.875, 26.909166666666678 ], [ 80.875, 26.913333333333341 ], [ 80.87, 26.916666666666679 ], [ 80.865, 26.915 ], [ 80.8625, 26.916666666666679 ], [ 80.8625, 26.918333333333344 ], [ 80.870833333333323, 26.9275 ], [ 80.87, 26.9325 ], [ 80.85833333333332, 26.934166666666677 ], [ 80.854166666666657, 26.938333333333343 ] ] } },
{ "type": "Feature", "properties": { "COMID": 45039875, "id": "18438", "lengthkm": 1.2503675608613709, "order": 4, "uparea": 8744.8222473433834 }, "geometry": { "type": "LineString", "coordinates": [ [ 80.885833333333323, 26.905 ], [ 80.880833333333328, 26.900833333333345 ], [ 80.875833333333318, 26.900833333333345 ] ] } },
{ "type": "Feature", "properties": { "COMID": 45039874, "id": "18438", "lengthkm": 14.04488722117579, "order": 4, "uparea": 8835.2739556616943 }, "geometry": { "type": "LineString", "coordinates": [ [ 80.9675, 26.859166666666678 ], [ 80.960833333333326, 26.8625 ], [ 80.951666666666654, 26.8625 ], [ 80.934166666666655, 26.858333333333341 ], [ 80.9225, 26.87 ], [ 80.911666666666662, 26.875 ], [ 80.90916666666665, 26.879166666666677 ], [ 80.913333333333327, 26.885 ], [ 80.911666666666662, 26.888333333333343 ], [ 80.908333333333317, 26.888333333333343 ], [ 80.903333333333322, 26.885 ], [ 80.898333333333326, 26.886666666666677 ], [ 80.8975, 26.888333333333343 ], [ 80.885833333333323, 26.888333333333343 ], [ 80.884166666666658, 26.890833333333344 ], [ 80.886666666666656, 26.9025 ], [ 80.885833333333323, 26.905 ] ] } },
{ "type": "Feature", "properties": { "COMID": 45039873, "id": "18438", "lengthkm": 0.74318445985914305, "order": 4, "uparea": 9029.5129320076212 }, "geometry": { "type": "LineString", "coordinates": [ [ 80.97, 26.853333333333346 ], [ 80.9675, 26.859166666666678 ] ] } },
{ "type": "Feature", "properties": { "COMID": 45039872, "id": "18438", "lengthkm": 9.3232577690706435, "order": 4, "uparea": 9091.0691715191097 }, "geometry": { "type": "LineString", "coordinates": [ [ 81.0075, 26.8175 ], [ 81.008333333333326, 26.819166666666675 ], [ 81.005, 26.824166666666677 ], [ 81.001666666666651, 26.824166666666677 ], [ 81.0, 26.825833333333343 ], [ 81.000833333333318, 26.826666666666675 ], [ 80.996666666666655, 26.829166666666676 ], [ 80.995833333333323, 26.835 ], [ 80.9825, 26.830833333333345 ], [ 80.975833333333327, 26.83 ], [ 80.970833333333317, 26.833333333333343 ], [ 80.97, 26.831666666666678 ], [ 80.965833333333322, 26.836666666666677 ], [ 80.96833333333332, 26.84 ], [ 80.96833333333332, 26.844166666666677 ], [ 80.970833333333317, 26.846666666666678 ], [ 80.969166666666652, 26.8475 ], [ 80.970833333333317, 26.848333333333343 ], [ 80.969166666666652, 26.85 ], [ 80.970833333333317, 26.851666666666677 ], [ 80.97, 26.853333333333346 ] ] } },
{ "type": "Feature", "properties": { "COMID": 45039871, "id": "18438", "lengthkm": 9.8807886933182623, "order": 4, "uparea": 9189.3232250466535 }, "geometry": { "type": "LineString", "coordinates": [ [ 81.068333333333328, 26.829166666666676 ], [ 81.065, 26.8275 ], [ 81.060833333333321, 26.829166666666676 ], [ 81.059166666666655, 26.828333333333344 ], [ 81.06, 26.8225 ], [ 81.058333333333323, 26.818333333333342 ], [ 81.055, 26.818333333333342 ], [ 81.05416666666666, 26.821666666666676 ], [ 81.050833333333316, 26.823333333333345 ], [ 81.04916666666665, 26.816666666666677 ], [ 81.046666666666653, 26.814166666666679 ], [ 81.028333333333322, 26.821666666666676 ], [ 81.023333333333326, 26.82 ], [ 81.021666666666647, 26.820833333333344 ], [ 81.015833333333319, 26.816666666666677 ], [ 81.011666666666656, 26.8175 ], [ 81.009166666666658, 26.815833333333345 ], [ 81.0075, 26.8175 ] ] } },
{ "type": "Feature", "properties": { "COMID": 45039870, "id": "18438", "lengthkm": 7.5497330103899118, "order": 4, "uparea": 9691.5345527944792 }, "geometry": { "type": "LineString", "coordinates": [ [ 81.12833333333333, 26.834166666666675 ], [ 81.1175, 26.835 ], [ 81.103333333333325, 26.84 ], [ 81.096666666666664, 26.84 ], [ 81.0925, 26.836666666666677 ], [ 81.089166666666657, 26.836666666666677 ], [ 81.0875, 26.834166666666675 ], [ 81.078333333333319, 26.830833333333345 ], [ 81.075, 26.8275 ], [ 81.068333333333328, 26.829166666666676 ] ] } },
{ "type": "Feature", "properties": { "COMID": 45039869, "id": "18438", "lengthkm": 2.365122076656216, "order": 4, "uparea": 9728.3964132528636 }, "geometry": { "type": "LineString", "coordinates": [ [ 81.138333333333321, 26.819166666666675 ], [ 81.139166666666654, 26.823333333333345 ], [ 81.136666666666656, 26.828333333333344 ], [ 81.1325, 26.8325 ], [ 81.12833333333333, 26.834166666666675 ] ] } },
{ "type": "Feature", "properties": { "COMID": 45039868, "id": "18438", "lengthkm": 14.290652946571553, "order": 4, "uparea": 9801.5237041308155 }, "geometry": { "type": "LineString", "coordinates": [ [ 81.19, 26.769166666666678 ], [ 81.185, 26.775833333333345 ], [ 81.185, 26.78 ], [ 81.175833333333316, 26.788333333333341 ], [ 81.171666666666653, 26.786666666666676 ], [ 81.164166666666659, 26.775 ], [ 81.16, 26.775 ], [ 81.158333333333317, 26.776666666666678 ], [ 81.158333333333317, 26.78 ], [ 81.160833333333329, 26.788333333333341 ], [ 81.16, 26.7925 ], [ 81.15583333333332, 26.7975 ], [ 81.15916666666665, 26.8 ], [ 81.1625, 26.8 ], [ 81.165833333333325, 26.806666666666679 ], [ 81.161666666666662, 26.811666666666675 ], [ 81.155, 26.811666666666675 ], [ 81.154166666666654, 26.813333333333343 ], [ 81.149166666666659, 26.813333333333343 ], [ 81.1475, 26.811666666666675 ], [ 81.145, 26.813333333333343 ], [ 81.141666666666652, 26.811666666666675 ], [ 81.1375, 26.8175 ], [ 81.138333333333321, 26.819166666666675 ] ] } },
{ "type": "Feature", "properties": { "COMID": 45039867, "id": "18438", "lengthkm": 5.1519647498141614, "order": 4, "uparea": 10180.119260388225 }, "geometry": { "type": "LineString", "coordinates": [ [ 81.203333333333319, 26.73 ], [ 81.205, 26.733333333333341 ], [ 81.203333333333319, 26.744166666666679 ], [ 81.198333333333323, 26.753333333333345 ], [ 81.19, 26.760833333333345 ], [ 81.19, 26.769166666666678 ] ] } },
{ "type": "Feature", "properties": { "COMID": 45039866, "id": "18438", "lengthkm": 27.427369439010249, "order": 4, "uparea": 10371.116973195207 }, "geometry": { "type": "LineString", "coordinates": [ [ 81.295, 26.694166666666675 ], [ 81.293333333333322, 26.695833333333344 ], [ 81.29, 26.695 ], [ 81.28416666666665, 26.699166666666677 ], [ 81.28416666666665, 26.700833333333343 ], [ 81.28, 26.704166666666676 ], [ 81.278333333333322, 26.710833333333344 ], [ 81.275833333333324, 26.713333333333345 ], [ 81.2675, 26.709166666666675 ], [ 81.26, 26.710833333333344 ], [ 81.25333333333333, 26.715833333333343 ], [ 81.254166666666663, 26.7225 ], [ 81.2575, 26.725833333333341 ], [ 81.265, 26.72 ], [ 81.27, 26.7225 ], [ 81.27, 26.725 ], [ 81.265833333333319, 26.730833333333344 ], [ 81.266666666666652, 26.743333333333343 ], [ 81.278333333333322, 26.758333333333344 ], [ 81.279166666666654, 26.765833333333344 ], [ 81.276666666666657, 26.768333333333345 ], [ 81.269166666666649, 26.765833333333344 ], [ 81.248333333333321, 26.745833333333344 ], [ 81.243333333333325, 26.7375 ], [ 81.2275, 26.736666666666679 ], [ 81.21833333333332, 26.741666666666678 ], [ 81.213333333333324, 26.740833333333342 ], [ 81.216666666666654, 26.73 ], [ 81.214166666666657, 26.7225 ], [ 81.21, 26.723333333333343 ], [ 81.203333333333319, 26.73 ] ] } },
{ "type": "Feature", "properties": { "COMID": 45039865, "id": "18438", "lengthkm": 24.891645257236629, "order": 4, "uparea": 10562.011766564838 }, "geometry": { "type": "LineString", "coordinates": [ [ 81.423333333333318, 26.640833333333344 ], [ 81.403333333333322, 26.6625 ], [ 81.398333333333326, 26.670833333333341 ], [ 81.395, 26.681666666666679 ], [ 81.390833333333319, 26.6875 ], [ 81.386666666666656, 26.69 ], [ 81.381666666666661, 26.689166666666679 ], [ 81.381666666666661, 26.6875 ], [ 81.369166666666658, 26.675833333333344 ], [ 81.36666666666666, 26.669166666666676 ], [ 81.360833333333318, 26.661666666666676 ], [ 81.353333333333325, 26.656666666666677 ], [ 81.345, 26.655 ], [ 81.340833333333322, 26.656666666666677 ], [ 81.3275, 26.669166666666676 ], [ 81.325833333333321, 26.675833333333344 ], [ 81.326666666666654, 26.678333333333342 ], [ 81.320833333333326, 26.685 ], [ 81.320833333333326, 26.6875 ], [ 81.325833333333321, 26.694166666666675 ], [ 81.320833333333326, 26.701666666666675 ], [ 81.315, 26.705 ], [ 81.311666666666653, 26.705 ], [ 81.311666666666653, 26.695 ], [ 81.295, 26.694166666666675 ] ] } },
{ "type": "Feature", "properties": { "COMID": 45039864, "id": "18438", "lengthkm": 36.583269754861945, "order": 4, "uparea": 10717.075557858529 }, "geometry": { "type": "LineString", "coordinates": [ [ 81.598333333333329, 26.6925 ], [ 81.595833333333317, 26.6925 ], [ 81.589166666666657, 26.696666666666676 ], [ 81.584166666666647, 26.696666666666676 ], [ 81.579166666666652, 26.6925 ], [ 81.575833333333321, 26.6925 ], [ 81.573333333333323, 26.6975 ], [ 81.570833333333326, 26.7 ], [ 81.568333333333328, 26.7 ], [ 81.56, 26.691666666666677 ], [ 81.546666666666653, 26.683333333333344 ], [ 81.541666666666657, 26.685833333333342 ], [ 81.540833333333325, 26.690833333333345 ], [ 81.535833333333329, 26.696666666666676 ], [ 81.53, 26.689166666666679 ], [ 81.519166666666649, 26.668333333333344 ], [ 81.5225, 26.654166666666676 ], [ 81.5175, 26.648333333333344 ], [ 81.511666666666656, 26.6475 ], [ 81.509166666666658, 26.649166666666677 ], [ 81.508333333333326, 26.654166666666676 ], [ 81.505833333333328, 26.655833333333344 ], [ 81.50333333333333, 26.649166666666677 ], [ 81.504166666666663, 26.6475 ], [ 81.495, 26.6425 ], [ 81.488333333333316, 26.644166666666678 ], [ 81.4775, 26.6575 ], [ 81.475833333333327, 26.656666666666677 ], [ 81.459166666666647, 26.6725 ], [ 81.453333333333319, 26.674166666666679 ], [ 81.448333333333323, 26.678333333333342 ], [ 81.444166666666661, 26.678333333333342 ], [ 81.441666666666663, 26.675 ], [ 81.450833333333321, 26.665833333333346 ], [ 81.453333333333319, 26.665833333333346 ], [ 81.454166666666652, 26.663333333333341 ], [ 81.455, 26.664166666666677 ], [ 81.4575, 26.660833333333343 ], [ 81.4575, 26.655833333333344 ], [ 81.455, 26.653333333333343 ], [ 81.445833333333326, 26.658333333333346 ], [ 81.4425, 26.658333333333346 ], [ 81.4375, 26.645833333333343 ], [ 81.433333333333323, 26.640833333333344 ], [ 81.428333333333313, 26.638333333333343 ], [ 81.423333333333318, 26.640833333333344 ] ] } },
{ "type": "Feature", "properties": { "COMID": 45039863, "id": "18438", "lengthkm": 39.017555389938153, "order": 4, "uparea": 13707.041982095772 }, "geometry": { "type": "LineString", "coordinates": [ [ 81.655, 26.61 ], [ 81.663333333333327, 26.605 ], [ 81.665, 26.6025 ], [ 81.67, 26.600833333333341 ], [ 81.67416666666665, 26.600833333333341 ], [ 81.6775, 26.605 ], [ 81.6675, 26.615 ], [ 81.665833333333325, 26.618333333333343 ], [ 81.666666666666657, 26.62 ], [ 81.6625, 26.626666666666679 ], [ 81.653333333333322, 26.6275 ], [ 81.65, 26.63 ], [ 81.6475, 26.635833333333345 ], [ 81.6425, 26.64 ], [ 81.636666666666656, 26.6375 ], [ 81.635, 26.631666666666675 ], [ 81.630833333333328, 26.625833333333343 ], [ 81.62, 26.6225 ], [ 81.61666666666666, 26.625833333333343 ], [ 81.61, 26.639166666666675 ], [ 81.6075, 26.640833333333344 ], [ 81.60833333333332, 26.641666666666676 ], [ 81.605833333333322, 26.646666666666675 ], [ 81.5975, 26.6525 ], [ 81.583333333333314, 26.653333333333343 ], [ 81.573333333333323, 26.664166666666677 ], [ 81.5675, 26.666666666666679 ], [ 81.563333333333318, 26.665833333333346 ], [ 81.559166666666655, 26.6625 ], [ 81.56583333333333, 26.6575 ], [ 81.568333333333328, 26.653333333333343 ], [ 81.564166666666651, 26.6475 ], [ 81.55, 26.6425 ], [ 81.544166666666655, 26.645 ], [ 81.544166666666655, 26.663333333333341 ], [ 81.54916666666665, 26.669166666666676 ], [ 81.566666666666663, 26.676666666666677 ], [ 81.569166666666661, 26.681666666666679 ], [ 81.574166666666656, 26.685833333333342 ], [ 81.58, 26.686666666666675 ], [ 81.589166666666657, 26.679166666666678 ], [ 81.600833333333327, 26.6775 ], [ 81.6025, 26.679166666666678 ], [ 81.6025, 26.6875 ], [ 81.598333333333329, 26.6925 ] ] } },
{ "type": "Feature", "properties": { "COMID": 45039862, "id": "18438", "lengthkm": 3.9128187468001321, "order": 4, "uparea": 13831.933871353369 }, "geometry": { "type": "LineString", "coordinates": [ [ 81.6525, 26.583333333333343 ], [ 81.648333333333326, 26.585 ], [ 81.650833333333324, 26.595833333333346 ], [ 81.649166666666659, 26.608333333333341 ], [ 81.655, 26.61 ] ] } },
{ "type": "Feature", "properties": { "COMID": 45039861, "id": "18438", "lengthkm": 6.5760012496367857, "order": 4, "uparea": 13915.57693862527 }, "geometry": { "type": "LineString", "coordinates": [ [ 81.703333333333319, 26.5875 ], [ 81.7, 26.590833333333343 ], [ 81.686666666666653, 26.590833333333343 ], [ 81.684166666666655, 26.589166666666678 ], [ 81.67916666666666, 26.589166666666678 ], [ 81.675, 26.585 ], [ 81.67, 26.584166666666675 ], [ 81.665, 26.59 ], [ 81.661666666666662, 26.59 ], [ 81.656666666666652, 26.585 ], [ 81.6525, 26.583333333333343 ] ] } },
{ "type": "Feature", "properties": { "COMID": 45043944, "id": "18438", "lengthkm": 33.408730004722564, "order": 4, "uparea": 14179.939657901345 }, "geometry": { "type": "LineString", "coordinates": [ [ 81.783333333333317, 26.4475 ], [ 81.776666666666657, 26.445833333333344 ], [ 81.774166666666659, 26.44666666666668 ], [ 81.773333333333326, 26.45 ], [ 81.776666666666657, 26.454166666666676 ], [ 81.7775, 26.458333333333343 ], [ 81.775, 26.460833333333344 ], [ 81.771666666666647, 26.460833333333344 ], [ 81.77, 26.463333333333345 ], [ 81.766666666666652, 26.464166666666678 ], [ 81.761666666666656, 26.470833333333346 ], [ 81.7625, 26.475833333333345 ], [ 81.768333333333317, 26.484166666666678 ], [ 81.766666666666652, 26.486666666666679 ], [ 81.760833333333323, 26.486666666666679 ], [ 81.754166666666663, 26.49 ], [ 81.751666666666651, 26.489166666666677 ], [ 81.7425, 26.494166666666679 ], [ 81.741666666666646, 26.4975 ], [ 81.750833333333318, 26.505 ], [ 81.75, 26.506666666666675 ], [ 81.743333333333325, 26.505833333333342 ], [ 81.73333333333332, 26.5125 ], [ 81.73333333333332, 26.515 ], [ 81.738333333333316, 26.5175 ], [ 81.73666666666665, 26.5225 ], [ 81.734166666666653, 26.523333333333344 ], [ 81.72166666666665, 26.5175 ], [ 81.709166666666647, 26.5225 ], [ 81.7075, 26.520833333333343 ], [ 81.700833333333321, 26.520833333333343 ], [ 81.690833333333316, 26.524166666666677 ], [ 81.684166666666655, 26.524166666666677 ], [ 81.67416666666665, 26.53 ], [ 81.6775, 26.54 ], [ 81.681666666666658, 26.544166666666676 ], [ 81.6875, 26.5425 ], [ 81.690833333333316, 26.539166666666677 ], [ 81.694166666666661, 26.539166666666677 ], [ 81.6975, 26.5425 ], [ 81.698333333333323, 26.553333333333342 ], [ 81.701666666666654, 26.5625 ], [ 81.7, 26.574166666666677 ], [ 81.704166666666652, 26.580833333333345 ], [ 81.703333333333319, 26.5875 ] ] } },
{ "type": "Feature", "properties": { "COMID": 45043933, "id": "18438", "lengthkm": 8.5325422510116056, "order": 4, "uparea": 14325.055814672949 }, "geometry": { "type": "LineString", "coordinates": [ [ 81.8225, 26.425833333333344 ], [ 81.8225, 26.428333333333342 ], [ 81.819166666666661, 26.433333333333344 ], [ 81.811666666666653, 26.436666666666675 ], [ 81.81, 26.435833333333342 ], [ 81.806666666666658, 26.438333333333343 ], [ 81.801666666666648, 26.436666666666675 ], [ 81.7925, 26.43 ], [ 81.7875, 26.428333333333342 ], [ 81.783333333333317, 26.43 ], [ 81.778333333333322, 26.435 ], [ 81.776666666666657, 26.439166666666679 ], [ 81.7825, 26.444166666666675 ], [ 81.785, 26.444166666666675 ], [ 81.783333333333317, 26.4475 ] ] } },
{ "type": "Feature", "properties": { "COMID": 45043931, "id": "18438", "lengthkm": 2.4986247263863501, "order": 4, "uparea": 15089.848174711491 }, "geometry": { "type": "LineString", "coordinates": [ [ 81.844166666666652, 26.425 ], [ 81.828333333333319, 26.4225 ], [ 81.8225, 26.425833333333344 ] ] } },
{ "type": "Feature", "properties": { "COMID": 45043929, "id": "18438", "lengthkm": 29.08813131736148, "order": 4, "uparea": 15227.117215637129 }, "geometry": { "type": "LineString", "coordinates": [ [ 81.999166666666653, 26.379166666666677 ], [ 81.994166666666658, 26.376666666666679 ], [ 81.989166666666648, 26.376666666666679 ], [ 81.985833333333318, 26.369166666666679 ], [ 81.979166666666657, 26.3625 ], [ 81.961666666666659, 26.355 ], [ 81.9575, 26.355 ], [ 81.955833333333317, 26.353333333333346 ], [ 81.954166666666652, 26.354166666666679 ], [ 81.9525, 26.351666666666677 ], [ 81.948333333333323, 26.351666666666677 ], [ 81.943333333333328, 26.359166666666678 ], [ 81.9425, 26.373333333333342 ], [ 81.9375, 26.38 ], [ 81.923333333333318, 26.38 ], [ 81.92, 26.383333333333344 ], [ 81.918333333333322, 26.3825 ], [ 81.914166666666659, 26.385833333333345 ], [ 81.91, 26.385 ], [ 81.90583333333332, 26.379166666666677 ], [ 81.901666666666657, 26.378333333333345 ], [ 81.8975, 26.380833333333342 ], [ 81.893333333333317, 26.38 ], [ 81.8925, 26.381666666666675 ], [ 81.8875, 26.383333333333344 ], [ 81.885833333333323, 26.3825 ], [ 81.879166666666663, 26.390833333333344 ], [ 81.878333333333316, 26.398333333333344 ], [ 81.876666666666651, 26.400833333333345 ], [ 81.87, 26.405833333333344 ], [ 81.870833333333323, 26.408333333333346 ], [ 81.869166666666658, 26.410833333333343 ], [ 81.86166666666665, 26.410833333333343 ], [ 81.8525, 26.408333333333346 ], [ 81.851666666666659, 26.4 ], [ 81.849166666666662, 26.3975 ], [ 81.84333333333332, 26.409166666666678 ], [ 81.8475, 26.416666666666679 ], [ 81.84666666666665, 26.424166666666679 ], [ 81.844166666666652, 26.425 ] ] } },
{ "type": "Feature", "properties": { "COMID": 45043922, "id": "18438", "lengthkm": 11.625557838873492, "order": 4, "uparea": 15309.14493002292 }, "geometry": { "type": "LineString", "coordinates": [ [ 82.04583333333332, 26.3625 ], [ 82.044166666666655, 26.356666666666676 ], [ 82.040833333333325, 26.355 ], [ 82.039166666666659, 26.356666666666676 ], [ 82.038333333333327, 26.363333333333344 ], [ 82.035, 26.365 ], [ 82.029166666666654, 26.364166666666677 ], [ 82.025833333333324, 26.3675 ], [ 82.026666666666657, 26.369166666666679 ], [ 82.035, 26.37 ], [ 82.0325, 26.375833333333343 ], [ 82.03416666666665, 26.385833333333345 ], [ 82.03083333333332, 26.38416666666668 ], [ 82.026666666666657, 26.378333333333345 ], [ 82.02, 26.375 ], [ 82.015833333333319, 26.375833333333343 ], [ 82.0125, 26.379166666666677 ], [ 82.005, 26.3825 ], [ 81.999166666666653, 26.379166666666677 ] ] } },
{ "type": "Feature", "properties": { "COMID": 45043918, "id": "18438", "lengthkm": 22.144109471007212, "order": 4, "uparea": 15704.673667919467 }, "geometry": { "type": "LineString", "coordinates": [ [ 82.063333333333318, 26.284166666666678 ], [ 82.069166666666661, 26.290833333333346 ], [ 82.07, 26.29 ], [ 82.0825, 26.296666666666678 ], [ 82.0875, 26.305 ], [ 82.095833333333317, 26.310833333333342 ], [ 82.095, 26.318333333333342 ], [ 82.0925, 26.32166666666668 ], [ 82.09, 26.330833333333345 ], [ 82.086666666666659, 26.333333333333343 ], [ 82.0725, 26.333333333333343 ], [ 82.066666666666663, 26.335833333333344 ], [ 82.064166666666651, 26.333333333333343 ], [ 82.065, 26.3275 ], [ 82.071666666666658, 26.32166666666668 ], [ 82.071666666666658, 26.316666666666677 ], [ 82.065833333333316, 26.314166666666679 ], [ 82.065, 26.315833333333345 ], [ 82.0625, 26.315 ], [ 82.056666666666658, 26.3175 ], [ 82.055, 26.316666666666677 ], [ 82.05, 26.32166666666668 ], [ 82.04916666666665, 26.325 ], [ 82.055833333333325, 26.336666666666677 ], [ 82.046666666666653, 26.349166666666676 ], [ 82.051666666666648, 26.360833333333346 ], [ 82.04916666666665, 26.364166666666677 ], [ 82.04583333333332, 26.3625 ] ] } },
{ "type": "Feature", "properties": { "COMID": 45043915, "id": "18438", "lengthkm": 10.873326436808018, "order": 4, "uparea": 15880.458841713282 }, "geometry": { "type": "LineString", "coordinates": [ [ 82.10833333333332, 26.29 ], [ 82.098333333333329, 26.2875 ], [ 82.09, 26.290833333333346 ], [ 82.085, 26.286666666666676 ], [ 82.086666666666659, 26.2825 ], [ 82.0925, 26.281666666666677 ], [ 82.0975, 26.279166666666676 ], [ 82.099166666666662, 26.276666666666678 ], [ 82.099166666666662, 26.2725 ], [ 82.094166666666652, 26.2675 ], [ 82.071666666666658, 26.271666666666675 ], [ 82.063333333333318, 26.284166666666678 ] ] } },
{ "type": "Feature", "properties": { "COMID": 45043913, "id": "18438", "lengthkm": 26.023908869667512, "order": 4, "uparea": 16014.867934552707 }, "geometry": { "type": "LineString", "coordinates": [ [ 82.196666666666658, 26.188333333333343 ], [ 82.2, 26.191666666666677 ], [ 82.203333333333319, 26.191666666666677 ], [ 82.21, 26.195833333333344 ], [ 82.208333333333314, 26.200833333333343 ], [ 82.1875, 26.215 ], [ 82.173333333333318, 26.216666666666676 ], [ 82.169166666666655, 26.224166666666676 ], [ 82.17, 26.23 ], [ 82.163333333333327, 26.231666666666676 ], [ 82.1575, 26.225 ], [ 82.154166666666654, 26.225833333333345 ], [ 82.15, 26.238333333333344 ], [ 82.15, 26.2475 ], [ 82.148333333333326, 26.253333333333345 ], [ 82.149166666666659, 26.2575 ], [ 82.145, 26.2625 ], [ 82.140833333333319, 26.264166666666675 ], [ 82.135833333333323, 26.263333333333343 ], [ 82.1275, 26.265 ], [ 82.116666666666646, 26.263333333333343 ], [ 82.110833333333318, 26.260833333333345 ], [ 82.106666666666655, 26.264166666666675 ], [ 82.106666666666655, 26.2675 ], [ 82.110833333333318, 26.273333333333344 ], [ 82.125833333333318, 26.2875 ], [ 82.1225, 26.290833333333346 ], [ 82.10833333333332, 26.29 ] ] } },
{ "type": "Feature", "properties": { "COMID": 45043911, "id": "18438", "lengthkm": 15.898709226220884, "order": 4, "uparea": 16106.402716680024 }, "geometry": { "type": "LineString", "coordinates": [ [ 82.291666666666657, 26.214166666666678 ], [ 82.29, 26.2175 ], [ 82.285833333333329, 26.2175 ], [ 82.28416666666665, 26.215833333333343 ], [ 82.28416666666665, 26.2175 ], [ 82.276666666666657, 26.210833333333344 ], [ 82.275, 26.19666666666668 ], [ 82.271666666666647, 26.193333333333342 ], [ 82.254166666666663, 26.190833333333345 ], [ 82.248333333333321, 26.1975 ], [ 82.245, 26.1975 ], [ 82.23333333333332, 26.1875 ], [ 82.2325, 26.178333333333342 ], [ 82.228333333333325, 26.174166666666679 ], [ 82.2225, 26.176666666666677 ], [ 82.219166666666652, 26.183333333333344 ], [ 82.215, 26.185 ], [ 82.204166666666652, 26.184166666666677 ], [ 82.196666666666658, 26.188333333333343 ] ] } },
{ "type": "Feature", "properties": { "COMID": 45043910, "id": "18438", "lengthkm": 19.780687227560573, "order": 4, "uparea": 16255.67946314354 }, "geometry": { "type": "LineString", "coordinates": [ [ 82.338333333333324, 26.14166666666668 ], [ 82.336666666666659, 26.145 ], [ 82.3375, 26.1475 ], [ 82.34666666666665, 26.154166666666676 ], [ 82.34666666666665, 26.1575 ], [ 82.345, 26.156666666666677 ], [ 82.341666666666654, 26.159166666666678 ], [ 82.334166666666647, 26.160833333333343 ], [ 82.325, 26.159166666666678 ], [ 82.315833333333316, 26.160833333333343 ], [ 82.313333333333318, 26.164166666666677 ], [ 82.3125, 26.163333333333345 ], [ 82.301666666666648, 26.169166666666676 ], [ 82.29, 26.171666666666678 ], [ 82.279166666666654, 26.176666666666677 ], [ 82.278333333333322, 26.18 ], [ 82.281666666666652, 26.1825 ], [ 82.29, 26.181666666666679 ], [ 82.294166666666655, 26.1775 ], [ 82.2975, 26.176666666666677 ], [ 82.3025, 26.178333333333342 ], [ 82.305833333333325, 26.1825 ], [ 82.305, 26.193333333333342 ], [ 82.3075, 26.198333333333345 ], [ 82.304166666666646, 26.201666666666675 ], [ 82.29583333333332, 26.2025 ], [ 82.2925, 26.206666666666678 ], [ 82.293333333333322, 26.209166666666675 ], [ 82.291666666666657, 26.214166666666678 ] ] } },
{ "type": "Feature", "properties": { "COMID": 45043909, "id": "18438", "lengthkm": 13.706319579897768, "order": 4, "uparea": 16328.809930528567 }, "geometry": { "type": "LineString", "coordinates": [ [ 82.376666666666651, 26.061666666666678 ], [ 82.374166666666653, 26.065833333333345 ], [ 82.374166666666653, 26.070833333333344 ], [ 82.375833333333318, 26.073333333333345 ], [ 82.3775, 26.088333333333345 ], [ 82.379166666666663, 26.09 ], [ 82.378333333333316, 26.093333333333344 ], [ 82.38, 26.095 ], [ 82.379166666666663, 26.104166666666679 ], [ 82.375, 26.109166666666678 ], [ 82.3675, 26.113333333333344 ], [ 82.368333333333325, 26.114166666666677 ], [ 82.365, 26.12 ], [ 82.356666666666655, 26.12 ], [ 82.35, 26.115 ], [ 82.345, 26.116666666666678 ], [ 82.3425, 26.12 ], [ 82.34333333333332, 26.130833333333342 ], [ 82.341666666666654, 26.1375 ], [ 82.339166666666657, 26.1425 ], [ 82.338333333333324, 26.14166666666668 ] ] } },
{ "type": "Feature", "properties": { "COMID": 45043908, "id": "18438", "lengthkm": 6.822313263800317, "order": 4, "uparea": 16420.718755933303 }, "geometry": { "type": "LineString", "coordinates": [ [ 82.395, 26.019166666666678 ], [ 82.401666666666657, 26.03 ], [ 82.398333333333312, 26.045 ], [ 82.395, 26.049166666666679 ], [ 82.380833333333328, 26.056666666666679 ], [ 82.38, 26.06 ], [ 82.376666666666651, 26.061666666666678 ] ] } },
{ "type": "Feature", "properties": { "COMID": 45048007, "id": "18438", "lengthkm": 20.994258490456687, "order": 4, "uparea": 16792.098837151985 }, "geometry": { "type": "LineString", "coordinates": [ [ 82.535833333333329, 25.964166666666678 ], [ 82.53416666666665, 25.9625 ], [ 82.531666666666652, 25.964166666666678 ], [ 82.528333333333322, 25.963333333333345 ], [ 82.520833333333314, 25.965 ], [ 82.516666666666652, 25.9725 ], [ 82.5175, 25.973333333333343 ], [ 82.5125, 25.9775 ], [ 82.488333333333316, 25.974166666666676 ], [ 82.485833333333318, 25.976666666666677 ], [ 82.48666666666665, 25.9825 ], [ 82.484166666666653, 25.988333333333344 ], [ 82.475, 26.000833333333343 ], [ 82.473333333333329, 26.0 ], [ 82.4675, 26.0025 ], [ 82.4625, 26.001666666666679 ], [ 82.460833333333312, 26.003333333333345 ], [ 82.456666666666649, 26.0025 ], [ 82.4525, 26.004166666666677 ], [ 82.45, 26.0025 ], [ 82.4375, 26.004166666666677 ], [ 82.425833333333316, 26.00916666666668 ], [ 82.425, 26.010833333333345 ], [ 82.423333333333318, 26.01 ], [ 82.4225, 26.011666666666677 ], [ 82.42083333333332, 26.010833333333345 ], [ 82.413333333333327, 26.013333333333343 ], [ 82.405, 26.0125 ], [ 82.404166666666654, 26.01 ], [ 82.3975, 26.01 ], [ 82.3925, 26.015 ], [ 82.395, 26.019166666666678 ] ] } },
{ "type": "Feature", "properties": { "COMID": 45048003, "id": "18438", "lengthkm": 23.893937452517033, "order": 4, "uparea": 16986.665549401227 }, "geometry": { "type": "LineString", "coordinates": [ [ 82.59, 25.8525 ], [ 82.595833333333317, 25.860833333333346 ], [ 82.591666666666654, 25.866666666666678 ], [ 82.586666666666659, 25.869166666666679 ], [ 82.585, 25.8725 ], [ 82.5825, 25.88 ], [ 82.5825, 25.8925 ], [ 82.57, 25.894166666666678 ], [ 82.5675, 25.8975 ], [ 82.568333333333328, 25.9075 ], [ 82.565833333333316, 25.915 ], [ 82.558333333333323, 25.92 ], [ 82.54583333333332, 25.919166666666676 ], [ 82.5425, 25.926666666666677 ], [ 82.543333333333322, 25.929166666666678 ], [ 82.54583333333332, 25.93 ], [ 82.559166666666655, 25.93 ], [ 82.561666666666653, 25.9325 ], [ 82.563333333333318, 25.931666666666679 ], [ 82.570833333333326, 25.935833333333342 ], [ 82.5675, 25.955 ], [ 82.565, 25.960833333333344 ], [ 82.560833333333321, 25.964166666666678 ], [ 82.535833333333329, 25.964166666666678 ] ] } },
{ "type": "Feature", "properties": { "COMID": 45047998, "id": "18438", "lengthkm": 19.998151778279119, "order": 4, "uparea": 17725.464404351169 }, "geometry": { "type": "LineString", "coordinates": [ [ 82.665833333333325, 25.7575 ], [ 82.669166666666655, 25.760833333333345 ], [ 82.669166666666655, 25.764166666666675 ], [ 82.6475, 25.779166666666676 ], [ 82.645, 25.7875 ], [ 82.644166666666649, 25.786666666666676 ], [ 82.6425, 25.789166666666677 ], [ 82.64, 25.789166666666677 ], [ 82.635, 25.784166666666678 ], [ 82.629166666666663, 25.783333333333346 ], [ 82.625, 25.785 ], [ 82.621666666666655, 25.79 ], [ 82.6175, 25.791666666666679 ], [ 82.613333333333316, 25.79 ], [ 82.610833333333318, 25.790833333333346 ], [ 82.605833333333322, 25.7975 ], [ 82.604166666666657, 25.805833333333347 ], [ 82.605833333333322, 25.813333333333347 ], [ 82.600833333333327, 25.816666666666677 ], [ 82.59333333333332, 25.816666666666677 ], [ 82.5825, 25.823333333333345 ], [ 82.579166666666652, 25.828333333333344 ], [ 82.58, 25.830833333333345 ], [ 82.584166666666647, 25.834166666666675 ], [ 82.586666666666659, 25.834166666666675 ], [ 82.591666666666654, 25.839166666666678 ], [ 82.59, 25.8525 ] ] } },
{ "type": "Feature", "properties": { "COMID": 45047993, "id": "18438", "lengthkm": 8.8778119372939059, "order": 4, "uparea": 17785.296461090176 }, "geometry": { "type": "LineString", "coordinates": [ [ 82.715833333333322, 25.7475 ], [ 82.715, 25.74 ], [ 82.7125, 25.736666666666679 ], [ 82.708333333333314, 25.735833333333346 ], [ 82.701666666666654, 25.7425 ], [ 82.6925, 25.7425 ], [ 82.681666666666658, 25.750833333333347 ], [ 82.675, 25.751666666666679 ], [ 82.67083333333332, 25.75 ], [ 82.669166666666655, 25.7475 ], [ 82.665833333333325, 25.7475 ], [ 82.663333333333327, 25.75 ], [ 82.663333333333327, 25.755 ], [ 82.665833333333325, 25.7575 ] ] } },
{ "type": "Feature", "properties": { "COMID": 45047991, "id": "18438", "lengthkm": 12.169052879802136, "order": 4, "uparea": 17928.953190584711 }, "geometry": { "type": "LineString", "coordinates": [ [ 82.753333333333316, 25.689166666666679 ], [ 82.743333333333325, 25.7 ], [ 82.7325, 25.703333333333344 ], [ 82.730833333333322, 25.705833333333345 ], [ 82.730833333333322, 25.7125 ], [ 82.735833333333318, 25.719166666666677 ], [ 82.74, 25.730833333333344 ], [ 82.74, 25.741666666666678 ], [ 82.73666666666665, 25.744166666666679 ], [ 82.73, 25.745 ], [ 82.7275, 25.7475 ], [ 82.726666666666659, 25.753333333333345 ], [ 82.724166666666662, 25.755833333333342 ], [ 82.72, 25.755833333333342 ], [ 82.715833333333322, 25.750833333333347 ], [ 82.715833333333322, 25.7475 ] ] } },
{ "type": "Feature", "properties": { "COMID": 45047988, "id": "18438", "lengthkm": 5.9495295482650379, "order": 4, "uparea": 17973.121109637159 }, "geometry": { "type": "LineString", "coordinates": [ [ 82.785833333333329, 25.705 ], [ 82.78083333333332, 25.70416666666668 ], [ 82.78, 25.7025 ], [ 82.7725, 25.7025 ], [ 82.769166666666649, 25.705 ], [ 82.765, 25.705 ], [ 82.76, 25.700833333333343 ], [ 82.761666666666656, 25.690833333333345 ], [ 82.756666666666661, 25.6875 ], [ 82.753333333333316, 25.689166666666679 ] ] } },
{ "type": "Feature", "properties": { "COMID": 45047985, "id": "18438", "lengthkm": 4.2277877422204284, "order": 4, "uparea": 18030.118009203783 }, "geometry": { "type": "LineString", "coordinates": [ [ 82.805, 25.678333333333345 ], [ 82.803333333333313, 25.681666666666679 ], [ 82.8025, 25.680833333333347 ], [ 82.79916666666665, 25.684166666666677 ], [ 82.79916666666665, 25.691666666666677 ], [ 82.7975, 25.695 ], [ 82.785833333333329, 25.705 ] ] } },
{ "type": "Feature", "properties": { "COMID": 45047984, "id": "18438", "lengthkm": 5.4422258964954411, "order": 4, "uparea": 18080.51297344701 }, "geometry": { "type": "LineString", "coordinates": [ [ 82.801666666666648, 25.651666666666678 ], [ 82.803333333333313, 25.655833333333344 ], [ 82.79583333333332, 25.66 ], [ 82.7925, 25.665833333333346 ], [ 82.79583333333332, 25.6675 ], [ 82.798333333333318, 25.666666666666679 ], [ 82.800833333333316, 25.668333333333344 ], [ 82.805833333333325, 25.668333333333344 ], [ 82.8075, 25.67 ], [ 82.808333333333323, 25.675 ], [ 82.805, 25.678333333333345 ] ] } },
{ "type": "Feature", "properties": { "COMID": 45047890, "id": "18438", "lengthkm": 24.035219090543777, "order": 5, "uparea": 30762.137761443013 }, "geometry": { "type": "LineString", "coordinates": [ [ 82.954166666666652, 25.6225 ], [ 82.954166666666652, 25.620833333333344 ], [ 82.95, 25.618333333333347 ], [ 82.946666666666658, 25.618333333333347 ], [ 82.944166666666661, 25.621666666666677 ], [ 82.94, 25.6225 ], [ 82.930833333333325, 25.615 ], [ 82.92416666666665, 25.613333333333344 ], [ 82.921666666666653, 25.615 ], [ 82.925, 25.624166666666678 ], [ 82.92416666666665, 25.63 ], [ 82.92, 25.63416666666668 ], [ 82.9125, 25.63416666666668 ], [ 82.906666666666652, 25.631666666666678 ], [ 82.894166666666649, 25.618333333333347 ], [ 82.89, 25.616666666666678 ], [ 82.888333333333321, 25.618333333333347 ], [ 82.883333333333326, 25.618333333333347 ], [ 82.8775, 25.628333333333345 ], [ 82.873333333333321, 25.6325 ], [ 82.866666666666646, 25.636666666666677 ], [ 82.864166666666648, 25.636666666666677 ], [ 82.860833333333318, 25.64 ], [ 82.855833333333322, 25.640833333333344 ], [ 82.854166666666657, 25.643333333333345 ], [ 82.835, 25.643333333333345 ], [ 82.833333333333314, 25.64166666666668 ], [ 82.825833333333321, 25.64166666666668 ], [ 82.8175, 25.6375 ], [ 82.811666666666653, 25.6375 ], [ 82.81, 25.64166666666668 ], [ 82.805, 25.645833333333343 ], [ 82.801666666666648, 25.651666666666678 ] ] } },
{ "type": "Feature", "properties": { "COMID": 45047889, "id": "18438", "lengthkm": 2.2363936476014512, "order": 5, "uparea": 30804.862660372823 }, "geometry": { "type": "LineString", "coordinates": [ [ 82.97, 25.6175 ], [ 82.966666666666654, 25.6225 ], [ 82.965833333333322, 25.621666666666677 ], [ 82.9625, 25.624166666666678 ], [ 82.956666666666649, 25.624166666666678 ], [ 82.954166666666652, 25.6225 ] ] } },
{ "type": "Feature", "properties": { "COMID": 45047888, "id": "18438", "lengthkm": 31.645336479626582, "order": 5, "uparea": 30918.007544270171 }, "geometry": { "type": "LineString", "coordinates": [ [ 83.088333333333324, 25.4925 ], [ 83.085833333333312, 25.4925 ], [ 83.0825, 25.495833333333344 ], [ 83.0825, 25.504166666666677 ], [ 83.08, 25.511666666666677 ], [ 83.075, 25.518333333333345 ], [ 83.065833333333316, 25.525833333333345 ], [ 83.064166666666651, 25.529166666666676 ], [ 83.065833333333316, 25.533333333333346 ], [ 83.075833333333321, 25.535 ], [ 83.0775, 25.536666666666676 ], [ 83.076666666666654, 25.5425 ], [ 83.0725, 25.549166666666679 ], [ 83.065833333333316, 25.555833333333347 ], [ 83.060833333333321, 25.556666666666679 ], [ 83.0575, 25.553333333333345 ], [ 83.054166666666646, 25.545 ], [ 83.05, 25.541666666666679 ], [ 83.0425, 25.54 ], [ 83.04, 25.543333333333344 ], [ 83.04, 25.55 ], [ 83.0375, 25.556666666666679 ], [ 83.03083333333332, 25.564166666666679 ], [ 83.031666666666652, 25.565833333333345 ], [ 83.03, 25.570833333333347 ], [ 83.024166666666659, 25.575833333333343 ], [ 83.0175, 25.576666666666675 ], [ 83.01, 25.566666666666677 ], [ 83.006666666666661, 25.568333333333342 ], [ 83.005, 25.57916666666668 ], [ 83.0025, 25.580833333333345 ], [ 82.999166666666653, 25.58 ], [ 82.9925, 25.573333333333345 ], [ 82.984166666666653, 25.573333333333345 ], [ 82.979166666666657, 25.578333333333344 ], [ 82.975833333333327, 25.585 ], [ 82.976666666666659, 25.588333333333345 ], [ 82.973333333333329, 25.591666666666676 ], [ 82.965, 25.595833333333346 ], [ 82.961666666666659, 25.600833333333345 ], [ 82.965, 25.609166666666678 ], [ 82.9675, 25.61 ], [ 82.97, 25.615 ], [ 82.97, 25.6175 ] ] } },
{ "type": "Feature", "properties": { "COMID": 45047887, "id": "18438", "lengthkm": 19.244849129433657, "order": 5, "uparea": 31571.186782965582 }, "geometry": { "type": "LineString", "coordinates": [ [ 83.171666666666653, 25.505833333333342 ], [ 83.169166666666655, 25.5075 ], [ 83.156666666666652, 25.5075 ], [ 83.1525, 25.505833333333342 ], [ 83.130833333333328, 25.5075 ], [ 83.11, 25.525833333333345 ], [ 83.1025, 25.526666666666678 ], [ 83.0975, 25.5225 ], [ 83.098333333333329, 25.514166666666679 ], [ 83.101666666666659, 25.51 ], [ 83.116666666666646, 25.506666666666678 ], [ 83.118333333333325, 25.504166666666677 ], [ 83.1175, 25.500833333333347 ], [ 83.113333333333316, 25.495 ], [ 83.109166666666653, 25.493333333333347 ], [ 83.106666666666655, 25.495833333333344 ], [ 83.105, 25.505 ], [ 83.100833333333327, 25.505833333333342 ], [ 83.088333333333324, 25.4925 ] ] } },
{ "type": "Feature", "properties": { "COMID": 45047798, "id": "18438", "lengthkm": 9.2225027180076502, "order": 7, "uparea": 498572.49669641396 }, "geometry": { "type": "LineString", "coordinates": [ [ 83.238333333333316, 25.525 ], [ 83.230833333333322, 25.529166666666676 ], [ 83.215, 25.533333333333346 ], [ 83.198333333333323, 25.533333333333346 ], [ 83.195, 25.535 ], [ 83.190833333333316, 25.533333333333346 ], [ 83.185833333333321, 25.528333333333343 ], [ 83.171666666666653, 25.505833333333342 ] ] } },
{ "type": "Feature", "properties": { "COMID": 45047796, "id": "18438", "lengthkm": 9.9145106850821083, "order": 7, "uparea": 498669.4279977851 }, "geometry": { "type": "LineString", "coordinates": [ [ 83.3125, 25.479166666666679 ], [ 83.3075, 25.483333333333345 ], [ 83.300833333333316, 25.4925 ], [ 83.29583333333332, 25.493333333333347 ], [ 83.295, 25.495 ], [ 83.29, 25.496666666666677 ], [ 83.273333333333312, 25.510833333333345 ], [ 83.256666666666661, 25.519166666666678 ], [ 83.238333333333316, 25.525 ] ] } },
{ "type": "Feature", "properties": { "COMID": 45047794, "id": "18438", "lengthkm": 17.226991239817792, "order": 7, "uparea": 498795.21913750313 }, "geometry": { "type": "LineString", "coordinates": [ [ 83.440833333333316, 25.455833333333345 ], [ 83.405, 25.493333333333347 ], [ 83.399166666666645, 25.495 ], [ 83.390833333333319, 25.495 ], [ 83.3775, 25.490833333333345 ], [ 83.355, 25.478333333333346 ], [ 83.339166666666657, 25.465833333333343 ], [ 83.335, 25.465833333333343 ], [ 83.331666666666649, 25.47 ], [ 83.325, 25.47 ], [ 83.316666666666649, 25.478333333333346 ], [ 83.3125, 25.479166666666679 ] ] } },
{ "type": "Feature", "properties": { "COMID": 45051917, "id": "18438", "lengthkm": 12.354436883029358, "order": 7, "uparea": 498874.53568391647 }, "geometry": { "type": "LineString", "coordinates": [ [ 83.531666666666652, 25.3925 ], [ 83.5175, 25.396666666666675 ], [ 83.499166666666653, 25.4075 ], [ 83.4725, 25.4275 ], [ 83.440833333333316, 25.455833333333345 ] ] } },
{ "type": "Feature", "properties": { "COMID": 45047787, "id": "18438", "lengthkm": 13.705744889559393, "order": 7, "uparea": 499281.97336183867 }, "geometry": { "type": "LineString", "coordinates": [ [ 83.518333333333317, 25.483333333333345 ], [ 83.518333333333317, 25.473333333333343 ], [ 83.515833333333319, 25.46916666666668 ], [ 83.515, 25.46166666666668 ], [ 83.529166666666654, 25.445833333333347 ], [ 83.54583333333332, 25.433333333333344 ], [ 83.54583333333332, 25.425 ], [ 83.54916666666665, 25.418333333333344 ], [ 83.551666666666648, 25.4075 ], [ 83.550833333333316, 25.4 ], [ 83.546666666666653, 25.395 ], [ 83.540833333333325, 25.3925 ], [ 83.531666666666652, 25.3925 ] ] } },
{ "type": "Feature", "properties": { "COMID": 45047786, "id": "18438", "lengthkm": 5.0948237028645353, "order": 7, "uparea": 499334.78142409038 }, "geometry": { "type": "LineString", "coordinates": [ [ 83.5375, 25.5225 ], [ 83.53, 25.5075 ], [ 83.524166666666645, 25.500833333333347 ], [ 83.524166666666645, 25.496666666666677 ], [ 83.52, 25.490833333333345 ], [ 83.518333333333317, 25.483333333333345 ] ] } },
{ "type": "Feature", "properties": { "COMID": 45047785, "id": "18438", "lengthkm": 2.303331847605893, "order": 7, "uparea": 500210.0107598324 }, "geometry": { "type": "LineString", "coordinates": [ [ 83.54916666666665, 25.539166666666677 ], [ 83.54583333333332, 25.534166666666678 ], [ 83.54583333333332, 25.530833333333344 ], [ 83.5375, 25.5225 ] ] } },
{ "type": "Feature", "properties": { "COMID": 45047784, "id": "18438", "lengthkm": 13.333918129535803, "order": 7, "uparea": 500361.77097620361 }, "geometry": { "type": "LineString", "coordinates": [ [ 83.6475, 25.604166666666679 ], [ 83.635833333333323, 25.600833333333345 ], [ 83.620833333333323, 25.593333333333344 ], [ 83.605833333333322, 25.583333333333343 ], [ 83.589166666666657, 25.575833333333343 ], [ 83.584166666666647, 25.57 ], [ 83.575, 25.5675 ], [ 83.5625, 25.555833333333347 ], [ 83.54916666666665, 25.539166666666677 ] ] } },
{ "type": "Feature", "properties": { "COMID": 45047783, "id": "18438", "lengthkm": 8.2189957559433786, "order": 7, "uparea": 501914.02101265953 }, "geometry": { "type": "LineString", "coordinates": [ [ 83.720833333333317, 25.601666666666677 ], [ 83.71833333333332, 25.603333333333346 ], [ 83.713333333333324, 25.603333333333346 ], [ 83.701666666666654, 25.609166666666678 ], [ 83.69, 25.605 ], [ 83.663333333333327, 25.605 ], [ 83.6575, 25.6025 ], [ 83.650833333333324, 25.6025 ], [ 83.6475, 25.604166666666679 ] ] } },
{ "type": "Feature", "properties": { "COMID": 45047782, "id": "18438", "lengthkm": 13.795874758155739, "order": 7, "uparea": 502018.47403670143 }, "geometry": { "type": "LineString", "coordinates": [ [ 83.796666666666653, 25.5125 ], [ 83.7875, 25.523333333333344 ], [ 83.78083333333332, 25.545 ], [ 83.77, 25.563333333333347 ], [ 83.7425, 25.5925 ], [ 83.73, 25.5925 ], [ 83.720833333333317, 25.601666666666677 ] ] } },
{ "type": "Feature", "properties": { "COMID": 45047781, "id": "18438", "lengthkm": 6.9298764065569376, "order": 7, "uparea": 502334.46943446179 }, "geometry": { "type": "LineString", "coordinates": [ [ 83.85833333333332, 25.519166666666678 ], [ 83.848333333333315, 25.5175 ], [ 83.836666666666645, 25.5125 ], [ 83.816666666666649, 25.508333333333347 ], [ 83.8025, 25.50916666666668 ], [ 83.796666666666653, 25.5125 ] ] } },
{ "type": "Feature", "properties": { "COMID": 45047780, "id": "18438", "lengthkm": 1.963278497031175, "order": 7, "uparea": 502378.91865654907 }, "geometry": { "type": "LineString", "coordinates": [ [ 83.876666666666651, 25.518333333333345 ], [ 83.85833333333332, 25.519166666666678 ] ] } },
{ "type": "Feature", "properties": { "COMID": 45047779, "id": "18438", "lengthkm": 9.4165217566447357, "order": 7, "uparea": 510308.32283211243 }, "geometry": { "type": "LineString", "coordinates": [ [ 83.9425, 25.561666666666678 ], [ 83.921666666666653, 25.553333333333345 ], [ 83.911666666666662, 25.540833333333346 ], [ 83.906666666666652, 25.5275 ], [ 83.9, 25.521666666666675 ], [ 83.876666666666651, 25.518333333333345 ] ] } },
{ "type": "Feature", "properties": { "COMID": 45047778, "id": "18438", "lengthkm": 2.9161738145354219, "order": 7, "uparea": 511687.56138011924 }, "geometry": { "type": "LineString", "coordinates": [ [ 83.965, 25.575 ], [ 83.956666666666649, 25.568333333333342 ], [ 83.9425, 25.561666666666678 ] ] } },
{ "type": "Feature", "properties": { "COMID": 45047777, "id": "18438", "lengthkm": 6.2024781743781654, "order": 7, "uparea": 511742.82746927469 }, "geometry": { "type": "LineString", "coordinates": [ [ 84.01, 25.609166666666678 ], [ 84.005, 25.606666666666676 ], [ 83.965, 25.575 ] ] } },
{ "type": "Feature", "properties": { "COMID": 45047776, "id": "18438", "lengthkm": 27.148460823052282, "order": 7, "uparea": 511873.96570006048 }, "geometry": { "type": "LineString", "coordinates": [ [ 84.180833333333311, 25.719166666666677 ], [ 84.1775, 25.716666666666676 ], [ 84.1675, 25.716666666666676 ], [ 84.164166666666659, 25.715 ], [ 84.155, 25.7175 ], [ 84.148333333333312, 25.7175 ], [ 84.140833333333319, 25.725833333333345 ], [ 84.125, 25.725833333333345 ], [ 84.115, 25.724166666666676 ], [ 84.103333333333325, 25.719166666666677 ], [ 84.09666666666665, 25.713333333333345 ], [ 84.094166666666652, 25.708333333333343 ], [ 84.085833333333312, 25.7 ], [ 84.076666666666654, 25.686666666666678 ], [ 84.075833333333321, 25.68 ], [ 84.079166666666652, 25.676666666666677 ], [ 84.079166666666652, 25.671666666666678 ], [ 84.075833333333321, 25.669166666666676 ], [ 84.075833333333321, 25.665833333333346 ], [ 84.078333333333319, 25.6575 ], [ 84.070833333333326, 25.6425 ], [ 84.063333333333318, 25.6375 ], [ 84.051666666666648, 25.625833333333347 ], [ 84.041666666666657, 25.620833333333344 ], [ 84.031666666666652, 25.618333333333347 ], [ 84.018333333333317, 25.61 ], [ 84.01, 25.609166666666678 ] ] } },
{ "type": "Feature", "properties": { "COMID": 45047775, "id": "18438", "lengthkm": 10.524308951218982, "order": 7, "uparea": 521421.2575023364 }, "geometry": { "type": "LineString", "coordinates": [ [ 84.263333333333321, 25.70416666666668 ], [ 84.255, 25.7 ], [ 84.24, 25.700833333333343 ], [ 84.2375, 25.699166666666677 ], [ 84.231666666666655, 25.699166666666677 ], [ 84.225, 25.70416666666668 ], [ 84.225833333333327, 25.708333333333343 ], [ 84.2225, 25.714166666666678 ], [ 84.214166666666657, 25.719166666666677 ], [ 84.200833333333321, 25.72 ], [ 84.1975, 25.7225 ], [ 84.19, 25.7225 ], [ 84.185, 25.718333333333344 ], [ 84.180833333333311, 25.719166666666677 ] ] } },
{ "type": "Feature", "properties": { "COMID": 45047774, "id": "18438", "lengthkm": 8.3400206629159896, "order": 7, "uparea": 521481.43888113857 }, "geometry": { "type": "LineString", "coordinates": [ [ 84.339166666666657, 25.714166666666678 ], [ 84.330833333333317, 25.708333333333343 ], [ 84.319166666666661, 25.706666666666678 ], [ 84.298333333333318, 25.705 ], [ 84.2875, 25.705833333333345 ], [ 84.2725, 25.7025 ], [ 84.265833333333319, 25.7025 ], [ 84.263333333333321, 25.70416666666668 ] ] } },
{ "type": "Feature", "properties": { "COMID": 45047773, "id": "18438", "lengthkm": 26.056157423623823, "order": 7, "uparea": 521687.93972337787 }, "geometry": { "type": "LineString", "coordinates": [ [ 84.494166666666658, 25.684166666666677 ], [ 84.48666666666665, 25.691666666666677 ], [ 84.478333333333325, 25.69666666666668 ], [ 84.461666666666645, 25.710833333333344 ], [ 84.4575, 25.706666666666678 ], [ 84.455, 25.7075 ], [ 84.4525, 25.714166666666678 ], [ 84.448333333333323, 25.718333333333344 ], [ 84.4475, 25.724166666666676 ], [ 84.441666666666649, 25.730833333333344 ], [ 84.428333333333313, 25.7325 ], [ 84.4225, 25.735 ], [ 84.419166666666655, 25.738333333333344 ], [ 84.418333333333322, 25.743333333333347 ], [ 84.411666666666648, 25.748333333333342 ], [ 84.401666666666657, 25.76 ], [ 84.394166666666649, 25.764166666666675 ], [ 84.390833333333319, 25.771666666666675 ], [ 84.385, 25.773333333333344 ], [ 84.3775, 25.7725 ], [ 84.366666666666646, 25.763333333333343 ], [ 84.364166666666648, 25.755 ], [ 84.3575, 25.744166666666679 ], [ 84.356666666666655, 25.735833333333346 ], [ 84.35, 25.724166666666676 ], [ 84.339166666666657, 25.714166666666678 ] ] } },
{ "type": "Feature", "properties": { "COMID": 45047772, "id": "18438", "lengthkm": 4.5979382600631444, "order": 7, "uparea": 522410.60512557102 }, "geometry": { "type": "LineString", "coordinates": [ [ 84.5275, 25.660833333333343 ], [ 84.5075, 25.670833333333345 ], [ 84.499166666666653, 25.680833333333347 ], [ 84.494166666666658, 25.684166666666677 ] ] } },
{ "type": "Feature", "properties": { "COMID": 45047771, "id": "18438", "lengthkm": 6.6221770234787103, "order": 7, "uparea": 523400.43604177213 }, "geometry": { "type": "LineString", "coordinates": [ [ 84.58, 25.686666666666678 ], [ 84.5475, 25.661666666666676 ], [ 84.54, 25.66 ], [ 84.5275, 25.660833333333343 ] ] } },
{ "type": "Feature", "properties": { "COMID": 45047770, "id": "18438", "lengthkm": 7.4444147506055094, "order": 7, "uparea": 523460.62248187274 }, "geometry": { "type": "LineString", "coordinates": [ [ 84.631666666666661, 25.7325 ], [ 84.58, 25.686666666666678 ] ] } },
{ "type": "Feature", "properties": { "COMID": 45047769, "id": "18438", "lengthkm": 4.1397883912909332, "order": 7, "uparea": 523533.53624963725 }, "geometry": { "type": "LineString", "coordinates": [ [ 84.6625, 25.746666666666677 ], [ 84.655, 25.739166666666677 ], [ 84.649166666666645, 25.741666666666678 ], [ 84.645, 25.740833333333342 ], [ 84.6375, 25.7375 ], [ 84.631666666666661, 25.7325 ] ] } },
{ "type": "Feature", "properties": { "COMID": 45047768, "id": "18438", "lengthkm": 19.867446654314282, "order": 7, "uparea": 654169.8918963169 }, "geometry": { "type": "LineString", "coordinates": [ [ 84.8275, 25.725833333333345 ], [ 84.815, 25.735 ], [ 84.803333333333313, 25.74 ], [ 84.8, 25.74 ], [ 84.791666666666657, 25.748333333333342 ], [ 84.7875, 25.749166666666678 ], [ 84.783333333333317, 25.749166666666678 ], [ 84.7775, 25.746666666666677 ], [ 84.765833333333319, 25.738333333333344 ], [ 84.754166666666649, 25.7325 ], [ 84.746666666666655, 25.730833333333344 ], [ 84.735833333333318, 25.731666666666676 ], [ 84.714166666666657, 25.743333333333347 ], [ 84.701666666666654, 25.741666666666678 ], [ 84.699166666666656, 25.743333333333347 ], [ 84.6875, 25.743333333333347 ], [ 84.6825, 25.745 ], [ 84.676666666666648, 25.744166666666679 ], [ 84.67083333333332, 25.749166666666678 ], [ 84.665833333333325, 25.749166666666678 ], [ 84.6625, 25.746666666666677 ] ] } },
{ "type": "Feature", "properties": { "COMID": 45047767, "id": "18438", "lengthkm": 4.9668784044983534, "order": 7, "uparea": 655804.84740852099 }, "geometry": { "type": "LineString", "coordinates": [ [ 84.868333333333311, 25.709166666666675 ], [ 84.8625, 25.714166666666678 ], [ 84.84666666666665, 25.718333333333344 ], [ 84.8275, 25.725833333333345 ] ] } },
{ "type": "Feature", "properties": { "COMID": 45047766, "id": "18438", "lengthkm": 0.33294504959229998, "order": 7, "uparea": 723070.40022800479 }, "geometry": { "type": "LineString", "coordinates": [ [ 84.870833333333323, 25.7075 ], [ 84.868333333333311, 25.709166666666675 ] ] } },
{ "type": "Feature", "properties": { "COMID": 45047765, "id": "18438", "lengthkm": 7.5233841715602416, "order": 7, "uparea": 723147.2849433081 }, "geometry": { "type": "LineString", "coordinates": [ [ 84.92, 25.6675 ], [ 84.903333333333322, 25.6725 ], [ 84.8975, 25.6775 ], [ 84.891666666666652, 25.68 ], [ 84.885833333333323, 25.685833333333342 ], [ 84.880833333333314, 25.6875 ], [ 84.873333333333321, 25.695833333333344 ], [ 84.870833333333323, 25.7075 ] ] } },
{ "type": "Feature", "properties": { "COMID": 45047764, "id": "18438", "lengthkm": 15.603854057999206, "order": 7, "uparea": 723353.45167212817 }, "geometry": { "type": "LineString", "coordinates": [ [ 85.041666666666657, 25.6425 ], [ 85.04, 25.640833333333344 ], [ 85.03083333333332, 25.6425 ], [ 85.028333333333322, 25.645833333333343 ], [ 85.025, 25.66 ], [ 85.013333333333321, 25.6725 ], [ 85.0075, 25.675 ], [ 85.005, 25.675 ], [ 85.001666666666651, 25.671666666666678 ], [ 84.98666666666665, 25.671666666666678 ], [ 84.98333333333332, 25.674166666666679 ], [ 84.9775, 25.674166666666679 ], [ 84.956666666666649, 25.67 ], [ 84.938333333333318, 25.668333333333344 ], [ 84.928333333333313, 25.668333333333344 ], [ 84.92416666666665, 25.670833333333345 ], [ 84.92, 25.6675 ] ] } },
{ "type": "Feature", "properties": { "COMID": 45047763, "id": "18438", "lengthkm": 4.4174258623186677, "order": 7, "uparea": 723613.35287147295 }, "geometry": { "type": "LineString", "coordinates": [ [ 85.078333333333319, 25.655833333333344 ], [ 85.073333333333323, 25.655 ], [ 85.0525, 25.644166666666678 ], [ 85.044166666666655, 25.645 ], [ 85.041666666666657, 25.6425 ] ] } },
{ "type": "Feature", "properties": { "COMID": 45047762, "id": "18438", "lengthkm": 13.62517435667665, "order": 7, "uparea": 723818.65044348629 }, "geometry": { "type": "LineString", "coordinates": [ [ 85.1825, 25.623333333333342 ], [ 85.163333333333327, 25.624166666666678 ], [ 85.158333333333317, 25.625833333333347 ], [ 85.151666666666657, 25.625 ], [ 85.145833333333314, 25.6275 ], [ 85.143333333333317, 25.630833333333342 ], [ 85.140833333333319, 25.64166666666668 ], [ 85.130833333333314, 25.651666666666678 ], [ 85.1275, 25.6525 ], [ 85.125833333333318, 25.655833333333344 ], [ 85.1225, 25.6575 ], [ 85.11, 25.660833333333343 ], [ 85.105833333333322, 25.664166666666677 ], [ 85.078333333333319, 25.655833333333344 ] ] } },
{ "type": "Feature", "properties": { "COMID": 45047761, "id": "18438", "lengthkm": 30.113487532903513, "order": 7, "uparea": 767508.01009255531 }, "geometry": { "type": "LineString", "coordinates": [ [ 85.430833333333311, 25.58 ], [ 85.413333333333327, 25.581666666666678 ], [ 85.4, 25.585833333333344 ], [ 85.385833333333323, 25.595833333333346 ], [ 85.3675, 25.601666666666677 ], [ 85.349166666666648, 25.61 ], [ 85.338333333333324, 25.619166666666679 ], [ 85.326666666666654, 25.625 ], [ 85.323333333333323, 25.628333333333345 ], [ 85.301666666666648, 25.638333333333343 ], [ 85.285833333333315, 25.639166666666675 ], [ 85.28, 25.635833333333345 ], [ 85.273333333333312, 25.6275 ], [ 85.2675, 25.626666666666679 ], [ 85.2625, 25.621666666666677 ], [ 85.255, 25.6225 ], [ 85.253333333333316, 25.620833333333344 ], [ 85.2475, 25.62 ], [ 85.230833333333322, 25.610833333333346 ], [ 85.219166666666652, 25.613333333333344 ], [ 85.2025, 25.62 ], [ 85.195833333333326, 25.62 ], [ 85.1825, 25.623333333333342 ] ] } },
{ "type": "Feature", "properties": { "COMID": 45047760, "id": "18438", "lengthkm": 9.0384393626184476, "order": 7, "uparea": 767569.71665228531 }, "geometry": { "type": "LineString", "coordinates": [ [ 85.4925, 25.535833333333343 ], [ 85.488333333333316, 25.5425 ], [ 85.4825, 25.545833333333345 ], [ 85.476666666666659, 25.5525 ], [ 85.4725, 25.559166666666677 ], [ 85.470833333333317, 25.565833333333345 ], [ 85.465833333333322, 25.57 ], [ 85.460833333333312, 25.5725 ], [ 85.439166666666651, 25.575 ], [ 85.430833333333311, 25.58 ] ] } },
{ "type": "Feature", "properties": { "COMID": 45047759, "id": "18438", "lengthkm": 8.2564527523421436, "order": 7, "uparea": 767659.27251053485 }, "geometry": { "type": "LineString", "coordinates": [ [ 85.539166666666659, 25.483333333333345 ], [ 85.5175, 25.499166666666678 ], [ 85.510833333333323, 25.501666666666679 ], [ 85.503333333333316, 25.50916666666668 ], [ 85.498333333333321, 25.528333333333343 ], [ 85.4925, 25.535833333333343 ] ] } },
{ "type": "Feature", "properties": { "COMID": 45047758, "id": "18438", "lengthkm": 8.8055427635086136, "order": 7, "uparea": 777324.74148085795 }, "geometry": { "type": "LineString", "coordinates": [ [ 85.615, 25.5025 ], [ 85.609166666666653, 25.501666666666679 ], [ 85.598333333333315, 25.504166666666677 ], [ 85.583333333333314, 25.501666666666679 ], [ 85.575, 25.499166666666678 ], [ 85.56, 25.489166666666677 ], [ 85.539166666666659, 25.483333333333345 ] ] } },
{ "type": "Feature", "properties": { "COMID": 45047757, "id": "18438", "lengthkm": 22.634750168892783, "order": 7, "uparea": 777513.88358226442 }, "geometry": { "type": "LineString", "coordinates": [ [ 85.814166666666651, 25.508333333333347 ], [ 85.800833333333316, 25.510833333333345 ], [ 85.769166666666649, 25.510833333333345 ], [ 85.7525, 25.515 ], [ 85.730833333333322, 25.515 ], [ 85.723333333333315, 25.513333333333343 ], [ 85.7125, 25.5025 ], [ 85.686666666666653, 25.4975 ], [ 85.673333333333318, 25.491666666666678 ], [ 85.66, 25.491666666666678 ], [ 85.653333333333322, 25.494166666666679 ], [ 85.6325, 25.4925 ], [ 85.623333333333321, 25.499166666666678 ], [ 85.615, 25.5025 ] ] } },
{ "type": "Feature", "properties": { "COMID": 45047756, "id": "18438", "lengthkm": 10.308416660271217, "order": 7, "uparea": 777638.42763592943 }, "geometry": { "type": "LineString", "coordinates": [ [ 85.903333333333322, 25.4875 ], [ 85.8875, 25.493333333333347 ], [ 85.871666666666655, 25.490833333333345 ], [ 85.853333333333325, 25.500833333333347 ], [ 85.8475, 25.5025 ], [ 85.833333333333314, 25.5025 ], [ 85.814166666666651, 25.508333333333347 ] ] } },
{ "type": "Feature", "properties": { "COMID": 45047755, "id": "18438", "lengthkm": 0.99993157790438203, "order": 7, "uparea": 777695.62104906433 }, "geometry": { "type": "LineString", "coordinates": [ [ 85.910833333333315, 25.4825 ], [ 85.903333333333322, 25.4875 ] ] } },
{ "type": "Feature", "properties": { "COMID": 45051904, "id": "18438", "lengthkm": 13.817278566774267, "order": 7, "uparea": 779994.32015777251 }, "geometry": { "type": "LineString", "coordinates": [ [ 85.988333333333316, 25.403333333333343 ], [ 85.98666666666665, 25.415833333333346 ], [ 85.98, 25.431666666666679 ], [ 85.975833333333327, 25.435833333333342 ], [ 85.938333333333318, 25.443333333333342 ], [ 85.930833333333311, 25.453333333333344 ], [ 85.92416666666665, 25.46916666666668 ], [ 85.910833333333315, 25.4825 ] ] } },
{ "type": "Feature", "properties": { "COMID": 45051903, "id": "18438", "lengthkm": 9.658181609541872, "order": 7, "uparea": 780083.72666677891 }, "geometry": { "type": "LineString", "coordinates": [ [ 86.033333333333317, 25.335833333333344 ], [ 86.01, 25.360833333333346 ], [ 85.994166666666644, 25.375 ], [ 85.9925, 25.380833333333342 ], [ 85.98666666666665, 25.389166666666679 ], [ 85.99, 25.398333333333344 ], [ 85.99, 25.401666666666678 ], [ 85.988333333333316, 25.403333333333343 ] ] } },
{ "type": "Feature", "properties": { "COMID": 45051902, "id": "18438", "lengthkm": 15.462205649258101, "order": 7, "uparea": 780184.89537061797 }, "geometry": { "type": "LineString", "coordinates": [ [ 86.169166666666655, 25.32916666666668 ], [ 86.15083333333331, 25.3275 ], [ 86.146666666666647, 25.32916666666668 ], [ 86.141666666666652, 25.334166666666675 ], [ 86.134166666666658, 25.33666666666668 ], [ 86.1175, 25.335 ], [ 86.1125, 25.3325 ], [ 86.09333333333332, 25.3325 ], [ 86.0875, 25.334166666666675 ], [ 86.081666666666649, 25.330833333333345 ], [ 86.071666666666658, 25.335833333333344 ], [ 86.063333333333318, 25.330833333333345 ], [ 86.0475, 25.331666666666678 ], [ 86.043333333333322, 25.334166666666675 ], [ 86.033333333333317, 25.335833333333344 ] ] } },
{ "type": "Feature", "properties": { "COMID": 45051901, "id": "18438", "lengthkm": 3.344402738247271, "order": 7, "uparea": 780233.96666283952 }, "geometry": { "type": "LineString", "coordinates": [ [ 86.199166666666656, 25.3275 ], [ 86.195, 25.328333333333344 ], [ 86.185833333333321, 25.325833333333343 ], [ 86.179166666666646, 25.325833333333343 ], [ 86.169166666666655, 25.32916666666668 ] ] } },
{ "type": "Feature", "properties": { "COMID": 45051900, "id": "18438", "lengthkm": 2.6302205788259521, "order": 7, "uparea": 780284.04408593173 }, "geometry": { "type": "LineString", "coordinates": [ [ 86.220833333333317, 25.33666666666668 ], [ 86.199166666666656, 25.3275 ] ] } },
{ "type": "Feature", "properties": { "COMID": 45051899, "id": "18438", "lengthkm": 30.224758920126764, "order": 7, "uparea": 780524.47802505293 }, "geometry": { "type": "LineString", "coordinates": [ [ 86.455, 25.390833333333344 ], [ 86.4525, 25.388333333333343 ], [ 86.4425, 25.385833333333345 ], [ 86.4275, 25.379166666666677 ], [ 86.42083333333332, 25.378333333333345 ], [ 86.418333333333322, 25.375833333333347 ], [ 86.413333333333313, 25.376666666666679 ], [ 86.408333333333317, 25.3725 ], [ 86.405, 25.371666666666677 ], [ 86.4, 25.360833333333346 ], [ 86.40083333333331, 25.358333333333345 ], [ 86.399166666666645, 25.354166666666679 ], [ 86.386666666666656, 25.3375 ], [ 86.383333333333326, 25.33 ], [ 86.375833333333318, 25.3225 ], [ 86.366666666666646, 25.316666666666677 ], [ 86.35, 25.313333333333347 ], [ 86.34, 25.313333333333347 ], [ 86.320833333333326, 25.3175 ], [ 86.3075, 25.3225 ], [ 86.286666666666648, 25.333333333333343 ], [ 86.264166666666654, 25.3325 ], [ 86.26, 25.33 ], [ 86.255, 25.33 ], [ 86.245833333333323, 25.330833333333345 ], [ 86.235833333333318, 25.33666666666668 ], [ 86.220833333333317, 25.33666666666668 ] ] } },
{ "type": "Feature", "properties": { "COMID": 45051898, "id": "18438", "lengthkm": 1.517771935763004, "order": 7, "uparea": 797978.70179993298 }, "geometry": { "type": "LineString", "coordinates": [ [ 86.464166666666642, 25.400833333333345 ], [ 86.464166666666642, 25.39916666666668 ], [ 86.455, 25.390833333333344 ] ] } },
{ "type": "Feature", "properties": { "COMID": 45047754, "id": "18438", "lengthkm": 20.421149380785184, "order": 7, "uparea": 798180.41303007549 }, "geometry": { "type": "LineString", "coordinates": [ [ 86.605833333333322, 25.445 ], [ 86.599166666666648, 25.455 ], [ 86.581666666666649, 25.470833333333346 ], [ 86.565, 25.478333333333346 ], [ 86.546666666666653, 25.476666666666677 ], [ 86.538333333333313, 25.473333333333343 ], [ 86.505833333333314, 25.4375 ], [ 86.493333333333311, 25.4275 ], [ 86.4875, 25.418333333333344 ], [ 86.481666666666655, 25.4125 ], [ 86.470833333333317, 25.4075 ], [ 86.464166666666642, 25.400833333333345 ] ] } },
{ "type": "Feature", "properties": { "COMID": 45051897, "id": "18438", "lengthkm": 12.983959519354329, "order": 7, "uparea": 812325.75933562126 }, "geometry": { "type": "LineString", "coordinates": [ [ 86.573333333333323, 25.348333333333343 ], [ 86.574166666666656, 25.35 ], [ 86.5675, 25.36 ], [ 86.5675, 25.365833333333345 ], [ 86.569166666666646, 25.368333333333347 ], [ 86.566666666666649, 25.375 ], [ 86.569166666666646, 25.38416666666668 ], [ 86.573333333333323, 25.393333333333345 ], [ 86.576666666666654, 25.396666666666675 ], [ 86.5775, 25.40666666666668 ], [ 86.6, 25.4275 ], [ 86.606666666666655, 25.439166666666679 ], [ 86.605833333333322, 25.445 ] ] } },
{ "type": "Feature", "properties": { "COMID": 45051896, "id": "18438", "lengthkm": 14.840987314726481, "order": 7, "uparea": 812440.08428712515 }, "geometry": { "type": "LineString", "coordinates": [ [ 86.639166666666654, 25.248333333333346 ], [ 86.636666666666656, 25.250833333333347 ], [ 86.6325, 25.250833333333347 ], [ 86.629166666666649, 25.253333333333345 ], [ 86.629166666666649, 25.258333333333347 ], [ 86.623333333333321, 25.264166666666679 ], [ 86.616666666666646, 25.268333333333345 ], [ 86.609166666666653, 25.269166666666678 ], [ 86.5875, 25.290833333333346 ], [ 86.584166666666647, 25.2975 ], [ 86.585833333333312, 25.31 ], [ 86.576666666666654, 25.331666666666678 ], [ 86.573333333333323, 25.348333333333343 ] ] } },
{ "type": "Feature", "properties": { "COMID": 45051895, "id": "18438", "lengthkm": 2.3420771517654129, "order": 7, "uparea": 812804.86404177081 }, "geometry": { "type": "LineString", "coordinates": [ [ 86.66, 25.245 ], [ 86.65583333333332, 25.246666666666677 ], [ 86.646666666666647, 25.245833333333344 ], [ 86.639166666666654, 25.248333333333346 ] ] } },
{ "type": "Feature", "properties": { "COMID": 45051894, "id": "18438", "lengthkm": 8.5315261258591235, "order": 7, "uparea": 813444.02121682768 }, "geometry": { "type": "LineString", "coordinates": [ [ 86.735833333333318, 25.263333333333343 ], [ 86.7325, 25.26 ], [ 86.719166666666652, 25.254166666666677 ], [ 86.7025, 25.249166666666678 ], [ 86.671666666666653, 25.245 ], [ 86.66, 25.245 ] ] } },
{ "type": "Feature", "properties": { "COMID": 45051893, "id": "18438", "lengthkm": 22.268182584772731, "order": 7, "uparea": 813709.90019180183 }, "geometry": { "type": "LineString", "coordinates": [ [ 86.919166666666655, 25.3275 ], [ 86.916666666666657, 25.328333333333344 ], [ 86.906666666666652, 25.3225 ], [ 86.9025, 25.318333333333342 ], [ 86.90083333333331, 25.314166666666679 ], [ 86.896666666666647, 25.311666666666678 ], [ 86.876666666666651, 25.3075 ], [ 86.863333333333316, 25.308333333333344 ], [ 86.855833333333322, 25.305 ], [ 86.83833333333331, 25.306666666666679 ], [ 86.835833333333312, 25.305833333333347 ], [ 86.826666666666654, 25.295 ], [ 86.8225, 25.2925 ], [ 86.81, 25.29 ], [ 86.803333333333313, 25.285 ], [ 86.78416666666665, 25.28166666666668 ], [ 86.754166666666649, 25.27 ], [ 86.7475, 25.265833333333344 ], [ 86.735833333333318, 25.263333333333343 ] ] } },
{ "type": "Feature", "properties": { "COMID": 45051892, "id": "18438", "lengthkm": 12.385365758953569, "order": 7, "uparea": 813980.71451910015 }, "geometry": { "type": "LineString", "coordinates": [ [ 87.005833333333314, 25.275833333333345 ], [ 87.0025, 25.289166666666677 ], [ 86.994166666666644, 25.301666666666677 ], [ 86.975833333333313, 25.309166666666677 ], [ 86.97166666666665, 25.3125 ], [ 86.956666666666649, 25.313333333333347 ], [ 86.951666666666654, 25.316666666666677 ], [ 86.948333333333323, 25.316666666666677 ], [ 86.9425, 25.3225 ], [ 86.934166666666655, 25.32166666666668 ], [ 86.9225, 25.325 ], [ 86.919166666666655, 25.3275 ] ] } },
{ "type": "Feature", "properties": { "COMID": 45051891, "id": "18438", "lengthkm": 19.399482122811264, "order": 7, "uparea": 815681.5700693588 }, "geometry": { "type": "LineString", "coordinates": [ [ 87.1775, 25.285833333333343 ], [ 87.165833333333325, 25.285833333333343 ], [ 87.1575, 25.289166666666677 ], [ 87.143333333333317, 25.291666666666679 ], [ 87.13, 25.289166666666677 ], [ 87.119166666666644, 25.291666666666679 ], [ 87.099166666666648, 25.2825 ], [ 87.09666666666665, 25.28 ], [ 87.078333333333319, 25.275 ], [ 87.066666666666649, 25.275833333333345 ], [ 87.055833333333311, 25.2725 ], [ 87.0325, 25.2725 ], [ 87.014166666666654, 25.275833333333345 ], [ 87.005833333333314, 25.275833333333345 ] ] } },
{ "type": "Feature", "properties": { "COMID": 45051890, "id": "18438", "lengthkm": 5.6081068768050901, "order": 7, "uparea": 815785.04170398985 }, "geometry": { "type": "LineString", "coordinates": [ [ 87.21833333333332, 25.261666666666677 ], [ 87.211666666666645, 25.264166666666679 ], [ 87.206666666666649, 25.264166666666679 ], [ 87.189166666666651, 25.270833333333343 ], [ 87.181666666666644, 25.280833333333344 ], [ 87.180833333333311, 25.284166666666678 ], [ 87.1775, 25.285833333333343 ] ] } },
{ "type": "Feature", "properties": { "COMID": 45051889, "id": "18438", "lengthkm": 18.197669785274751, "order": 7, "uparea": 820852.02448098827 }, "geometry": { "type": "LineString", "coordinates": [ [ 87.263333333333321, 25.405833333333344 ], [ 87.263333333333321, 25.388333333333343 ], [ 87.26, 25.380833333333342 ], [ 87.260833333333323, 25.378333333333345 ], [ 87.2575, 25.364166666666677 ], [ 87.259166666666658, 25.3525 ], [ 87.2575, 25.345 ], [ 87.251666666666651, 25.334166666666675 ], [ 87.251666666666651, 25.326666666666679 ], [ 87.248333333333321, 25.314166666666679 ], [ 87.248333333333321, 25.296666666666678 ], [ 87.238333333333316, 25.2825 ], [ 87.223333333333315, 25.268333333333345 ], [ 87.21833333333332, 25.261666666666677 ] ] } },
{ "type": "Feature", "properties": { "COMID": 45047753, "id": "18438", "lengthkm": 10.63545491288312, "order": 8, "uparea": 908465.45903252438 }, "geometry": { "type": "LineString", "coordinates": [ [ 87.329166666666652, 25.471666666666678 ], [ 87.308333333333309, 25.46166666666668 ], [ 87.281666666666652, 25.43 ], [ 87.27583333333331, 25.419166666666676 ], [ 87.263333333333321, 25.405833333333344 ] ] } },
{ "type": "Feature", "properties": { "COMID": 45047752, "id": "18438", "lengthkm": 11.928686171297414, "order": 8, "uparea": 909001.60085836588 }, "geometry": { "type": "LineString", "coordinates": [ [ 87.425833333333316, 25.43 ], [ 87.41, 25.4425 ], [ 87.399166666666645, 25.448333333333345 ], [ 87.3875, 25.46 ], [ 87.38, 25.465 ], [ 87.374166666666653, 25.465 ], [ 87.359166666666653, 25.46916666666668 ], [ 87.3575, 25.470833333333346 ], [ 87.341666666666654, 25.470833333333346 ], [ 87.3375, 25.473333333333343 ], [ 87.329166666666652, 25.471666666666678 ] ] } },
{ "type": "Feature", "properties": { "COMID": 45047751, "id": "18438", "lengthkm": 0.249715855933, "order": 8, "uparea": 909088.14573655487 }, "geometry": { "type": "LineString", "coordinates": [ [ 87.4275, 25.428333333333345 ], [ 87.425833333333316, 25.43 ] ] } },
{ "type": "Feature", "properties": { "COMID": 45051888, "id": "18438", "lengthkm": 2.542436208690138, "order": 8, "uparea": 909148.18835281557 }, "geometry": { "type": "LineString", "coordinates": [ [ 87.446666666666658, 25.415833333333346 ], [ 87.4275, 25.428333333333345 ] ] } },
{ "type": "Feature", "properties": { "COMID": 45051887, "id": "18438", "lengthkm": 16.223620669381372, "order": 8, "uparea": 909268.28953174292 }, "geometry": { "type": "LineString", "coordinates": [ [ 87.58, 25.37 ], [ 87.565833333333316, 25.375833333333347 ], [ 87.56, 25.381666666666678 ], [ 87.551666666666648, 25.386666666666677 ], [ 87.546666666666653, 25.388333333333343 ], [ 87.545, 25.386666666666677 ], [ 87.535833333333315, 25.386666666666677 ], [ 87.5225, 25.39 ], [ 87.518333333333317, 25.393333333333345 ], [ 87.51, 25.39166666666668 ], [ 87.501666666666651, 25.395 ], [ 87.496666666666655, 25.4025 ], [ 87.493333333333311, 25.404166666666676 ], [ 87.4675, 25.409166666666678 ], [ 87.446666666666658, 25.415833333333346 ] ] } },
{ "type": "Feature", "properties": { "COMID": 45051886, "id": "18438", "lengthkm": 11.340273762566071, "order": 8, "uparea": 911533.71387224959 }, "geometry": { "type": "LineString", "coordinates": [ [ 87.633333333333326, 25.3 ], [ 87.623333333333321, 25.32166666666668 ], [ 87.615833333333313, 25.33 ], [ 87.61166666666665, 25.330833333333345 ], [ 87.6025, 25.326666666666679 ], [ 87.6, 25.32916666666668 ], [ 87.59, 25.3475 ], [ 87.59, 25.3525 ], [ 87.586666666666645, 25.359166666666678 ], [ 87.580833333333317, 25.365 ], [ 87.58, 25.37 ] ] } },
{ "type": "Feature", "properties": { "COMID": 45051885, "id": "18438", "lengthkm": 13.863521198171522, "order": 8, "uparea": 911647.70952676877 }, "geometry": { "type": "LineString", "coordinates": [ [ 87.7475, 25.283333333333346 ], [ 87.735833333333318, 25.294166666666676 ], [ 87.728333333333325, 25.2975 ], [ 87.720833333333317, 25.295833333333345 ], [ 87.703333333333319, 25.296666666666678 ], [ 87.6925, 25.301666666666677 ], [ 87.683333333333309, 25.308333333333344 ], [ 87.678333333333313, 25.305833333333347 ], [ 87.67, 25.305 ], [ 87.651666666666642, 25.299166666666679 ], [ 87.646666666666647, 25.294166666666676 ], [ 87.633333333333326, 25.3 ] ] } },
{ "type": "Feature", "properties": { "COMID": 45051884, "id": "18438", "lengthkm": 19.453443007339239, "order": 8, "uparea": 912311.87636824907 }, "geometry": { "type": "LineString", "coordinates": [ [ 87.79583333333332, 25.138333333333343 ], [ 87.8, 25.146666666666679 ], [ 87.79916666666665, 25.160833333333343 ], [ 87.8025, 25.165833333333346 ], [ 87.8, 25.185833333333346 ], [ 87.7975, 25.19 ], [ 87.7975, 25.19666666666668 ], [ 87.8, 25.203333333333347 ], [ 87.8, 25.216666666666676 ], [ 87.798333333333318, 25.223333333333343 ], [ 87.789166666666645, 25.234166666666678 ], [ 87.7875, 25.244166666666679 ], [ 87.7725, 25.268333333333345 ], [ 87.765833333333319, 25.275 ], [ 87.75, 25.283333333333346 ], [ 87.7475, 25.283333333333346 ] ] } },
{ "type": "Feature", "properties": { "COMID": 45051883, "id": "18438", "lengthkm": 8.4233897037171097, "order": 8, "uparea": 912398.53779064561 }, "geometry": { "type": "LineString", "coordinates": [ [ 87.8425, 25.09 ], [ 87.831666666666649, 25.096666666666678 ], [ 87.824166666666656, 25.0975 ], [ 87.809166666666655, 25.104166666666679 ], [ 87.800833333333316, 25.111666666666679 ], [ 87.79583333333332, 25.138333333333343 ] ] } },
{ "type": "Feature", "properties": { "COMID": 45051882, "id": "18438", "lengthkm": 4.624669222525001, "order": 8, "uparea": 925782.72516854433 }, "geometry": { "type": "LineString", "coordinates": [ [ 87.859166666666653, 25.056666666666679 ], [ 87.859166666666653, 25.065 ], [ 87.855833333333322, 25.07166666666668 ], [ 87.850833333333313, 25.076666666666679 ], [ 87.84333333333332, 25.080833333333345 ], [ 87.8425, 25.09 ] ] } },
{ "type": "Feature", "properties": { "COMID": 45051881, "id": "18438", "lengthkm": 16.310926103587931, "order": 8, "uparea": 926013.7177719574 }, "geometry": { "type": "LineString", "coordinates": [ [ 87.9775, 24.986666666666679 ], [ 87.975, 24.9925 ], [ 87.975, 24.998333333333346 ], [ 87.9725, 25.0025 ], [ 87.955833333333317, 25.02 ], [ 87.945833333333326, 25.02416666666668 ], [ 87.9375, 25.0225 ], [ 87.915, 25.039166666666681 ], [ 87.884166666666658, 25.048333333333346 ], [ 87.88, 25.048333333333346 ], [ 87.859166666666653, 25.056666666666679 ] ] } },
{ "type": "Feature", "properties": { "COMID": 45051880, "id": "18438", "lengthkm": 5.8290387575091316, "order": 8, "uparea": 926120.48174118099 }, "geometry": { "type": "LineString", "coordinates": [ [ 87.954166666666652, 24.945 ], [ 87.958333333333314, 24.964166666666678 ], [ 87.965, 24.9725 ], [ 87.9675, 24.9725 ], [ 87.973333333333315, 24.978333333333346 ], [ 87.9775, 24.986666666666679 ] ] } },
{ "type": "Feature", "properties": { "COMID": 45051879, "id": "18438", "lengthkm": 1.9875447233118191, "order": 8, "uparea": 926150.97283760435 }, "geometry": { "type": "LineString", "coordinates": [ [ 87.948333333333323, 24.929166666666678 ], [ 87.954166666666652, 24.945 ] ] } },
{ "type": "Feature", "properties": { "COMID": 45055811, "id": "18438", "lengthkm": 11.842913045794596, "order": 8, "uparea": 926235.6052297313 }, "geometry": { "type": "LineString", "coordinates": [ [ 87.933333333333309, 24.830833333333345 ], [ 87.9375, 24.838333333333345 ], [ 87.95, 24.8725 ], [ 87.950833333333321, 24.8875 ], [ 87.948333333333323, 24.905 ], [ 87.95, 24.919166666666676 ], [ 87.948333333333323, 24.929166666666678 ] ] } },
{ "type": "Feature", "properties": { "COMID": 45055810, "id": "18438", "lengthkm": 4.1564438395794436, "order": 8, "uparea": 928053.97487974737 }, "geometry": { "type": "LineString", "coordinates": [ [ 87.935833333333321, 24.796666666666678 ], [ 87.93, 24.811666666666678 ], [ 87.933333333333309, 24.830833333333345 ] ] } },
{ "type": "Feature", "properties": { "COMID": 45055809, "id": "18438", "lengthkm": 18.91204942228471, "order": 8, "uparea": 928162.58505011222 }, "geometry": { "type": "LineString", "coordinates": [ [ 87.9975, 24.655 ], [ 87.985, 24.661666666666676 ], [ 87.951666666666654, 24.69666666666668 ], [ 87.948333333333323, 24.7025 ], [ 87.945, 24.7175 ], [ 87.940833333333316, 24.725 ], [ 87.941666666666649, 24.731666666666676 ], [ 87.935833333333321, 24.744166666666679 ], [ 87.935833333333321, 24.753333333333345 ], [ 87.9375, 24.75916666666668 ], [ 87.936666666666653, 24.77 ], [ 87.938333333333318, 24.773333333333348 ], [ 87.938333333333318, 24.785 ], [ 87.935833333333321, 24.79 ], [ 87.935833333333321, 24.796666666666678 ] ] } },
{ "type": "Feature", "properties": { "COMID": 45055808, "id": "18438", "lengthkm": 13.442091377572416, "order": 8, "uparea": 928295.92314064282 }, "geometry": { "type": "LineString", "coordinates": [ [ 88.114166666666648, 24.630833333333346 ], [ 88.106666666666655, 24.630833333333346 ], [ 88.0975, 24.635 ], [ 88.086666666666645, 24.631666666666678 ], [ 88.065833333333316, 24.6325 ], [ 88.0625, 24.636666666666677 ], [ 88.051666666666648, 24.6375 ], [ 88.0425, 24.64166666666668 ], [ 88.03083333333332, 24.64166666666668 ], [ 88.018333333333317, 24.64916666666668 ], [ 88.001666666666651, 24.651666666666678 ], [ 87.9975, 24.655 ] ] } },
{ "type": "Feature", "properties": { "COMID": 45055807, "id": "18438", "lengthkm": 2.017086504194705, "order": 8, "uparea": 928364.89436697715 }, "geometry": { "type": "LineString", "coordinates": [ [ 88.1325, 24.6275 ], [ 88.114166666666648, 24.630833333333346 ] ] } },
{ "type": "Feature", "properties": { "COMID": 45055806, "id": "18438", "lengthkm": 0.58739129867411499, "order": 8, "uparea": 928465.09523491957 }, "geometry": { "type": "LineString", "coordinates": [ [ 88.1375, 24.625833333333347 ], [ 88.1325, 24.6275 ] ] } },
{ "type": "Feature", "properties": { "COMID": 45055805, "id": "18438", "lengthkm": 8.8614851493486899, "order": 8, "uparea": 928806.70236828271 }, "geometry": { "type": "LineString", "coordinates": [ [ 88.17083333333332, 24.563333333333347 ], [ 88.17, 24.58 ], [ 88.168333333333322, 24.581666666666678 ], [ 88.17083333333332, 24.58666666666668 ], [ 88.166666666666657, 24.5975 ], [ 88.16, 24.605 ], [ 88.148333333333312, 24.610833333333346 ], [ 88.141666666666652, 24.6225 ], [ 88.1375, 24.625833333333347 ] ] } },
{ "type": "Feature", "properties": { "COMID": 45055804, "id": "18438", "lengthkm": 14.818630745559563, "order": 8, "uparea": 928925.58192239841 }, "geometry": { "type": "LineString", "coordinates": [ [ 88.166666666666657, 24.4575 ], [ 88.163333333333313, 24.4725 ], [ 88.156666666666652, 24.485 ], [ 88.155, 24.486666666666679 ], [ 88.145833333333314, 24.486666666666679 ], [ 88.144166666666649, 24.488333333333344 ], [ 88.144166666666649, 24.504166666666677 ], [ 88.1425, 24.511666666666677 ], [ 88.148333333333312, 24.5225 ], [ 88.1525, 24.540833333333346 ], [ 88.158333333333317, 24.5425 ], [ 88.166666666666657, 24.551666666666677 ], [ 88.17, 24.553333333333345 ], [ 88.169166666666655, 24.558333333333344 ], [ 88.17083333333332, 24.563333333333347 ] ] } },
{ "type": "Feature", "properties": { "COMID": 45055803, "id": "18438", "lengthkm": 16.926292420309789, "order": 8, "uparea": 929096.59630489291 }, "geometry": { "type": "LineString", "coordinates": [ [ 88.310833333333321, 24.466666666666679 ], [ 88.29, 24.47 ], [ 88.285833333333315, 24.46916666666668 ], [ 88.27583333333331, 24.474166666666676 ], [ 88.2675, 24.4725 ], [ 88.258333333333312, 24.468333333333344 ], [ 88.250833333333318, 24.4675 ], [ 88.23666666666665, 24.46 ], [ 88.214166666666642, 24.4525 ], [ 88.206666666666649, 24.451666666666679 ], [ 88.199166666666656, 24.4475 ], [ 88.194166666666646, 24.44666666666668 ], [ 88.181666666666644, 24.4475 ], [ 88.175833333333316, 24.45 ], [ 88.166666666666657, 24.4575 ] ] } },
{ "type": "Feature", "properties": { "COMID": 45055802, "id": "18438", "lengthkm": 10.477427731132073, "order": 8, "uparea": 939805.3367173369 }, "geometry": { "type": "LineString", "coordinates": [ [ 88.376666666666651, 24.3975 ], [ 88.350833333333313, 24.420833333333345 ], [ 88.310833333333321, 24.466666666666679 ] ] } },
{ "type": "Feature", "properties": { "COMID": 45055801, "id": "18438", "lengthkm": 16.764260880470527, "order": 8, "uparea": 939927.1019903702 }, "geometry": { "type": "LineString", "coordinates": [ [ 88.499166666666653, 24.355833333333344 ], [ 88.4925, 24.354166666666679 ], [ 88.485833333333318, 24.359166666666681 ], [ 88.476666666666645, 24.361666666666679 ], [ 88.47166666666665, 24.365833333333345 ], [ 88.465, 24.368333333333347 ], [ 88.460833333333312, 24.375 ], [ 88.451666666666654, 24.380833333333346 ], [ 88.448333333333323, 24.376666666666679 ], [ 88.44, 24.375 ], [ 88.42416666666665, 24.376666666666679 ], [ 88.415833333333325, 24.375 ], [ 88.40916666666665, 24.368333333333347 ], [ 88.40083333333331, 24.37 ], [ 88.383333333333312, 24.385833333333345 ], [ 88.376666666666651, 24.3975 ] ] } },
{ "type": "Feature", "properties": { "COMID": 45055800, "id": "18438", "lengthkm": 4.7403365705019116, "order": 8, "uparea": 939965.39136937284 }, "geometry": { "type": "LineString", "coordinates": [ [ 88.536666666666648, 24.33666666666668 ], [ 88.52583333333331, 24.346666666666678 ], [ 88.514166666666654, 24.35 ], [ 88.510833333333323, 24.353333333333346 ], [ 88.501666666666651, 24.354166666666679 ], [ 88.499166666666653, 24.355833333333344 ] ] } },
{ "type": "Feature", "properties": { "COMID": 45055799, "id": "18438", "lengthkm": 13.622724206393936, "order": 8, "uparea": 940189.5927166536 }, "geometry": { "type": "LineString", "coordinates": [ [ 88.65083333333331, 24.3425 ], [ 88.6425, 24.348333333333343 ], [ 88.628333333333316, 24.348333333333343 ], [ 88.62, 24.353333333333346 ], [ 88.613333333333316, 24.353333333333346 ], [ 88.599166666666648, 24.3575 ], [ 88.581666666666649, 24.358333333333345 ], [ 88.569166666666646, 24.355 ], [ 88.563333333333318, 24.355 ], [ 88.558333333333309, 24.34916666666668 ], [ 88.536666666666648, 24.33666666666668 ] ] } },
{ "type": "Feature", "properties": { "COMID": 45055798, "id": "18438", "lengthkm": 12.084574955454938, "order": 8, "uparea": 940269.46241819265 }, "geometry": { "type": "LineString", "coordinates": [ [ 88.73, 24.280833333333348 ], [ 88.71833333333332, 24.303333333333345 ], [ 88.71333333333331, 24.308333333333344 ], [ 88.710833333333312, 24.314166666666679 ], [ 88.700833333333321, 24.326666666666679 ], [ 88.691666666666649, 24.3325 ], [ 88.6875, 24.3325 ], [ 88.684166666666641, 24.335833333333348 ], [ 88.67416666666665, 24.34 ], [ 88.65083333333331, 24.3425 ] ] } },
{ "type": "Feature", "properties": { "COMID": 45059549, "id": "18438", "lengthkm": 9.8177318212372029, "order": 8, "uparea": 940453.68058515922 }, "geometry": { "type": "LineString", "coordinates": [ [ 88.7425, 24.201666666666679 ], [ 88.738333333333316, 24.209166666666679 ], [ 88.738333333333316, 24.23 ], [ 88.740833333333313, 24.249166666666678 ], [ 88.7425, 24.251666666666679 ], [ 88.741666666666646, 24.261666666666677 ], [ 88.7375, 24.271666666666679 ], [ 88.73, 24.280833333333348 ] ] } },
{ "type": "Feature", "properties": { "COMID": 45059548, "id": "18438", "lengthkm": 14.781405750183545, "order": 8, "uparea": 940599.66758226848 }, "geometry": { "type": "LineString", "coordinates": [ [ 88.825833333333321, 24.109166666666681 ], [ 88.8225, 24.1125 ], [ 88.810833333333321, 24.116666666666681 ], [ 88.796666666666653, 24.13416666666668 ], [ 88.794166666666655, 24.140833333333347 ], [ 88.795, 24.15 ], [ 88.788333333333313, 24.160833333333343 ], [ 88.783333333333317, 24.165833333333346 ], [ 88.78083333333332, 24.171666666666681 ], [ 88.766666666666652, 24.183333333333344 ], [ 88.758333333333312, 24.1875 ], [ 88.748333333333321, 24.198333333333345 ], [ 88.7425, 24.201666666666679 ] ] } },
{ "type": "Feature", "properties": { "COMID": 45059547, "id": "18438", "lengthkm": 3.7864573176344982, "order": 8, "uparea": 940665.13999928441 }, "geometry": { "type": "LineString", "coordinates": [ [ 88.8575, 24.09916666666668 ], [ 88.8475, 24.09916666666668 ], [ 88.84, 24.105 ], [ 88.825833333333321, 24.109166666666681 ] ] } },
{ "type": "Feature", "properties": { "COMID": 45059546, "id": "18438", "lengthkm": 5.1835086046142838, "order": 8, "uparea": 940831.0093502223 }, "geometry": { "type": "LineString", "coordinates": [ [ 88.903333333333308, 24.106666666666676 ], [ 88.894166666666649, 24.104166666666679 ], [ 88.885833333333323, 24.104166666666679 ], [ 88.883333333333312, 24.1025 ], [ 88.875, 24.103333333333346 ], [ 88.870833333333309, 24.100833333333345 ], [ 88.866666666666646, 24.101666666666681 ], [ 88.8575, 24.09916666666668 ] ] } },
{ "type": "Feature", "properties": { "COMID": 45059545, "id": "18438", "lengthkm": 11.847255038531785, "order": 8, "uparea": 940936.67437459121 }, "geometry": { "type": "LineString", "coordinates": [ [ 88.990833333333313, 24.160833333333343 ], [ 88.978333333333325, 24.153333333333343 ], [ 88.97, 24.151666666666678 ], [ 88.96, 24.140833333333347 ], [ 88.945833333333312, 24.13416666666668 ], [ 88.936666666666653, 24.1325 ], [ 88.92083333333332, 24.115 ], [ 88.9125, 24.113333333333344 ], [ 88.903333333333308, 24.106666666666676 ] ] } },
{ "type": "Feature", "properties": { "COMID": 45059544, "id": "18438", "lengthkm": 15.193131007366883, "order": 8, "uparea": 941063.0249915187 }, "geometry": { "type": "LineString", "coordinates": [ [ 89.029166666666654, 24.051666666666677 ], [ 89.026666666666642, 24.069166666666678 ], [ 89.024166666666645, 24.075 ], [ 89.025, 24.080833333333345 ], [ 89.0225, 24.08666666666668 ], [ 89.021666666666647, 24.096666666666678 ], [ 89.023333333333312, 24.115 ], [ 89.026666666666642, 24.119166666666679 ], [ 89.026666666666642, 24.124166666666678 ], [ 89.024166666666645, 24.133333333333347 ], [ 89.020833333333314, 24.138333333333346 ], [ 89.019166666666649, 24.15 ], [ 89.011666666666656, 24.155833333333348 ], [ 89.005, 24.15666666666668 ], [ 89.0, 24.16 ], [ 88.990833333333313, 24.160833333333343 ] ] } },
{ "type": "Feature", "properties": { "COMID": 45059543, "id": "18438", "lengthkm": 22.919025509622344, "order": 8, "uparea": 941232.2068096787 }, "geometry": { "type": "LineString", "coordinates": [ [ 89.165833333333325, 23.938333333333347 ], [ 89.144166666666649, 23.944166666666678 ], [ 89.13, 23.951666666666679 ], [ 89.123333333333321, 23.951666666666679 ], [ 89.119166666666644, 23.953333333333347 ], [ 89.115, 23.9575 ], [ 89.099166666666648, 23.966666666666679 ], [ 89.090833333333308, 23.965833333333347 ], [ 89.083333333333314, 23.971666666666678 ], [ 89.074166666666656, 23.973333333333347 ], [ 89.0725, 23.975 ], [ 89.074166666666656, 23.9825 ], [ 89.068333333333314, 23.985833333333346 ], [ 89.0575, 23.985833333333346 ], [ 89.054166666666646, 23.991666666666678 ], [ 89.046666666666653, 23.999166666666678 ], [ 89.04583333333332, 24.003333333333345 ], [ 89.04, 24.013333333333346 ], [ 89.035, 24.025833333333345 ], [ 89.03083333333332, 24.05 ], [ 89.029166666666654, 24.051666666666677 ] ] } },
{ "type": "Feature", "properties": { "COMID": 45059542, "id": "18438", "lengthkm": 15.197449232252884, "order": 8, "uparea": 941358.96584197984 }, "geometry": { "type": "LineString", "coordinates": [ [ 89.3025, 23.921666666666678 ], [ 89.279166666666654, 23.9225 ], [ 89.270833333333314, 23.923333333333346 ], [ 89.268333333333317, 23.925 ], [ 89.260833333333323, 23.924166666666679 ], [ 89.255, 23.9275 ], [ 89.230833333333322, 23.931666666666679 ], [ 89.203333333333319, 23.931666666666679 ], [ 89.199166666666656, 23.93 ], [ 89.1875, 23.93 ], [ 89.165833333333325, 23.938333333333347 ] ] } },
{ "type": "Feature", "properties": { "COMID": 45059541, "id": "18438", "lengthkm": 6.1512703978047636, "order": 8, "uparea": 941533.36392942001 }, "geometry": { "type": "LineString", "coordinates": [ [ 89.348333333333315, 23.893333333333345 ], [ 89.336666666666645, 23.901666666666678 ], [ 89.3275, 23.904166666666679 ], [ 89.320833333333312, 23.91166666666668 ], [ 89.315, 23.914166666666677 ], [ 89.310833333333321, 23.914166666666677 ], [ 89.3025, 23.921666666666678 ] ] } },
{ "type": "Feature", "properties": { "COMID": 45059540, "id": "18438", "lengthkm": 9.8895827490848394, "order": 8, "uparea": 941605.2616197234 }, "geometry": { "type": "LineString", "coordinates": [ [ 89.4275, 23.875 ], [ 89.40583333333332, 23.875 ], [ 89.3975, 23.880833333333346 ], [ 89.389166666666654, 23.883333333333347 ], [ 89.3825, 23.8925 ], [ 89.373333333333321, 23.895 ], [ 89.366666666666646, 23.89916666666668 ], [ 89.36, 23.89916666666668 ], [ 89.355833333333322, 23.894166666666678 ], [ 89.348333333333315, 23.893333333333345 ] ] } },
{ "type": "Feature", "properties": { "COMID": 45059539, "id": "18438", "lengthkm": 14.848932183059439, "order": 8, "uparea": 941696.71093742794 }, "geometry": { "type": "LineString", "coordinates": [ [ 89.538333333333313, 23.813333333333347 ], [ 89.52583333333331, 23.82 ], [ 89.508333333333312, 23.8325 ], [ 89.485833333333318, 23.841666666666679 ], [ 89.4775, 23.850833333333345 ], [ 89.466666666666654, 23.851666666666677 ], [ 89.464166666666642, 23.8575 ], [ 89.459166666666647, 23.8625 ], [ 89.439166666666651, 23.875 ], [ 89.4275, 23.875 ] ] } },
{ "type": "Feature", "properties": { "COMID": 45059538, "id": "18438", "lengthkm": 23.557629231964349, "order": 8, "uparea": 942043.13008880126 }, "geometry": { "type": "LineString", "coordinates": [ [ 89.7425, 23.810833333333346 ], [ 89.731666666666655, 23.803333333333345 ], [ 89.706666666666649, 23.798333333333346 ], [ 89.696666666666644, 23.8025 ], [ 89.695, 23.805 ], [ 89.690833333333316, 23.805 ], [ 89.685833333333321, 23.8 ], [ 89.676666666666648, 23.7975 ], [ 89.661666666666648, 23.796666666666678 ], [ 89.65583333333332, 23.798333333333346 ], [ 89.644166666666649, 23.796666666666678 ], [ 89.623333333333321, 23.796666666666678 ], [ 89.619166666666644, 23.798333333333346 ], [ 89.615, 23.8025 ], [ 89.604166666666657, 23.805 ], [ 89.571666666666644, 23.806666666666679 ], [ 89.565833333333316, 23.81 ], [ 89.551666666666648, 23.814166666666679 ], [ 89.538333333333313, 23.813333333333347 ] ] } },
{ "type": "Feature", "properties": { "COMID": 45059537, "id": "18438", "lengthkm": 2.364264633039713, "order": 8, "uparea": 1480070.8617546074 }, "geometry": { "type": "LineString", "coordinates": [ [ 89.763333333333321, 23.8125 ], [ 89.7425, 23.810833333333346 ] ] } },
{ "type": "Feature", "properties": { "COMID": 45059536, "id": "18438", "lengthkm": 3.3533933894008552, "order": 8, "uparea": 1480461.6324491578 }, "geometry": { "type": "LineString", "coordinates": [ [ 89.786666666666648, 23.7925 ], [ 89.765, 23.8125 ], [ 89.763333333333321, 23.8125 ] ] } },
{ "type": "Feature", "properties": { "COMID": 45059535, "id": "18438", "lengthkm": 2.028552639801394, "order": 8, "uparea": 1480549.6332875148 }, "geometry": { "type": "LineString", "coordinates": [ [ 89.79916666666665, 23.779166666666679 ], [ 89.786666666666648, 23.7925 ] ] } },
{ "type": "Feature", "properties": { "COMID": 45059534, "id": "18438", "lengthkm": 24.147820154197287, "order": 8, "uparea": 1480725.0136060892 }, "geometry": { "type": "LineString", "coordinates": [ [ 89.995, 23.705833333333345 ], [ 89.9925, 23.708333333333346 ], [ 89.9825, 23.7125 ], [ 89.960833333333312, 23.715833333333347 ], [ 89.94, 23.723333333333347 ], [ 89.919166666666655, 23.725833333333345 ], [ 89.910833333333315, 23.725 ], [ 89.9025, 23.729166666666679 ], [ 89.886666666666656, 23.729166666666679 ], [ 89.871666666666641, 23.733333333333345 ], [ 89.855, 23.73 ], [ 89.83833333333331, 23.743333333333347 ], [ 89.813333333333318, 23.768333333333345 ], [ 89.79916666666665, 23.779166666666679 ] ] } },
{ "type": "Feature", "properties": { "COMID": 45063347, "id": "18438", "lengthkm": 5.2676845882940846, "order": 8, "uparea": 1480789.2229896402 }, "geometry": { "type": "LineString", "coordinates": [ [ 89.991666666666646, 23.660833333333347 ], [ 89.996666666666641, 23.67666666666668 ], [ 89.995, 23.705833333333345 ] ] } },
{ "type": "Feature", "properties": { "COMID": 45063346, "id": "18438", "lengthkm": 7.283326201289265, "order": 8, "uparea": 1480948.0639584674 }, "geometry": { "type": "LineString", "coordinates": [ [ 90.009166666666644, 23.605 ], [ 90.008333333333312, 23.620833333333344 ], [ 90.0125, 23.628333333333345 ], [ 90.0125, 23.633333333333347 ], [ 90.003333333333316, 23.65 ], [ 89.991666666666646, 23.660833333333347 ] ] } },
{ "type": "Feature", "properties": { "COMID": 45063345, "id": "18438", "lengthkm": 7.3301595308811152, "order": 8, "uparea": 1481136.7888560903 }, "geometry": { "type": "LineString", "coordinates": [ [ 90.059166666666641, 23.5625 ], [ 90.03, 23.5925 ], [ 90.0125, 23.601666666666681 ], [ 90.009166666666644, 23.605 ] ] } },
{ "type": "Feature", "properties": { "COMID": 45063344, "id": "18438", "lengthkm": 12.769887712414294, "order": 8, "uparea": 1481312.4314660509 }, "geometry": { "type": "LineString", "coordinates": [ [ 90.115833333333313, 23.475 ], [ 90.109166666666653, 23.4875 ], [ 90.0975, 23.503333333333345 ], [ 90.0925, 23.514166666666679 ], [ 90.090833333333308, 23.520833333333346 ], [ 90.09166666666664, 23.541666666666679 ], [ 90.084166666666647, 23.5475 ], [ 90.065, 23.5575 ], [ 90.059166666666641, 23.5625 ] ] } },
{ "type": "Feature", "properties": { "COMID": 45063343, "id": "18438", "lengthkm": 7.5193073133645347, "order": 8, "uparea": 1481911.4042069917 }, "geometry": { "type": "LineString", "coordinates": [ [ 90.179166666666646, 23.466666666666679 ], [ 90.176666666666648, 23.4675 ], [ 90.17083333333332, 23.465 ], [ 90.146666666666647, 23.460833333333348 ], [ 90.1275, 23.465833333333347 ], [ 90.115833333333313, 23.475 ] ] } },
{ "type": "Feature", "properties": { "COMID": 45063342, "id": "18438", "lengthkm": 0.084998536493851001, "order": 8, "uparea": 1482022.2761364332 }, "geometry": { "type": "LineString", "coordinates": [ [ 90.18, 23.466666666666679 ], [ 90.179166666666646, 23.466666666666679 ] ] } },
{ "type": "Feature", "properties": { "COMID": 45063341, "id": "18438", "lengthkm": 22.24883309536888, "order": 8, "uparea": 1482212.7252700049 }, "geometry": { "type": "LineString", "coordinates": [ [ 90.373333333333306, 23.42 ], [ 90.355, 23.423333333333346 ], [ 90.3325, 23.433333333333344 ], [ 90.315833333333316, 23.4325 ], [ 90.313333333333318, 23.43416666666668 ], [ 90.301666666666648, 23.435 ], [ 90.28083333333332, 23.44666666666668 ], [ 90.25, 23.45 ], [ 90.241666666666646, 23.4525 ], [ 90.24, 23.451666666666679 ], [ 90.215833333333308, 23.460833333333348 ], [ 90.203333333333319, 23.460833333333348 ], [ 90.193333333333314, 23.465 ], [ 90.18, 23.466666666666679 ] ] } },
{ "type": "Feature", "properties": { "COMID": 45063340, "id": "18438", "lengthkm": 11.879566167536154, "order": 8, "uparea": 1482501.2272524796 }, "geometry": { "type": "LineString", "coordinates": [ [ 90.436666666666653, 23.34 ], [ 90.434166666666641, 23.343333333333344 ], [ 90.430833333333311, 23.360833333333346 ], [ 90.419166666666655, 23.375833333333347 ], [ 90.40916666666665, 23.385833333333345 ], [ 90.399166666666645, 23.401666666666678 ], [ 90.373333333333306, 23.42 ] ] } },
{ "type": "Feature", "properties": { "COMID": 45063339, "id": "18438", "lengthkm": 0.714071485172183, "order": 8, "uparea": 1482555.5706116247 }, "geometry": { "type": "LineString", "coordinates": [ [ 90.441666666666649, 23.335833333333348 ], [ 90.436666666666653, 23.34 ] ] } },
{ "type": "Feature", "properties": { "COMID": 45063338, "id": "18438", "lengthkm": 3.684757535951662, "order": 8, "uparea": 1482765.1194097816 }, "geometry": { "type": "LineString", "coordinates": [ [ 90.474166666666648, 23.331666666666678 ], [ 90.454166666666652, 23.330833333333345 ], [ 90.449166666666656, 23.331666666666678 ], [ 90.441666666666649, 23.335833333333348 ] ] } },
{ "type": "Feature", "properties": { "COMID": 45063337, "id": "18438", "lengthkm": 1.9350875813103481, "order": 8, "uparea": 1482797.5267805532 }, "geometry": { "type": "LineString", "coordinates": [ [ 90.488333333333316, 23.32166666666668 ], [ 90.481666666666655, 23.324166666666681 ], [ 90.474166666666648, 23.331666666666678 ] ] } },
{ "type": "Feature", "properties": { "COMID": 45063336, "id": "18438", "lengthkm": 5.8385379776508346, "order": 8, "uparea": 1482976.942876504 }, "geometry": { "type": "LineString", "coordinates": [ [ 90.538333333333313, 23.306666666666679 ], [ 90.52916666666664, 23.3075 ], [ 90.5225, 23.310833333333346 ], [ 90.5125, 23.32 ], [ 90.488333333333316, 23.32166666666668 ] ] } },
{ "type": "Feature", "properties": { "COMID": 45063335, "id": "18438", "lengthkm": 6.305659495608567, "order": 8, "uparea": 1483033.5524042775 }, "geometry": { "type": "LineString", "coordinates": [ [ 90.5875, 23.295833333333345 ], [ 90.575833333333321, 23.293333333333347 ], [ 90.5625, 23.30166666666668 ], [ 90.554166666666646, 23.305 ], [ 90.550833333333316, 23.31 ], [ 90.543333333333322, 23.306666666666679 ], [ 90.538333333333313, 23.306666666666679 ] ] } },
{ "type": "Feature", "properties": { "COMID": 45063334, "id": "18438", "lengthkm": 7.8191387100587306, "order": 8, "uparea": 1483124.8605031187 }, "geometry": { "type": "LineString", "coordinates": [ [ 90.626666666666651, 23.24 ], [ 90.610833333333318, 23.25916666666668 ], [ 90.60833333333332, 23.268333333333345 ], [ 90.6, 23.276666666666678 ], [ 90.599166666666648, 23.28166666666668 ], [ 90.595833333333317, 23.2875 ], [ 90.5875, 23.295833333333345 ] ] } },
{ "type": "Feature", "properties": { "COMID": 45063333, "id": "18438", "lengthkm": 8.8182140991362683, "order": 8, "uparea": 1572400.525695469 }, "geometry": { "type": "LineString", "coordinates": [ [ 90.61166666666665, 23.166666666666679 ], [ 90.615, 23.186666666666678 ], [ 90.620833333333309, 23.1975 ], [ 90.626666666666651, 23.218333333333344 ], [ 90.626666666666651, 23.24 ] ] } },
{ "type": "Feature", "properties": { "COMID": 45063332, "id": "18438", "lengthkm": 7.6543775006214121, "order": 8, "uparea": 1572504.0563616927 }, "geometry": { "type": "LineString", "coordinates": [ [ 90.59333333333332, 23.105 ], [ 90.5975, 23.113333333333347 ], [ 90.601666666666645, 23.133333333333347 ], [ 90.60833333333332, 23.14916666666668 ], [ 90.6075, 23.1525 ], [ 90.61166666666665, 23.16166666666668 ], [ 90.61166666666665, 23.166666666666679 ] ] } },
{ "type": "Feature", "properties": { "COMID": 45066867, "id": "18438", "lengthkm": 8.8264913247611076, "order": 8, "uparea": 1572667.3889131162 }, "geometry": { "type": "LineString", "coordinates": [ [ 90.584166666666647, 23.0325 ], [ 90.584166666666647, 23.035 ], [ 90.590833333333308, 23.043333333333347 ], [ 90.598333333333315, 23.07166666666668 ], [ 90.598333333333315, 23.085833333333348 ], [ 90.59333333333332, 23.105 ] ] } },
{ "type": "Feature", "properties": { "COMID": 45066866, "id": "18438", "lengthkm": 11.626908692823784, "order": 8, "uparea": 1573607.9737473868 }, "geometry": { "type": "LineString", "coordinates": [ [ 90.631666666666646, 22.945 ], [ 90.628333333333316, 22.953333333333347 ], [ 90.615, 22.975 ], [ 90.61, 22.98 ], [ 90.605, 22.991666666666681 ], [ 90.600833333333313, 22.995833333333348 ], [ 90.594166666666652, 23.0125 ], [ 90.5875, 23.02 ], [ 90.584166666666647, 23.0325 ] ] } },
{ "type": "Feature", "properties": { "COMID": 45066865, "id": "18438", "lengthkm": 2.2123776367557291, "order": 8, "uparea": 1573652.1037601084 }, "geometry": { "type": "LineString", "coordinates": [ [ 90.638333333333321, 22.9275 ], [ 90.631666666666646, 22.945 ] ] } },
{ "type": "Feature", "properties": { "COMID": 45066864, "id": "18438", "lengthkm": 2.286353277797005, "order": 8, "uparea": 1573882.3011841814 }, "geometry": { "type": "LineString", "coordinates": [ [ 90.649166666666645, 22.910833333333347 ], [ 90.638333333333321, 22.9275 ] ] } },
{ "type": "Feature", "properties": { "COMID": 45066863, "id": "18438", "lengthkm": 10.136653461461982, "order": 8, "uparea": 1574012.6907671301 }, "geometry": { "type": "LineString", "coordinates": [ [ 90.7125, 22.846666666666678 ], [ 90.694166666666646, 22.861666666666679 ], [ 90.6875, 22.8725 ], [ 90.673333333333318, 22.8875 ], [ 90.663333333333313, 22.900833333333345 ], [ 90.649166666666645, 22.910833333333347 ] ] } },
{ "type": "Feature", "properties": { "COMID": 45066862, "id": "18438", "lengthkm": 6.9867986145700964, "order": 8, "uparea": 1574545.5744448761 }, "geometry": { "type": "LineString", "coordinates": [ [ 90.723333333333315, 22.788333333333345 ], [ 90.719166666666652, 22.7975 ], [ 90.7125, 22.846666666666678 ] ] } },
{ "type": "Feature", "properties": { "COMID": 45066861, "id": "18438", "lengthkm": 1.3973938849260481, "order": 8, "uparea": 1574591.2623521597 }, "geometry": { "type": "LineString", "coordinates": [ [ 90.720833333333317, 22.776666666666681 ], [ 90.723333333333315, 22.788333333333345 ] ] } },
{ "type": "Feature", "properties": { "COMID": 45066860, "id": "18438", "lengthkm": 3.3249251226456198, "order": 8, "uparea": 1574680.9067696885 }, "geometry": { "type": "LineString", "coordinates": [ [ 90.7275, 22.749166666666678 ], [ 90.7225, 22.764166666666679 ], [ 90.720833333333317, 22.776666666666681 ] ] } },
{ "type": "Feature", "properties": { "COMID": 45066859, "id": "18438", "lengthkm": 0.31137575033335202, "order": 8, "uparea": 1574708.4456096634 }, "geometry": { "type": "LineString", "coordinates": [ [ 90.72833333333331, 22.74666666666668 ], [ 90.7275, 22.749166666666678 ] ] } },
{ "type": "Feature", "properties": { "COMID": 45066858, "id": "18438", "lengthkm": 7.2847450964907097, "order": 8, "uparea": 1574834.2982043759 }, "geometry": { "type": "LineString", "coordinates": [ [ 90.7575, 22.691666666666681 ], [ 90.744166666666644, 22.713333333333345 ], [ 90.740833333333313, 22.725 ], [ 90.72833333333331, 22.74666666666668 ] ] } },
{ "type": "Feature", "properties": { "COMID": 45066857, "id": "18438", "lengthkm": 2.3985656537863922, "order": 8, "uparea": 1574898.6207858638 }, "geometry": { "type": "LineString", "coordinates": [ [ 90.764166666666654, 22.6725 ], [ 90.7575, 22.691666666666681 ] ] } },
{ "type": "Feature", "properties": { "COMID": 45066856, "id": "18438", "lengthkm": 7.0912977241002322, "order": 8, "uparea": 1575032.5004286871 }, "geometry": { "type": "LineString", "coordinates": [ [ 90.81, 22.626666666666679 ], [ 90.795, 22.644166666666681 ], [ 90.764166666666654, 22.6725 ] ] } },
{ "type": "Feature", "properties": { "COMID": 45066855, "id": "18438", "lengthkm": 7.5775848669324732, "order": 8, "uparea": 1575385.9506649468 }, "geometry": { "type": "LineString", "coordinates": [ [ 90.803333333333313, 22.563333333333347 ], [ 90.8, 22.573333333333348 ], [ 90.8, 22.589166666666681 ], [ 90.8075, 22.6125 ], [ 90.81, 22.626666666666679 ] ] } },
{ "type": "Feature", "properties": { "COMID": 45070323, "id": "18438", "lengthkm": 16.643676992320035, "order": 8, "uparea": 1575630.991704083 }, "geometry": { "type": "LineString", "coordinates": [ [ 90.9, 22.4575 ], [ 90.888333333333321, 22.4625 ], [ 90.88, 22.46916666666668 ], [ 90.868333333333311, 22.475 ], [ 90.850833333333313, 22.490833333333345 ], [ 90.839166666666642, 22.508333333333347 ], [ 90.83833333333331, 22.5175 ], [ 90.814166666666651, 22.54416666666668 ], [ 90.803333333333313, 22.563333333333347 ] ] } },
{ "type": "Feature", "properties": { "COMID": 45070322, "id": "18438", "lengthkm": 0.12617354695302499, "order": 8, "uparea": 1575661.803881095 }, "geometry": { "type": "LineString", "coordinates": [ [ 90.90083333333331, 22.456666666666681 ], [ 90.9, 22.4575 ] ] } }
]
}
