{
"type": "FeatureCollection",
"name": "downstream_64560",
"crs": { "type": "name", "properties": { "name": "urn:ogc:def:crs:OGC:1.3:CRS84" } },
"features": [
{ "type": "Feature", "properties": { "COMID": 45032288, "id": "18527", "lengthkm": 14.33764831424088, "order": 2, "uparea": 232.15452967837132 }, "geometry": { "type": "LineString", "coordinates": [ [ 76.039166666666659, 27.798333333333343 ], [ 76.040833333333325, 27.7925 ], [ 76.038333333333327, 27.793333333333344 ], [ 76.03, 27.791666666666679 ], [ 76.029166666666654, 27.789166666666674 ], [ 76.026666666666657, 27.788333333333341 ], [ 76.025, 27.7825 ], [ 76.008333333333326, 27.768333333333345 ], [ 76.005833333333328, 27.7675 ], [ 76.001666666666665, 27.77 ], [ 75.994166666666658, 27.7625 ], [ 75.99, 27.7625 ], [ 75.989166666666662, 27.76 ], [ 75.9875, 27.761666666666677 ], [ 75.981666666666655, 27.761666666666677 ], [ 75.978333333333325, 27.76 ], [ 75.976666666666659, 27.761666666666677 ], [ 75.973333333333329, 27.760833333333345 ], [ 75.9725, 27.7625 ], [ 75.963333333333324, 27.754166666666677 ], [ 75.963333333333324, 27.758333333333344 ], [ 75.9525, 27.7525 ] ] } },
{ "type": "Feature", "properties": { "COMID": 45032195, "id": "18527", "lengthkm": 2.6549904811725069, "order": 2, "uparea": 275.20237623491937 }, "geometry": { "type": "LineString", "coordinates": [ [ 76.058333333333323, 27.81 ], [ 76.05083333333333, 27.800833333333344 ], [ 76.046666666666653, 27.801666666666677 ], [ 76.039166666666659, 27.798333333333343 ] ] } },
{ "type": "Feature", "properties": { "COMID": 45032185, "id": "18527", "lengthkm": 16.772149663896258, "order": 2, "uparea": 347.98309710334917 }, "geometry": { "type": "LineString", "coordinates": [ [ 76.111666666666665, 27.915833333333342 ], [ 76.1125, 27.914166666666674 ], [ 76.1075, 27.91 ], [ 76.105833333333322, 27.905 ], [ 76.106666666666655, 27.9025 ], [ 76.105, 27.898333333333341 ], [ 76.1075, 27.8925 ], [ 76.105, 27.89 ], [ 76.105833333333322, 27.885833333333345 ], [ 76.104166666666657, 27.8775 ], [ 76.099166666666662, 27.876666666666676 ], [ 76.0975, 27.8725 ], [ 76.0925, 27.8675 ], [ 76.09333333333332, 27.865 ], [ 76.089166666666657, 27.86 ], [ 76.090833333333322, 27.855833333333344 ], [ 76.0875, 27.8525 ], [ 76.086666666666659, 27.849166666666676 ], [ 76.088333333333324, 27.8475 ], [ 76.0875, 27.845 ], [ 76.084166666666661, 27.843333333333341 ], [ 76.078333333333319, 27.843333333333341 ], [ 76.079166666666652, 27.841666666666676 ], [ 76.076666666666654, 27.84 ], [ 76.078333333333319, 27.839166666666678 ], [ 76.075, 27.835 ], [ 76.0725, 27.835 ], [ 76.07, 27.831666666666678 ], [ 76.069166666666661, 27.8325 ], [ 76.065, 27.829166666666676 ], [ 76.066666666666663, 27.8275 ], [ 76.061666666666653, 27.819166666666675 ], [ 76.063333333333333, 27.816666666666677 ], [ 76.06, 27.8125 ], [ 76.058333333333323, 27.8125 ], [ 76.058333333333323, 27.81 ] ] } },
{ "type": "Feature", "properties": { "COMID": 45032133, "id": "18527", "lengthkm": 5.5086556736770937, "order": 3, "uparea": 431.37498398071938 }, "geometry": { "type": "LineString", "coordinates": [ [ 76.125833333333333, 27.951666666666675 ], [ 76.1225, 27.9475 ], [ 76.12, 27.9475 ], [ 76.121666666666655, 27.9425 ], [ 76.1175, 27.9375 ], [ 76.114166666666662, 27.928333333333342 ], [ 76.109166666666653, 27.925 ], [ 76.11333333333333, 27.92 ], [ 76.111666666666665, 27.915833333333342 ] ] } },
{ "type": "Feature", "properties": { "COMID": 45032116, "id": "18527", "lengthkm": 2.8012577816280602, "order": 3, "uparea": 458.77263488949882 }, "geometry": { "type": "LineString", "coordinates": [ [ 76.121666666666655, 27.971666666666678 ], [ 76.125, 27.964166666666678 ], [ 76.13, 27.96 ], [ 76.129166666666663, 27.955 ], [ 76.125833333333333, 27.951666666666675 ] ] } },
{ "type": "Feature", "properties": { "COMID": 45032108, "id": "18527", "lengthkm": 4.9406568551068633, "order": 3, "uparea": 592.21842038466423 }, "geometry": { "type": "LineString", "coordinates": [ [ 76.124166666666653, 27.999166666666675 ], [ 76.12, 27.998333333333342 ], [ 76.120833333333323, 27.996666666666677 ], [ 76.1175, 27.9925 ], [ 76.1175, 27.99 ], [ 76.124166666666653, 27.983333333333341 ], [ 76.123333333333321, 27.980833333333344 ], [ 76.126666666666665, 27.98 ], [ 76.12, 27.975 ], [ 76.121666666666655, 27.971666666666678 ] ] } },
{ "type": "Feature", "properties": { "COMID": 45032093, "id": "18527", "lengthkm": 6.4425072917124542, "order": 3, "uparea": 634.23446665738823 }, "geometry": { "type": "LineString", "coordinates": [ [ 76.134166666666658, 28.043333333333344 ], [ 76.136666666666656, 28.044166666666676 ], [ 76.136666666666656, 28.038333333333341 ], [ 76.14, 28.033333333333342 ], [ 76.136666666666656, 28.030833333333341 ], [ 76.1375, 28.0275 ], [ 76.135833333333323, 28.021666666666675 ], [ 76.1325, 28.0175 ], [ 76.129166666666663, 28.005833333333342 ], [ 76.124166666666653, 27.999166666666675 ] ] } },
{ "type": "Feature", "properties": { "COMID": 45032071, "id": "18527", "lengthkm": 10.581187895750977, "order": 3, "uparea": 673.64037135054411 }, "geometry": { "type": "LineString", "coordinates": [ [ 76.103333333333325, 28.096666666666678 ], [ 76.111666666666665, 28.0975 ], [ 76.10833333333332, 28.086666666666677 ], [ 76.115, 28.085833333333341 ], [ 76.11666666666666, 28.083333333333343 ], [ 76.11666666666666, 28.07833333333334 ], [ 76.114166666666662, 28.076666666666675 ], [ 76.118333333333325, 28.075 ], [ 76.115833333333327, 28.071666666666676 ], [ 76.1175, 28.070833333333344 ], [ 76.1175, 28.065833333333345 ], [ 76.115833333333327, 28.064166666666676 ], [ 76.123333333333321, 28.058333333333344 ], [ 76.126666666666665, 28.058333333333344 ], [ 76.12833333333333, 28.056666666666676 ], [ 76.130833333333328, 28.058333333333344 ], [ 76.1325, 28.056666666666676 ], [ 76.136666666666656, 28.05 ], [ 76.136666666666656, 28.046666666666674 ], [ 76.134166666666658, 28.043333333333344 ] ] } },
{ "type": "Feature", "properties": { "COMID": 45027456, "id": "18527", "lengthkm": 41.562617024116392, "order": 3, "uparea": 916.91021387893352 }, "geometry": { "type": "LineString", "coordinates": [ [ 76.255, 28.346666666666678 ], [ 76.255, 28.345 ], [ 76.245833333333323, 28.341666666666676 ], [ 76.2175, 28.333333333333343 ], [ 76.2, 28.324166666666677 ], [ 76.198333333333323, 28.296666666666674 ], [ 76.2, 28.234166666666674 ], [ 76.198333333333323, 28.230833333333344 ], [ 76.198333333333323, 28.213333333333342 ], [ 76.193333333333328, 28.189166666666676 ], [ 76.145833333333329, 28.14 ], [ 76.13, 28.14 ], [ 76.12833333333333, 28.135 ], [ 76.124166666666653, 28.135 ], [ 76.12, 28.129166666666677 ], [ 76.115, 28.1325 ], [ 76.11, 28.129166666666677 ], [ 76.1025, 28.13 ], [ 76.088333333333324, 28.121666666666677 ], [ 76.088333333333324, 28.1025 ], [ 76.095, 28.096666666666678 ], [ 76.103333333333325, 28.096666666666678 ] ] } },
{ "type": "Feature", "properties": { "COMID": 45027447, "id": "18527", "lengthkm": 12.369439994185894, "order": 3, "uparea": 986.22251366415639 }, "geometry": { "type": "LineString", "coordinates": [ [ 76.17916666666666, 28.398333333333341 ], [ 76.178333333333327, 28.396666666666675 ], [ 76.18, 28.393333333333342 ], [ 76.178333333333327, 28.39 ], [ 76.180833333333325, 28.3875 ], [ 76.180833333333325, 28.385 ], [ 76.200833333333321, 28.385 ], [ 76.226666666666659, 28.376666666666676 ], [ 76.24, 28.369166666666676 ], [ 76.245833333333323, 28.364166666666677 ], [ 76.2475, 28.365 ], [ 76.250833333333333, 28.350833333333341 ], [ 76.258333333333326, 28.3475 ], [ 76.255, 28.346666666666678 ] ] } },
{ "type": "Feature", "properties": { "COMID": 45027428, "id": "18527", "lengthkm": 25.264728205131942, "order": 4, "uparea": 2502.7246486256508 }, "geometry": { "type": "LineString", "coordinates": [ [ 76.18, 28.484166666666674 ], [ 76.183333333333323, 28.484166666666674 ], [ 76.189166666666665, 28.479166666666675 ], [ 76.1875, 28.4625 ], [ 76.183333333333323, 28.460833333333341 ], [ 76.183333333333323, 28.44583333333334 ], [ 76.1775, 28.443333333333342 ], [ 76.175, 28.444166666666675 ], [ 76.17, 28.4425 ], [ 76.17583333333333, 28.439166666666676 ], [ 76.17583333333333, 28.435833333333342 ], [ 76.17916666666666, 28.4325 ], [ 76.175, 28.43 ], [ 76.176666666666662, 28.4275 ], [ 76.1725, 28.424166666666675 ], [ 76.205, 28.4225 ], [ 76.228333333333325, 28.411666666666676 ], [ 76.240833333333327, 28.396666666666675 ], [ 76.221666666666664, 28.395833333333343 ], [ 76.215, 28.398333333333341 ], [ 76.17916666666666, 28.398333333333341 ] ] } },
{ "type": "Feature", "properties": { "COMID": 45027392, "id": "18527", "lengthkm": 2.0138996445379158, "order": 4, "uparea": 2661.2931638469754 }, "geometry": { "type": "LineString", "coordinates": [ [ 76.186666666666653, 28.495833333333344 ], [ 76.185833333333321, 28.496666666666677 ], [ 76.17916666666666, 28.491666666666674 ], [ 76.178333333333327, 28.489166666666677 ], [ 76.180833333333325, 28.486666666666675 ], [ 76.18, 28.484166666666674 ] ] } },
{ "type": "Feature", "properties": { "COMID": 45027387, "id": "18527", "lengthkm": 8.6354486297621644, "order": 4, "uparea": 2730.6694516909361 }, "geometry": { "type": "LineString", "coordinates": [ [ 76.230833333333322, 28.5575 ], [ 76.199166666666656, 28.514166666666675 ], [ 76.193333333333328, 28.510833333333345 ], [ 76.186666666666653, 28.495833333333344 ] ] } },
{ "type": "Feature", "properties": { "COMID": 45027382, "id": "18527", "lengthkm": 0.90903394048026798, "order": 4, "uparea": 2795.8493975360675 }, "geometry": { "type": "LineString", "coordinates": [ [ 76.23833333333333, 28.56 ], [ 76.231666666666655, 28.559166666666677 ], [ 76.230833333333322, 28.5575 ] ] } },
{ "type": "Feature", "properties": { "COMID": 45027381, "id": "18527", "lengthkm": 12.929064672405946, "order": 4, "uparea": 2866.1322163821492 }, "geometry": { "type": "LineString", "coordinates": [ [ 76.2525, 28.614166666666677 ], [ 76.248333333333321, 28.606666666666676 ], [ 76.221666666666664, 28.594166666666673 ], [ 76.239166666666662, 28.5675 ], [ 76.25, 28.5675 ], [ 76.2525, 28.565833333333345 ], [ 76.2625, 28.565 ], [ 76.251666666666665, 28.564166666666676 ], [ 76.23833333333333, 28.56 ] ] } },
{ "type": "Feature", "properties": { "COMID": 45027377, "id": "18527", "lengthkm": 2.290450455066567, "order": 4, "uparea": 3001.6902775635508 }, "geometry": { "type": "LineString", "coordinates": [ [ 76.271666666666661, 28.6225 ], [ 76.265, 28.618333333333343 ], [ 76.2525, 28.614166666666677 ] ] } },
{ "type": "Feature", "properties": { "COMID": 45027376, "id": "18527", "lengthkm": 6.5960554738091144, "order": 4, "uparea": 3317.0762786357009 }, "geometry": { "type": "LineString", "coordinates": [ [ 76.325833333333321, 28.6425 ], [ 76.308333333333323, 28.635833333333345 ], [ 76.3075, 28.636666666666677 ], [ 76.3, 28.6325 ], [ 76.296666666666653, 28.63333333333334 ], [ 76.294166666666655, 28.63 ], [ 76.28, 28.62583333333334 ], [ 76.275, 28.6225 ], [ 76.271666666666661, 28.6225 ] ] } },
{ "type": "Feature", "properties": { "COMID": 45027371, "id": "18527", "lengthkm": 19.31728778477585, "order": 4, "uparea": 3564.5071652120746 }, "geometry": { "type": "LineString", "coordinates": [ [ 76.36, 28.610833333333343 ], [ 76.379166666666663, 28.615 ], [ 76.40583333333332, 28.615 ], [ 76.409166666666664, 28.616666666666674 ], [ 76.4175, 28.6275 ], [ 76.418333333333322, 28.64 ], [ 76.421666666666653, 28.643333333333342 ], [ 76.416666666666657, 28.645 ], [ 76.393333333333331, 28.645 ], [ 76.3925, 28.646666666666675 ], [ 76.391666666666652, 28.645833333333343 ], [ 76.3825, 28.65 ], [ 76.36333333333333, 28.650833333333342 ], [ 76.3425, 28.645833333333343 ], [ 76.3375, 28.646666666666675 ], [ 76.325833333333321, 28.6425 ] ] } },
{ "type": "Feature", "properties": { "COMID": 45027362, "id": "18527", "lengthkm": 19.604962578262445, "order": 4, "uparea": 3723.7536346118982 }, "geometry": { "type": "LineString", "coordinates": [ [ 76.4925, 28.6 ], [ 76.481666666666655, 28.598333333333343 ], [ 76.475, 28.590833333333343 ], [ 76.474166666666662, 28.5875 ], [ 76.45, 28.5875 ], [ 76.444166666666661, 28.584166666666675 ], [ 76.435, 28.584166666666675 ], [ 76.42, 28.588333333333342 ], [ 76.410833333333329, 28.588333333333342 ], [ 76.404166666666654, 28.584166666666675 ], [ 76.391666666666652, 28.584166666666675 ], [ 76.38, 28.57833333333334 ], [ 76.374166666666653, 28.579166666666676 ], [ 76.370833333333323, 28.581666666666678 ], [ 76.364166666666662, 28.581666666666678 ], [ 76.360833333333318, 28.585 ], [ 76.36, 28.5875 ], [ 76.364166666666662, 28.588333333333342 ], [ 76.360833333333318, 28.5925 ], [ 76.36666666666666, 28.5925 ], [ 76.368333333333325, 28.595 ], [ 76.364166666666662, 28.6 ], [ 76.3625, 28.6 ], [ 76.3625, 28.6025 ], [ 76.359166666666653, 28.606666666666676 ], [ 76.36, 28.610833333333343 ] ] } },
{ "type": "Feature", "properties": { "COMID": 45027359, "id": "18527", "lengthkm": 13.907725298254151, "order": 4, "uparea": 3792.5278016296393 }, "geometry": { "type": "LineString", "coordinates": [ [ 76.481666666666655, 28.5475 ], [ 76.48333333333332, 28.5675 ], [ 76.489166666666662, 28.565833333333345 ], [ 76.50333333333333, 28.566666666666677 ], [ 76.505, 28.565 ], [ 76.5075, 28.566666666666677 ], [ 76.515, 28.566666666666677 ], [ 76.520833333333329, 28.5625 ], [ 76.521666666666661, 28.564166666666676 ], [ 76.523333333333326, 28.56333333333334 ], [ 76.525833333333324, 28.565 ], [ 76.525, 28.566666666666677 ], [ 76.526666666666657, 28.568333333333342 ], [ 76.525, 28.571666666666676 ], [ 76.516666666666652, 28.5775 ], [ 76.504166666666663, 28.57833333333334 ], [ 76.498333333333321, 28.5825 ], [ 76.49166666666666, 28.594166666666673 ], [ 76.4925, 28.6 ] ] } },
{ "type": "Feature", "properties": { "COMID": 45027358, "id": "18527", "lengthkm": 2.5319316212126819, "order": 4, "uparea": 3846.563125662909 }, "geometry": { "type": "LineString", "coordinates": [ [ 76.481666666666655, 28.525833333333342 ], [ 76.481666666666655, 28.5475 ] ] } },
{ "type": "Feature", "properties": { "COMID": 45027357, "id": "18527", "lengthkm": 9.8994760220514149, "order": 4, "uparea": 4484.4143622655938 }, "geometry": { "type": "LineString", "coordinates": [ [ 76.561666666666653, 28.534166666666678 ], [ 76.560833333333321, 28.533333333333342 ], [ 76.559166666666655, 28.535 ], [ 76.556666666666658, 28.533333333333342 ], [ 76.55416666666666, 28.535 ], [ 76.5525, 28.533333333333342 ], [ 76.553333333333327, 28.531666666666673 ], [ 76.55, 28.530833333333341 ], [ 76.55, 28.534166666666678 ], [ 76.544166666666655, 28.535 ], [ 76.544166666666655, 28.531666666666673 ], [ 76.5425, 28.53 ], [ 76.515, 28.5275 ], [ 76.51, 28.525833333333342 ], [ 76.481666666666655, 28.525833333333342 ] ] } },
{ "type": "Feature", "properties": { "COMID": 45027278, "id": "18527", "lengthkm": 15.385927213485033, "order": 5, "uparea": 9583.5187401933708 }, "geometry": { "type": "LineString", "coordinates": [ [ 76.645, 28.559166666666677 ], [ 76.638333333333321, 28.554166666666674 ], [ 76.630833333333328, 28.551666666666677 ], [ 76.620833333333323, 28.550833333333344 ], [ 76.618333333333325, 28.548333333333343 ], [ 76.6175, 28.540833333333342 ], [ 76.619166666666658, 28.538333333333341 ], [ 76.619166666666658, 28.534166666666678 ], [ 76.62833333333333, 28.526666666666678 ], [ 76.62833333333333, 28.519166666666678 ], [ 76.623333333333321, 28.516666666666676 ], [ 76.603333333333325, 28.5125 ], [ 76.5975, 28.518333333333342 ], [ 76.568333333333328, 28.526666666666678 ], [ 76.561666666666653, 28.534166666666678 ] ] } },
{ "type": "Feature", "properties": { "COMID": 45027264, "id": "18527", "lengthkm": 5.2363329419632123, "order": 5, "uparea": 9803.68959864729 }, "geometry": { "type": "LineString", "coordinates": [ [ 76.695, 28.559166666666677 ], [ 76.645, 28.559166666666677 ] ] } },
{ "type": "Feature", "properties": { "COMID": 45027257, "id": "18527", "lengthkm": 12.560928871785221, "order": 5, "uparea": 10211.645422639189 }, "geometry": { "type": "LineString", "coordinates": [ [ 76.775, 28.506666666666675 ], [ 76.77, 28.505 ], [ 76.764166666666654, 28.5075 ], [ 76.759166666666658, 28.51583333333334 ], [ 76.756666666666661, 28.51583333333334 ], [ 76.755, 28.519166666666678 ], [ 76.7425, 28.528333333333343 ], [ 76.730833333333322, 28.528333333333343 ], [ 76.7275, 28.534166666666678 ], [ 76.725, 28.545833333333341 ], [ 76.7175, 28.554166666666674 ], [ 76.71833333333332, 28.5575 ], [ 76.710833333333326, 28.561666666666675 ], [ 76.695, 28.559166666666677 ] ] } },
{ "type": "Feature", "properties": { "COMID": 45027246, "id": "18527", "lengthkm": 2.6154487337657781, "order": 5, "uparea": 10245.964116070558 }, "geometry": { "type": "LineString", "coordinates": [ [ 76.798333333333318, 28.501666666666676 ], [ 76.788333333333327, 28.505833333333342 ], [ 76.775, 28.506666666666675 ] ] } },
{ "type": "Feature", "properties": { "COMID": 45027106, "id": "18527", "lengthkm": 5.0469746153422763, "order": 6, "uparea": 17535.948798013582 }, "geometry": { "type": "LineString", "coordinates": [ [ 76.825833333333321, 28.526666666666678 ], [ 76.824166666666656, 28.525 ], [ 76.819166666666661, 28.525833333333342 ], [ 76.81583333333333, 28.5225 ], [ 76.810833333333321, 28.523333333333341 ], [ 76.808333333333323, 28.52 ], [ 76.808333333333323, 28.509166666666676 ], [ 76.803333333333327, 28.504166666666677 ], [ 76.798333333333318, 28.501666666666676 ] ] } },
{ "type": "Feature", "properties": { "COMID": 45027105, "id": "18527", "lengthkm": 2.2674753223992909, "order": 6, "uparea": 17569.599707588164 }, "geometry": { "type": "LineString", "coordinates": [ [ 76.845, 28.525833333333342 ], [ 76.833333333333329, 28.529166666666676 ], [ 76.825833333333321, 28.526666666666678 ] ] } },
{ "type": "Feature", "properties": { "COMID": 45027104, "id": "18527", "lengthkm": 14.722301929683091, "order": 6, "uparea": 17789.045907282452 }, "geometry": { "type": "LineString", "coordinates": [ [ 76.9425, 28.51 ], [ 76.938333333333333, 28.515 ], [ 76.9325, 28.513333333333343 ], [ 76.931666666666658, 28.51 ], [ 76.92583333333333, 28.51 ], [ 76.92416666666665, 28.514166666666675 ], [ 76.921666666666653, 28.513333333333343 ], [ 76.921666666666653, 28.518333333333342 ], [ 76.915833333333325, 28.525833333333342 ], [ 76.914166666666659, 28.525 ], [ 76.899166666666659, 28.533333333333342 ], [ 76.891666666666652, 28.535 ], [ 76.89, 28.533333333333342 ], [ 76.8875, 28.534166666666678 ], [ 76.88, 28.539166666666674 ], [ 76.870833333333323, 28.534166666666678 ], [ 76.855833333333322, 28.534166666666678 ], [ 76.851666666666659, 28.53 ], [ 76.854166666666657, 28.529166666666676 ], [ 76.853333333333325, 28.526666666666678 ], [ 76.845, 28.525833333333342 ] ] } },
{ "type": "Feature", "properties": { "COMID": 45027103, "id": "18527", "lengthkm": 3.2093681780640142, "order": 6, "uparea": 18158.453029358985 }, "geometry": { "type": "LineString", "coordinates": [ [ 76.960833333333326, 28.506666666666675 ], [ 76.958333333333329, 28.506666666666675 ], [ 76.9575, 28.504166666666677 ], [ 76.951666666666654, 28.5025 ], [ 76.948333333333323, 28.511666666666677 ], [ 76.946666666666658, 28.51 ], [ 76.9425, 28.51 ] ] } },
{ "type": "Feature", "properties": { "COMID": 45027102, "id": "18527", "lengthkm": 1.057609548140237, "order": 6, "uparea": 18206.655146650333 }, "geometry": { "type": "LineString", "coordinates": [ [ 76.966666666666654, 28.513333333333343 ], [ 76.961666666666659, 28.509166666666676 ], [ 76.960833333333326, 28.506666666666675 ] ] } },
{ "type": "Feature", "properties": { "COMID": 45027101, "id": "18527", "lengthkm": 7.2903326888826374, "order": 6, "uparea": 18282.783631636117 }, "geometry": { "type": "LineString", "coordinates": [ [ 77.009166666666658, 28.543333333333344 ], [ 77.00333333333333, 28.538333333333341 ], [ 77.000833333333333, 28.53 ], [ 76.99, 28.526666666666678 ], [ 76.984166666666653, 28.526666666666678 ], [ 76.9825, 28.525 ], [ 76.974166666666662, 28.525833333333342 ], [ 76.9725, 28.523333333333341 ], [ 76.975833333333327, 28.520833333333343 ], [ 76.975, 28.518333333333342 ], [ 76.966666666666654, 28.513333333333343 ] ] } },
{ "type": "Feature", "properties": { "COMID": 45027100, "id": "18527", "lengthkm": 4.4894773087275226, "order": 6, "uparea": 18372.024804258108 }, "geometry": { "type": "LineString", "coordinates": [ [ 77.031666666666652, 28.57 ], [ 77.028333333333322, 28.565 ], [ 77.025, 28.56333333333334 ], [ 77.025833333333324, 28.5625 ], [ 77.023333333333326, 28.556666666666676 ], [ 77.015833333333319, 28.5525 ], [ 77.014166666666654, 28.55 ], [ 77.015, 28.549166666666675 ], [ 77.009166666666658, 28.543333333333344 ] ] } },
{ "type": "Feature", "properties": { "COMID": 45027099, "id": "18527", "lengthkm": 1.5393564953163421, "order": 6, "uparea": 18445.306284109945 }, "geometry": { "type": "LineString", "coordinates": [ [ 77.038333333333327, 28.579166666666676 ], [ 77.034166666666664, 28.573333333333345 ], [ 77.035, 28.571666666666676 ], [ 77.031666666666652, 28.57 ] ] } },
{ "type": "Feature", "properties": { "COMID": 45027098, "id": "18527", "lengthkm": 10.668330575217563, "order": 6, "uparea": 18525.291926724232 }, "geometry": { "type": "LineString", "coordinates": [ [ 77.020833333333329, 28.628333333333345 ], [ 77.0225, 28.62 ], [ 77.014166666666654, 28.609166666666674 ], [ 77.01, 28.6075 ], [ 77.01, 28.605 ], [ 77.015, 28.599166666666676 ], [ 77.015833333333319, 28.6 ], [ 77.015, 28.596666666666678 ], [ 77.014166666666654, 28.5975 ], [ 77.01, 28.594166666666673 ], [ 77.01, 28.591666666666676 ], [ 77.018333333333331, 28.5925 ], [ 77.019166666666663, 28.589166666666678 ], [ 77.016666666666652, 28.585 ], [ 77.018333333333331, 28.583333333333343 ], [ 77.0225, 28.584166666666675 ], [ 77.024166666666659, 28.581666666666678 ], [ 77.033333333333331, 28.581666666666678 ], [ 77.038333333333327, 28.579166666666676 ] ] } },
{ "type": "Feature", "properties": { "COMID": 45027097, "id": "18527", "lengthkm": 5.5171405277114216, "order": 6, "uparea": 19864.872524651782 }, "geometry": { "type": "LineString", "coordinates": [ [ 77.0475, 28.651666666666678 ], [ 77.0375, 28.650833333333342 ], [ 77.035833333333329, 28.6475 ], [ 77.033333333333331, 28.648333333333341 ], [ 77.025, 28.6425 ], [ 77.025, 28.636666666666677 ], [ 77.023333333333326, 28.6375 ], [ 77.023333333333326, 28.635833333333345 ], [ 77.025833333333324, 28.6325 ], [ 77.020833333333329, 28.628333333333345 ] ] } },
{ "type": "Feature", "properties": { "COMID": 45027096, "id": "18527", "lengthkm": 25.114634861238521, "order": 6, "uparea": 20033.920726438002 }, "geometry": { "type": "LineString", "coordinates": [ [ 77.225, 28.710833333333341 ], [ 77.224166666666662, 28.709166666666675 ], [ 77.2175, 28.708333333333343 ], [ 77.206666666666663, 28.6925 ], [ 77.195, 28.683333333333344 ], [ 77.169166666666655, 28.676666666666677 ], [ 77.150833333333324, 28.6675 ], [ 77.138333333333321, 28.6675 ], [ 77.13, 28.660833333333343 ], [ 77.1275, 28.660833333333343 ], [ 77.125833333333333, 28.658333333333342 ], [ 77.120833333333323, 28.660833333333343 ], [ 77.11333333333333, 28.661666666666676 ], [ 77.1125, 28.66 ], [ 77.0975, 28.660833333333343 ], [ 77.0975, 28.659166666666675 ], [ 77.09333333333332, 28.656666666666673 ], [ 77.0925, 28.654166666666676 ], [ 77.084166666666661, 28.656666666666673 ], [ 77.0825, 28.655833333333341 ], [ 77.08, 28.658333333333342 ], [ 77.058333333333323, 28.64 ], [ 77.056666666666658, 28.64083333333334 ], [ 77.056666666666658, 28.645 ], [ 77.0525, 28.648333333333341 ], [ 77.0525, 28.65 ], [ 77.05083333333333, 28.649166666666673 ], [ 77.0475, 28.651666666666678 ] ] } },
{ "type": "Feature", "properties": { "COMID": 45027095, "id": "18527", "lengthkm": 0.87147141716599696, "order": 6, "uparea": 20361.09180606695 }, "geometry": { "type": "LineString", "coordinates": [ [ 77.230833333333322, 28.7075 ], [ 77.225, 28.710833333333341 ] ] } },
{ "type": "Feature", "properties": { "COMID": 45027087, "id": "18527", "lengthkm": 12.683689738754644, "order": 6, "uparea": 37778.655263535198 }, "geometry": { "type": "LineString", "coordinates": [ [ 77.2525, 28.621666666666677 ], [ 77.255, 28.630833333333342 ], [ 77.264166666666654, 28.641666666666676 ], [ 77.264166666666654, 28.650833333333342 ], [ 77.259166666666658, 28.656666666666673 ], [ 77.245833333333323, 28.663333333333341 ], [ 77.239166666666662, 28.669166666666676 ], [ 77.23666666666665, 28.668333333333344 ], [ 77.235, 28.67 ], [ 77.235, 28.675 ], [ 77.231666666666655, 28.681666666666676 ], [ 77.23, 28.69 ], [ 77.231666666666655, 28.693333333333342 ], [ 77.230833333333322, 28.70333333333334 ], [ 77.2325, 28.705 ], [ 77.230833333333322, 28.7075 ] ] } },
{ "type": "Feature", "properties": { "COMID": 45027086, "id": "18527", "lengthkm": 5.1760294751976081, "order": 6, "uparea": 37815.264519506316 }, "geometry": { "type": "LineString", "coordinates": [ [ 77.278333333333322, 28.5875 ], [ 77.268333333333317, 28.594166666666673 ], [ 77.264166666666654, 28.598333333333343 ], [ 77.264166666666654, 28.600833333333341 ], [ 77.2575, 28.606666666666676 ], [ 77.255, 28.615 ], [ 77.255833333333328, 28.618333333333343 ], [ 77.2525, 28.621666666666677 ] ] } },
{ "type": "Feature", "properties": { "COMID": 45027085, "id": "18527", "lengthkm": 3.41864016528279, "order": 6, "uparea": 37983.06898924135 }, "geometry": { "type": "LineString", "coordinates": [ [ 77.2975, 28.5675 ], [ 77.29, 28.573333333333345 ], [ 77.2875, 28.580833333333342 ], [ 77.278333333333322, 28.5875 ] ] } },
{ "type": "Feature", "properties": { "COMID": 45027084, "id": "18527", "lengthkm": 18.89812069457648, "order": 6, "uparea": 38280.218606790826 }, "geometry": { "type": "LineString", "coordinates": [ [ 77.408333333333331, 28.4725 ], [ 77.405, 28.47 ], [ 77.393333333333317, 28.4675 ], [ 77.39, 28.465 ], [ 77.380833333333328, 28.466666666666676 ], [ 77.375, 28.471666666666678 ], [ 77.3725, 28.471666666666678 ], [ 77.35833333333332, 28.486666666666675 ], [ 77.355, 28.498333333333342 ], [ 77.348333333333329, 28.506666666666675 ], [ 77.348333333333329, 28.513333333333343 ], [ 77.338333333333324, 28.52 ], [ 77.338333333333324, 28.524166666666673 ], [ 77.333333333333329, 28.5275 ], [ 77.329166666666652, 28.535 ], [ 77.313333333333318, 28.545833333333341 ], [ 77.314166666666665, 28.546666666666674 ], [ 77.310833333333321, 28.554166666666674 ], [ 77.29916666666665, 28.5625 ], [ 77.2975, 28.5675 ] ] } },
{ "type": "Feature", "properties": { "COMID": 45027083, "id": "18527", "lengthkm": 7.7756264575726428, "order": 6, "uparea": 38421.754566326366 }, "geometry": { "type": "LineString", "coordinates": [ [ 77.4325, 28.4275 ], [ 77.426666666666662, 28.4275 ], [ 77.419166666666655, 28.435 ], [ 77.415833333333325, 28.440833333333345 ], [ 77.415833333333325, 28.445 ], [ 77.423333333333318, 28.456666666666678 ], [ 77.42416666666665, 28.4625 ], [ 77.421666666666653, 28.468333333333341 ], [ 77.415833333333325, 28.473333333333343 ], [ 77.408333333333331, 28.4725 ] ] } },
{ "type": "Feature", "properties": { "COMID": 45027082, "id": "18527", "lengthkm": 12.032809738078525, "order": 6, "uparea": 38574.714601141692 }, "geometry": { "type": "LineString", "coordinates": [ [ 77.493333333333325, 28.410833333333343 ], [ 77.485, 28.409166666666678 ], [ 77.481666666666655, 28.403333333333343 ], [ 77.475833333333327, 28.399166666666673 ], [ 77.47, 28.399166666666673 ], [ 77.465, 28.404166666666676 ], [ 77.465833333333322, 28.409166666666678 ], [ 77.470833333333331, 28.414166666666674 ], [ 77.473333333333329, 28.419166666666676 ], [ 77.473333333333329, 28.424166666666675 ], [ 77.47, 28.433333333333344 ], [ 77.465833333333322, 28.434166666666677 ], [ 77.454166666666652, 28.429166666666674 ], [ 77.4475, 28.434166666666677 ], [ 77.441666666666663, 28.434166666666677 ], [ 77.4325, 28.4275 ] ] } },
{ "type": "Feature", "properties": { "COMID": 45031567, "id": "18527", "lengthkm": 21.086417102333169, "order": 6, "uparea": 44498.555366460052 }, "geometry": { "type": "LineString", "coordinates": [ [ 77.499166666666653, 28.294166666666676 ], [ 77.48666666666665, 28.293333333333344 ], [ 77.485, 28.290833333333342 ], [ 77.475, 28.290833333333342 ], [ 77.4675, 28.2975 ], [ 77.465, 28.3025 ], [ 77.466666666666654, 28.309166666666677 ], [ 77.465, 28.311666666666675 ], [ 77.466666666666654, 28.324166666666677 ], [ 77.475, 28.334166666666675 ], [ 77.478333333333325, 28.335833333333341 ], [ 77.4775, 28.3425 ], [ 77.474166666666662, 28.3475 ], [ 77.474166666666662, 28.35 ], [ 77.48, 28.354166666666675 ], [ 77.4875, 28.355 ], [ 77.495, 28.361666666666675 ], [ 77.4975, 28.3675 ], [ 77.495, 28.375 ], [ 77.4875, 28.38333333333334 ], [ 77.485, 28.38333333333334 ], [ 77.48333333333332, 28.385833333333345 ], [ 77.48833333333333, 28.389166666666675 ], [ 77.4925, 28.389166666666675 ], [ 77.500833333333318, 28.399166666666673 ], [ 77.496666666666655, 28.408333333333342 ], [ 77.493333333333325, 28.410833333333343 ] ] } },
{ "type": "Feature", "properties": { "COMID": 45031561, "id": "18527", "lengthkm": 22.467853629246623, "order": 6, "uparea": 44856.954224654153 }, "geometry": { "type": "LineString", "coordinates": [ [ 77.480833333333322, 28.14 ], [ 77.4825, 28.151666666666678 ], [ 77.480833333333322, 28.1575 ], [ 77.475833333333327, 28.164166666666674 ], [ 77.476666666666659, 28.165833333333342 ], [ 77.4725, 28.175 ], [ 77.4725, 28.1925 ], [ 77.474166666666662, 28.198333333333345 ], [ 77.4675, 28.206666666666678 ], [ 77.466666666666654, 28.211666666666677 ], [ 77.455, 28.225833333333341 ], [ 77.4525, 28.234166666666674 ], [ 77.455, 28.239166666666677 ], [ 77.463333333333324, 28.2425 ], [ 77.4675, 28.246666666666677 ], [ 77.470833333333331, 28.253333333333345 ], [ 77.470833333333331, 28.26583333333334 ], [ 77.473333333333329, 28.268333333333345 ], [ 77.4925, 28.270833333333343 ], [ 77.50333333333333, 28.2775 ], [ 77.5025, 28.285 ], [ 77.504166666666663, 28.285833333333343 ], [ 77.499166666666653, 28.294166666666676 ] ] } },
{ "type": "Feature", "properties": { "COMID": 45031553, "id": "18527", "lengthkm": 0.75026024357338705, "order": 6, "uparea": 44896.069140852873 }, "geometry": { "type": "LineString", "coordinates": [ [ 77.485833333333318, 28.135833333333345 ], [ 77.480833333333322, 28.14 ] ] } },
{ "type": "Feature", "properties": { "COMID": 45031552, "id": "18527", "lengthkm": 32.501534787747062, "order": 6, "uparea": 45161.610612463919 }, "geometry": { "type": "LineString", "coordinates": [ [ 77.543333333333322, 27.949166666666677 ], [ 77.5325, 27.949166666666677 ], [ 77.525833333333324, 27.954166666666676 ], [ 77.525833333333324, 27.955833333333345 ], [ 77.53, 27.959166666666675 ], [ 77.53083333333332, 27.9625 ], [ 77.5225, 27.970833333333342 ], [ 77.5225, 27.973333333333343 ], [ 77.526666666666657, 27.9775 ], [ 77.533333333333331, 27.979166666666679 ], [ 77.538333333333327, 27.984166666666674 ], [ 77.5425, 27.990833333333342 ], [ 77.541666666666657, 27.996666666666677 ], [ 77.533333333333331, 27.995833333333344 ], [ 77.531666666666652, 27.9975 ], [ 77.523333333333326, 27.998333333333342 ], [ 77.519166666666663, 28.001666666666676 ], [ 77.519166666666663, 28.005 ], [ 77.523333333333326, 28.010833333333345 ], [ 77.533333333333331, 28.01583333333334 ], [ 77.53083333333332, 28.0225 ], [ 77.520833333333329, 28.03 ], [ 77.5025, 28.033333333333342 ], [ 77.50333333333333, 28.050833333333344 ], [ 77.501666666666665, 28.054166666666674 ], [ 77.4925, 28.061666666666675 ], [ 77.485833333333318, 28.064166666666676 ], [ 77.479166666666657, 28.0725 ], [ 77.480833333333322, 28.085833333333341 ], [ 77.478333333333325, 28.0925 ], [ 77.478333333333325, 28.098333333333343 ], [ 77.49166666666666, 28.101666666666674 ], [ 77.495, 28.1075 ], [ 77.493333333333325, 28.113333333333344 ], [ 77.495833333333323, 28.12 ], [ 77.495833333333323, 28.125 ], [ 77.494166666666658, 28.13 ], [ 77.485833333333318, 28.135833333333345 ] ] } },
{ "type": "Feature", "properties": { "COMID": 45031547, "id": "18527", "lengthkm": 20.281813339904577, "order": 6, "uparea": 45478.342954414176 }, "geometry": { "type": "LineString", "coordinates": [ [ 77.618333333333325, 27.851666666666674 ], [ 77.603333333333325, 27.851666666666674 ], [ 77.595, 27.855833333333344 ], [ 77.590833333333322, 27.86 ], [ 77.586666666666659, 27.86 ], [ 77.5775, 27.864166666666677 ], [ 77.555833333333325, 27.864166666666677 ], [ 77.5525, 27.866666666666674 ], [ 77.5475, 27.8775 ], [ 77.54, 27.885 ], [ 77.5375, 27.885 ], [ 77.535833333333329, 27.888333333333343 ], [ 77.533333333333331, 27.888333333333343 ], [ 77.529166666666654, 27.895833333333343 ], [ 77.528333333333322, 27.9025 ], [ 77.519166666666663, 27.915833333333342 ], [ 77.520833333333329, 27.919166666666676 ], [ 77.528333333333322, 27.925 ], [ 77.53, 27.930833333333343 ], [ 77.534166666666664, 27.935 ], [ 77.543333333333322, 27.9375 ], [ 77.548333333333318, 27.941666666666677 ], [ 77.548333333333318, 27.945 ], [ 77.543333333333322, 27.949166666666677 ] ] } },
{ "type": "Feature", "properties": { "COMID": 45031545, "id": "18527", "lengthkm": 27.236393755888137, "order": 6, "uparea": 45662.377585985778 }, "geometry": { "type": "LineString", "coordinates": [ [ 77.695833333333326, 27.804166666666674 ], [ 77.680833333333325, 27.815 ], [ 77.681666666666658, 27.824166666666677 ], [ 77.68, 27.826666666666675 ], [ 77.67416666666665, 27.829166666666676 ], [ 77.665833333333325, 27.825 ], [ 77.664166666666659, 27.818333333333342 ], [ 77.6575, 27.811666666666675 ], [ 77.645833333333329, 27.806666666666676 ], [ 77.635, 27.7925 ], [ 77.634166666666658, 27.793333333333344 ], [ 77.631666666666661, 27.790833333333342 ], [ 77.6225, 27.790833333333342 ], [ 77.62, 27.793333333333344 ], [ 77.615833333333327, 27.7925 ], [ 77.598333333333329, 27.808333333333344 ], [ 77.5975, 27.8125 ], [ 77.5925, 27.820833333333344 ], [ 77.583333333333329, 27.8275 ], [ 77.575833333333321, 27.829166666666676 ], [ 77.574166666666656, 27.8325 ], [ 77.580833333333317, 27.835833333333341 ], [ 77.5875, 27.833333333333343 ], [ 77.591666666666654, 27.833333333333343 ], [ 77.59333333333332, 27.835 ], [ 77.5975, 27.835 ], [ 77.6, 27.833333333333343 ], [ 77.605, 27.836666666666677 ], [ 77.61, 27.8375 ], [ 77.6175, 27.844166666666677 ], [ 77.624166666666653, 27.8425 ], [ 77.626666666666665, 27.845 ], [ 77.625833333333318, 27.849166666666676 ], [ 77.618333333333325, 27.851666666666674 ] ] } },
{ "type": "Feature", "properties": { "COMID": 45035793, "id": "18527", "lengthkm": 10.222420127871793, "order": 6, "uparea": 46387.719976269407 }, "geometry": { "type": "LineString", "coordinates": [ [ 77.678333333333327, 27.744166666666676 ], [ 77.67416666666665, 27.748333333333342 ], [ 77.671666666666653, 27.753333333333345 ], [ 77.671666666666653, 27.7575 ], [ 77.669166666666655, 27.760833333333345 ], [ 77.67083333333332, 27.7675 ], [ 77.681666666666658, 27.778333333333343 ], [ 77.6875, 27.780833333333341 ], [ 77.7, 27.781666666666677 ], [ 77.705833333333317, 27.786666666666676 ], [ 77.705, 27.7975 ], [ 77.695833333333326, 27.804166666666674 ] ] } },
{ "type": "Feature", "properties": { "COMID": 45035789, "id": "18527", "lengthkm": 6.2346968056661209, "order": 6, "uparea": 46437.966019875254 }, "geometry": { "type": "LineString", "coordinates": [ [ 77.7075, 27.700833333333343 ], [ 77.696666666666658, 27.7125 ], [ 77.691666666666663, 27.72 ], [ 77.691666666666663, 27.726666666666674 ], [ 77.678333333333327, 27.744166666666676 ] ] } },
{ "type": "Feature", "properties": { "COMID": 45035788, "id": "18527", "lengthkm": 8.1627606088395268, "order": 6, "uparea": 46498.792582445334 }, "geometry": { "type": "LineString", "coordinates": [ [ 77.665833333333325, 27.6575 ], [ 77.665, 27.6625 ], [ 77.67, 27.670833333333341 ], [ 77.693333333333328, 27.673333333333343 ], [ 77.701666666666654, 27.678333333333342 ], [ 77.701666666666654, 27.68 ], [ 77.706666666666663, 27.685 ], [ 77.71, 27.693333333333342 ], [ 77.71, 27.6975 ], [ 77.7075, 27.700833333333343 ] ] } },
{ "type": "Feature", "properties": { "COMID": 45035785, "id": "18527", "lengthkm": 12.987294736364355, "order": 6, "uparea": 46661.953711318602 }, "geometry": { "type": "LineString", "coordinates": [ [ 77.684166666666655, 27.586666666666677 ], [ 77.6775, 27.595833333333342 ], [ 77.678333333333327, 27.600833333333341 ], [ 77.689166666666665, 27.6075 ], [ 77.693333333333328, 27.6075 ], [ 77.698333333333323, 27.61 ], [ 77.700833333333321, 27.613333333333344 ], [ 77.7025, 27.613333333333344 ], [ 77.7075, 27.618333333333343 ], [ 77.708333333333329, 27.629166666666677 ], [ 77.704166666666652, 27.6375 ], [ 77.700833333333321, 27.6375 ], [ 77.698333333333323, 27.640833333333344 ], [ 77.6875, 27.643333333333345 ], [ 77.683333333333323, 27.648333333333341 ], [ 77.6725, 27.650833333333345 ], [ 77.665833333333325, 27.6575 ] ] } },
{ "type": "Feature", "properties": { "COMID": 45035780, "id": "18527", "lengthkm": 5.4590807228192508, "order": 6, "uparea": 46769.56572455573 }, "geometry": { "type": "LineString", "coordinates": [ [ 77.725833333333327, 27.576666666666675 ], [ 77.72, 27.584166666666675 ], [ 77.710833333333326, 27.590833333333343 ], [ 77.706666666666663, 27.589166666666678 ], [ 77.703333333333319, 27.59 ], [ 77.694166666666661, 27.585 ], [ 77.688333333333318, 27.5875 ], [ 77.684166666666655, 27.586666666666677 ] ] } },
{ "type": "Feature", "properties": { "COMID": 45035778, "id": "18527", "lengthkm": 9.6850092594771713, "order": 6, "uparea": 46866.501823136467 }, "geometry": { "type": "LineString", "coordinates": [ [ 77.684166666666655, 27.5125 ], [ 77.688333333333318, 27.525 ], [ 77.696666666666658, 27.533333333333346 ], [ 77.699166666666656, 27.555 ], [ 77.706666666666663, 27.564166666666676 ], [ 77.725, 27.569166666666675 ], [ 77.726666666666659, 27.5725 ], [ 77.725833333333327, 27.576666666666675 ] ] } },
{ "type": "Feature", "properties": { "COMID": 45035775, "id": "18527", "lengthkm": 3.227657969956272, "order": 6, "uparea": 47075.387975520236 }, "geometry": { "type": "LineString", "coordinates": [ [ 77.7025, 27.4925 ], [ 77.683333333333323, 27.509166666666676 ], [ 77.684166666666655, 27.5125 ] ] } },
{ "type": "Feature", "properties": { "COMID": 45035773, "id": "18527", "lengthkm": 9.1438866419792966, "order": 6, "uparea": 47152.33479166124 }, "geometry": { "type": "LineString", "coordinates": [ [ 77.719166666666652, 27.420833333333341 ], [ 77.713333333333324, 27.4275 ], [ 77.716666666666654, 27.441666666666677 ], [ 77.714166666666657, 27.446666666666676 ], [ 77.714166666666657, 27.466666666666676 ], [ 77.711666666666659, 27.470833333333346 ], [ 77.713333333333324, 27.4725 ], [ 77.713333333333324, 27.4775 ], [ 77.7125, 27.480833333333344 ], [ 77.7025, 27.4925 ] ] } },
{ "type": "Feature", "properties": { "COMID": 45035769, "id": "18527", "lengthkm": 9.2449037503454097, "order": 6, "uparea": 47214.43275473472 }, "geometry": { "type": "LineString", "coordinates": [ [ 77.7475, 27.37 ], [ 77.746666666666655, 27.376666666666676 ], [ 77.751666666666665, 27.383333333333344 ], [ 77.756666666666661, 27.394166666666678 ], [ 77.75333333333333, 27.403333333333343 ], [ 77.744166666666658, 27.416666666666679 ], [ 77.744166666666658, 27.42 ], [ 77.74, 27.4225 ], [ 77.73666666666665, 27.4225 ], [ 77.735, 27.420833333333341 ], [ 77.719166666666652, 27.420833333333341 ] ] } },
{ "type": "Feature", "properties": { "COMID": 45035768, "id": "18527", "lengthkm": 19.147182104054185, "order": 6, "uparea": 47448.568756521199 }, "geometry": { "type": "LineString", "coordinates": [ [ 77.801666666666662, 27.306666666666679 ], [ 77.788333333333327, 27.320833333333344 ], [ 77.789166666666659, 27.323333333333345 ], [ 77.785833333333329, 27.3275 ], [ 77.785, 27.334166666666675 ], [ 77.781666666666652, 27.341666666666676 ], [ 77.781666666666652, 27.356666666666676 ], [ 77.7825, 27.361666666666679 ], [ 77.786666666666662, 27.365833333333342 ], [ 77.7975, 27.368333333333343 ], [ 77.805, 27.373333333333342 ], [ 77.8075, 27.381666666666675 ], [ 77.806666666666658, 27.384166666666676 ], [ 77.8, 27.389166666666675 ], [ 77.785, 27.39 ], [ 77.779166666666654, 27.3875 ], [ 77.77, 27.374166666666675 ], [ 77.763333333333321, 27.369166666666679 ], [ 77.751666666666665, 27.365833333333342 ], [ 77.7475, 27.37 ] ] } },
{ "type": "Feature", "properties": { "COMID": 45035764, "id": "18527", "lengthkm": 42.212442898497926, "order": 6, "uparea": 55484.219306898834 }, "geometry": { "type": "LineString", "coordinates": [ [ 77.954166666666652, 27.295833333333341 ], [ 77.950833333333321, 27.291666666666679 ], [ 77.95, 27.283333333333346 ], [ 77.9475, 27.2775 ], [ 77.935, 27.271666666666675 ], [ 77.928333333333327, 27.265 ], [ 77.928333333333327, 27.261666666666677 ], [ 77.9375, 27.249166666666675 ], [ 77.9375, 27.241666666666674 ], [ 77.936666666666653, 27.239166666666677 ], [ 77.92916666666666, 27.233333333333341 ], [ 77.92416666666665, 27.233333333333341 ], [ 77.913333333333327, 27.238333333333344 ], [ 77.908333333333331, 27.246666666666677 ], [ 77.91, 27.255833333333342 ], [ 77.911666666666662, 27.2575 ], [ 77.910833333333329, 27.264166666666675 ], [ 77.914166666666659, 27.2775 ], [ 77.914166666666659, 27.283333333333346 ], [ 77.91, 27.288333333333341 ], [ 77.903333333333322, 27.290833333333342 ], [ 77.9025, 27.2925 ], [ 77.889166666666654, 27.295 ], [ 77.8725, 27.295 ], [ 77.86666666666666, 27.2925 ], [ 77.86333333333333, 27.285833333333343 ], [ 77.86333333333333, 27.275833333333345 ], [ 77.865, 27.2725 ], [ 77.868333333333325, 27.270833333333343 ], [ 77.879166666666663, 27.271666666666675 ], [ 77.883333333333326, 27.265833333333344 ], [ 77.883333333333326, 27.2575 ], [ 77.875833333333318, 27.251666666666676 ], [ 77.864166666666662, 27.25 ], [ 77.85833333333332, 27.2525 ], [ 77.85, 27.261666666666677 ], [ 77.854166666666657, 27.283333333333346 ], [ 77.854166666666657, 27.291666666666679 ], [ 77.850833333333327, 27.295 ], [ 77.845833333333331, 27.296666666666674 ], [ 77.8425, 27.295833333333341 ], [ 77.8375, 27.298333333333343 ], [ 77.8225, 27.298333333333343 ], [ 77.806666666666658, 27.303333333333342 ], [ 77.801666666666662, 27.306666666666679 ] ] } },
{ "type": "Feature", "properties": { "COMID": 45035762, "id": "18527", "lengthkm": 20.572948430051703, "order": 6, "uparea": 55597.884467328855 }, "geometry": { "type": "LineString", "coordinates": [ [ 78.0075, 27.261666666666677 ], [ 78.00333333333333, 27.265 ], [ 77.990833333333327, 27.2675 ], [ 77.9825, 27.266666666666676 ], [ 77.978333333333325, 27.263333333333343 ], [ 77.98, 27.258333333333344 ], [ 77.99, 27.2525 ], [ 77.995, 27.2475 ], [ 77.998333333333321, 27.24 ], [ 77.998333333333321, 27.235 ], [ 77.995833333333323, 27.230833333333344 ], [ 77.98833333333333, 27.2275 ], [ 77.9775, 27.2275 ], [ 77.964166666666657, 27.2325 ], [ 77.96, 27.2375 ], [ 77.9575, 27.244166666666679 ], [ 77.9575, 27.250833333333343 ], [ 77.960833333333326, 27.256666666666675 ], [ 77.96, 27.265 ], [ 77.9625, 27.29 ], [ 77.959166666666661, 27.298333333333343 ], [ 77.956666666666663, 27.298333333333343 ], [ 77.954166666666652, 27.295833333333341 ] ] } },
{ "type": "Feature", "properties": { "COMID": 45035761, "id": "18527", "lengthkm": 18.394942023112762, "order": 6, "uparea": 55728.060519715335 }, "geometry": { "type": "LineString", "coordinates": [ [ 78.0775, 27.199166666666677 ], [ 78.058333333333323, 27.191666666666677 ], [ 78.055, 27.185833333333342 ], [ 78.044166666666655, 27.176666666666677 ], [ 78.038333333333327, 27.175833333333344 ], [ 78.0375, 27.1775 ], [ 78.029166666666654, 27.179166666666674 ], [ 78.029166666666654, 27.181666666666679 ], [ 78.026666666666657, 27.183333333333344 ], [ 78.026666666666657, 27.191666666666677 ], [ 78.036666666666662, 27.206666666666678 ], [ 78.036666666666662, 27.211666666666677 ], [ 78.034166666666664, 27.216666666666676 ], [ 78.035, 27.223333333333343 ], [ 78.031666666666652, 27.228333333333342 ], [ 78.0325, 27.233333333333341 ], [ 78.03083333333332, 27.248333333333342 ], [ 78.02, 27.256666666666675 ], [ 78.0075, 27.261666666666677 ] ] } },
{ "type": "Feature", "properties": { "COMID": 45035760, "id": "18527", "lengthkm": 10.21333755367723, "order": 6, "uparea": 59801.383430913556 }, "geometry": { "type": "LineString", "coordinates": [ [ 78.16, 27.1825 ], [ 78.156666666666652, 27.181666666666679 ], [ 78.154166666666654, 27.183333333333344 ], [ 78.145833333333329, 27.183333333333344 ], [ 78.131666666666661, 27.18 ], [ 78.114166666666662, 27.179166666666674 ], [ 78.10833333333332, 27.184166666666677 ], [ 78.105, 27.191666666666677 ], [ 78.0975, 27.199166666666677 ], [ 78.090833333333322, 27.2025 ], [ 78.085833333333326, 27.2025 ], [ 78.0775, 27.199166666666677 ] ] } },
{ "type": "Feature", "properties": { "COMID": 45039849, "id": "18527", "lengthkm": 15.336812779182427, "order": 6, "uparea": 60028.925497318094 }, "geometry": { "type": "LineString", "coordinates": [ [ 78.209166666666661, 27.109166666666678 ], [ 78.2075, 27.113333333333344 ], [ 78.198333333333323, 27.124166666666675 ], [ 78.196666666666658, 27.130833333333342 ], [ 78.2, 27.135833333333345 ], [ 78.208333333333329, 27.14 ], [ 78.215833333333322, 27.148333333333344 ], [ 78.220833333333331, 27.158333333333346 ], [ 78.22, 27.166666666666679 ], [ 78.216666666666654, 27.170833333333341 ], [ 78.209166666666661, 27.1725 ], [ 78.205833333333317, 27.175 ], [ 78.19, 27.174166666666679 ], [ 78.186666666666653, 27.175833333333344 ], [ 78.17583333333333, 27.174166666666679 ], [ 78.16, 27.1825 ] ] } },
{ "type": "Feature", "properties": { "COMID": 45039844, "id": "18527", "lengthkm": 14.441301284700224, "order": 6, "uparea": 60114.577091775616 }, "geometry": { "type": "LineString", "coordinates": [ [ 78.2425, 27.113333333333344 ], [ 78.239166666666662, 27.110833333333343 ], [ 78.2375, 27.104166666666679 ], [ 78.2525, 27.0975 ], [ 78.259166666666658, 27.088333333333345 ], [ 78.259166666666658, 27.085 ], [ 78.255, 27.079166666666676 ], [ 78.245, 27.074166666666677 ], [ 78.234166666666653, 27.073333333333345 ], [ 78.225, 27.075833333333343 ], [ 78.223333333333329, 27.081666666666678 ], [ 78.2275, 27.086666666666677 ], [ 78.229166666666657, 27.093333333333341 ], [ 78.223333333333329, 27.098333333333343 ], [ 78.211666666666659, 27.101666666666677 ], [ 78.209166666666661, 27.105 ], [ 78.209166666666661, 27.109166666666678 ] ] } },
{ "type": "Feature", "properties": { "COMID": 45039843, "id": "18527", "lengthkm": 12.323615394855368, "order": 6, "uparea": 60227.723106453734 }, "geometry": { "type": "LineString", "coordinates": [ [ 78.29916666666665, 27.1225 ], [ 78.295, 27.119166666666679 ], [ 78.291666666666657, 27.1125 ], [ 78.291666666666657, 27.1025 ], [ 78.295, 27.096666666666678 ], [ 78.295, 27.088333333333345 ], [ 78.291666666666657, 27.084166666666675 ], [ 78.283333333333331, 27.08 ], [ 78.275, 27.081666666666678 ], [ 78.271666666666661, 27.085 ], [ 78.265, 27.101666666666677 ], [ 78.260833333333323, 27.105833333333344 ], [ 78.2575, 27.108333333333341 ], [ 78.2425, 27.113333333333344 ] ] } },
{ "type": "Feature", "properties": { "COMID": 45039841, "id": "18527", "lengthkm": 10.051440885825981, "order": 6, "uparea": 60500.200149084005 }, "geometry": { "type": "LineString", "coordinates": [ [ 78.368333333333325, 27.125 ], [ 78.3575, 27.125 ], [ 78.345833333333331, 27.129166666666677 ], [ 78.340833333333322, 27.129166666666677 ], [ 78.335, 27.124166666666675 ], [ 78.328333333333319, 27.110833333333343 ], [ 78.325, 27.11 ], [ 78.3225, 27.11 ], [ 78.3175, 27.113333333333344 ], [ 78.316666666666663, 27.120833333333344 ], [ 78.311666666666653, 27.126666666666676 ], [ 78.3075, 27.1275 ], [ 78.29916666666665, 27.1225 ] ] } },
{ "type": "Feature", "properties": { "COMID": 45039840, "id": "18527", "lengthkm": 25.131681957359604, "order": 6, "uparea": 60609.044729851521 }, "geometry": { "type": "LineString", "coordinates": [ [ 78.383333333333326, 27.064166666666676 ], [ 78.380833333333328, 27.065 ], [ 78.37833333333333, 27.0675 ], [ 78.379166666666663, 27.069166666666675 ], [ 78.375833333333318, 27.07 ], [ 78.374166666666653, 27.073333333333345 ], [ 78.36666666666666, 27.08 ], [ 78.3625, 27.0825 ], [ 78.35833333333332, 27.0825 ], [ 78.355, 27.08 ], [ 78.353333333333325, 27.075833333333343 ], [ 78.349166666666662, 27.073333333333345 ], [ 78.336666666666659, 27.074166666666677 ], [ 78.335, 27.075833333333343 ], [ 78.3325, 27.075 ], [ 78.3325, 27.0725 ], [ 78.326666666666654, 27.0675 ], [ 78.3225, 27.059166666666677 ], [ 78.31583333333333, 27.051666666666677 ], [ 78.3125, 27.0525 ], [ 78.31, 27.055833333333343 ], [ 78.3125, 27.075 ], [ 78.309166666666655, 27.0875 ], [ 78.311666666666653, 27.098333333333343 ], [ 78.318333333333328, 27.100833333333341 ], [ 78.334166666666661, 27.099166666666676 ], [ 78.336666666666659, 27.100833333333341 ], [ 78.34, 27.11 ], [ 78.346666666666664, 27.113333333333344 ], [ 78.355, 27.11 ], [ 78.3625, 27.11 ], [ 78.3675, 27.1125 ], [ 78.371666666666655, 27.119166666666679 ], [ 78.371666666666655, 27.1225 ], [ 78.368333333333325, 27.125 ] ] } },
{ "type": "Feature", "properties": { "COMID": 45039839, "id": "18527", "lengthkm": 11.491846122905107, "order": 6, "uparea": 60705.106540268425 }, "geometry": { "type": "LineString", "coordinates": [ [ 78.453333333333319, 27.003333333333345 ], [ 78.453333333333319, 27.009166666666676 ], [ 78.44, 27.023333333333344 ], [ 78.435833333333321, 27.03 ], [ 78.436666666666653, 27.033333333333346 ], [ 78.434166666666655, 27.043333333333344 ], [ 78.42583333333333, 27.051666666666677 ], [ 78.416666666666657, 27.055833333333343 ], [ 78.396666666666661, 27.056666666666679 ], [ 78.388333333333321, 27.06 ], [ 78.383333333333326, 27.064166666666676 ] ] } },
{ "type": "Feature", "properties": { "COMID": 45039838, "id": "18527", "lengthkm": 2.3828230927401441, "order": 6, "uparea": 60892.904320589259 }, "geometry": { "type": "LineString", "coordinates": [ [ 78.448333333333323, 26.984166666666678 ], [ 78.448333333333323, 26.993333333333343 ], [ 78.453333333333319, 27.003333333333345 ] ] } },
{ "type": "Feature", "properties": { "COMID": 45039797, "id": "18527", "lengthkm": 54.700821821992719, "order": 6, "uparea": 79208.386955908951 }, "geometry": { "type": "LineString", "coordinates": [ [ 78.633333333333326, 26.905833333333341 ], [ 78.630833333333328, 26.909166666666678 ], [ 78.621666666666655, 26.911666666666676 ], [ 78.6175, 26.916666666666679 ], [ 78.61666666666666, 26.924166666666679 ], [ 78.619166666666658, 26.929166666666674 ], [ 78.618333333333325, 26.930833333333343 ], [ 78.624166666666653, 26.938333333333343 ], [ 78.623333333333321, 26.9425 ], [ 78.62, 26.945 ], [ 78.603333333333325, 26.950833333333343 ], [ 78.600833333333327, 26.950833333333343 ], [ 78.596666666666664, 26.946666666666676 ], [ 78.598333333333329, 26.941666666666677 ], [ 78.606666666666655, 26.9325 ], [ 78.609166666666653, 26.925 ], [ 78.606666666666655, 26.919166666666676 ], [ 78.604166666666657, 26.9175 ], [ 78.6, 26.919166666666676 ], [ 78.5975, 26.9175 ], [ 78.59333333333332, 26.921666666666678 ], [ 78.585833333333326, 26.934166666666677 ], [ 78.570833333333326, 26.944166666666675 ], [ 78.571666666666658, 26.949166666666677 ], [ 78.576666666666654, 26.9575 ], [ 78.573333333333323, 26.961666666666677 ], [ 78.558333333333323, 26.9625 ], [ 78.55416666666666, 26.96 ], [ 78.548333333333318, 26.959166666666675 ], [ 78.543333333333322, 26.961666666666677 ], [ 78.541666666666657, 26.960833333333344 ], [ 78.526666666666657, 26.974166666666676 ], [ 78.518333333333317, 26.975 ], [ 78.5125, 26.97 ], [ 78.5125, 26.966666666666676 ], [ 78.526666666666657, 26.9575 ], [ 78.525833333333324, 26.94 ], [ 78.53, 26.9375 ], [ 78.54, 26.935833333333342 ], [ 78.544166666666655, 26.931666666666679 ], [ 78.544166666666655, 26.924166666666679 ], [ 78.536666666666662, 26.915833333333346 ], [ 78.525833333333324, 26.916666666666679 ], [ 78.521666666666661, 26.920833333333341 ], [ 78.516666666666652, 26.93 ], [ 78.515833333333319, 26.956666666666678 ], [ 78.509166666666658, 26.961666666666677 ], [ 78.49, 26.96 ], [ 78.481666666666655, 26.965833333333343 ], [ 78.481666666666655, 26.971666666666678 ], [ 78.484166666666653, 26.975833333333341 ], [ 78.485833333333318, 26.984166666666678 ], [ 78.4825, 26.990833333333342 ], [ 78.476666666666659, 26.993333333333343 ], [ 78.46, 26.980833333333344 ], [ 78.453333333333319, 26.980833333333344 ], [ 78.450833333333321, 26.984166666666678 ], [ 78.448333333333323, 26.984166666666678 ] ] } },
{ "type": "Feature", "properties": { "COMID": 45039796, "id": "18527", "lengthkm": 23.242742648675467, "order": 6, "uparea": 79433.664024816419 }, "geometry": { "type": "LineString", "coordinates": [ [ 78.735833333333318, 26.920833333333341 ], [ 78.7325, 26.918333333333344 ], [ 78.730833333333322, 26.919166666666676 ], [ 78.73, 26.903333333333343 ], [ 78.7225, 26.898333333333344 ], [ 78.711666666666659, 26.900833333333345 ], [ 78.71, 26.903333333333343 ], [ 78.71, 26.914166666666677 ], [ 78.705, 26.9175 ], [ 78.694166666666661, 26.909166666666678 ], [ 78.681666666666658, 26.918333333333344 ], [ 78.6775, 26.919166666666676 ], [ 78.67416666666665, 26.9175 ], [ 78.671666666666653, 26.914166666666677 ], [ 78.67, 26.906666666666677 ], [ 78.671666666666653, 26.903333333333343 ], [ 78.67083333333332, 26.9 ], [ 78.673333333333318, 26.896666666666675 ], [ 78.67583333333333, 26.8875 ], [ 78.67583333333333, 26.881666666666675 ], [ 78.673333333333318, 26.8775 ], [ 78.6675, 26.878333333333345 ], [ 78.663333333333327, 26.8825 ], [ 78.659166666666664, 26.884166666666676 ], [ 78.649166666666659, 26.879166666666677 ], [ 78.643333333333317, 26.879166666666677 ], [ 78.638333333333321, 26.881666666666675 ], [ 78.635, 26.8875 ], [ 78.635, 26.901666666666678 ], [ 78.633333333333326, 26.905833333333341 ] ] } },
{ "type": "Feature", "properties": { "COMID": 45039795, "id": "18527", "lengthkm": 0.86816872445334503, "order": 6, "uparea": 79486.111552184128 }, "geometry": { "type": "LineString", "coordinates": [ [ 78.743333333333325, 26.92 ], [ 78.735833333333318, 26.920833333333341 ] ] } },
{ "type": "Feature", "properties": { "COMID": 45039794, "id": "18527", "lengthkm": 14.185163442613337, "order": 6, "uparea": 79629.624268288695 }, "geometry": { "type": "LineString", "coordinates": [ [ 78.815, 26.864166666666677 ], [ 78.810833333333321, 26.871666666666677 ], [ 78.806666666666658, 26.8725 ], [ 78.79916666666665, 26.864166666666677 ], [ 78.798333333333318, 26.865 ], [ 78.7925, 26.8625 ], [ 78.7825, 26.863333333333344 ], [ 78.7825, 26.8725 ], [ 78.785833333333329, 26.876666666666679 ], [ 78.785833333333329, 26.88 ], [ 78.775, 26.885 ], [ 78.769166666666649, 26.8975 ], [ 78.755833333333328, 26.903333333333343 ], [ 78.755, 26.901666666666678 ], [ 78.755, 26.903333333333343 ], [ 78.75333333333333, 26.905 ], [ 78.7525, 26.904166666666676 ], [ 78.7475, 26.915833333333346 ], [ 78.743333333333325, 26.92 ] ] } },
{ "type": "Feature", "properties": { "COMID": 45039793, "id": "18527", "lengthkm": 7.4680479536645032, "order": 6, "uparea": 79702.484862260972 }, "geometry": { "type": "LineString", "coordinates": [ [ 78.85, 26.816666666666677 ], [ 78.839166666666657, 26.835 ], [ 78.834166666666661, 26.84 ], [ 78.824166666666656, 26.844166666666677 ], [ 78.823333333333323, 26.843333333333344 ], [ 78.8175, 26.8475 ], [ 78.818333333333328, 26.849166666666676 ], [ 78.81583333333333, 26.8525 ], [ 78.815, 26.864166666666677 ] ] } },
{ "type": "Feature", "properties": { "COMID": 45039792, "id": "18527", "lengthkm": 71.666188995205374, "order": 6, "uparea": 80181.168176376392 }, "geometry": { "type": "LineString", "coordinates": [ [ 79.138333333333321, 26.6 ], [ 79.133333333333326, 26.604166666666679 ], [ 79.125833333333318, 26.604166666666679 ], [ 79.1175, 26.600833333333341 ], [ 79.1025, 26.590833333333343 ], [ 79.09333333333332, 26.589166666666678 ], [ 79.0875, 26.594166666666677 ], [ 79.0875, 26.596666666666678 ], [ 79.09333333333332, 26.604166666666679 ], [ 79.0925, 26.608333333333341 ], [ 79.089166666666657, 26.6125 ], [ 79.0825, 26.615 ], [ 79.065, 26.613333333333344 ], [ 79.06, 26.616666666666678 ], [ 79.06, 26.62 ], [ 79.0625, 26.6225 ], [ 79.075833333333321, 26.63 ], [ 79.075833333333321, 26.635 ], [ 79.074166666666656, 26.636666666666677 ], [ 79.065, 26.635833333333345 ], [ 79.055, 26.631666666666675 ], [ 79.05, 26.631666666666675 ], [ 79.048333333333318, 26.633333333333344 ], [ 79.0475, 26.649166666666677 ], [ 79.045, 26.6525 ], [ 79.039166666666659, 26.654166666666676 ], [ 79.035833333333329, 26.659166666666678 ], [ 79.0375, 26.6625 ], [ 79.0425, 26.663333333333341 ], [ 79.04916666666665, 26.668333333333344 ], [ 79.051666666666662, 26.6725 ], [ 79.050833333333316, 26.675833333333344 ], [ 79.046666666666653, 26.680833333333343 ], [ 79.04, 26.685 ], [ 79.015, 26.688333333333343 ], [ 79.0125, 26.694166666666675 ], [ 79.020833333333329, 26.698333333333345 ], [ 79.0225, 26.703333333333344 ], [ 79.015, 26.714166666666678 ], [ 79.013333333333321, 26.7225 ], [ 79.009166666666658, 26.726666666666677 ], [ 78.990833333333327, 26.726666666666677 ], [ 78.98666666666665, 26.730833333333344 ], [ 78.9975, 26.739166666666677 ], [ 79.0175, 26.744166666666679 ], [ 79.02, 26.7475 ], [ 79.02, 26.751666666666679 ], [ 79.0175, 26.755 ], [ 79.009166666666658, 26.754166666666677 ], [ 79.000833333333318, 26.743333333333343 ], [ 78.995, 26.741666666666678 ], [ 78.99166666666666, 26.7425 ], [ 78.974166666666662, 26.755833333333342 ], [ 78.956666666666649, 26.756666666666675 ], [ 78.945833333333326, 26.753333333333345 ], [ 78.9425, 26.755833333333342 ], [ 78.9425, 26.758333333333344 ], [ 78.945, 26.761666666666677 ], [ 78.9575, 26.7675 ], [ 78.959166666666661, 26.770833333333343 ], [ 78.958333333333329, 26.775833333333345 ], [ 78.954166666666652, 26.776666666666678 ], [ 78.9475, 26.771666666666675 ], [ 78.9425, 26.770833333333343 ], [ 78.939166666666651, 26.775 ], [ 78.94, 26.781666666666677 ], [ 78.938333333333318, 26.785 ], [ 78.930833333333325, 26.789166666666677 ], [ 78.915833333333325, 26.788333333333341 ], [ 78.903333333333322, 26.795 ], [ 78.8925, 26.795 ], [ 78.8775, 26.788333333333341 ], [ 78.869166666666658, 26.789166666666677 ], [ 78.860833333333318, 26.796666666666678 ], [ 78.85, 26.816666666666677 ] ] } },
{ "type": "Feature", "properties": { "COMID": 45043860, "id": "18527", "lengthkm": 37.528993390984532, "order": 6, "uparea": 80395.31494569713 }, "geometry": { "type": "LineString", "coordinates": [ [ 79.251666666666651, 26.491666666666678 ], [ 79.25, 26.493333333333343 ], [ 79.250833333333318, 26.495833333333344 ], [ 79.255, 26.500833333333343 ], [ 79.260833333333323, 26.504166666666677 ], [ 79.269166666666649, 26.508333333333344 ], [ 79.2875, 26.508333333333344 ], [ 79.295, 26.51 ], [ 79.30416666666666, 26.515 ], [ 79.305833333333325, 26.516666666666676 ], [ 79.305833333333325, 26.520833333333343 ], [ 79.3, 26.525833333333345 ], [ 79.291666666666657, 26.5275 ], [ 79.28083333333332, 26.525 ], [ 79.263333333333321, 26.515 ], [ 79.255833333333328, 26.5125 ], [ 79.2475, 26.5125 ], [ 79.244166666666658, 26.516666666666676 ], [ 79.244166666666658, 26.528333333333343 ], [ 79.2425, 26.534166666666678 ], [ 79.24, 26.539166666666677 ], [ 79.23666666666665, 26.541666666666679 ], [ 79.23333333333332, 26.5425 ], [ 79.216666666666654, 26.535833333333343 ], [ 79.209166666666661, 26.535833333333343 ], [ 79.2075, 26.5375 ], [ 79.205833333333317, 26.5425 ], [ 79.209166666666661, 26.546666666666678 ], [ 79.220833333333317, 26.546666666666678 ], [ 79.220833333333317, 26.55 ], [ 79.21833333333332, 26.553333333333342 ], [ 79.213333333333324, 26.554166666666678 ], [ 79.213333333333324, 26.555833333333343 ], [ 79.198333333333323, 26.560833333333342 ], [ 79.1875, 26.57 ], [ 79.1925, 26.579166666666676 ], [ 79.1925, 26.584166666666675 ], [ 79.189166666666651, 26.585833333333344 ], [ 79.1775, 26.585 ], [ 79.161666666666662, 26.59 ], [ 79.153333333333322, 26.59 ], [ 79.143333333333317, 26.594166666666677 ], [ 79.138333333333321, 26.6 ] ] } },
{ "type": "Feature", "properties": { "COMID": 45043755, "id": "18527", "lengthkm": 10.975449935965022, "order": 7, "uparea": 216394.38859780304 }, "geometry": { "type": "LineString", "coordinates": [ [ 79.213333333333324, 26.438333333333343 ], [ 79.214166666666657, 26.441666666666677 ], [ 79.220833333333317, 26.448333333333345 ], [ 79.225833333333327, 26.450833333333343 ], [ 79.239166666666662, 26.451666666666675 ], [ 79.25333333333333, 26.455833333333345 ], [ 79.259166666666658, 26.46 ], [ 79.2675, 26.47 ], [ 79.269166666666649, 26.473333333333343 ], [ 79.268333333333317, 26.485 ], [ 79.261666666666656, 26.49 ], [ 79.251666666666651, 26.491666666666678 ] ] } },
{ "type": "Feature", "properties": { "COMID": 45043753, "id": "18527", "lengthkm": 7.3707267410416826, "order": 7, "uparea": 244150.05728628649 }, "geometry": { "type": "LineString", "coordinates": [ [ 79.275, 26.435 ], [ 79.259166666666658, 26.429166666666678 ], [ 79.24166666666666, 26.425833333333344 ], [ 79.2325, 26.425833333333344 ], [ 79.22, 26.429166666666678 ], [ 79.213333333333324, 26.438333333333343 ] ] } },
{ "type": "Feature", "properties": { "COMID": 45043752, "id": "18527", "lengthkm": 20.235458877363797, "order": 7, "uparea": 244280.61515138712 }, "geometry": { "type": "LineString", "coordinates": [ [ 79.425833333333316, 26.4275 ], [ 79.408333333333317, 26.425 ], [ 79.4025, 26.4225 ], [ 79.3975, 26.423333333333346 ], [ 79.3725, 26.409166666666678 ], [ 79.3525, 26.4025 ], [ 79.341666666666654, 26.401666666666678 ], [ 79.335, 26.399166666666677 ], [ 79.324166666666656, 26.399166666666677 ], [ 79.313333333333318, 26.405 ], [ 79.310833333333321, 26.41 ], [ 79.31, 26.419166666666676 ], [ 79.303333333333327, 26.435 ], [ 79.29916666666665, 26.44 ], [ 79.290833333333325, 26.441666666666677 ], [ 79.285833333333329, 26.438333333333343 ], [ 79.275, 26.435 ] ] } },
{ "type": "Feature", "properties": { "COMID": 45043750, "id": "18527", "lengthkm": 11.321201457956345, "order": 7, "uparea": 244424.59673438003 }, "geometry": { "type": "LineString", "coordinates": [ [ 79.4875, 26.385 ], [ 79.489166666666662, 26.386666666666677 ], [ 79.488333333333316, 26.3975 ], [ 79.49, 26.408333333333346 ], [ 79.484166666666653, 26.421666666666678 ], [ 79.4775, 26.43 ], [ 79.470833333333317, 26.4325 ], [ 79.454166666666652, 26.433333333333344 ], [ 79.4525, 26.431666666666679 ], [ 79.443333333333328, 26.431666666666679 ], [ 79.425833333333316, 26.4275 ] ] } },
{ "type": "Feature", "properties": { "COMID": 45043748, "id": "18527", "lengthkm": 3.983382618517981, "order": 7, "uparea": 244469.58032669785 }, "geometry": { "type": "LineString", "coordinates": [ [ 79.506666666666661, 26.356666666666676 ], [ 79.49, 26.373333333333342 ], [ 79.4875, 26.379166666666677 ], [ 79.4875, 26.385 ] ] } },
{ "type": "Feature", "properties": { "COMID": 45043747, "id": "18527", "lengthkm": 0.41490051146499501, "order": 7, "uparea": 244887.78204750011 }, "geometry": { "type": "LineString", "coordinates": [ [ 79.51, 26.355 ], [ 79.506666666666661, 26.356666666666676 ] ] } },
{ "type": "Feature", "properties": { "COMID": 45043746, "id": "18527", "lengthkm": 5.8912927808235978, "order": 7, "uparea": 244945.62882992747 }, "geometry": { "type": "LineString", "coordinates": [ [ 79.555833333333325, 26.361666666666679 ], [ 79.546666666666653, 26.3575 ], [ 79.533333333333317, 26.3475 ], [ 79.525, 26.345 ], [ 79.518333333333317, 26.346666666666678 ], [ 79.51, 26.355 ] ] } },
{ "type": "Feature", "properties": { "COMID": 45043745, "id": "18527", "lengthkm": 2.9888460688554388, "order": 7, "uparea": 244992.10140980768 }, "geometry": { "type": "LineString", "coordinates": [ [ 79.5675, 26.345 ], [ 79.569166666666661, 26.35 ], [ 79.5675, 26.359166666666678 ], [ 79.564166666666651, 26.361666666666679 ], [ 79.555833333333325, 26.361666666666679 ] ] } },
{ "type": "Feature", "properties": { "COMID": 45043744, "id": "18527", "lengthkm": 9.401242756307731, "order": 7, "uparea": 245046.28354267968 }, "geometry": { "type": "LineString", "coordinates": [ [ 79.536666666666662, 26.285833333333343 ], [ 79.533333333333317, 26.289166666666677 ], [ 79.526666666666657, 26.301666666666677 ], [ 79.526666666666657, 26.315833333333345 ], [ 79.535, 26.324166666666677 ], [ 79.559166666666655, 26.335833333333344 ], [ 79.5675, 26.345 ] ] } },
{ "type": "Feature", "properties": { "COMID": 45043743, "id": "18527", "lengthkm": 8.87078158555709, "order": 7, "uparea": 245135.39390783626 }, "geometry": { "type": "LineString", "coordinates": [ [ 79.605, 26.254166666666677 ], [ 79.600833333333327, 26.253333333333345 ], [ 79.588333333333324, 26.258333333333344 ], [ 79.585, 26.255833333333342 ], [ 79.568333333333328, 26.258333333333344 ], [ 79.561666666666653, 26.2625 ], [ 79.558333333333323, 26.265833333333344 ], [ 79.558333333333323, 26.268333333333345 ], [ 79.536666666666662, 26.285833333333343 ] ] } },
{ "type": "Feature", "properties": { "COMID": 45043742, "id": "18527", "lengthkm": 14.527569586679428, "order": 7, "uparea": 245241.28192350548 }, "geometry": { "type": "LineString", "coordinates": [ [ 79.694166666666661, 26.1925 ], [ 79.685833333333321, 26.195833333333344 ], [ 79.663333333333327, 26.209166666666675 ], [ 79.649166666666659, 26.21 ], [ 79.646666666666661, 26.211666666666677 ], [ 79.644166666666649, 26.216666666666676 ], [ 79.644166666666649, 26.223333333333343 ], [ 79.650833333333324, 26.233333333333341 ], [ 79.650833333333324, 26.2375 ], [ 79.641666666666652, 26.246666666666677 ], [ 79.630833333333328, 26.248333333333342 ], [ 79.625, 26.251666666666679 ], [ 79.614166666666662, 26.250833333333343 ], [ 79.605, 26.254166666666677 ] ] } },
{ "type": "Feature", "properties": { "COMID": 45043741, "id": "18527", "lengthkm": 1.2463341576114679, "order": 7, "uparea": 245338.54018347358 }, "geometry": { "type": "LineString", "coordinates": [ [ 79.705, 26.189166666666679 ], [ 79.694166666666661, 26.1925 ] ] } },
{ "type": "Feature", "properties": { "COMID": 45043740, "id": "18527", "lengthkm": 12.758038134973646, "order": 7, "uparea": 247809.47529379238 }, "geometry": { "type": "LineString", "coordinates": [ [ 79.749166666666653, 26.133333333333344 ], [ 79.746666666666655, 26.139166666666675 ], [ 79.746666666666655, 26.145833333333343 ], [ 79.75, 26.1525 ], [ 79.76, 26.1625 ], [ 79.764166666666654, 26.169166666666676 ], [ 79.765, 26.1775 ], [ 79.763333333333321, 26.181666666666679 ], [ 79.756666666666661, 26.185833333333342 ], [ 79.73666666666665, 26.186666666666678 ], [ 79.734166666666653, 26.185 ], [ 79.716666666666654, 26.185 ], [ 79.705, 26.189166666666679 ] ] } },
{ "type": "Feature", "properties": { "COMID": 45043739, "id": "18527", "lengthkm": 4.6172862859850552, "order": 7, "uparea": 247937.05770138238 }, "geometry": { "type": "LineString", "coordinates": [ [ 79.781666666666652, 26.110833333333346 ], [ 79.7775, 26.115 ], [ 79.775833333333324, 26.120833333333344 ], [ 79.771666666666661, 26.125 ], [ 79.749166666666653, 26.133333333333344 ] ] } },
{ "type": "Feature", "properties": { "COMID": 45043738, "id": "18527", "lengthkm": 14.69922825000892, "order": 7, "uparea": 248184.38229390769 }, "geometry": { "type": "LineString", "coordinates": [ [ 79.9025, 26.0925 ], [ 79.885833333333323, 26.099166666666676 ], [ 79.865833333333327, 26.116666666666678 ], [ 79.86166666666665, 26.116666666666678 ], [ 79.855833333333322, 26.114166666666677 ], [ 79.845, 26.105 ], [ 79.835, 26.100833333333345 ], [ 79.826666666666654, 26.100833333333345 ], [ 79.824166666666656, 26.1025 ], [ 79.7875, 26.1075 ], [ 79.781666666666652, 26.110833333333346 ] ] } },
{ "type": "Feature", "properties": { "COMID": 45043737, "id": "18527", "lengthkm": 9.9444337797030915, "order": 7, "uparea": 248402.44218985905 }, "geometry": { "type": "LineString", "coordinates": [ [ 79.938333333333318, 26.159166666666678 ], [ 79.936666666666653, 26.156666666666677 ], [ 79.933333333333323, 26.124166666666678 ], [ 79.93, 26.118333333333347 ], [ 79.925, 26.099166666666676 ], [ 79.918333333333322, 26.091666666666676 ], [ 79.9025, 26.0925 ] ] } },
{ "type": "Feature", "properties": { "COMID": 45043736, "id": "18527", "lengthkm": 5.2912503259639996, "order": 7, "uparea": 256162.20252760121 }, "geometry": { "type": "LineString", "coordinates": [ [ 79.966666666666654, 26.13416666666668 ], [ 79.965, 26.150833333333345 ], [ 79.960833333333326, 26.155833333333344 ], [ 79.949166666666656, 26.161666666666676 ], [ 79.941666666666663, 26.161666666666676 ], [ 79.938333333333318, 26.159166666666678 ] ] } },
{ "type": "Feature", "properties": { "COMID": 45047826, "id": "18527", "lengthkm": 49.377987497866108, "order": 7, "uparea": 256752.17803054585 }, "geometry": { "type": "LineString", "coordinates": [ [ 80.2125, 25.92 ], [ 80.209166666666661, 25.921666666666678 ], [ 80.203333333333319, 25.931666666666679 ], [ 80.199166666666656, 25.935 ], [ 80.195833333333326, 25.943333333333342 ], [ 80.1925, 25.945833333333344 ], [ 80.155, 25.96 ], [ 80.143333333333317, 25.966666666666676 ], [ 80.134166666666658, 25.975833333333345 ], [ 80.121666666666655, 25.984166666666678 ], [ 80.106666666666655, 25.990833333333342 ], [ 80.09, 25.995 ], [ 80.0825, 26.000833333333343 ], [ 80.083333333333329, 26.005833333333342 ], [ 80.09, 26.0125 ], [ 80.098333333333329, 26.0175 ], [ 80.10833333333332, 26.0325 ], [ 80.11166666666665, 26.041666666666679 ], [ 80.11166666666665, 26.05 ], [ 80.105833333333322, 26.060833333333342 ], [ 80.098333333333329, 26.065 ], [ 80.084166666666661, 26.068333333333342 ], [ 80.0825, 26.066666666666677 ], [ 80.071666666666658, 26.068333333333342 ], [ 80.0425, 26.068333333333342 ], [ 80.0375, 26.066666666666677 ], [ 80.0325, 26.068333333333342 ], [ 80.0275, 26.065 ], [ 79.996666666666655, 26.066666666666677 ], [ 79.9875, 26.065833333333345 ], [ 79.958333333333329, 26.075 ], [ 79.955, 26.07916666666668 ], [ 79.955, 26.088333333333345 ], [ 79.959166666666661, 26.099166666666676 ], [ 79.958333333333329, 26.104166666666679 ], [ 79.961666666666659, 26.108333333333341 ], [ 79.961666666666659, 26.114166666666677 ], [ 79.965, 26.12 ], [ 79.966666666666654, 26.13416666666668 ] ] } },
{ "type": "Feature", "properties": { "COMID": 45047824, "id": "18527", "lengthkm": 19.522483159862254, "order": 7, "uparea": 300540.44788674853 }, "geometry": { "type": "LineString", "coordinates": [ [ 80.364166666666648, 25.9075 ], [ 80.356666666666655, 25.901666666666678 ], [ 80.336666666666659, 25.896666666666675 ], [ 80.320833333333326, 25.889166666666675 ], [ 80.3125, 25.8875 ], [ 80.301666666666648, 25.8925 ], [ 80.294166666666655, 25.900833333333345 ], [ 80.281666666666652, 25.920833333333345 ], [ 80.275833333333324, 25.926666666666677 ], [ 80.266666666666652, 25.9325 ], [ 80.254166666666663, 25.931666666666679 ], [ 80.231666666666655, 25.921666666666678 ], [ 80.2125, 25.92 ] ] } },
{ "type": "Feature", "properties": { "COMID": 45047823, "id": "18527", "lengthkm": 2.7481427734600401, "order": 7, "uparea": 301649.39522443549 }, "geometry": { "type": "LineString", "coordinates": [ [ 80.389166666666654, 25.9125 ], [ 80.375, 25.910833333333343 ], [ 80.364166666666648, 25.9075 ] ] } },
{ "type": "Feature", "properties": { "COMID": 45047822, "id": "18527", "lengthkm": 9.9941538176778302, "order": 7, "uparea": 301759.00947201345 }, "geometry": { "type": "LineString", "coordinates": [ [ 80.480833333333322, 25.8975 ], [ 80.451666666666654, 25.905833333333344 ], [ 80.425, 25.909166666666678 ], [ 80.413333333333327, 25.9125 ], [ 80.389166666666654, 25.9125 ] ] } },
{ "type": "Feature", "properties": { "COMID": 45047819, "id": "18527", "lengthkm": 7.7425515597551966, "order": 7, "uparea": 301845.67902042362 }, "geometry": { "type": "LineString", "coordinates": [ [ 80.5475, 25.875833333333347 ], [ 80.53, 25.880833333333342 ], [ 80.509166666666658, 25.8825 ], [ 80.5025, 25.885 ], [ 80.494166666666658, 25.89166666666668 ], [ 80.480833333333322, 25.8975 ] ] } },
{ "type": "Feature", "properties": { "COMID": 45047818, "id": "18527", "lengthkm": 22.773590045830172, "order": 7, "uparea": 304803.97936505714 }, "geometry": { "type": "LineString", "coordinates": [ [ 80.526666666666657, 25.7725 ], [ 80.515833333333319, 25.776666666666678 ], [ 80.475833333333327, 25.805833333333347 ], [ 80.4675, 25.816666666666677 ], [ 80.465833333333322, 25.828333333333344 ], [ 80.469166666666652, 25.8325 ], [ 80.480833333333322, 25.835833333333344 ], [ 80.490833333333327, 25.83666666666668 ], [ 80.5, 25.834166666666675 ], [ 80.520833333333314, 25.834166666666675 ], [ 80.5375, 25.839166666666678 ], [ 80.54583333333332, 25.845833333333346 ], [ 80.555, 25.861666666666679 ], [ 80.55416666666666, 25.8675 ], [ 80.5475, 25.875833333333347 ] ] } },
{ "type": "Feature", "properties": { "COMID": 45047817, "id": "18527", "lengthkm": 6.5955713357858254, "order": 7, "uparea": 333601.33207033353 }, "geometry": { "type": "LineString", "coordinates": [ [ 80.578333333333319, 25.773333333333344 ], [ 80.575833333333321, 25.780833333333344 ], [ 80.573333333333323, 25.783333333333346 ], [ 80.561666666666653, 25.784166666666678 ], [ 80.5375, 25.7775 ], [ 80.533333333333317, 25.77416666666668 ], [ 80.526666666666657, 25.7725 ] ] } },
{ "type": "Feature", "properties": { "COMID": 45047816, "id": "18527", "lengthkm": 4.6790881433929581, "order": 7, "uparea": 333646.0660036034 }, "geometry": { "type": "LineString", "coordinates": [ [ 80.5675, 25.735 ], [ 80.576666666666654, 25.7525 ], [ 80.578333333333319, 25.75916666666668 ], [ 80.578333333333319, 25.773333333333344 ] ] } },
{ "type": "Feature", "properties": { "COMID": 45047815, "id": "18527", "lengthkm": 9.4166636405479807, "order": 7, "uparea": 333709.91469472839 }, "geometry": { "type": "LineString", "coordinates": [ [ 80.6375, 25.708333333333343 ], [ 80.629166666666663, 25.71 ], [ 80.6125, 25.709166666666675 ], [ 80.5925, 25.714166666666678 ], [ 80.585833333333326, 25.72 ], [ 80.575, 25.723333333333343 ], [ 80.5675, 25.729166666666679 ], [ 80.5625, 25.730833333333344 ], [ 80.5675, 25.735 ] ] } },
{ "type": "Feature", "properties": { "COMID": 45047814, "id": "18527", "lengthkm": 8.8766385454100529, "order": 7, "uparea": 333795.90392959322 }, "geometry": { "type": "LineString", "coordinates": [ [ 80.713333333333324, 25.6825 ], [ 80.705833333333317, 25.684166666666677 ], [ 80.699166666666656, 25.688333333333347 ], [ 80.688333333333318, 25.689166666666679 ], [ 80.681666666666658, 25.694166666666678 ], [ 80.673333333333318, 25.69666666666668 ], [ 80.6675, 25.700833333333343 ], [ 80.656666666666652, 25.7025 ], [ 80.65, 25.7075 ], [ 80.6375, 25.708333333333343 ] ] } },
{ "type": "Feature", "properties": { "COMID": 45047813, "id": "18527", "lengthkm": 0.50104925622636398, "order": 7, "uparea": 335271.85612803849 }, "geometry": { "type": "LineString", "coordinates": [ [ 80.71833333333332, 25.6825 ], [ 80.713333333333324, 25.6825 ] ] } },
{ "type": "Feature", "properties": { "COMID": 45047812, "id": "18527", "lengthkm": 12.126249645510654, "order": 7, "uparea": 335391.92165036593 }, "geometry": { "type": "LineString", "coordinates": [ [ 80.820833333333326, 25.72 ], [ 80.803333333333327, 25.70416666666668 ], [ 80.7875, 25.694166666666678 ], [ 80.78083333333332, 25.691666666666677 ], [ 80.758333333333326, 25.685 ], [ 80.71833333333332, 25.6825 ] ] } },
{ "type": "Feature", "properties": { "COMID": 45047811, "id": "18527", "lengthkm": 15.326990765630811, "order": 7, "uparea": 335492.46073201031 }, "geometry": { "type": "LineString", "coordinates": [ [ 80.9225, 25.689166666666679 ], [ 80.889166666666654, 25.68 ], [ 80.8625, 25.678333333333345 ], [ 80.85833333333332, 25.68 ], [ 80.855, 25.684166666666677 ], [ 80.850833333333327, 25.699166666666677 ], [ 80.849166666666662, 25.716666666666676 ], [ 80.84666666666665, 25.720833333333346 ], [ 80.841666666666654, 25.725 ], [ 80.834166666666661, 25.725833333333345 ], [ 80.825833333333321, 25.724166666666676 ], [ 80.820833333333326, 25.72 ] ] } },
{ "type": "Feature", "properties": { "COMID": 45047810, "id": "18527", "lengthkm": 10.825711187108524, "order": 7, "uparea": 335597.67531189625 }, "geometry": { "type": "LineString", "coordinates": [ [ 80.9475, 25.6175 ], [ 80.943333333333328, 25.628333333333345 ], [ 80.943333333333328, 25.630833333333342 ], [ 80.945, 25.631666666666678 ], [ 80.945, 25.64166666666668 ], [ 80.9475, 25.645833333333343 ], [ 80.946666666666658, 25.655833333333344 ], [ 80.949166666666656, 25.670833333333345 ], [ 80.9475, 25.681666666666679 ], [ 80.945, 25.685833333333342 ], [ 80.939166666666651, 25.69 ], [ 80.9225, 25.689166666666679 ] ] } },
{ "type": "Feature", "properties": { "COMID": 45047809, "id": "18527", "lengthkm": 19.088076848683336, "order": 7, "uparea": 336138.74921118486 }, "geometry": { "type": "LineString", "coordinates": [ [ 80.998333333333321, 25.573333333333345 ], [ 81.006666666666661, 25.58 ], [ 81.0225, 25.585833333333344 ], [ 81.031666666666652, 25.595 ], [ 81.031666666666652, 25.598333333333343 ], [ 81.035833333333329, 25.606666666666676 ], [ 81.036666666666662, 25.6175 ], [ 81.035833333333329, 25.625 ], [ 81.031666666666652, 25.63 ], [ 81.025, 25.6325 ], [ 81.0175, 25.6325 ], [ 80.994166666666658, 25.62 ], [ 80.965833333333322, 25.6075 ], [ 80.955, 25.609166666666678 ], [ 80.9475, 25.6175 ] ] } },
{ "type": "Feature", "properties": { "COMID": 45047808, "id": "18527", "lengthkm": 3.9357763550759, "order": 7, "uparea": 336222.10233828169 }, "geometry": { "type": "LineString", "coordinates": [ [ 81.020833333333314, 25.546666666666678 ], [ 80.998333333333321, 25.5675 ], [ 80.998333333333321, 25.573333333333345 ] ] } },
{ "type": "Feature", "properties": { "COMID": 45047807, "id": "18527", "lengthkm": 12.535290035655732, "order": 7, "uparea": 339326.71774527302 }, "geometry": { "type": "LineString", "coordinates": [ [ 81.126666666666651, 25.51 ], [ 81.115833333333313, 25.5125 ], [ 81.106666666666655, 25.5125 ], [ 81.048333333333318, 25.5275 ], [ 81.031666666666652, 25.534166666666678 ], [ 81.020833333333314, 25.546666666666678 ] ] } },
{ "type": "Feature", "properties": { "COMID": 45047806, "id": "18527", "lengthkm": 7.5185729474719682, "order": 7, "uparea": 340707.88127207174 }, "geometry": { "type": "LineString", "coordinates": [ [ 81.189166666666651, 25.4875 ], [ 81.186666666666653, 25.4875 ], [ 81.17916666666666, 25.494166666666679 ], [ 81.1675, 25.5 ], [ 81.126666666666651, 25.51 ] ] } },
{ "type": "Feature", "properties": { "COMID": 45047805, "id": "18527", "lengthkm": 10.223480074747368, "order": 7, "uparea": 340800.57835318026 }, "geometry": { "type": "LineString", "coordinates": [ [ 81.15, 25.421666666666678 ], [ 81.155, 25.429166666666678 ], [ 81.165833333333325, 25.433333333333344 ], [ 81.183333333333323, 25.444166666666678 ], [ 81.193333333333328, 25.455 ], [ 81.195, 25.46 ], [ 81.194166666666661, 25.471666666666678 ], [ 81.1925, 25.475 ], [ 81.193333333333328, 25.484166666666678 ], [ 81.189166666666651, 25.4875 ] ] } },
{ "type": "Feature", "properties": { "COMID": 45051956, "id": "18527", "lengthkm": 11.028884392787488, "order": 7, "uparea": 342533.74434707745 }, "geometry": { "type": "LineString", "coordinates": [ [ 81.211666666666659, 25.365 ], [ 81.178333333333313, 25.375 ], [ 81.169166666666655, 25.379166666666677 ], [ 81.1575, 25.3875 ], [ 81.150833333333324, 25.395 ], [ 81.1475, 25.403333333333343 ], [ 81.148333333333326, 25.405 ], [ 81.146666666666647, 25.41 ], [ 81.1475, 25.414166666666677 ], [ 81.150833333333324, 25.4175 ], [ 81.15, 25.421666666666678 ] ] } },
{ "type": "Feature", "properties": { "COMID": 45051955, "id": "18527", "lengthkm": 5.1588559287968518, "order": 7, "uparea": 342622.68721653556 }, "geometry": { "type": "LineString", "coordinates": [ [ 81.25, 25.345833333333346 ], [ 81.2475, 25.354166666666679 ], [ 81.243333333333325, 25.358333333333345 ], [ 81.211666666666659, 25.365 ] ] } },
{ "type": "Feature", "properties": { "COMID": 45051954, "id": "18527", "lengthkm": 10.098273459214017, "order": 7, "uparea": 343133.24156330799 }, "geometry": { "type": "LineString", "coordinates": [ [ 81.324166666666656, 25.346666666666678 ], [ 81.3225, 25.345 ], [ 81.30416666666666, 25.34 ], [ 81.301666666666648, 25.34 ], [ 81.29916666666665, 25.3425 ], [ 81.2925, 25.341666666666676 ], [ 81.28, 25.335 ], [ 81.276666666666657, 25.32916666666668 ], [ 81.270833333333314, 25.326666666666679 ], [ 81.2675, 25.326666666666679 ], [ 81.260833333333323, 25.33 ], [ 81.25333333333333, 25.338333333333345 ], [ 81.25, 25.345833333333346 ] ] } },
{ "type": "Feature", "properties": { "COMID": 45051953, "id": "18527", "lengthkm": 5.8931478094195722, "order": 7, "uparea": 343190.56183352141 }, "geometry": { "type": "LineString", "coordinates": [ [ 81.376666666666651, 25.3375 ], [ 81.35833333333332, 25.34416666666668 ], [ 81.345833333333317, 25.345833333333346 ], [ 81.34333333333332, 25.3475 ], [ 81.330833333333317, 25.348333333333343 ], [ 81.324166666666656, 25.346666666666678 ] ] } },
{ "type": "Feature", "properties": { "COMID": 45051952, "id": "18527", "lengthkm": 7.7861444654480216, "order": 7, "uparea": 343328.82425477443 }, "geometry": { "type": "LineString", "coordinates": [ [ 81.3875, 25.286666666666676 ], [ 81.396666666666647, 25.2975 ], [ 81.400833333333324, 25.305 ], [ 81.401666666666657, 25.316666666666677 ], [ 81.398333333333326, 25.325833333333343 ], [ 81.394166666666649, 25.33 ], [ 81.383333333333326, 25.335833333333344 ], [ 81.376666666666651, 25.3375 ] ] } },
{ "type": "Feature", "properties": { "COMID": 45051951, "id": "18527", "lengthkm": 8.7379431556716565, "order": 7, "uparea": 343426.68366453744 }, "geometry": { "type": "LineString", "coordinates": [ [ 81.449166666666656, 25.25916666666668 ], [ 81.423333333333318, 25.268333333333345 ], [ 81.42, 25.270833333333343 ], [ 81.416666666666657, 25.269166666666678 ], [ 81.410833333333329, 25.270833333333343 ], [ 81.404166666666654, 25.27 ], [ 81.396666666666647, 25.273333333333344 ], [ 81.39, 25.273333333333344 ], [ 81.385833333333323, 25.2775 ], [ 81.3875, 25.286666666666676 ] ] } },
{ "type": "Feature", "properties": { "COMID": 45051950, "id": "18527", "lengthkm": 7.2075750290702914, "order": 7, "uparea": 343500.89727316808 }, "geometry": { "type": "LineString", "coordinates": [ [ 81.51, 25.270833333333343 ], [ 81.494166666666658, 25.268333333333345 ], [ 81.485833333333318, 25.269166666666678 ], [ 81.475833333333327, 25.26666666666668 ], [ 81.470833333333317, 25.268333333333345 ], [ 81.461666666666659, 25.258333333333347 ], [ 81.453333333333319, 25.2575 ], [ 81.449166666666656, 25.25916666666668 ] ] } },
{ "type": "Feature", "properties": { "COMID": 45051949, "id": "18527", "lengthkm": 2.7633766675171332, "order": 7, "uparea": 343553.44696569059 }, "geometry": { "type": "LineString", "coordinates": [ [ 81.53083333333332, 25.28166666666668 ], [ 81.519166666666649, 25.27416666666668 ], [ 81.514166666666654, 25.2725 ], [ 81.5125, 25.273333333333344 ], [ 81.51, 25.270833333333343 ] ] } },
{ "type": "Feature", "properties": { "COMID": 45051948, "id": "18527", "lengthkm": 25.884190892539738, "order": 7, "uparea": 344129.09974478412 }, "geometry": { "type": "LineString", "coordinates": [ [ 81.744166666666658, 25.3475 ], [ 81.73333333333332, 25.351666666666677 ], [ 81.703333333333319, 25.356666666666676 ], [ 81.6825, 25.356666666666676 ], [ 81.65916666666665, 25.353333333333346 ], [ 81.6425, 25.354166666666679 ], [ 81.634166666666658, 25.3525 ], [ 81.598333333333329, 25.333333333333343 ], [ 81.589166666666657, 25.323333333333345 ], [ 81.5875, 25.319166666666678 ], [ 81.56, 25.299166666666679 ], [ 81.555, 25.2975 ], [ 81.541666666666657, 25.2875 ], [ 81.53083333333332, 25.28166666666668 ] ] } },
{ "type": "Feature", "properties": { "COMID": 45051947, "id": "18527", "lengthkm": 9.7298079347750157, "order": 7, "uparea": 344349.9975652516 }, "geometry": { "type": "LineString", "coordinates": [ [ 81.813333333333318, 25.343333333333344 ], [ 81.813333333333318, 25.338333333333345 ], [ 81.810833333333321, 25.3325 ], [ 81.805, 25.3275 ], [ 81.7925, 25.3225 ], [ 81.789166666666659, 25.325 ], [ 81.7825, 25.326666666666679 ], [ 81.761666666666656, 25.34 ], [ 81.744166666666658, 25.3475 ] ] } },
{ "type": "Feature", "properties": { "COMID": 45051946, "id": "18527", "lengthkm": 2.5824537339089249, "order": 7, "uparea": 344445.65653988393 }, "geometry": { "type": "LineString", "coordinates": [ [ 81.801666666666648, 25.3625 ], [ 81.810833333333321, 25.351666666666677 ], [ 81.813333333333318, 25.343333333333344 ] ] } },
{ "type": "Feature", "properties": { "COMID": 45051945, "id": "18527", "lengthkm": 6.3721127025066533, "order": 7, "uparea": 344498.55246370478 }, "geometry": { "type": "LineString", "coordinates": [ [ 81.815, 25.408333333333346 ], [ 81.7925, 25.379166666666677 ], [ 81.7925, 25.375833333333347 ], [ 81.801666666666648, 25.3625 ] ] } },
{ "type": "Feature", "properties": { "COMID": 45047804, "id": "18527", "lengthkm": 8.4016022199852785, "order": 7, "uparea": 346011.31517300889 }, "geometry": { "type": "LineString", "coordinates": [ [ 81.886666666666656, 25.423333333333346 ], [ 81.8725, 25.4275 ], [ 81.85833333333332, 25.426666666666677 ], [ 81.84333333333332, 25.4225 ], [ 81.835, 25.418333333333344 ], [ 81.825, 25.416666666666679 ], [ 81.815, 25.408333333333346 ] ] } },
{ "type": "Feature", "properties": { "COMID": 45051944, "id": "18527", "lengthkm": 5.3910331526695332, "order": 7, "uparea": 440157.7655184553 }, "geometry": { "type": "LineString", "coordinates": [ [ 81.916666666666657, 25.386666666666677 ], [ 81.914166666666659, 25.39166666666668 ], [ 81.905, 25.401666666666678 ], [ 81.899166666666659, 25.4125 ], [ 81.894166666666649, 25.4175 ], [ 81.890833333333319, 25.418333333333344 ], [ 81.886666666666656, 25.423333333333346 ] ] } },
{ "type": "Feature", "properties": { "COMID": 45051943, "id": "18527", "lengthkm": 8.006486974127041, "order": 7, "uparea": 440207.55211653112 }, "geometry": { "type": "LineString", "coordinates": [ [ 81.944166666666661, 25.330833333333345 ], [ 81.931666666666658, 25.33666666666668 ], [ 81.921666666666653, 25.348333333333343 ], [ 81.916666666666657, 25.360833333333346 ], [ 81.916666666666657, 25.3725 ], [ 81.919166666666655, 25.375 ], [ 81.915833333333325, 25.380833333333342 ], [ 81.916666666666657, 25.386666666666677 ] ] } },
{ "type": "Feature", "properties": { "COMID": 45051942, "id": "18527", "lengthkm": 12.700587817069335, "order": 7, "uparea": 440319.19580751611 }, "geometry": { "type": "LineString", "coordinates": [ [ 82.04583333333332, 25.349166666666676 ], [ 82.040833333333325, 25.345833333333346 ], [ 82.035, 25.345 ], [ 82.03, 25.340833333333343 ], [ 82.0225, 25.34 ], [ 82.02, 25.3375 ], [ 82.020833333333314, 25.334166666666675 ], [ 82.013333333333321, 25.32916666666668 ], [ 82.009166666666658, 25.32916666666668 ], [ 82.0075, 25.326666666666679 ], [ 81.996666666666655, 25.325 ], [ 81.9875, 25.320833333333347 ], [ 81.969166666666652, 25.320833333333347 ], [ 81.944166666666661, 25.330833333333345 ] ] } },
{ "type": "Feature", "properties": { "COMID": 45051941, "id": "18527", "lengthkm": 5.2846094823123471, "order": 7, "uparea": 440363.69980243931 }, "geometry": { "type": "LineString", "coordinates": [ [ 82.079166666666652, 25.318333333333342 ], [ 82.073333333333323, 25.32916666666668 ], [ 82.060833333333321, 25.3425 ], [ 82.050833333333316, 25.349166666666676 ], [ 82.04583333333332, 25.349166666666676 ] ] } },
{ "type": "Feature", "properties": { "COMID": 45051940, "id": "18527", "lengthkm": 5.316790396351597, "order": 7, "uparea": 440597.0359284397 }, "geometry": { "type": "LineString", "coordinates": [ [ 82.084166666666647, 25.276666666666678 ], [ 82.079166666666652, 25.29 ], [ 82.079166666666652, 25.294166666666676 ], [ 82.075, 25.296666666666678 ], [ 82.0775, 25.305 ], [ 82.076666666666654, 25.3125 ], [ 82.079166666666652, 25.315 ], [ 82.079166666666652, 25.318333333333342 ] ] } },
{ "type": "Feature", "properties": { "COMID": 45051939, "id": "18527", "lengthkm": 15.227760911984188, "order": 7, "uparea": 458226.65842863679 }, "geometry": { "type": "LineString", "coordinates": [ [ 82.201666666666654, 25.306666666666679 ], [ 82.18, 25.315833333333345 ], [ 82.1675, 25.316666666666677 ], [ 82.1575, 25.3125 ], [ 82.150833333333324, 25.305 ], [ 82.145, 25.305833333333347 ], [ 82.1375, 25.295833333333345 ], [ 82.124166666666653, 25.283333333333346 ], [ 82.1175, 25.2775 ], [ 82.109166666666653, 25.273333333333344 ], [ 82.099166666666662, 25.27 ], [ 82.094166666666652, 25.27 ], [ 82.084166666666647, 25.276666666666678 ] ] } },
{ "type": "Feature", "properties": { "COMID": 45051938, "id": "18527", "lengthkm": 8.6550279316258276, "order": 7, "uparea": 458322.50007860182 }, "geometry": { "type": "LineString", "coordinates": [ [ 82.208333333333314, 25.243333333333347 ], [ 82.219166666666652, 25.2625 ], [ 82.2225, 25.2825 ], [ 82.2175, 25.295 ], [ 82.201666666666654, 25.306666666666679 ] ] } },
{ "type": "Feature", "properties": { "COMID": 45051937, "id": "18527", "lengthkm": 5.2746720286859512, "order": 7, "uparea": 458386.70744924893 }, "geometry": { "type": "LineString", "coordinates": [ [ 82.1975, 25.200833333333343 ], [ 82.195833333333326, 25.2075 ], [ 82.196666666666658, 25.225833333333345 ], [ 82.208333333333314, 25.243333333333347 ] ] } },
{ "type": "Feature", "properties": { "COMID": 45051936, "id": "18527", "lengthkm": 3.9438695724608368, "order": 7, "uparea": 458481.5013803101 }, "geometry": { "type": "LineString", "coordinates": [ [ 82.22166666666665, 25.1775 ], [ 82.209166666666647, 25.183333333333344 ], [ 82.201666666666654, 25.191666666666677 ], [ 82.1975, 25.200833333333343 ] ] } },
{ "type": "Feature", "properties": { "COMID": 45051935, "id": "18527", "lengthkm": 41.467301491321749, "order": 7, "uparea": 458753.48088462773 }, "geometry": { "type": "LineString", "coordinates": [ [ 82.386666666666656, 25.2575 ], [ 82.3825, 25.2575 ], [ 82.375833333333318, 25.250833333333347 ], [ 82.3725, 25.245 ], [ 82.365, 25.229166666666679 ], [ 82.363333333333316, 25.214166666666678 ], [ 82.3575, 25.209166666666675 ], [ 82.34333333333332, 25.2075 ], [ 82.333333333333314, 25.209166666666675 ], [ 82.329166666666652, 25.2125 ], [ 82.33, 25.21916666666668 ], [ 82.325833333333321, 25.223333333333343 ], [ 82.325833333333321, 25.2325 ], [ 82.3275, 25.235833333333346 ], [ 82.3225, 25.24 ], [ 82.3125, 25.258333333333347 ], [ 82.305833333333325, 25.26666666666668 ], [ 82.29916666666665, 25.270833333333343 ], [ 82.2925, 25.2725 ], [ 82.275, 25.2725 ], [ 82.263333333333321, 25.265833333333344 ], [ 82.255833333333328, 25.256666666666678 ], [ 82.25, 25.238333333333344 ], [ 82.244166666666658, 25.230833333333344 ], [ 82.245, 25.218333333333344 ], [ 82.243333333333325, 25.216666666666676 ], [ 82.253333333333316, 25.209166666666675 ], [ 82.28, 25.203333333333347 ], [ 82.28416666666665, 25.199166666666677 ], [ 82.2825, 25.190833333333345 ], [ 82.275, 25.185 ], [ 82.260833333333323, 25.18 ], [ 82.235833333333318, 25.175833333333344 ], [ 82.22166666666665, 25.1775 ] ] } },
{ "type": "Feature", "properties": { "COMID": 45051934, "id": "18527", "lengthkm": 13.97028762191376, "order": 7, "uparea": 458841.46387179993 }, "geometry": { "type": "LineString", "coordinates": [ [ 82.4675, 25.181666666666679 ], [ 82.4675, 25.19 ], [ 82.460833333333312, 25.201666666666679 ], [ 82.460833333333312, 25.21166666666668 ], [ 82.4575, 25.22 ], [ 82.449166666666656, 25.229166666666679 ], [ 82.438333333333318, 25.2375 ], [ 82.430833333333325, 25.24 ], [ 82.421666666666653, 25.246666666666677 ], [ 82.404166666666654, 25.255833333333342 ], [ 82.3925, 25.25916666666668 ], [ 82.386666666666656, 25.2575 ] ] } },
{ "type": "Feature", "properties": { "COMID": 45051933, "id": "18527", "lengthkm": 7.5868147603874947, "order": 7, "uparea": 459463.85376711295 }, "geometry": { "type": "LineString", "coordinates": [ [ 82.53083333333332, 25.159166666666678 ], [ 82.495, 25.174166666666679 ], [ 82.474166666666662, 25.175 ], [ 82.470833333333317, 25.176666666666677 ], [ 82.4675, 25.181666666666679 ] ] } },
{ "type": "Feature", "properties": { "COMID": 45051932, "id": "18527", "lengthkm": 15.108521519554699, "order": 7, "uparea": 459755.19336439751 }, "geometry": { "type": "LineString", "coordinates": [ [ 82.565, 25.223333333333343 ], [ 82.561666666666653, 25.22 ], [ 82.561666666666653, 25.215 ], [ 82.565833333333316, 25.205 ], [ 82.579166666666652, 25.191666666666677 ], [ 82.59333333333332, 25.180833333333347 ], [ 82.595833333333317, 25.175833333333344 ], [ 82.59333333333332, 25.168333333333344 ], [ 82.585833333333312, 25.161666666666676 ], [ 82.569166666666661, 25.155833333333344 ], [ 82.548333333333318, 25.155 ], [ 82.54583333333332, 25.15666666666668 ], [ 82.536666666666662, 25.15666666666668 ], [ 82.53083333333332, 25.159166666666678 ] ] } },
{ "type": "Feature", "properties": { "COMID": 45051931, "id": "18527", "lengthkm": 8.156361663805539, "order": 7, "uparea": 459866.36770297773 }, "geometry": { "type": "LineString", "coordinates": [ [ 82.6375, 25.224166666666676 ], [ 82.635833333333323, 25.225833333333345 ], [ 82.631666666666661, 25.225833333333345 ], [ 82.625833333333318, 25.23 ], [ 82.59666666666665, 25.23 ], [ 82.581666666666649, 25.226666666666677 ], [ 82.576666666666654, 25.2275 ], [ 82.565, 25.223333333333343 ] ] } },
{ "type": "Feature", "properties": { "COMID": 45051930, "id": "18527", "lengthkm": 9.2469786046108968, "order": 7, "uparea": 459920.08193638362 }, "geometry": { "type": "LineString", "coordinates": [ [ 82.704166666666652, 25.175833333333344 ], [ 82.68, 25.199166666666677 ], [ 82.653333333333322, 25.214166666666678 ], [ 82.644166666666649, 25.215833333333343 ], [ 82.6375, 25.224166666666676 ] ] } },
{ "type": "Feature", "properties": { "COMID": 45051929, "id": "18527", "lengthkm": 2.8060093267427639, "order": 7, "uparea": 460191.89169272885 }, "geometry": { "type": "LineString", "coordinates": [ [ 82.725, 25.1625 ], [ 82.720833333333317, 25.1625 ], [ 82.704166666666652, 25.175833333333344 ] ] } },
{ "type": "Feature", "properties": { "COMID": 45051928, "id": "18527", "lengthkm": 4.1575650929346999, "order": 7, "uparea": 460245.24228078156 }, "geometry": { "type": "LineString", "coordinates": [ [ 82.753333333333316, 25.139166666666679 ], [ 82.743333333333325, 25.145 ], [ 82.73, 25.16 ], [ 82.725, 25.1625 ] ] } },
{ "type": "Feature", "properties": { "COMID": 45051927, "id": "18527", "lengthkm": 2.2977081339593801, "order": 7, "uparea": 460510.3952017501 }, "geometry": { "type": "LineString", "coordinates": [ [ 82.771666666666647, 25.13 ], [ 82.753333333333316, 25.139166666666679 ] ] } },
{ "type": "Feature", "properties": { "COMID": 45051926, "id": "18527", "lengthkm": 14.163858969945199, "order": 7, "uparea": 460624.20941914071 }, "geometry": { "type": "LineString", "coordinates": [ [ 82.884166666666658, 25.144166666666678 ], [ 82.868333333333325, 25.121666666666677 ], [ 82.855, 25.115 ], [ 82.84333333333332, 25.1125 ], [ 82.823333333333323, 25.113333333333344 ], [ 82.78083333333332, 25.125833333333347 ], [ 82.771666666666647, 25.13 ] ] } },
{ "type": "Feature", "properties": { "COMID": 45051925, "id": "18527", "lengthkm": 9.1424636763275675, "order": 7, "uparea": 460936.33665100037 }, "geometry": { "type": "LineString", "coordinates": [ [ 82.92416666666665, 25.205833333333345 ], [ 82.92, 25.205 ], [ 82.908333333333317, 25.198333333333345 ], [ 82.905, 25.195 ], [ 82.895, 25.175 ], [ 82.886666666666656, 25.169166666666676 ], [ 82.884166666666658, 25.144166666666678 ] ] } },
{ "type": "Feature", "properties": { "COMID": 45051924, "id": "18527", "lengthkm": 5.7389323472872737, "order": 7, "uparea": 461064.70344767033 }, "geometry": { "type": "LineString", "coordinates": [ [ 82.979166666666657, 25.206666666666678 ], [ 82.97, 25.208333333333343 ], [ 82.940833333333316, 25.208333333333343 ], [ 82.92416666666665, 25.205833333333345 ] ] } },
{ "type": "Feature", "properties": { "COMID": 45051923, "id": "18527", "lengthkm": 4.9377819027119996, "order": 7, "uparea": 461630.8813674706 }, "geometry": { "type": "LineString", "coordinates": [ [ 83.018333333333317, 25.2175 ], [ 83.013333333333321, 25.21166666666668 ], [ 83.003333333333316, 25.20416666666668 ], [ 82.9925, 25.20416666666668 ], [ 82.989166666666648, 25.205833333333345 ], [ 82.984166666666653, 25.205 ], [ 82.979166666666657, 25.206666666666678 ] ] } },
{ "type": "Feature", "properties": { "COMID": 45051922, "id": "18527", "lengthkm": 3.9128509924291608, "order": 7, "uparea": 462147.54865489033 }, "geometry": { "type": "LineString", "coordinates": [ [ 83.029166666666654, 25.248333333333346 ], [ 83.03, 25.236666666666679 ], [ 83.028333333333322, 25.231666666666676 ], [ 83.0225, 25.221666666666678 ], [ 83.018333333333317, 25.2175 ] ] } },
{ "type": "Feature", "properties": { "COMID": 45051921, "id": "18527", "lengthkm": 2.764232230378751, "order": 7, "uparea": 462182.73054877139 }, "geometry": { "type": "LineString", "coordinates": [ [ 83.02, 25.27 ], [ 83.025, 25.261666666666677 ], [ 83.029166666666654, 25.248333333333346 ] ] } },
{ "type": "Feature", "properties": { "COMID": 45051920, "id": "18527", "lengthkm": 8.9443642348094148, "order": 7, "uparea": 462273.71801418951 }, "geometry": { "type": "LineString", "coordinates": [ [ 83.045, 25.326666666666679 ], [ 83.023333333333312, 25.316666666666677 ], [ 83.013333333333321, 25.3075 ], [ 83.01, 25.301666666666677 ], [ 83.008333333333326, 25.29 ], [ 83.018333333333317, 25.275 ], [ 83.02, 25.27 ] ] } },
{ "type": "Feature", "properties": { "COMID": 45051919, "id": "18527", "lengthkm": 2.8858890283038079, "order": 7, "uparea": 466481.38672579953 }, "geometry": { "type": "LineString", "coordinates": [ [ 83.071666666666658, 25.330833333333345 ], [ 83.045, 25.326666666666679 ] ] } },
{ "type": "Feature", "properties": { "COMID": 45051918, "id": "18527", "lengthkm": 17.339040224586736, "order": 7, "uparea": 466621.93866915151 }, "geometry": { "type": "LineString", "coordinates": [ [ 83.185, 25.398333333333344 ], [ 83.181666666666658, 25.383333333333347 ], [ 83.173333333333318, 25.360833333333346 ], [ 83.168333333333322, 25.351666666666677 ], [ 83.15, 25.334166666666675 ], [ 83.141666666666652, 25.32916666666668 ], [ 83.138333333333321, 25.3275 ], [ 83.12, 25.326666666666679 ], [ 83.088333333333324, 25.3325 ], [ 83.075, 25.3325 ], [ 83.071666666666658, 25.330833333333345 ] ] } },
{ "type": "Feature", "properties": { "COMID": 45047802, "id": "18527", "lengthkm": 8.4751671410313474, "order": 7, "uparea": 466868.77791393967 }, "geometry": { "type": "LineString", "coordinates": [ [ 83.135, 25.436666666666678 ], [ 83.1425, 25.434166666666677 ], [ 83.149166666666659, 25.436666666666678 ], [ 83.151666666666657, 25.434166666666677 ], [ 83.1575, 25.4325 ], [ 83.163333333333327, 25.4275 ], [ 83.175, 25.424166666666679 ], [ 83.1825, 25.42 ], [ 83.184166666666655, 25.418333333333344 ], [ 83.186666666666653, 25.408333333333346 ], [ 83.185, 25.398333333333344 ] ] } },
{ "type": "Feature", "properties": { "COMID": 45047800, "id": "18527", "lengthkm": 10.715529610669432, "order": 7, "uparea": 466954.57381022745 }, "geometry": { "type": "LineString", "coordinates": [ [ 83.171666666666653, 25.505833333333342 ], [ 83.165833333333325, 25.491666666666678 ], [ 83.1575, 25.485 ], [ 83.144166666666649, 25.4775 ], [ 83.133333333333326, 25.465833333333343 ], [ 83.125833333333318, 25.4525 ], [ 83.124166666666653, 25.449166666666677 ], [ 83.125, 25.441666666666677 ], [ 83.135, 25.436666666666678 ] ] } },
{ "type": "Feature", "properties": { "COMID": 45047798, "id": "18527", "lengthkm": 9.2225027180076502, "order": 7, "uparea": 498572.49669641396 }, "geometry": { "type": "LineString", "coordinates": [ [ 83.238333333333316, 25.525 ], [ 83.230833333333322, 25.529166666666676 ], [ 83.215, 25.533333333333346 ], [ 83.198333333333323, 25.533333333333346 ], [ 83.195, 25.535 ], [ 83.190833333333316, 25.533333333333346 ], [ 83.185833333333321, 25.528333333333343 ], [ 83.171666666666653, 25.505833333333342 ] ] } },
{ "type": "Feature", "properties": { "COMID": 45047796, "id": "18527", "lengthkm": 9.9145106850821083, "order": 7, "uparea": 498669.4279977851 }, "geometry": { "type": "LineString", "coordinates": [ [ 83.3125, 25.479166666666679 ], [ 83.3075, 25.483333333333345 ], [ 83.300833333333316, 25.4925 ], [ 83.29583333333332, 25.493333333333347 ], [ 83.295, 25.495 ], [ 83.29, 25.496666666666677 ], [ 83.273333333333312, 25.510833333333345 ], [ 83.256666666666661, 25.519166666666678 ], [ 83.238333333333316, 25.525 ] ] } },
{ "type": "Feature", "properties": { "COMID": 45047794, "id": "18527", "lengthkm": 17.226991239817792, "order": 7, "uparea": 498795.21913750313 }, "geometry": { "type": "LineString", "coordinates": [ [ 83.440833333333316, 25.455833333333345 ], [ 83.405, 25.493333333333347 ], [ 83.399166666666645, 25.495 ], [ 83.390833333333319, 25.495 ], [ 83.3775, 25.490833333333345 ], [ 83.355, 25.478333333333346 ], [ 83.339166666666657, 25.465833333333343 ], [ 83.335, 25.465833333333343 ], [ 83.331666666666649, 25.47 ], [ 83.325, 25.47 ], [ 83.316666666666649, 25.478333333333346 ], [ 83.3125, 25.479166666666679 ] ] } },
{ "type": "Feature", "properties": { "COMID": 45051917, "id": "18527", "lengthkm": 12.354436883029358, "order": 7, "uparea": 498874.53568391647 }, "geometry": { "type": "LineString", "coordinates": [ [ 83.531666666666652, 25.3925 ], [ 83.5175, 25.396666666666675 ], [ 83.499166666666653, 25.4075 ], [ 83.4725, 25.4275 ], [ 83.440833333333316, 25.455833333333345 ] ] } },
{ "type": "Feature", "properties": { "COMID": 45047787, "id": "18527", "lengthkm": 13.705744889559393, "order": 7, "uparea": 499281.97336183867 }, "geometry": { "type": "LineString", "coordinates": [ [ 83.518333333333317, 25.483333333333345 ], [ 83.518333333333317, 25.473333333333343 ], [ 83.515833333333319, 25.46916666666668 ], [ 83.515, 25.46166666666668 ], [ 83.529166666666654, 25.445833333333347 ], [ 83.54583333333332, 25.433333333333344 ], [ 83.54583333333332, 25.425 ], [ 83.54916666666665, 25.418333333333344 ], [ 83.551666666666648, 25.4075 ], [ 83.550833333333316, 25.4 ], [ 83.546666666666653, 25.395 ], [ 83.540833333333325, 25.3925 ], [ 83.531666666666652, 25.3925 ] ] } },
{ "type": "Feature", "properties": { "COMID": 45047786, "id": "18527", "lengthkm": 5.0948237028645353, "order": 7, "uparea": 499334.78142409038 }, "geometry": { "type": "LineString", "coordinates": [ [ 83.5375, 25.5225 ], [ 83.53, 25.5075 ], [ 83.524166666666645, 25.500833333333347 ], [ 83.524166666666645, 25.496666666666677 ], [ 83.52, 25.490833333333345 ], [ 83.518333333333317, 25.483333333333345 ] ] } },
{ "type": "Feature", "properties": { "COMID": 45047785, "id": "18527", "lengthkm": 2.303331847605893, "order": 7, "uparea": 500210.0107598324 }, "geometry": { "type": "LineString", "coordinates": [ [ 83.54916666666665, 25.539166666666677 ], [ 83.54583333333332, 25.534166666666678 ], [ 83.54583333333332, 25.530833333333344 ], [ 83.5375, 25.5225 ] ] } },
{ "type": "Feature", "properties": { "COMID": 45047784, "id": "18527", "lengthkm": 13.333918129535803, "order": 7, "uparea": 500361.77097620361 }, "geometry": { "type": "LineString", "coordinates": [ [ 83.6475, 25.604166666666679 ], [ 83.635833333333323, 25.600833333333345 ], [ 83.620833333333323, 25.593333333333344 ], [ 83.605833333333322, 25.583333333333343 ], [ 83.589166666666657, 25.575833333333343 ], [ 83.584166666666647, 25.57 ], [ 83.575, 25.5675 ], [ 83.5625, 25.555833333333347 ], [ 83.54916666666665, 25.539166666666677 ] ] } },
{ "type": "Feature", "properties": { "COMID": 45047783, "id": "18527", "lengthkm": 8.2189957559433786, "order": 7, "uparea": 501914.02101265953 }, "geometry": { "type": "LineString", "coordinates": [ [ 83.720833333333317, 25.601666666666677 ], [ 83.71833333333332, 25.603333333333346 ], [ 83.713333333333324, 25.603333333333346 ], [ 83.701666666666654, 25.609166666666678 ], [ 83.69, 25.605 ], [ 83.663333333333327, 25.605 ], [ 83.6575, 25.6025 ], [ 83.650833333333324, 25.6025 ], [ 83.6475, 25.604166666666679 ] ] } },
{ "type": "Feature", "properties": { "COMID": 45047782, "id": "18527", "lengthkm": 13.795874758155739, "order": 7, "uparea": 502018.47403670143 }, "geometry": { "type": "LineString", "coordinates": [ [ 83.796666666666653, 25.5125 ], [ 83.7875, 25.523333333333344 ], [ 83.78083333333332, 25.545 ], [ 83.77, 25.563333333333347 ], [ 83.7425, 25.5925 ], [ 83.73, 25.5925 ], [ 83.720833333333317, 25.601666666666677 ] ] } },
{ "type": "Feature", "properties": { "COMID": 45047781, "id": "18527", "lengthkm": 6.9298764065569376, "order": 7, "uparea": 502334.46943446179 }, "geometry": { "type": "LineString", "coordinates": [ [ 83.85833333333332, 25.519166666666678 ], [ 83.848333333333315, 25.5175 ], [ 83.836666666666645, 25.5125 ], [ 83.816666666666649, 25.508333333333347 ], [ 83.8025, 25.50916666666668 ], [ 83.796666666666653, 25.5125 ] ] } },
{ "type": "Feature", "properties": { "COMID": 45047780, "id": "18527", "lengthkm": 1.963278497031175, "order": 7, "uparea": 502378.91865654907 }, "geometry": { "type": "LineString", "coordinates": [ [ 83.876666666666651, 25.518333333333345 ], [ 83.85833333333332, 25.519166666666678 ] ] } },
{ "type": "Feature", "properties": { "COMID": 45047779, "id": "18527", "lengthkm": 9.4165217566447357, "order": 7, "uparea": 510308.32283211243 }, "geometry": { "type": "LineString", "coordinates": [ [ 83.9425, 25.561666666666678 ], [ 83.921666666666653, 25.553333333333345 ], [ 83.911666666666662, 25.540833333333346 ], [ 83.906666666666652, 25.5275 ], [ 83.9, 25.521666666666675 ], [ 83.876666666666651, 25.518333333333345 ] ] } },
{ "type": "Feature", "properties": { "COMID": 45047778, "id": "18527", "lengthkm": 2.9161738145354219, "order": 7, "uparea": 511687.56138011924 }, "geometry": { "type": "LineString", "coordinates": [ [ 83.965, 25.575 ], [ 83.956666666666649, 25.568333333333342 ], [ 83.9425, 25.561666666666678 ] ] } },
{ "type": "Feature", "properties": { "COMID": 45047777, "id": "18527", "lengthkm": 6.2024781743781654, "order": 7, "uparea": 511742.82746927469 }, "geometry": { "type": "LineString", "coordinates": [ [ 84.01, 25.609166666666678 ], [ 84.005, 25.606666666666676 ], [ 83.965, 25.575 ] ] } },
{ "type": "Feature", "properties": { "COMID": 45047776, "id": "18527", "lengthkm": 27.148460823052282, "order": 7, "uparea": 511873.96570006048 }, "geometry": { "type": "LineString", "coordinates": [ [ 84.180833333333311, 25.719166666666677 ], [ 84.1775, 25.716666666666676 ], [ 84.1675, 25.716666666666676 ], [ 84.164166666666659, 25.715 ], [ 84.155, 25.7175 ], [ 84.148333333333312, 25.7175 ], [ 84.140833333333319, 25.725833333333345 ], [ 84.125, 25.725833333333345 ], [ 84.115, 25.724166666666676 ], [ 84.103333333333325, 25.719166666666677 ], [ 84.09666666666665, 25.713333333333345 ], [ 84.094166666666652, 25.708333333333343 ], [ 84.085833333333312, 25.7 ], [ 84.076666666666654, 25.686666666666678 ], [ 84.075833333333321, 25.68 ], [ 84.079166666666652, 25.676666666666677 ], [ 84.079166666666652, 25.671666666666678 ], [ 84.075833333333321, 25.669166666666676 ], [ 84.075833333333321, 25.665833333333346 ], [ 84.078333333333319, 25.6575 ], [ 84.070833333333326, 25.6425 ], [ 84.063333333333318, 25.6375 ], [ 84.051666666666648, 25.625833333333347 ], [ 84.041666666666657, 25.620833333333344 ], [ 84.031666666666652, 25.618333333333347 ], [ 84.018333333333317, 25.61 ], [ 84.01, 25.609166666666678 ] ] } },
{ "type": "Feature", "properties": { "COMID": 45047775, "id": "18527", "lengthkm": 10.524308951218982, "order": 7, "uparea": 521421.2575023364 }, "geometry": { "type": "LineString", "coordinates": [ [ 84.263333333333321, 25.70416666666668 ], [ 84.255, 25.7 ], [ 84.24, 25.700833333333343 ], [ 84.2375, 25.699166666666677 ], [ 84.231666666666655, 25.699166666666677 ], [ 84.225, 25.70416666666668 ], [ 84.225833333333327, 25.708333333333343 ], [ 84.2225, 25.714166666666678 ], [ 84.214166666666657, 25.719166666666677 ], [ 84.200833333333321, 25.72 ], [ 84.1975, 25.7225 ], [ 84.19, 25.7225 ], [ 84.185, 25.718333333333344 ], [ 84.180833333333311, 25.719166666666677 ] ] } },
{ "type": "Feature", "properties": { "COMID": 45047774, "id": "18527", "lengthkm": 8.3400206629159896, "order": 7, "uparea": 521481.43888113857 }, "geometry": { "type": "LineString", "coordinates": [ [ 84.339166666666657, 25.714166666666678 ], [ 84.330833333333317, 25.708333333333343 ], [ 84.319166666666661, 25.706666666666678 ], [ 84.298333333333318, 25.705 ], [ 84.2875, 25.705833333333345 ], [ 84.2725, 25.7025 ], [ 84.265833333333319, 25.7025 ], [ 84.263333333333321, 25.70416666666668 ] ] } },
{ "type": "Feature", "properties": { "COMID": 45047773, "id": "18527", "lengthkm": 26.056157423623823, "order": 7, "uparea": 521687.93972337787 }, "geometry": { "type": "LineString", "coordinates": [ [ 84.494166666666658, 25.684166666666677 ], [ 84.48666666666665, 25.691666666666677 ], [ 84.478333333333325, 25.69666666666668 ], [ 84.461666666666645, 25.710833333333344 ], [ 84.4575, 25.706666666666678 ], [ 84.455, 25.7075 ], [ 84.4525, 25.714166666666678 ], [ 84.448333333333323, 25.718333333333344 ], [ 84.4475, 25.724166666666676 ], [ 84.441666666666649, 25.730833333333344 ], [ 84.428333333333313, 25.7325 ], [ 84.4225, 25.735 ], [ 84.419166666666655, 25.738333333333344 ], [ 84.418333333333322, 25.743333333333347 ], [ 84.411666666666648, 25.748333333333342 ], [ 84.401666666666657, 25.76 ], [ 84.394166666666649, 25.764166666666675 ], [ 84.390833333333319, 25.771666666666675 ], [ 84.385, 25.773333333333344 ], [ 84.3775, 25.7725 ], [ 84.366666666666646, 25.763333333333343 ], [ 84.364166666666648, 25.755 ], [ 84.3575, 25.744166666666679 ], [ 84.356666666666655, 25.735833333333346 ], [ 84.35, 25.724166666666676 ], [ 84.339166666666657, 25.714166666666678 ] ] } },
{ "type": "Feature", "properties": { "COMID": 45047772, "id": "18527", "lengthkm": 4.5979382600631444, "order": 7, "uparea": 522410.60512557102 }, "geometry": { "type": "LineString", "coordinates": [ [ 84.5275, 25.660833333333343 ], [ 84.5075, 25.670833333333345 ], [ 84.499166666666653, 25.680833333333347 ], [ 84.494166666666658, 25.684166666666677 ] ] } },
{ "type": "Feature", "properties": { "COMID": 45047771, "id": "18527", "lengthkm": 6.6221770234787103, "order": 7, "uparea": 523400.43604177213 }, "geometry": { "type": "LineString", "coordinates": [ [ 84.58, 25.686666666666678 ], [ 84.5475, 25.661666666666676 ], [ 84.54, 25.66 ], [ 84.5275, 25.660833333333343 ] ] } },
{ "type": "Feature", "properties": { "COMID": 45047770, "id": "18527", "lengthkm": 7.4444147506055094, "order": 7, "uparea": 523460.62248187274 }, "geometry": { "type": "LineString", "coordinates": [ [ 84.631666666666661, 25.7325 ], [ 84.58, 25.686666666666678 ] ] } },
{ "type": "Feature", "properties": { "COMID": 45047769, "id": "18527", "lengthkm": 4.1397883912909332, "order": 7, "uparea": 523533.53624963725 }, "geometry": { "type": "LineString", "coordinates": [ [ 84.6625, 25.746666666666677 ], [ 84.655, 25.739166666666677 ], [ 84.649166666666645, 25.741666666666678 ], [ 84.645, 25.740833333333342 ], [ 84.6375, 25.7375 ], [ 84.631666666666661, 25.7325 ] ] } },
{ "type": "Feature", "properties": { "COMID": 45047768, "id": "18527", "lengthkm": 19.867446654314282, "order": 7, "uparea": 654169.8918963169 }, "geometry": { "type": "LineString", "coordinates": [ [ 84.8275, 25.725833333333345 ], [ 84.815, 25.735 ], [ 84.803333333333313, 25.74 ], [ 84.8, 25.74 ], [ 84.791666666666657, 25.748333333333342 ], [ 84.7875, 25.749166666666678 ], [ 84.783333333333317, 25.749166666666678 ], [ 84.7775, 25.746666666666677 ], [ 84.765833333333319, 25.738333333333344 ], [ 84.754166666666649, 25.7325 ], [ 84.746666666666655, 25.730833333333344 ], [ 84.735833333333318, 25.731666666666676 ], [ 84.714166666666657, 25.743333333333347 ], [ 84.701666666666654, 25.741666666666678 ], [ 84.699166666666656, 25.743333333333347 ], [ 84.6875, 25.743333333333347 ], [ 84.6825, 25.745 ], [ 84.676666666666648, 25.744166666666679 ], [ 84.67083333333332, 25.749166666666678 ], [ 84.665833333333325, 25.749166666666678 ], [ 84.6625, 25.746666666666677 ] ] } },
{ "type": "Feature", "properties": { "COMID": 45047767, "id": "18527", "lengthkm": 4.9668784044983534, "order": 7, "uparea": 655804.84740852099 }, "geometry": { "type": "LineString", "coordinates": [ [ 84.868333333333311, 25.709166666666675 ], [ 84.8625, 25.714166666666678 ], [ 84.84666666666665, 25.718333333333344 ], [ 84.8275, 25.725833333333345 ] ] } },
{ "type": "Feature", "properties": { "COMID": 45047766, "id": "18527", "lengthkm": 0.33294504959229998, "order": 7, "uparea": 723070.40022800479 }, "geometry": { "type": "LineString", "coordinates": [ [ 84.870833333333323, 25.7075 ], [ 84.868333333333311, 25.709166666666675 ] ] } },
{ "type": "Feature", "properties": { "COMID": 45047765, "id": "18527", "lengthkm": 7.5233841715602416, "order": 7, "uparea": 723147.2849433081 }, "geometry": { "type": "LineString", "coordinates": [ [ 84.92, 25.6675 ], [ 84.903333333333322, 25.6725 ], [ 84.8975, 25.6775 ], [ 84.891666666666652, 25.68 ], [ 84.885833333333323, 25.685833333333342 ], [ 84.880833333333314, 25.6875 ], [ 84.873333333333321, 25.695833333333344 ], [ 84.870833333333323, 25.7075 ] ] } },
{ "type": "Feature", "properties": { "COMID": 45047764, "id": "18527", "lengthkm": 15.603854057999206, "order": 7, "uparea": 723353.45167212817 }, "geometry": { "type": "LineString", "coordinates": [ [ 85.041666666666657, 25.6425 ], [ 85.04, 25.640833333333344 ], [ 85.03083333333332, 25.6425 ], [ 85.028333333333322, 25.645833333333343 ], [ 85.025, 25.66 ], [ 85.013333333333321, 25.6725 ], [ 85.0075, 25.675 ], [ 85.005, 25.675 ], [ 85.001666666666651, 25.671666666666678 ], [ 84.98666666666665, 25.671666666666678 ], [ 84.98333333333332, 25.674166666666679 ], [ 84.9775, 25.674166666666679 ], [ 84.956666666666649, 25.67 ], [ 84.938333333333318, 25.668333333333344 ], [ 84.928333333333313, 25.668333333333344 ], [ 84.92416666666665, 25.670833333333345 ], [ 84.92, 25.6675 ] ] } },
{ "type": "Feature", "properties": { "COMID": 45047763, "id": "18527", "lengthkm": 4.4174258623186677, "order": 7, "uparea": 723613.35287147295 }, "geometry": { "type": "LineString", "coordinates": [ [ 85.078333333333319, 25.655833333333344 ], [ 85.073333333333323, 25.655 ], [ 85.0525, 25.644166666666678 ], [ 85.044166666666655, 25.645 ], [ 85.041666666666657, 25.6425 ] ] } },
{ "type": "Feature", "properties": { "COMID": 45047762, "id": "18527", "lengthkm": 13.62517435667665, "order": 7, "uparea": 723818.65044348629 }, "geometry": { "type": "LineString", "coordinates": [ [ 85.1825, 25.623333333333342 ], [ 85.163333333333327, 25.624166666666678 ], [ 85.158333333333317, 25.625833333333347 ], [ 85.151666666666657, 25.625 ], [ 85.145833333333314, 25.6275 ], [ 85.143333333333317, 25.630833333333342 ], [ 85.140833333333319, 25.64166666666668 ], [ 85.130833333333314, 25.651666666666678 ], [ 85.1275, 25.6525 ], [ 85.125833333333318, 25.655833333333344 ], [ 85.1225, 25.6575 ], [ 85.11, 25.660833333333343 ], [ 85.105833333333322, 25.664166666666677 ], [ 85.078333333333319, 25.655833333333344 ] ] } },
{ "type": "Feature", "properties": { "COMID": 45047761, "id": "18527", "lengthkm": 30.113487532903513, "order": 7, "uparea": 767508.01009255531 }, "geometry": { "type": "LineString", "coordinates": [ [ 85.430833333333311, 25.58 ], [ 85.413333333333327, 25.581666666666678 ], [ 85.4, 25.585833333333344 ], [ 85.385833333333323, 25.595833333333346 ], [ 85.3675, 25.601666666666677 ], [ 85.349166666666648, 25.61 ], [ 85.338333333333324, 25.619166666666679 ], [ 85.326666666666654, 25.625 ], [ 85.323333333333323, 25.628333333333345 ], [ 85.301666666666648, 25.638333333333343 ], [ 85.285833333333315, 25.639166666666675 ], [ 85.28, 25.635833333333345 ], [ 85.273333333333312, 25.6275 ], [ 85.2675, 25.626666666666679 ], [ 85.2625, 25.621666666666677 ], [ 85.255, 25.6225 ], [ 85.253333333333316, 25.620833333333344 ], [ 85.2475, 25.62 ], [ 85.230833333333322, 25.610833333333346 ], [ 85.219166666666652, 25.613333333333344 ], [ 85.2025, 25.62 ], [ 85.195833333333326, 25.62 ], [ 85.1825, 25.623333333333342 ] ] } },
{ "type": "Feature", "properties": { "COMID": 45047760, "id": "18527", "lengthkm": 9.0384393626184476, "order": 7, "uparea": 767569.71665228531 }, "geometry": { "type": "LineString", "coordinates": [ [ 85.4925, 25.535833333333343 ], [ 85.488333333333316, 25.5425 ], [ 85.4825, 25.545833333333345 ], [ 85.476666666666659, 25.5525 ], [ 85.4725, 25.559166666666677 ], [ 85.470833333333317, 25.565833333333345 ], [ 85.465833333333322, 25.57 ], [ 85.460833333333312, 25.5725 ], [ 85.439166666666651, 25.575 ], [ 85.430833333333311, 25.58 ] ] } },
{ "type": "Feature", "properties": { "COMID": 45047759, "id": "18527", "lengthkm": 8.2564527523421436, "order": 7, "uparea": 767659.27251053485 }, "geometry": { "type": "LineString", "coordinates": [ [ 85.539166666666659, 25.483333333333345 ], [ 85.5175, 25.499166666666678 ], [ 85.510833333333323, 25.501666666666679 ], [ 85.503333333333316, 25.50916666666668 ], [ 85.498333333333321, 25.528333333333343 ], [ 85.4925, 25.535833333333343 ] ] } },
{ "type": "Feature", "properties": { "COMID": 45047758, "id": "18527", "lengthkm": 8.8055427635086136, "order": 7, "uparea": 777324.74148085795 }, "geometry": { "type": "LineString", "coordinates": [ [ 85.615, 25.5025 ], [ 85.609166666666653, 25.501666666666679 ], [ 85.598333333333315, 25.504166666666677 ], [ 85.583333333333314, 25.501666666666679 ], [ 85.575, 25.499166666666678 ], [ 85.56, 25.489166666666677 ], [ 85.539166666666659, 25.483333333333345 ] ] } },
{ "type": "Feature", "properties": { "COMID": 45047757, "id": "18527", "lengthkm": 22.634750168892783, "order": 7, "uparea": 777513.88358226442 }, "geometry": { "type": "LineString", "coordinates": [ [ 85.814166666666651, 25.508333333333347 ], [ 85.800833333333316, 25.510833333333345 ], [ 85.769166666666649, 25.510833333333345 ], [ 85.7525, 25.515 ], [ 85.730833333333322, 25.515 ], [ 85.723333333333315, 25.513333333333343 ], [ 85.7125, 25.5025 ], [ 85.686666666666653, 25.4975 ], [ 85.673333333333318, 25.491666666666678 ], [ 85.66, 25.491666666666678 ], [ 85.653333333333322, 25.494166666666679 ], [ 85.6325, 25.4925 ], [ 85.623333333333321, 25.499166666666678 ], [ 85.615, 25.5025 ] ] } },
{ "type": "Feature", "properties": { "COMID": 45047756, "id": "18527", "lengthkm": 10.308416660271217, "order": 7, "uparea": 777638.42763592943 }, "geometry": { "type": "LineString", "coordinates": [ [ 85.903333333333322, 25.4875 ], [ 85.8875, 25.493333333333347 ], [ 85.871666666666655, 25.490833333333345 ], [ 85.853333333333325, 25.500833333333347 ], [ 85.8475, 25.5025 ], [ 85.833333333333314, 25.5025 ], [ 85.814166666666651, 25.508333333333347 ] ] } },
{ "type": "Feature", "properties": { "COMID": 45047755, "id": "18527", "lengthkm": 0.99993157790438203, "order": 7, "uparea": 777695.62104906433 }, "geometry": { "type": "LineString", "coordinates": [ [ 85.910833333333315, 25.4825 ], [ 85.903333333333322, 25.4875 ] ] } },
{ "type": "Feature", "properties": { "COMID": 45051904, "id": "18527", "lengthkm": 13.817278566774267, "order": 7, "uparea": 779994.32015777251 }, "geometry": { "type": "LineString", "coordinates": [ [ 85.988333333333316, 25.403333333333343 ], [ 85.98666666666665, 25.415833333333346 ], [ 85.98, 25.431666666666679 ], [ 85.975833333333327, 25.435833333333342 ], [ 85.938333333333318, 25.443333333333342 ], [ 85.930833333333311, 25.453333333333344 ], [ 85.92416666666665, 25.46916666666668 ], [ 85.910833333333315, 25.4825 ] ] } },
{ "type": "Feature", "properties": { "COMID": 45051903, "id": "18527", "lengthkm": 9.658181609541872, "order": 7, "uparea": 780083.72666677891 }, "geometry": { "type": "LineString", "coordinates": [ [ 86.033333333333317, 25.335833333333344 ], [ 86.01, 25.360833333333346 ], [ 85.994166666666644, 25.375 ], [ 85.9925, 25.380833333333342 ], [ 85.98666666666665, 25.389166666666679 ], [ 85.99, 25.398333333333344 ], [ 85.99, 25.401666666666678 ], [ 85.988333333333316, 25.403333333333343 ] ] } },
{ "type": "Feature", "properties": { "COMID": 45051902, "id": "18527", "lengthkm": 15.462205649258101, "order": 7, "uparea": 780184.89537061797 }, "geometry": { "type": "LineString", "coordinates": [ [ 86.169166666666655, 25.32916666666668 ], [ 86.15083333333331, 25.3275 ], [ 86.146666666666647, 25.32916666666668 ], [ 86.141666666666652, 25.334166666666675 ], [ 86.134166666666658, 25.33666666666668 ], [ 86.1175, 25.335 ], [ 86.1125, 25.3325 ], [ 86.09333333333332, 25.3325 ], [ 86.0875, 25.334166666666675 ], [ 86.081666666666649, 25.330833333333345 ], [ 86.071666666666658, 25.335833333333344 ], [ 86.063333333333318, 25.330833333333345 ], [ 86.0475, 25.331666666666678 ], [ 86.043333333333322, 25.334166666666675 ], [ 86.033333333333317, 25.335833333333344 ] ] } },
{ "type": "Feature", "properties": { "COMID": 45051901, "id": "18527", "lengthkm": 3.344402738247271, "order": 7, "uparea": 780233.96666283952 }, "geometry": { "type": "LineString", "coordinates": [ [ 86.199166666666656, 25.3275 ], [ 86.195, 25.328333333333344 ], [ 86.185833333333321, 25.325833333333343 ], [ 86.179166666666646, 25.325833333333343 ], [ 86.169166666666655, 25.32916666666668 ] ] } },
{ "type": "Feature", "properties": { "COMID": 45051900, "id": "18527", "lengthkm": 2.6302205788259521, "order": 7, "uparea": 780284.04408593173 }, "geometry": { "type": "LineString", "coordinates": [ [ 86.220833333333317, 25.33666666666668 ], [ 86.199166666666656, 25.3275 ] ] } },
{ "type": "Feature", "properties": { "COMID": 45051899, "id": "18527", "lengthkm": 30.224758920126764, "order": 7, "uparea": 780524.47802505293 }, "geometry": { "type": "LineString", "coordinates": [ [ 86.455, 25.390833333333344 ], [ 86.4525, 25.388333333333343 ], [ 86.4425, 25.385833333333345 ], [ 86.4275, 25.379166666666677 ], [ 86.42083333333332, 25.378333333333345 ], [ 86.418333333333322, 25.375833333333347 ], [ 86.413333333333313, 25.376666666666679 ], [ 86.408333333333317, 25.3725 ], [ 86.405, 25.371666666666677 ], [ 86.4, 25.360833333333346 ], [ 86.40083333333331, 25.358333333333345 ], [ 86.399166666666645, 25.354166666666679 ], [ 86.386666666666656, 25.3375 ], [ 86.383333333333326, 25.33 ], [ 86.375833333333318, 25.3225 ], [ 86.366666666666646, 25.316666666666677 ], [ 86.35, 25.313333333333347 ], [ 86.34, 25.313333333333347 ], [ 86.320833333333326, 25.3175 ], [ 86.3075, 25.3225 ], [ 86.286666666666648, 25.333333333333343 ], [ 86.264166666666654, 25.3325 ], [ 86.26, 25.33 ], [ 86.255, 25.33 ], [ 86.245833333333323, 25.330833333333345 ], [ 86.235833333333318, 25.33666666666668 ], [ 86.220833333333317, 25.33666666666668 ] ] } },
{ "type": "Feature", "properties": { "COMID": 45051898, "id": "18527", "lengthkm": 1.517771935763004, "order": 7, "uparea": 797978.70179993298 }, "geometry": { "type": "LineString", "coordinates": [ [ 86.464166666666642, 25.400833333333345 ], [ 86.464166666666642, 25.39916666666668 ], [ 86.455, 25.390833333333344 ] ] } },
{ "type": "Feature", "properties": { "COMID": 45047754, "id": "18527", "lengthkm": 20.421149380785184, "order": 7, "uparea": 798180.41303007549 }, "geometry": { "type": "LineString", "coordinates": [ [ 86.605833333333322, 25.445 ], [ 86.599166666666648, 25.455 ], [ 86.581666666666649, 25.470833333333346 ], [ 86.565, 25.478333333333346 ], [ 86.546666666666653, 25.476666666666677 ], [ 86.538333333333313, 25.473333333333343 ], [ 86.505833333333314, 25.4375 ], [ 86.493333333333311, 25.4275 ], [ 86.4875, 25.418333333333344 ], [ 86.481666666666655, 25.4125 ], [ 86.470833333333317, 25.4075 ], [ 86.464166666666642, 25.400833333333345 ] ] } },
{ "type": "Feature", "properties": { "COMID": 45051897, "id": "18527", "lengthkm": 12.983959519354329, "order": 7, "uparea": 812325.75933562126 }, "geometry": { "type": "LineString", "coordinates": [ [ 86.573333333333323, 25.348333333333343 ], [ 86.574166666666656, 25.35 ], [ 86.5675, 25.36 ], [ 86.5675, 25.365833333333345 ], [ 86.569166666666646, 25.368333333333347 ], [ 86.566666666666649, 25.375 ], [ 86.569166666666646, 25.38416666666668 ], [ 86.573333333333323, 25.393333333333345 ], [ 86.576666666666654, 25.396666666666675 ], [ 86.5775, 25.40666666666668 ], [ 86.6, 25.4275 ], [ 86.606666666666655, 25.439166666666679 ], [ 86.605833333333322, 25.445 ] ] } },
{ "type": "Feature", "properties": { "COMID": 45051896, "id": "18527", "lengthkm": 14.840987314726481, "order": 7, "uparea": 812440.08428712515 }, "geometry": { "type": "LineString", "coordinates": [ [ 86.639166666666654, 25.248333333333346 ], [ 86.636666666666656, 25.250833333333347 ], [ 86.6325, 25.250833333333347 ], [ 86.629166666666649, 25.253333333333345 ], [ 86.629166666666649, 25.258333333333347 ], [ 86.623333333333321, 25.264166666666679 ], [ 86.616666666666646, 25.268333333333345 ], [ 86.609166666666653, 25.269166666666678 ], [ 86.5875, 25.290833333333346 ], [ 86.584166666666647, 25.2975 ], [ 86.585833333333312, 25.31 ], [ 86.576666666666654, 25.331666666666678 ], [ 86.573333333333323, 25.348333333333343 ] ] } },
{ "type": "Feature", "properties": { "COMID": 45051895, "id": "18527", "lengthkm": 2.3420771517654129, "order": 7, "uparea": 812804.86404177081 }, "geometry": { "type": "LineString", "coordinates": [ [ 86.66, 25.245 ], [ 86.65583333333332, 25.246666666666677 ], [ 86.646666666666647, 25.245833333333344 ], [ 86.639166666666654, 25.248333333333346 ] ] } },
{ "type": "Feature", "properties": { "COMID": 45051894, "id": "18527", "lengthkm": 8.5315261258591235, "order": 7, "uparea": 813444.02121682768 }, "geometry": { "type": "LineString", "coordinates": [ [ 86.735833333333318, 25.263333333333343 ], [ 86.7325, 25.26 ], [ 86.719166666666652, 25.254166666666677 ], [ 86.7025, 25.249166666666678 ], [ 86.671666666666653, 25.245 ], [ 86.66, 25.245 ] ] } },
{ "type": "Feature", "properties": { "COMID": 45051893, "id": "18527", "lengthkm": 22.268182584772731, "order": 7, "uparea": 813709.90019180183 }, "geometry": { "type": "LineString", "coordinates": [ [ 86.919166666666655, 25.3275 ], [ 86.916666666666657, 25.328333333333344 ], [ 86.906666666666652, 25.3225 ], [ 86.9025, 25.318333333333342 ], [ 86.90083333333331, 25.314166666666679 ], [ 86.896666666666647, 25.311666666666678 ], [ 86.876666666666651, 25.3075 ], [ 86.863333333333316, 25.308333333333344 ], [ 86.855833333333322, 25.305 ], [ 86.83833333333331, 25.306666666666679 ], [ 86.835833333333312, 25.305833333333347 ], [ 86.826666666666654, 25.295 ], [ 86.8225, 25.2925 ], [ 86.81, 25.29 ], [ 86.803333333333313, 25.285 ], [ 86.78416666666665, 25.28166666666668 ], [ 86.754166666666649, 25.27 ], [ 86.7475, 25.265833333333344 ], [ 86.735833333333318, 25.263333333333343 ] ] } },
{ "type": "Feature", "properties": { "COMID": 45051892, "id": "18527", "lengthkm": 12.385365758953569, "order": 7, "uparea": 813980.71451910015 }, "geometry": { "type": "LineString", "coordinates": [ [ 87.005833333333314, 25.275833333333345 ], [ 87.0025, 25.289166666666677 ], [ 86.994166666666644, 25.301666666666677 ], [ 86.975833333333313, 25.309166666666677 ], [ 86.97166666666665, 25.3125 ], [ 86.956666666666649, 25.313333333333347 ], [ 86.951666666666654, 25.316666666666677 ], [ 86.948333333333323, 25.316666666666677 ], [ 86.9425, 25.3225 ], [ 86.934166666666655, 25.32166666666668 ], [ 86.9225, 25.325 ], [ 86.919166666666655, 25.3275 ] ] } },
{ "type": "Feature", "properties": { "COMID": 45051891, "id": "18527", "lengthkm": 19.399482122811264, "order": 7, "uparea": 815681.5700693588 }, "geometry": { "type": "LineString", "coordinates": [ [ 87.1775, 25.285833333333343 ], [ 87.165833333333325, 25.285833333333343 ], [ 87.1575, 25.289166666666677 ], [ 87.143333333333317, 25.291666666666679 ], [ 87.13, 25.289166666666677 ], [ 87.119166666666644, 25.291666666666679 ], [ 87.099166666666648, 25.2825 ], [ 87.09666666666665, 25.28 ], [ 87.078333333333319, 25.275 ], [ 87.066666666666649, 25.275833333333345 ], [ 87.055833333333311, 25.2725 ], [ 87.0325, 25.2725 ], [ 87.014166666666654, 25.275833333333345 ], [ 87.005833333333314, 25.275833333333345 ] ] } },
{ "type": "Feature", "properties": { "COMID": 45051890, "id": "18527", "lengthkm": 5.6081068768050901, "order": 7, "uparea": 815785.04170398985 }, "geometry": { "type": "LineString", "coordinates": [ [ 87.21833333333332, 25.261666666666677 ], [ 87.211666666666645, 25.264166666666679 ], [ 87.206666666666649, 25.264166666666679 ], [ 87.189166666666651, 25.270833333333343 ], [ 87.181666666666644, 25.280833333333344 ], [ 87.180833333333311, 25.284166666666678 ], [ 87.1775, 25.285833333333343 ] ] } },
{ "type": "Feature", "properties": { "COMID": 45051889, "id": "18527", "lengthkm": 18.197669785274751, "order": 7, "uparea": 820852.02448098827 }, "geometry": { "type": "LineString", "coordinates": [ [ 87.263333333333321, 25.405833333333344 ], [ 87.263333333333321, 25.388333333333343 ], [ 87.26, 25.380833333333342 ], [ 87.260833333333323, 25.378333333333345 ], [ 87.2575, 25.364166666666677 ], [ 87.259166666666658, 25.3525 ], [ 87.2575, 25.345 ], [ 87.251666666666651, 25.334166666666675 ], [ 87.251666666666651, 25.326666666666679 ], [ 87.248333333333321, 25.314166666666679 ], [ 87.248333333333321, 25.296666666666678 ], [ 87.238333333333316, 25.2825 ], [ 87.223333333333315, 25.268333333333345 ], [ 87.21833333333332, 25.261666666666677 ] ] } },
{ "type": "Feature", "properties": { "COMID": 45047753, "id": "18527", "lengthkm": 10.63545491288312, "order": 8, "uparea": 908465.45903252438 }, "geometry": { "type": "LineString", "coordinates": [ [ 87.329166666666652, 25.471666666666678 ], [ 87.308333333333309, 25.46166666666668 ], [ 87.281666666666652, 25.43 ], [ 87.27583333333331, 25.419166666666676 ], [ 87.263333333333321, 25.405833333333344 ] ] } },
{ "type": "Feature", "properties": { "COMID": 45047752, "id": "18527", "lengthkm": 11.928686171297414, "order": 8, "uparea": 909001.60085836588 }, "geometry": { "type": "LineString", "coordinates": [ [ 87.425833333333316, 25.43 ], [ 87.41, 25.4425 ], [ 87.399166666666645, 25.448333333333345 ], [ 87.3875, 25.46 ], [ 87.38, 25.465 ], [ 87.374166666666653, 25.465 ], [ 87.359166666666653, 25.46916666666668 ], [ 87.3575, 25.470833333333346 ], [ 87.341666666666654, 25.470833333333346 ], [ 87.3375, 25.473333333333343 ], [ 87.329166666666652, 25.471666666666678 ] ] } },
{ "type": "Feature", "properties": { "COMID": 45047751, "id": "18527", "lengthkm": 0.249715855933, "order": 8, "uparea": 909088.14573655487 }, "geometry": { "type": "LineString", "coordinates": [ [ 87.4275, 25.428333333333345 ], [ 87.425833333333316, 25.43 ] ] } },
{ "type": "Feature", "properties": { "COMID": 45051888, "id": "18527", "lengthkm": 2.542436208690138, "order": 8, "uparea": 909148.18835281557 }, "geometry": { "type": "LineString", "coordinates": [ [ 87.446666666666658, 25.415833333333346 ], [ 87.4275, 25.428333333333345 ] ] } },
{ "type": "Feature", "properties": { "COMID": 45051887, "id": "18527", "lengthkm": 16.223620669381372, "order": 8, "uparea": 909268.28953174292 }, "geometry": { "type": "LineString", "coordinates": [ [ 87.58, 25.37 ], [ 87.565833333333316, 25.375833333333347 ], [ 87.56, 25.381666666666678 ], [ 87.551666666666648, 25.386666666666677 ], [ 87.546666666666653, 25.388333333333343 ], [ 87.545, 25.386666666666677 ], [ 87.535833333333315, 25.386666666666677 ], [ 87.5225, 25.39 ], [ 87.518333333333317, 25.393333333333345 ], [ 87.51, 25.39166666666668 ], [ 87.501666666666651, 25.395 ], [ 87.496666666666655, 25.4025 ], [ 87.493333333333311, 25.404166666666676 ], [ 87.4675, 25.409166666666678 ], [ 87.446666666666658, 25.415833333333346 ] ] } },
{ "type": "Feature", "properties": { "COMID": 45051886, "id": "18527", "lengthkm": 11.340273762566071, "order": 8, "uparea": 911533.71387224959 }, "geometry": { "type": "LineString", "coordinates": [ [ 87.633333333333326, 25.3 ], [ 87.623333333333321, 25.32166666666668 ], [ 87.615833333333313, 25.33 ], [ 87.61166666666665, 25.330833333333345 ], [ 87.6025, 25.326666666666679 ], [ 87.6, 25.32916666666668 ], [ 87.59, 25.3475 ], [ 87.59, 25.3525 ], [ 87.586666666666645, 25.359166666666678 ], [ 87.580833333333317, 25.365 ], [ 87.58, 25.37 ] ] } },
{ "type": "Feature", "properties": { "COMID": 45051885, "id": "18527", "lengthkm": 13.863521198171522, "order": 8, "uparea": 911647.70952676877 }, "geometry": { "type": "LineString", "coordinates": [ [ 87.7475, 25.283333333333346 ], [ 87.735833333333318, 25.294166666666676 ], [ 87.728333333333325, 25.2975 ], [ 87.720833333333317, 25.295833333333345 ], [ 87.703333333333319, 25.296666666666678 ], [ 87.6925, 25.301666666666677 ], [ 87.683333333333309, 25.308333333333344 ], [ 87.678333333333313, 25.305833333333347 ], [ 87.67, 25.305 ], [ 87.651666666666642, 25.299166666666679 ], [ 87.646666666666647, 25.294166666666676 ], [ 87.633333333333326, 25.3 ] ] } },
{ "type": "Feature", "properties": { "COMID": 45051884, "id": "18527", "lengthkm": 19.453443007339239, "order": 8, "uparea": 912311.87636824907 }, "geometry": { "type": "LineString", "coordinates": [ [ 87.79583333333332, 25.138333333333343 ], [ 87.8, 25.146666666666679 ], [ 87.79916666666665, 25.160833333333343 ], [ 87.8025, 25.165833333333346 ], [ 87.8, 25.185833333333346 ], [ 87.7975, 25.19 ], [ 87.7975, 25.19666666666668 ], [ 87.8, 25.203333333333347 ], [ 87.8, 25.216666666666676 ], [ 87.798333333333318, 25.223333333333343 ], [ 87.789166666666645, 25.234166666666678 ], [ 87.7875, 25.244166666666679 ], [ 87.7725, 25.268333333333345 ], [ 87.765833333333319, 25.275 ], [ 87.75, 25.283333333333346 ], [ 87.7475, 25.283333333333346 ] ] } },
{ "type": "Feature", "properties": { "COMID": 45051883, "id": "18527", "lengthkm": 8.4233897037171097, "order": 8, "uparea": 912398.53779064561 }, "geometry": { "type": "LineString", "coordinates": [ [ 87.8425, 25.09 ], [ 87.831666666666649, 25.096666666666678 ], [ 87.824166666666656, 25.0975 ], [ 87.809166666666655, 25.104166666666679 ], [ 87.800833333333316, 25.111666666666679 ], [ 87.79583333333332, 25.138333333333343 ] ] } },
{ "type": "Feature", "properties": { "COMID": 45051882, "id": "18527", "lengthkm": 4.624669222525001, "order": 8, "uparea": 925782.72516854433 }, "geometry": { "type": "LineString", "coordinates": [ [ 87.859166666666653, 25.056666666666679 ], [ 87.859166666666653, 25.065 ], [ 87.855833333333322, 25.07166666666668 ], [ 87.850833333333313, 25.076666666666679 ], [ 87.84333333333332, 25.080833333333345 ], [ 87.8425, 25.09 ] ] } },
{ "type": "Feature", "properties": { "COMID": 45051881, "id": "18527", "lengthkm": 16.310926103587931, "order": 8, "uparea": 926013.7177719574 }, "geometry": { "type": "LineString", "coordinates": [ [ 87.9775, 24.986666666666679 ], [ 87.975, 24.9925 ], [ 87.975, 24.998333333333346 ], [ 87.9725, 25.0025 ], [ 87.955833333333317, 25.02 ], [ 87.945833333333326, 25.02416666666668 ], [ 87.9375, 25.0225 ], [ 87.915, 25.039166666666681 ], [ 87.884166666666658, 25.048333333333346 ], [ 87.88, 25.048333333333346 ], [ 87.859166666666653, 25.056666666666679 ] ] } },
{ "type": "Feature", "properties": { "COMID": 45051880, "id": "18527", "lengthkm": 5.8290387575091316, "order": 8, "uparea": 926120.48174118099 }, "geometry": { "type": "LineString", "coordinates": [ [ 87.954166666666652, 24.945 ], [ 87.958333333333314, 24.964166666666678 ], [ 87.965, 24.9725 ], [ 87.9675, 24.9725 ], [ 87.973333333333315, 24.978333333333346 ], [ 87.9775, 24.986666666666679 ] ] } },
{ "type": "Feature", "properties": { "COMID": 45051879, "id": "18527", "lengthkm": 1.9875447233118191, "order": 8, "uparea": 926150.97283760435 }, "geometry": { "type": "LineString", "coordinates": [ [ 87.948333333333323, 24.929166666666678 ], [ 87.954166666666652, 24.945 ] ] } },
{ "type": "Feature", "properties": { "COMID": 45055811, "id": "18527", "lengthkm": 11.842913045794596, "order": 8, "uparea": 926235.6052297313 }, "geometry": { "type": "LineString", "coordinates": [ [ 87.933333333333309, 24.830833333333345 ], [ 87.9375, 24.838333333333345 ], [ 87.95, 24.8725 ], [ 87.950833333333321, 24.8875 ], [ 87.948333333333323, 24.905 ], [ 87.95, 24.919166666666676 ], [ 87.948333333333323, 24.929166666666678 ] ] } },
{ "type": "Feature", "properties": { "COMID": 45055810, "id": "18527", "lengthkm": 4.1564438395794436, "order": 8, "uparea": 928053.97487974737 }, "geometry": { "type": "LineString", "coordinates": [ [ 87.935833333333321, 24.796666666666678 ], [ 87.93, 24.811666666666678 ], [ 87.933333333333309, 24.830833333333345 ] ] } },
{ "type": "Feature", "properties": { "COMID": 45055809, "id": "18527", "lengthkm": 18.91204942228471, "order": 8, "uparea": 928162.58505011222 }, "geometry": { "type": "LineString", "coordinates": [ [ 87.9975, 24.655 ], [ 87.985, 24.661666666666676 ], [ 87.951666666666654, 24.69666666666668 ], [ 87.948333333333323, 24.7025 ], [ 87.945, 24.7175 ], [ 87.940833333333316, 24.725 ], [ 87.941666666666649, 24.731666666666676 ], [ 87.935833333333321, 24.744166666666679 ], [ 87.935833333333321, 24.753333333333345 ], [ 87.9375, 24.75916666666668 ], [ 87.936666666666653, 24.77 ], [ 87.938333333333318, 24.773333333333348 ], [ 87.938333333333318, 24.785 ], [ 87.935833333333321, 24.79 ], [ 87.935833333333321, 24.796666666666678 ] ] } },
{ "type": "Feature", "properties": { "COMID": 45055808, "id": "18527", "lengthkm": 13.442091377572416, "order": 8, "uparea": 928295.92314064282 }, "geometry": { "type": "LineString", "coordinates": [ [ 88.114166666666648, 24.630833333333346 ], [ 88.106666666666655, 24.630833333333346 ], [ 88.0975, 24.635 ], [ 88.086666666666645, 24.631666666666678 ], [ 88.065833333333316, 24.6325 ], [ 88.0625, 24.636666666666677 ], [ 88.051666666666648, 24.6375 ], [ 88.0425, 24.64166666666668 ], [ 88.03083333333332, 24.64166666666668 ], [ 88.018333333333317, 24.64916666666668 ], [ 88.001666666666651, 24.651666666666678 ], [ 87.9975, 24.655 ] ] } },
{ "type": "Feature", "properties": { "COMID": 45055807, "id": "18527", "lengthkm": 2.017086504194705, "order": 8, "uparea": 928364.89436697715 }, "geometry": { "type": "LineString", "coordinates": [ [ 88.1325, 24.6275 ], [ 88.114166666666648, 24.630833333333346 ] ] } },
{ "type": "Feature", "properties": { "COMID": 45055806, "id": "18527", "lengthkm": 0.58739129867411499, "order": 8, "uparea": 928465.09523491957 }, "geometry": { "type": "LineString", "coordinates": [ [ 88.1375, 24.625833333333347 ], [ 88.1325, 24.6275 ] ] } },
{ "type": "Feature", "properties": { "COMID": 45055805, "id": "18527", "lengthkm": 8.8614851493486899, "order": 8, "uparea": 928806.70236828271 }, "geometry": { "type": "LineString", "coordinates": [ [ 88.17083333333332, 24.563333333333347 ], [ 88.17, 24.58 ], [ 88.168333333333322, 24.581666666666678 ], [ 88.17083333333332, 24.58666666666668 ], [ 88.166666666666657, 24.5975 ], [ 88.16, 24.605 ], [ 88.148333333333312, 24.610833333333346 ], [ 88.141666666666652, 24.6225 ], [ 88.1375, 24.625833333333347 ] ] } },
{ "type": "Feature", "properties": { "COMID": 45055804, "id": "18527", "lengthkm": 14.818630745559563, "order": 8, "uparea": 928925.58192239841 }, "geometry": { "type": "LineString", "coordinates": [ [ 88.166666666666657, 24.4575 ], [ 88.163333333333313, 24.4725 ], [ 88.156666666666652, 24.485 ], [ 88.155, 24.486666666666679 ], [ 88.145833333333314, 24.486666666666679 ], [ 88.144166666666649, 24.488333333333344 ], [ 88.144166666666649, 24.504166666666677 ], [ 88.1425, 24.511666666666677 ], [ 88.148333333333312, 24.5225 ], [ 88.1525, 24.540833333333346 ], [ 88.158333333333317, 24.5425 ], [ 88.166666666666657, 24.551666666666677 ], [ 88.17, 24.553333333333345 ], [ 88.169166666666655, 24.558333333333344 ], [ 88.17083333333332, 24.563333333333347 ] ] } },
{ "type": "Feature", "properties": { "COMID": 45055803, "id": "18527", "lengthkm": 16.926292420309789, "order": 8, "uparea": 929096.59630489291 }, "geometry": { "type": "LineString", "coordinates": [ [ 88.310833333333321, 24.466666666666679 ], [ 88.29, 24.47 ], [ 88.285833333333315, 24.46916666666668 ], [ 88.27583333333331, 24.474166666666676 ], [ 88.2675, 24.4725 ], [ 88.258333333333312, 24.468333333333344 ], [ 88.250833333333318, 24.4675 ], [ 88.23666666666665, 24.46 ], [ 88.214166666666642, 24.4525 ], [ 88.206666666666649, 24.451666666666679 ], [ 88.199166666666656, 24.4475 ], [ 88.194166666666646, 24.44666666666668 ], [ 88.181666666666644, 24.4475 ], [ 88.175833333333316, 24.45 ], [ 88.166666666666657, 24.4575 ] ] } },
{ "type": "Feature", "properties": { "COMID": 45055802, "id": "18527", "lengthkm": 10.477427731132073, "order": 8, "uparea": 939805.3367173369 }, "geometry": { "type": "LineString", "coordinates": [ [ 88.376666666666651, 24.3975 ], [ 88.350833333333313, 24.420833333333345 ], [ 88.310833333333321, 24.466666666666679 ] ] } },
{ "type": "Feature", "properties": { "COMID": 45055801, "id": "18527", "lengthkm": 16.764260880470527, "order": 8, "uparea": 939927.1019903702 }, "geometry": { "type": "LineString", "coordinates": [ [ 88.499166666666653, 24.355833333333344 ], [ 88.4925, 24.354166666666679 ], [ 88.485833333333318, 24.359166666666681 ], [ 88.476666666666645, 24.361666666666679 ], [ 88.47166666666665, 24.365833333333345 ], [ 88.465, 24.368333333333347 ], [ 88.460833333333312, 24.375 ], [ 88.451666666666654, 24.380833333333346 ], [ 88.448333333333323, 24.376666666666679 ], [ 88.44, 24.375 ], [ 88.42416666666665, 24.376666666666679 ], [ 88.415833333333325, 24.375 ], [ 88.40916666666665, 24.368333333333347 ], [ 88.40083333333331, 24.37 ], [ 88.383333333333312, 24.385833333333345 ], [ 88.376666666666651, 24.3975 ] ] } },
{ "type": "Feature", "properties": { "COMID": 45055800, "id": "18527", "lengthkm": 4.7403365705019116, "order": 8, "uparea": 939965.39136937284 }, "geometry": { "type": "LineString", "coordinates": [ [ 88.536666666666648, 24.33666666666668 ], [ 88.52583333333331, 24.346666666666678 ], [ 88.514166666666654, 24.35 ], [ 88.510833333333323, 24.353333333333346 ], [ 88.501666666666651, 24.354166666666679 ], [ 88.499166666666653, 24.355833333333344 ] ] } },
{ "type": "Feature", "properties": { "COMID": 45055799, "id": "18527", "lengthkm": 13.622724206393936, "order": 8, "uparea": 940189.5927166536 }, "geometry": { "type": "LineString", "coordinates": [ [ 88.65083333333331, 24.3425 ], [ 88.6425, 24.348333333333343 ], [ 88.628333333333316, 24.348333333333343 ], [ 88.62, 24.353333333333346 ], [ 88.613333333333316, 24.353333333333346 ], [ 88.599166666666648, 24.3575 ], [ 88.581666666666649, 24.358333333333345 ], [ 88.569166666666646, 24.355 ], [ 88.563333333333318, 24.355 ], [ 88.558333333333309, 24.34916666666668 ], [ 88.536666666666648, 24.33666666666668 ] ] } },
{ "type": "Feature", "properties": { "COMID": 45055798, "id": "18527", "lengthkm": 12.084574955454938, "order": 8, "uparea": 940269.46241819265 }, "geometry": { "type": "LineString", "coordinates": [ [ 88.73, 24.280833333333348 ], [ 88.71833333333332, 24.303333333333345 ], [ 88.71333333333331, 24.308333333333344 ], [ 88.710833333333312, 24.314166666666679 ], [ 88.700833333333321, 24.326666666666679 ], [ 88.691666666666649, 24.3325 ], [ 88.6875, 24.3325 ], [ 88.684166666666641, 24.335833333333348 ], [ 88.67416666666665, 24.34 ], [ 88.65083333333331, 24.3425 ] ] } },
{ "type": "Feature", "properties": { "COMID": 45059549, "id": "18527", "lengthkm": 9.8177318212372029, "order": 8, "uparea": 940453.68058515922 }, "geometry": { "type": "LineString", "coordinates": [ [ 88.7425, 24.201666666666679 ], [ 88.738333333333316, 24.209166666666679 ], [ 88.738333333333316, 24.23 ], [ 88.740833333333313, 24.249166666666678 ], [ 88.7425, 24.251666666666679 ], [ 88.741666666666646, 24.261666666666677 ], [ 88.7375, 24.271666666666679 ], [ 88.73, 24.280833333333348 ] ] } },
{ "type": "Feature", "properties": { "COMID": 45059548, "id": "18527", "lengthkm": 14.781405750183545, "order": 8, "uparea": 940599.66758226848 }, "geometry": { "type": "LineString", "coordinates": [ [ 88.825833333333321, 24.109166666666681 ], [ 88.8225, 24.1125 ], [ 88.810833333333321, 24.116666666666681 ], [ 88.796666666666653, 24.13416666666668 ], [ 88.794166666666655, 24.140833333333347 ], [ 88.795, 24.15 ], [ 88.788333333333313, 24.160833333333343 ], [ 88.783333333333317, 24.165833333333346 ], [ 88.78083333333332, 24.171666666666681 ], [ 88.766666666666652, 24.183333333333344 ], [ 88.758333333333312, 24.1875 ], [ 88.748333333333321, 24.198333333333345 ], [ 88.7425, 24.201666666666679 ] ] } },
{ "type": "Feature", "properties": { "COMID": 45059547, "id": "18527", "lengthkm": 3.7864573176344982, "order": 8, "uparea": 940665.13999928441 }, "geometry": { "type": "LineString", "coordinates": [ [ 88.8575, 24.09916666666668 ], [ 88.8475, 24.09916666666668 ], [ 88.84, 24.105 ], [ 88.825833333333321, 24.109166666666681 ] ] } },
{ "type": "Feature", "properties": { "COMID": 45059546, "id": "18527", "lengthkm": 5.1835086046142838, "order": 8, "uparea": 940831.0093502223 }, "geometry": { "type": "LineString", "coordinates": [ [ 88.903333333333308, 24.106666666666676 ], [ 88.894166666666649, 24.104166666666679 ], [ 88.885833333333323, 24.104166666666679 ], [ 88.883333333333312, 24.1025 ], [ 88.875, 24.103333333333346 ], [ 88.870833333333309, 24.100833333333345 ], [ 88.866666666666646, 24.101666666666681 ], [ 88.8575, 24.09916666666668 ] ] } },
{ "type": "Feature", "properties": { "COMID": 45059545, "id": "18527", "lengthkm": 11.847255038531785, "order": 8, "uparea": 940936.67437459121 }, "geometry": { "type": "LineString", "coordinates": [ [ 88.990833333333313, 24.160833333333343 ], [ 88.978333333333325, 24.153333333333343 ], [ 88.97, 24.151666666666678 ], [ 88.96, 24.140833333333347 ], [ 88.945833333333312, 24.13416666666668 ], [ 88.936666666666653, 24.1325 ], [ 88.92083333333332, 24.115 ], [ 88.9125, 24.113333333333344 ], [ 88.903333333333308, 24.106666666666676 ] ] } },
{ "type": "Feature", "properties": { "COMID": 45059544, "id": "18527", "lengthkm": 15.193131007366883, "order": 8, "uparea": 941063.0249915187 }, "geometry": { "type": "LineString", "coordinates": [ [ 89.029166666666654, 24.051666666666677 ], [ 89.026666666666642, 24.069166666666678 ], [ 89.024166666666645, 24.075 ], [ 89.025, 24.080833333333345 ], [ 89.0225, 24.08666666666668 ], [ 89.021666666666647, 24.096666666666678 ], [ 89.023333333333312, 24.115 ], [ 89.026666666666642, 24.119166666666679 ], [ 89.026666666666642, 24.124166666666678 ], [ 89.024166666666645, 24.133333333333347 ], [ 89.020833333333314, 24.138333333333346 ], [ 89.019166666666649, 24.15 ], [ 89.011666666666656, 24.155833333333348 ], [ 89.005, 24.15666666666668 ], [ 89.0, 24.16 ], [ 88.990833333333313, 24.160833333333343 ] ] } },
{ "type": "Feature", "properties": { "COMID": 45059543, "id": "18527", "lengthkm": 22.919025509622344, "order": 8, "uparea": 941232.2068096787 }, "geometry": { "type": "LineString", "coordinates": [ [ 89.165833333333325, 23.938333333333347 ], [ 89.144166666666649, 23.944166666666678 ], [ 89.13, 23.951666666666679 ], [ 89.123333333333321, 23.951666666666679 ], [ 89.119166666666644, 23.953333333333347 ], [ 89.115, 23.9575 ], [ 89.099166666666648, 23.966666666666679 ], [ 89.090833333333308, 23.965833333333347 ], [ 89.083333333333314, 23.971666666666678 ], [ 89.074166666666656, 23.973333333333347 ], [ 89.0725, 23.975 ], [ 89.074166666666656, 23.9825 ], [ 89.068333333333314, 23.985833333333346 ], [ 89.0575, 23.985833333333346 ], [ 89.054166666666646, 23.991666666666678 ], [ 89.046666666666653, 23.999166666666678 ], [ 89.04583333333332, 24.003333333333345 ], [ 89.04, 24.013333333333346 ], [ 89.035, 24.025833333333345 ], [ 89.03083333333332, 24.05 ], [ 89.029166666666654, 24.051666666666677 ] ] } },
{ "type": "Feature", "properties": { "COMID": 45059542, "id": "18527", "lengthkm": 15.197449232252884, "order": 8, "uparea": 941358.96584197984 }, "geometry": { "type": "LineString", "coordinates": [ [ 89.3025, 23.921666666666678 ], [ 89.279166666666654, 23.9225 ], [ 89.270833333333314, 23.923333333333346 ], [ 89.268333333333317, 23.925 ], [ 89.260833333333323, 23.924166666666679 ], [ 89.255, 23.9275 ], [ 89.230833333333322, 23.931666666666679 ], [ 89.203333333333319, 23.931666666666679 ], [ 89.199166666666656, 23.93 ], [ 89.1875, 23.93 ], [ 89.165833333333325, 23.938333333333347 ] ] } },
{ "type": "Feature", "properties": { "COMID": 45059541, "id": "18527", "lengthkm": 6.1512703978047636, "order": 8, "uparea": 941533.36392942001 }, "geometry": { "type": "LineString", "coordinates": [ [ 89.348333333333315, 23.893333333333345 ], [ 89.336666666666645, 23.901666666666678 ], [ 89.3275, 23.904166666666679 ], [ 89.320833333333312, 23.91166666666668 ], [ 89.315, 23.914166666666677 ], [ 89.310833333333321, 23.914166666666677 ], [ 89.3025, 23.921666666666678 ] ] } },
{ "type": "Feature", "properties": { "COMID": 45059540, "id": "18527", "lengthkm": 9.8895827490848394, "order": 8, "uparea": 941605.2616197234 }, "geometry": { "type": "LineString", "coordinates": [ [ 89.4275, 23.875 ], [ 89.40583333333332, 23.875 ], [ 89.3975, 23.880833333333346 ], [ 89.389166666666654, 23.883333333333347 ], [ 89.3825, 23.8925 ], [ 89.373333333333321, 23.895 ], [ 89.366666666666646, 23.89916666666668 ], [ 89.36, 23.89916666666668 ], [ 89.355833333333322, 23.894166666666678 ], [ 89.348333333333315, 23.893333333333345 ] ] } },
{ "type": "Feature", "properties": { "COMID": 45059539, "id": "18527", "lengthkm": 14.848932183059439, "order": 8, "uparea": 941696.71093742794 }, "geometry": { "type": "LineString", "coordinates": [ [ 89.538333333333313, 23.813333333333347 ], [ 89.52583333333331, 23.82 ], [ 89.508333333333312, 23.8325 ], [ 89.485833333333318, 23.841666666666679 ], [ 89.4775, 23.850833333333345 ], [ 89.466666666666654, 23.851666666666677 ], [ 89.464166666666642, 23.8575 ], [ 89.459166666666647, 23.8625 ], [ 89.439166666666651, 23.875 ], [ 89.4275, 23.875 ] ] } },
{ "type": "Feature", "properties": { "COMID": 45059538, "id": "18527", "lengthkm": 23.557629231964349, "order": 8, "uparea": 942043.13008880126 }, "geometry": { "type": "LineString", "coordinates": [ [ 89.7425, 23.810833333333346 ], [ 89.731666666666655, 23.803333333333345 ], [ 89.706666666666649, 23.798333333333346 ], [ 89.696666666666644, 23.8025 ], [ 89.695, 23.805 ], [ 89.690833333333316, 23.805 ], [ 89.685833333333321, 23.8 ], [ 89.676666666666648, 23.7975 ], [ 89.661666666666648, 23.796666666666678 ], [ 89.65583333333332, 23.798333333333346 ], [ 89.644166666666649, 23.796666666666678 ], [ 89.623333333333321, 23.796666666666678 ], [ 89.619166666666644, 23.798333333333346 ], [ 89.615, 23.8025 ], [ 89.604166666666657, 23.805 ], [ 89.571666666666644, 23.806666666666679 ], [ 89.565833333333316, 23.81 ], [ 89.551666666666648, 23.814166666666679 ], [ 89.538333333333313, 23.813333333333347 ] ] } },
{ "type": "Feature", "properties": { "COMID": 45059537, "id": "18527", "lengthkm": 2.364264633039713, "order": 8, "uparea": 1480070.8617546074 }, "geometry": { "type": "LineString", "coordinates": [ [ 89.763333333333321, 23.8125 ], [ 89.7425, 23.810833333333346 ] ] } },
{ "type": "Feature", "properties": { "COMID": 45059536, "id": "18527", "lengthkm": 3.3533933894008552, "order": 8, "uparea": 1480461.6324491578 }, "geometry": { "type": "LineString", "coordinates": [ [ 89.786666666666648, 23.7925 ], [ 89.765, 23.8125 ], [ 89.763333333333321, 23.8125 ] ] } },
{ "type": "Feature", "properties": { "COMID": 45059535, "id": "18527", "lengthkm": 2.028552639801394, "order": 8, "uparea": 1480549.6332875148 }, "geometry": { "type": "LineString", "coordinates": [ [ 89.79916666666665, 23.779166666666679 ], [ 89.786666666666648, 23.7925 ] ] } },
{ "type": "Feature", "properties": { "COMID": 45059534, "id": "18527", "lengthkm": 24.147820154197287, "order": 8, "uparea": 1480725.0136060892 }, "geometry": { "type": "LineString", "coordinates": [ [ 89.995, 23.705833333333345 ], [ 89.9925, 23.708333333333346 ], [ 89.9825, 23.7125 ], [ 89.960833333333312, 23.715833333333347 ], [ 89.94, 23.723333333333347 ], [ 89.919166666666655, 23.725833333333345 ], [ 89.910833333333315, 23.725 ], [ 89.9025, 23.729166666666679 ], [ 89.886666666666656, 23.729166666666679 ], [ 89.871666666666641, 23.733333333333345 ], [ 89.855, 23.73 ], [ 89.83833333333331, 23.743333333333347 ], [ 89.813333333333318, 23.768333333333345 ], [ 89.79916666666665, 23.779166666666679 ] ] } },
{ "type": "Feature", "properties": { "COMID": 45063347, "id": "18527", "lengthkm": 5.2676845882940846, "order": 8, "uparea": 1480789.2229896402 }, "geometry": { "type": "LineString", "coordinates": [ [ 89.991666666666646, 23.660833333333347 ], [ 89.996666666666641, 23.67666666666668 ], [ 89.995, 23.705833333333345 ] ] } },
{ "type": "Feature", "properties": { "COMID": 45063346, "id": "18527", "lengthkm": 7.283326201289265, "order": 8, "uparea": 1480948.0639584674 }, "geometry": { "type": "LineString", "coordinates": [ [ 90.009166666666644, 23.605 ], [ 90.008333333333312, 23.620833333333344 ], [ 90.0125, 23.628333333333345 ], [ 90.0125, 23.633333333333347 ], [ 90.003333333333316, 23.65 ], [ 89.991666666666646, 23.660833333333347 ] ] } },
{ "type": "Feature", "properties": { "COMID": 45063345, "id": "18527", "lengthkm": 7.3301595308811152, "order": 8, "uparea": 1481136.7888560903 }, "geometry": { "type": "LineString", "coordinates": [ [ 90.059166666666641, 23.5625 ], [ 90.03, 23.5925 ], [ 90.0125, 23.601666666666681 ], [ 90.009166666666644, 23.605 ] ] } },
{ "type": "Feature", "properties": { "COMID": 45063344, "id": "18527", "lengthkm": 12.769887712414294, "order": 8, "uparea": 1481312.4314660509 }, "geometry": { "type": "LineString", "coordinates": [ [ 90.115833333333313, 23.475 ], [ 90.109166666666653, 23.4875 ], [ 90.0975, 23.503333333333345 ], [ 90.0925, 23.514166666666679 ], [ 90.090833333333308, 23.520833333333346 ], [ 90.09166666666664, 23.541666666666679 ], [ 90.084166666666647, 23.5475 ], [ 90.065, 23.5575 ], [ 90.059166666666641, 23.5625 ] ] } },
{ "type": "Feature", "properties": { "COMID": 45063343, "id": "18527", "lengthkm": 7.5193073133645347, "order": 8, "uparea": 1481911.4042069917 }, "geometry": { "type": "LineString", "coordinates": [ [ 90.179166666666646, 23.466666666666679 ], [ 90.176666666666648, 23.4675 ], [ 90.17083333333332, 23.465 ], [ 90.146666666666647, 23.460833333333348 ], [ 90.1275, 23.465833333333347 ], [ 90.115833333333313, 23.475 ] ] } },
{ "type": "Feature", "properties": { "COMID": 45063342, "id": "18527", "lengthkm": 0.084998536493851001, "order": 8, "uparea": 1482022.2761364332 }, "geometry": { "type": "LineString", "coordinates": [ [ 90.18, 23.466666666666679 ], [ 90.179166666666646, 23.466666666666679 ] ] } },
{ "type": "Feature", "properties": { "COMID": 45063341, "id": "18527", "lengthkm": 22.24883309536888, "order": 8, "uparea": 1482212.7252700049 }, "geometry": { "type": "LineString", "coordinates": [ [ 90.373333333333306, 23.42 ], [ 90.355, 23.423333333333346 ], [ 90.3325, 23.433333333333344 ], [ 90.315833333333316, 23.4325 ], [ 90.313333333333318, 23.43416666666668 ], [ 90.301666666666648, 23.435 ], [ 90.28083333333332, 23.44666666666668 ], [ 90.25, 23.45 ], [ 90.241666666666646, 23.4525 ], [ 90.24, 23.451666666666679 ], [ 90.215833333333308, 23.460833333333348 ], [ 90.203333333333319, 23.460833333333348 ], [ 90.193333333333314, 23.465 ], [ 90.18, 23.466666666666679 ] ] } },
{ "type": "Feature", "properties": { "COMID": 45063340, "id": "18527", "lengthkm": 11.879566167536154, "order": 8, "uparea": 1482501.2272524796 }, "geometry": { "type": "LineString", "coordinates": [ [ 90.436666666666653, 23.34 ], [ 90.434166666666641, 23.343333333333344 ], [ 90.430833333333311, 23.360833333333346 ], [ 90.419166666666655, 23.375833333333347 ], [ 90.40916666666665, 23.385833333333345 ], [ 90.399166666666645, 23.401666666666678 ], [ 90.373333333333306, 23.42 ] ] } },
{ "type": "Feature", "properties": { "COMID": 45063339, "id": "18527", "lengthkm": 0.714071485172183, "order": 8, "uparea": 1482555.5706116247 }, "geometry": { "type": "LineString", "coordinates": [ [ 90.441666666666649, 23.335833333333348 ], [ 90.436666666666653, 23.34 ] ] } },
{ "type": "Feature", "properties": { "COMID": 45063338, "id": "18527", "lengthkm": 3.684757535951662, "order": 8, "uparea": 1482765.1194097816 }, "geometry": { "type": "LineString", "coordinates": [ [ 90.474166666666648, 23.331666666666678 ], [ 90.454166666666652, 23.330833333333345 ], [ 90.449166666666656, 23.331666666666678 ], [ 90.441666666666649, 23.335833333333348 ] ] } },
{ "type": "Feature", "properties": { "COMID": 45063337, "id": "18527", "lengthkm": 1.9350875813103481, "order": 8, "uparea": 1482797.5267805532 }, "geometry": { "type": "LineString", "coordinates": [ [ 90.488333333333316, 23.32166666666668 ], [ 90.481666666666655, 23.324166666666681 ], [ 90.474166666666648, 23.331666666666678 ] ] } },
{ "type": "Feature", "properties": { "COMID": 45063336, "id": "18527", "lengthkm": 5.8385379776508346, "order": 8, "uparea": 1482976.942876504 }, "geometry": { "type": "LineString", "coordinates": [ [ 90.538333333333313, 23.306666666666679 ], [ 90.52916666666664, 23.3075 ], [ 90.5225, 23.310833333333346 ], [ 90.5125, 23.32 ], [ 90.488333333333316, 23.32166666666668 ] ] } },
{ "type": "Feature", "properties": { "COMID": 45063335, "id": "18527", "lengthkm": 6.305659495608567, "order": 8, "uparea": 1483033.5524042775 }, "geometry": { "type": "LineString", "coordinates": [ [ 90.5875, 23.295833333333345 ], [ 90.575833333333321, 23.293333333333347 ], [ 90.5625, 23.30166666666668 ], [ 90.554166666666646, 23.305 ], [ 90.550833333333316, 23.31 ], [ 90.543333333333322, 23.306666666666679 ], [ 90.538333333333313, 23.306666666666679 ] ] } },
{ "type": "Feature", "properties": { "COMID": 45063334, "id": "18527", "lengthkm": 7.8191387100587306, "order": 8, "uparea": 1483124.8605031187 }, "geometry": { "type": "LineString", "coordinates": [ [ 90.626666666666651, 23.24 ], [ 90.610833333333318, 23.25916666666668 ], [ 90.60833333333332, 23.268333333333345 ], [ 90.6, 23.276666666666678 ], [ 90.599166666666648, 23.28166666666668 ], [ 90.595833333333317, 23.2875 ], [ 90.5875, 23.295833333333345 ] ] } },
{ "type": "Feature", "properties": { "COMID": 45063333, "id": "18527", "lengthkm": 8.8182140991362683, "order": 8, "uparea": 1572400.525695469 }, "geometry": { "type": "LineString", "coordinates": [ [ 90.61166666666665, 23.166666666666679 ], [ 90.615, 23.186666666666678 ], [ 90.620833333333309, 23.1975 ], [ 90.626666666666651, 23.218333333333344 ], [ 90.626666666666651, 23.24 ] ] } },
{ "type": "Feature", "properties": { "COMID": 45063332, "id": "18527", "lengthkm": 7.6543775006214121, "order": 8, "uparea": 1572504.0563616927 }, "geometry": { "type": "LineString", "coordinates": [ [ 90.59333333333332, 23.105 ], [ 90.5975, 23.113333333333347 ], [ 90.601666666666645, 23.133333333333347 ], [ 90.60833333333332, 23.14916666666668 ], [ 90.6075, 23.1525 ], [ 90.61166666666665, 23.16166666666668 ], [ 90.61166666666665, 23.166666666666679 ] ] } },
{ "type": "Feature", "properties": { "COMID": 45066867, "id": "18527", "lengthkm": 8.8264913247611076, "order": 8, "uparea": 1572667.3889131162 }, "geometry": { "type": "LineString", "coordinates": [ [ 90.584166666666647, 23.0325 ], [ 90.584166666666647, 23.035 ], [ 90.590833333333308, 23.043333333333347 ], [ 90.598333333333315, 23.07166666666668 ], [ 90.598333333333315, 23.085833333333348 ], [ 90.59333333333332, 23.105 ] ] } },
{ "type": "Feature", "properties": { "COMID": 45066866, "id": "18527", "lengthkm": 11.626908692823784, "order": 8, "uparea": 1573607.9737473868 }, "geometry": { "type": "LineString", "coordinates": [ [ 90.631666666666646, 22.945 ], [ 90.628333333333316, 22.953333333333347 ], [ 90.615, 22.975 ], [ 90.61, 22.98 ], [ 90.605, 22.991666666666681 ], [ 90.600833333333313, 22.995833333333348 ], [ 90.594166666666652, 23.0125 ], [ 90.5875, 23.02 ], [ 90.584166666666647, 23.0325 ] ] } },
{ "type": "Feature", "properties": { "COMID": 45066865, "id": "18527", "lengthkm": 2.2123776367557291, "order": 8, "uparea": 1573652.1037601084 }, "geometry": { "type": "LineString", "coordinates": [ [ 90.638333333333321, 22.9275 ], [ 90.631666666666646, 22.945 ] ] } },
{ "type": "Feature", "properties": { "COMID": 45066864, "id": "18527", "lengthkm": 2.286353277797005, "order": 8, "uparea": 1573882.3011841814 }, "geometry": { "type": "LineString", "coordinates": [ [ 90.649166666666645, 22.910833333333347 ], [ 90.638333333333321, 22.9275 ] ] } },
{ "type": "Feature", "properties": { "COMID": 45066863, "id": "18527", "lengthkm": 10.136653461461982, "order": 8, "uparea": 1574012.6907671301 }, "geometry": { "type": "LineString", "coordinates": [ [ 90.7125, 22.846666666666678 ], [ 90.694166666666646, 22.861666666666679 ], [ 90.6875, 22.8725 ], [ 90.673333333333318, 22.8875 ], [ 90.663333333333313, 22.900833333333345 ], [ 90.649166666666645, 22.910833333333347 ] ] } },
{ "type": "Feature", "properties": { "COMID": 45066862, "id": "18527", "lengthkm": 6.9867986145700964, "order": 8, "uparea": 1574545.5744448761 }, "geometry": { "type": "LineString", "coordinates": [ [ 90.723333333333315, 22.788333333333345 ], [ 90.719166666666652, 22.7975 ], [ 90.7125, 22.846666666666678 ] ] } },
{ "type": "Feature", "properties": { "COMID": 45066861, "id": "18527", "lengthkm": 1.3973938849260481, "order": 8, "uparea": 1574591.2623521597 }, "geometry": { "type": "LineString", "coordinates": [ [ 90.720833333333317, 22.776666666666681 ], [ 90.723333333333315, 22.788333333333345 ] ] } },
{ "type": "Feature", "properties": { "COMID": 45066860, "id": "18527", "lengthkm": 3.3249251226456198, "order": 8, "uparea": 1574680.9067696885 }, "geometry": { "type": "LineString", "coordinates": [ [ 90.7275, 22.749166666666678 ], [ 90.7225, 22.764166666666679 ], [ 90.720833333333317, 22.776666666666681 ] ] } },
{ "type": "Feature", "properties": { "COMID": 45066859, "id": "18527", "lengthkm": 0.31137575033335202, "order": 8, "uparea": 1574708.4456096634 }, "geometry": { "type": "LineString", "coordinates": [ [ 90.72833333333331, 22.74666666666668 ], [ 90.7275, 22.749166666666678 ] ] } },
{ "type": "Feature", "properties": { "COMID": 45066858, "id": "18527", "lengthkm": 7.2847450964907097, "order": 8, "uparea": 1574834.2982043759 }, "geometry": { "type": "LineString", "coordinates": [ [ 90.7575, 22.691666666666681 ], [ 90.744166666666644, 22.713333333333345 ], [ 90.740833333333313, 22.725 ], [ 90.72833333333331, 22.74666666666668 ] ] } },
{ "type": "Feature", "properties": { "COMID": 45066857, "id": "18527", "lengthkm": 2.3985656537863922, "order": 8, "uparea": 1574898.6207858638 }, "geometry": { "type": "LineString", "coordinates": [ [ 90.764166666666654, 22.6725 ], [ 90.7575, 22.691666666666681 ] ] } },
{ "type": "Feature", "properties": { "COMID": 45066856, "id": "18527", "lengthkm": 7.0912977241002322, "order": 8, "uparea": 1575032.5004286871 }, "geometry": { "type": "LineString", "coordinates": [ [ 90.81, 22.626666666666679 ], [ 90.795, 22.644166666666681 ], [ 90.764166666666654, 22.6725 ] ] } },
{ "type": "Feature", "properties": { "COMID": 45066855, "id": "18527", "lengthkm": 7.5775848669324732, "order": 8, "uparea": 1575385.9506649468 }, "geometry": { "type": "LineString", "coordinates": [ [ 90.803333333333313, 22.563333333333347 ], [ 90.8, 22.573333333333348 ], [ 90.8, 22.589166666666681 ], [ 90.8075, 22.6125 ], [ 90.81, 22.626666666666679 ] ] } },
{ "type": "Feature", "properties": { "COMID": 45070323, "id": "18527", "lengthkm": 16.643676992320035, "order": 8, "uparea": 1575630.991704083 }, "geometry": { "type": "LineString", "coordinates": [ [ 90.9, 22.4575 ], [ 90.888333333333321, 22.4625 ], [ 90.88, 22.46916666666668 ], [ 90.868333333333311, 22.475 ], [ 90.850833333333313, 22.490833333333345 ], [ 90.839166666666642, 22.508333333333347 ], [ 90.83833333333331, 22.5175 ], [ 90.814166666666651, 22.54416666666668 ], [ 90.803333333333313, 22.563333333333347 ] ] } },
{ "type": "Feature", "properties": { "COMID": 45070322, "id": "18527", "lengthkm": 0.12617354695302499, "order": 8, "uparea": 1575661.803881095 }, "geometry": { "type": "LineString", "coordinates": [ [ 90.90083333333331, 22.456666666666681 ], [ 90.9, 22.4575 ] ] } }
]
}
