{
"type": "FeatureCollection",
"name": "downstream_23861",
"crs": { "type": "name", "properties": { "name": "urn:ogc:def:crs:OGC:1.3:CRS84" } },
"features": [
{ "type": "Feature", "properties": { "COMID": 45065498, "id": "19853", "lengthkm": 5.6977270723487434, "order": 1, "uparea": 43.632458855341007 }, "geometry": { "type": "LineString", "coordinates": [ [ 81.760833333333323, 23.220833333333346 ], [ 81.766666666666652, 23.22 ], [ 81.770833333333314, 23.221666666666678 ], [ 81.7725, 23.21916666666668 ], [ 81.775833333333324, 23.21916666666668 ], [ 81.775833333333324, 23.22416666666668 ], [ 81.785833333333329, 23.2225 ], [ 81.79, 23.22416666666668 ], [ 81.79583333333332, 23.223333333333347 ], [ 81.801666666666648, 23.225833333333345 ] ] } },
{ "type": "Feature", "properties": { "COMID": 45064745, "id": "19853", "lengthkm": 17.018658523348609, "order": 2, "uparea": 244.50835085386726 }, "geometry": { "type": "LineString", "coordinates": [ [ 81.649166666666659, 23.194166666666678 ], [ 81.66, 23.1975 ], [ 81.66, 23.193333333333346 ], [ 81.6625, 23.1925 ], [ 81.664166666666659, 23.189166666666679 ], [ 81.67083333333332, 23.191666666666681 ], [ 81.678333333333313, 23.190833333333345 ], [ 81.68, 23.191666666666681 ], [ 81.67916666666666, 23.198333333333345 ], [ 81.680833333333325, 23.200833333333346 ], [ 81.6925, 23.20416666666668 ], [ 81.696666666666658, 23.209166666666679 ], [ 81.701666666666654, 23.205 ], [ 81.71, 23.2075 ], [ 81.711666666666659, 23.20416666666668 ], [ 81.715, 23.205 ], [ 81.72, 23.2025 ], [ 81.725, 23.208333333333346 ], [ 81.73, 23.21 ], [ 81.731666666666655, 23.209166666666679 ], [ 81.73333333333332, 23.210833333333348 ], [ 81.739166666666648, 23.21 ], [ 81.741666666666646, 23.215 ], [ 81.7475, 23.214166666666678 ], [ 81.749166666666653, 23.2125 ], [ 81.758333333333326, 23.215 ], [ 81.760833333333323, 23.220833333333346 ] ] } },
{ "type": "Feature", "properties": { "COMID": 45063430, "id": "19853", "lengthkm": 9.1194678536256966, "order": 4, "uparea": 3568.2838953206883 }, "geometry": { "type": "LineString", "coordinates": [ [ 81.635, 23.2275 ], [ 81.634166666666658, 23.22416666666668 ], [ 81.629166666666663, 23.21916666666668 ], [ 81.613333333333316, 23.206666666666681 ], [ 81.614166666666648, 23.20416666666668 ], [ 81.6125, 23.2 ], [ 81.61666666666666, 23.194166666666678 ], [ 81.620833333333323, 23.193333333333346 ], [ 81.629166666666663, 23.199166666666681 ], [ 81.635, 23.2 ], [ 81.645, 23.194166666666678 ], [ 81.649166666666659, 23.194166666666678 ] ] } },
{ "type": "Feature", "properties": { "COMID": 45063426, "id": "19853", "lengthkm": 5.9674010886151168, "order": 4, "uparea": 3633.7300536882817 }, "geometry": { "type": "LineString", "coordinates": [ [ 81.59333333333332, 23.229166666666679 ], [ 81.598333333333329, 23.225 ], [ 81.604166666666657, 23.223333333333347 ], [ 81.615, 23.226666666666681 ], [ 81.6175, 23.225833333333345 ], [ 81.621666666666655, 23.229166666666679 ], [ 81.623333333333321, 23.228333333333346 ], [ 81.626666666666651, 23.23166666666668 ], [ 81.6325, 23.23166666666668 ], [ 81.635, 23.23 ], [ 81.635, 23.2275 ] ] } },
{ "type": "Feature", "properties": { "COMID": 45063423, "id": "19853", "lengthkm": 3.607487165542457, "order": 4, "uparea": 3769.3415198842231 }, "geometry": { "type": "LineString", "coordinates": [ [ 81.599166666666662, 23.256666666666678 ], [ 81.59666666666665, 23.250833333333347 ], [ 81.59666666666665, 23.243333333333347 ], [ 81.5925, 23.234166666666681 ], [ 81.59333333333332, 23.229166666666679 ] ] } },
{ "type": "Feature", "properties": { "COMID": 45063420, "id": "19853", "lengthkm": 17.118656699331492, "order": 4, "uparea": 4129.2789198911405 }, "geometry": { "type": "LineString", "coordinates": [ [ 81.480833333333322, 23.29416666666668 ], [ 81.48333333333332, 23.29416666666668 ], [ 81.48666666666665, 23.29 ], [ 81.494166666666658, 23.288333333333345 ], [ 81.4975, 23.288333333333345 ], [ 81.505, 23.293333333333347 ], [ 81.506666666666661, 23.291666666666679 ], [ 81.5075, 23.2925 ], [ 81.515833333333319, 23.288333333333345 ], [ 81.5175, 23.285 ], [ 81.518333333333317, 23.285833333333347 ], [ 81.52, 23.284166666666678 ], [ 81.519166666666649, 23.2825 ], [ 81.5225, 23.28 ], [ 81.525, 23.275 ], [ 81.529166666666654, 23.271666666666679 ], [ 81.54583333333332, 23.269166666666678 ], [ 81.561666666666653, 23.256666666666678 ], [ 81.569166666666661, 23.256666666666678 ], [ 81.571666666666658, 23.26 ], [ 81.576666666666654, 23.26 ], [ 81.584166666666647, 23.263333333333346 ], [ 81.594166666666652, 23.261666666666681 ], [ 81.599166666666662, 23.256666666666678 ] ] } },
{ "type": "Feature", "properties": { "COMID": 45063417, "id": "19853", "lengthkm": 6.8015040921412622, "order": 4, "uparea": 4519.4035751829488 }, "geometry": { "type": "LineString", "coordinates": [ [ 81.488333333333316, 23.339166666666678 ], [ 81.479166666666657, 23.334166666666679 ], [ 81.475, 23.3275 ], [ 81.4725, 23.319166666666678 ], [ 81.473333333333329, 23.313333333333347 ], [ 81.479166666666657, 23.310833333333346 ], [ 81.481666666666655, 23.3075 ], [ 81.480833333333322, 23.3025 ], [ 81.478333333333325, 23.3 ], [ 81.478333333333325, 23.296666666666681 ], [ 81.480833333333322, 23.29416666666668 ] ] } },
{ "type": "Feature", "properties": { "COMID": 45063415, "id": "19853", "lengthkm": 0.900229531988749, "order": 4, "uparea": 4587.5503617166823 }, "geometry": { "type": "LineString", "coordinates": [ [ 81.49, 23.346666666666678 ], [ 81.488333333333316, 23.339166666666678 ] ] } },
{ "type": "Feature", "properties": { "COMID": 45063414, "id": "19853", "lengthkm": 9.2848779206756795, "order": 4, "uparea": 4692.5891608878028 }, "geometry": { "type": "LineString", "coordinates": [ [ 81.459166666666647, 23.403333333333347 ], [ 81.465833333333322, 23.400833333333345 ], [ 81.4675, 23.398333333333348 ], [ 81.466666666666654, 23.394166666666678 ], [ 81.469166666666652, 23.3875 ], [ 81.475833333333327, 23.378333333333345 ], [ 81.485833333333318, 23.368333333333347 ], [ 81.5, 23.36 ], [ 81.5, 23.354166666666679 ], [ 81.4925, 23.35 ], [ 81.49, 23.346666666666678 ] ] } },
{ "type": "Feature", "properties": { "COMID": 45063412, "id": "19853", "lengthkm": 6.9689967483147726, "order": 4, "uparea": 5537.1893112824528 }, "geometry": { "type": "LineString", "coordinates": [ [ 81.4075, 23.401666666666678 ], [ 81.415833333333325, 23.395833333333346 ], [ 81.425, 23.395 ], [ 81.44083333333333, 23.398333333333348 ], [ 81.4475, 23.405 ], [ 81.455833333333317, 23.405 ], [ 81.459166666666647, 23.403333333333347 ] ] } },
{ "type": "Feature", "properties": { "COMID": 45063410, "id": "19853", "lengthkm": 12.606781979437992, "order": 4, "uparea": 5633.6311483890513 }, "geometry": { "type": "LineString", "coordinates": [ [ 81.348333333333329, 23.451666666666679 ], [ 81.36, 23.425833333333347 ], [ 81.36666666666666, 23.423333333333346 ], [ 81.3725, 23.423333333333346 ], [ 81.381666666666661, 23.4275 ], [ 81.393333333333317, 23.4275 ], [ 81.399166666666659, 23.43 ], [ 81.40916666666665, 23.425833333333347 ], [ 81.411666666666662, 23.423333333333346 ], [ 81.411666666666662, 23.41916666666668 ], [ 81.405, 23.41 ], [ 81.405, 23.405833333333344 ], [ 81.4075, 23.401666666666678 ] ] } },
{ "type": "Feature", "properties": { "COMID": 45063407, "id": "19853", "lengthkm": 6.9729636707239981, "order": 4, "uparea": 5733.5387315000771 }, "geometry": { "type": "LineString", "coordinates": [ [ 81.30416666666666, 23.453333333333347 ], [ 81.3075, 23.448333333333345 ], [ 81.310833333333321, 23.44666666666668 ], [ 81.323333333333323, 23.449166666666681 ], [ 81.328333333333319, 23.451666666666679 ], [ 81.333333333333314, 23.460833333333348 ], [ 81.3375, 23.463333333333345 ], [ 81.341666666666654, 23.46166666666668 ], [ 81.348333333333329, 23.451666666666679 ] ] } },
{ "type": "Feature", "properties": { "COMID": 45063405, "id": "19853", "lengthkm": 2.539391706301378, "order": 4, "uparea": 6292.2874802006099 }, "geometry": { "type": "LineString", "coordinates": [ [ 81.29916666666665, 23.47 ], [ 81.300833333333316, 23.47 ], [ 81.301666666666648, 23.465833333333347 ], [ 81.3, 23.464166666666678 ], [ 81.30416666666666, 23.453333333333347 ] ] } },
{ "type": "Feature", "properties": { "COMID": 45063404, "id": "19853", "lengthkm": 5.3464804823404322, "order": 4, "uparea": 6340.6828537616957 }, "geometry": { "type": "LineString", "coordinates": [ [ 81.2925, 23.511666666666681 ], [ 81.2925, 23.493333333333347 ], [ 81.296666666666653, 23.479166666666679 ], [ 81.29583333333332, 23.4775 ], [ 81.29916666666665, 23.473333333333347 ], [ 81.29916666666665, 23.47 ] ] } },
{ "type": "Feature", "properties": { "COMID": 45063400, "id": "19853", "lengthkm": 7.4611002900037757, "order": 4, "uparea": 6420.6915762609142 }, "geometry": { "type": "LineString", "coordinates": [ [ 81.2925, 23.565 ], [ 81.298333333333318, 23.558333333333344 ], [ 81.298333333333318, 23.555 ], [ 81.293333333333322, 23.550833333333347 ], [ 81.294166666666655, 23.55 ], [ 81.2925, 23.549166666666679 ], [ 81.293333333333322, 23.546666666666678 ], [ 81.291666666666657, 23.54416666666668 ], [ 81.2975, 23.534166666666678 ], [ 81.29583333333332, 23.525833333333345 ], [ 81.291666666666657, 23.518333333333345 ], [ 81.2925, 23.511666666666681 ] ] } },
{ "type": "Feature", "properties": { "COMID": 45063398, "id": "19853", "lengthkm": 14.002410808185903, "order": 4, "uparea": 6636.171418794529 }, "geometry": { "type": "LineString", "coordinates": [ [ 81.23666666666665, 23.645 ], [ 81.23666666666665, 23.631666666666678 ], [ 81.239166666666648, 23.629166666666681 ], [ 81.240833333333313, 23.623333333333346 ], [ 81.24, 23.62166666666668 ], [ 81.2475, 23.613333333333347 ], [ 81.249166666666653, 23.608333333333345 ], [ 81.249166666666653, 23.58 ], [ 81.256666666666661, 23.573333333333345 ], [ 81.269166666666649, 23.57 ], [ 81.2775, 23.57 ], [ 81.279166666666654, 23.57166666666668 ], [ 81.2825, 23.57 ], [ 81.285, 23.570833333333347 ], [ 81.2925, 23.565 ] ] } },
{ "type": "Feature", "properties": { "COMID": 45059649, "id": "19853", "lengthkm": 6.1335299414936912, "order": 4, "uparea": 9561.3556136950101 }, "geometry": { "type": "LineString", "coordinates": [ [ 81.235, 23.688333333333347 ], [ 81.228333333333325, 23.6825 ], [ 81.2275, 23.678333333333345 ], [ 81.235833333333318, 23.67 ], [ 81.24166666666666, 23.660833333333347 ], [ 81.24166666666666, 23.6525 ], [ 81.23666666666665, 23.645 ] ] } },
{ "type": "Feature", "properties": { "COMID": 45059647, "id": "19853", "lengthkm": 1.4372198120398429, "order": 4, "uparea": 9839.3288587095576 }, "geometry": { "type": "LineString", "coordinates": [ [ 81.245, 23.695833333333347 ], [ 81.24, 23.693333333333346 ], [ 81.235, 23.688333333333347 ] ] } },
{ "type": "Feature", "properties": { "COMID": 45059646, "id": "19853", "lengthkm": 4.0157591351715833, "order": 4, "uparea": 10390.259700346196 }, "geometry": { "type": "LineString", "coordinates": [ [ 81.245833333333323, 23.7275 ], [ 81.248333333333321, 23.7225 ], [ 81.248333333333321, 23.7175 ], [ 81.244166666666658, 23.71 ], [ 81.245833333333323, 23.705 ], [ 81.245, 23.695833333333347 ] ] } },
{ "type": "Feature", "properties": { "COMID": 45059645, "id": "19853", "lengthkm": 6.6194879690358466, "order": 4, "uparea": 10489.046797729345 }, "geometry": { "type": "LineString", "coordinates": [ [ 81.209166666666647, 23.76 ], [ 81.2125, 23.745 ], [ 81.219166666666652, 23.740833333333345 ], [ 81.220833333333317, 23.741666666666678 ], [ 81.226666666666659, 23.73916666666668 ], [ 81.230833333333322, 23.74 ], [ 81.24, 23.736666666666679 ], [ 81.245, 23.730833333333347 ], [ 81.245833333333323, 23.7275 ] ] } },
{ "type": "Feature", "properties": { "COMID": 45059644, "id": "19853", "lengthkm": 1.863935977173828, "order": 4, "uparea": 10631.116214447713 }, "geometry": { "type": "LineString", "coordinates": [ [ 81.200833333333321, 23.773333333333344 ], [ 81.205833333333317, 23.7675 ], [ 81.209166666666647, 23.76 ] ] } },
{ "type": "Feature", "properties": { "COMID": 45059643, "id": "19853", "lengthkm": 3.7621205650960361, "order": 4, "uparea": 10735.752607072362 }, "geometry": { "type": "LineString", "coordinates": [ [ 81.17916666666666, 23.795 ], [ 81.181666666666658, 23.79 ], [ 81.1875, 23.785 ], [ 81.19, 23.785 ], [ 81.200833333333321, 23.773333333333344 ] ] } },
{ "type": "Feature", "properties": { "COMID": 45059642, "id": "19853", "lengthkm": 12.871790747427386, "order": 4, "uparea": 10881.173450292574 }, "geometry": { "type": "LineString", "coordinates": [ [ 81.264166666666654, 23.831666666666678 ], [ 81.2475, 23.83 ], [ 81.23, 23.82166666666668 ], [ 81.19, 23.82166666666668 ], [ 81.185, 23.818333333333346 ], [ 81.183333333333323, 23.811666666666678 ], [ 81.180833333333325, 23.81 ], [ 81.178333333333313, 23.8 ], [ 81.18, 23.7975 ], [ 81.17916666666666, 23.795 ] ] } },
{ "type": "Feature", "properties": { "COMID": 45059641, "id": "19853", "lengthkm": 3.35651793846184, "order": 4, "uparea": 10937.489188444844 }, "geometry": { "type": "LineString", "coordinates": [ [ 81.259166666666658, 23.853333333333346 ], [ 81.269166666666649, 23.843333333333344 ], [ 81.269166666666649, 23.835 ], [ 81.264166666666654, 23.831666666666678 ] ] } },
{ "type": "Feature", "properties": { "COMID": 45059640, "id": "19853", "lengthkm": 9.3554969101201753, "order": 4, "uparea": 11092.406997841685 }, "geometry": { "type": "LineString", "coordinates": [ [ 81.2075, 23.8825 ], [ 81.213333333333324, 23.876666666666679 ], [ 81.213333333333324, 23.873333333333346 ], [ 81.2175, 23.87166666666668 ], [ 81.2175, 23.861666666666679 ], [ 81.220833333333317, 23.858333333333345 ], [ 81.22, 23.85666666666668 ], [ 81.22166666666665, 23.854166666666679 ], [ 81.224166666666662, 23.855 ], [ 81.225, 23.8525 ], [ 81.229166666666657, 23.853333333333346 ], [ 81.230833333333322, 23.851666666666677 ], [ 81.24166666666666, 23.8575 ], [ 81.2525, 23.855833333333347 ], [ 81.254166666666663, 23.854166666666679 ], [ 81.256666666666661, 23.855 ], [ 81.259166666666658, 23.853333333333346 ] ] } },
{ "type": "Feature", "properties": { "COMID": 45059639, "id": "19853", "lengthkm": 5.4443673150307026, "order": 4, "uparea": 11163.527533189981 }, "geometry": { "type": "LineString", "coordinates": [ [ 81.168333333333322, 23.8825 ], [ 81.171666666666653, 23.88 ], [ 81.176666666666648, 23.879166666666681 ], [ 81.1775, 23.8775 ], [ 81.17916666666666, 23.879166666666681 ], [ 81.1825, 23.8775 ], [ 81.186666666666653, 23.880833333333346 ], [ 81.19, 23.879166666666681 ], [ 81.1925, 23.881666666666678 ], [ 81.200833333333321, 23.885 ], [ 81.205, 23.88416666666668 ], [ 81.206666666666649, 23.881666666666678 ], [ 81.2075, 23.8825 ] ] } },
{ "type": "Feature", "properties": { "COMID": 45059638, "id": "19853", "lengthkm": 6.562610453664929, "order": 4, "uparea": 11234.706183657499 }, "geometry": { "type": "LineString", "coordinates": [ [ 81.169166666666655, 23.921666666666678 ], [ 81.1775, 23.915 ], [ 81.176666666666648, 23.909166666666678 ], [ 81.1725, 23.903333333333347 ], [ 81.166666666666657, 23.901666666666678 ], [ 81.164166666666659, 23.9025 ], [ 81.16, 23.8975 ], [ 81.161666666666662, 23.8925 ], [ 81.164166666666659, 23.890833333333347 ], [ 81.166666666666657, 23.885833333333345 ], [ 81.166666666666657, 23.883333333333347 ], [ 81.168333333333322, 23.8825 ] ] } },
{ "type": "Feature", "properties": { "COMID": 45059637, "id": "19853", "lengthkm": 4.8454424939133514, "order": 4, "uparea": 11304.222264198859 }, "geometry": { "type": "LineString", "coordinates": [ [ 81.135833333333323, 23.929166666666678 ], [ 81.138333333333321, 23.9275 ], [ 81.138333333333321, 23.925833333333344 ], [ 81.146666666666647, 23.920833333333345 ], [ 81.1575, 23.9275 ], [ 81.161666666666662, 23.925833333333344 ], [ 81.163333333333327, 23.92666666666668 ], [ 81.169166666666655, 23.921666666666678 ] ] } },
{ "type": "Feature", "properties": { "COMID": 45059636, "id": "19853", "lengthkm": 4.5492938804081327, "order": 4, "uparea": 11385.868840808154 }, "geometry": { "type": "LineString", "coordinates": [ [ 81.13, 23.96166666666668 ], [ 81.129166666666663, 23.9575 ], [ 81.1275, 23.956666666666678 ], [ 81.125833333333318, 23.945833333333347 ], [ 81.12833333333333, 23.941666666666681 ], [ 81.1275, 23.940833333333345 ], [ 81.135833333333323, 23.929166666666678 ] ] } },
{ "type": "Feature", "properties": { "COMID": 45059635, "id": "19853", "lengthkm": 13.517761207639374, "order": 4, "uparea": 11531.034121006658 }, "geometry": { "type": "LineString", "coordinates": [ [ 81.060833333333321, 23.998333333333346 ], [ 81.063333333333318, 23.9875 ], [ 81.060833333333321, 23.986666666666679 ], [ 81.063333333333318, 23.98 ], [ 81.0625, 23.978333333333346 ], [ 81.0675, 23.966666666666679 ], [ 81.073333333333323, 23.9625 ], [ 81.08, 23.9625 ], [ 81.089166666666657, 23.966666666666679 ], [ 81.1, 23.966666666666679 ], [ 81.1025, 23.965 ], [ 81.105, 23.966666666666679 ], [ 81.106666666666655, 23.965 ], [ 81.11, 23.9675 ], [ 81.11166666666665, 23.965833333333347 ], [ 81.113333333333316, 23.968333333333344 ], [ 81.118333333333325, 23.970833333333346 ], [ 81.12833333333333, 23.9725 ], [ 81.130833333333328, 23.968333333333344 ], [ 81.130833333333328, 23.965 ], [ 81.129166666666663, 23.963333333333345 ], [ 81.13, 23.96166666666668 ] ] } },
{ "type": "Feature", "properties": { "COMID": 45059634, "id": "19853", "lengthkm": 14.554534518695553, "order": 4, "uparea": 11751.734827290948 }, "geometry": { "type": "LineString", "coordinates": [ [ 81.006666666666661, 24.09 ], [ 81.00333333333333, 24.084166666666679 ], [ 80.998333333333321, 24.08 ], [ 80.998333333333321, 24.074166666666677 ], [ 81.0025, 24.064166666666679 ], [ 81.016666666666652, 24.055 ], [ 81.026666666666657, 24.045 ], [ 81.029166666666654, 24.0375 ], [ 81.025833333333324, 24.033333333333346 ], [ 81.036666666666662, 24.023333333333348 ], [ 81.04583333333332, 24.0175 ], [ 81.048333333333318, 24.0125 ], [ 81.0575, 24.005833333333346 ], [ 81.060833333333321, 23.998333333333346 ] ] } },
{ "type": "Feature", "properties": { "COMID": 45059633, "id": "19853", "lengthkm": 6.522831063792343, "order": 5, "uparea": 17951.045436981418 }, "geometry": { "type": "LineString", "coordinates": [ [ 81.061666666666653, 24.109166666666681 ], [ 81.006666666666661, 24.09 ] ] } },
{ "type": "Feature", "properties": { "COMID": 45059632, "id": "19853", "lengthkm": 1.263038334914212, "order": 5, "uparea": 18025.922745998982 }, "geometry": { "type": "LineString", "coordinates": [ [ 81.0725, 24.1125 ], [ 81.061666666666653, 24.109166666666681 ] ] } },
{ "type": "Feature", "properties": { "COMID": 45059631, "id": "19853", "lengthkm": 1.846577905115885, "order": 5, "uparea": 18059.759727141773 }, "geometry": { "type": "LineString", "coordinates": [ [ 81.086666666666659, 24.120833333333344 ], [ 81.0725, 24.1125 ] ] } },
{ "type": "Feature", "properties": { "COMID": 45059630, "id": "19853", "lengthkm": 11.714436094191385, "order": 5, "uparea": 18193.393311331765 }, "geometry": { "type": "LineString", "coordinates": [ [ 81.18, 24.119166666666679 ], [ 81.17416666666665, 24.126666666666679 ], [ 81.165, 24.128333333333345 ], [ 81.15916666666665, 24.1375 ], [ 81.130833333333328, 24.135 ], [ 81.10833333333332, 24.1275 ], [ 81.105, 24.128333333333345 ], [ 81.104166666666657, 24.126666666666679 ], [ 81.0925, 24.120833333333344 ], [ 81.086666666666659, 24.120833333333344 ] ] } },
{ "type": "Feature", "properties": { "COMID": 45059629, "id": "19853", "lengthkm": 2.6514627128240571, "order": 5, "uparea": 18235.179675296862 }, "geometry": { "type": "LineString", "coordinates": [ [ 81.2025, 24.111666666666679 ], [ 81.18, 24.119166666666679 ] ] } },
{ "type": "Feature", "properties": { "COMID": 45059628, "id": "19853", "lengthkm": 1.718312543160764, "order": 5, "uparea": 18344.301828379641 }, "geometry": { "type": "LineString", "coordinates": [ [ 81.215, 24.120833333333344 ], [ 81.2025, 24.111666666666679 ] ] } },
{ "type": "Feature", "properties": { "COMID": 45059627, "id": "19853", "lengthkm": 7.6617912539642727, "order": 5, "uparea": 18388.508781330082 }, "geometry": { "type": "LineString", "coordinates": [ [ 81.254166666666663, 24.1725 ], [ 81.226666666666659, 24.15 ], [ 81.219166666666652, 24.135 ], [ 81.22, 24.1275 ], [ 81.215, 24.120833333333344 ] ] } },
{ "type": "Feature", "properties": { "COMID": 45059626, "id": "19853", "lengthkm": 3.768242636574922, "order": 5, "uparea": 18642.918672326683 }, "geometry": { "type": "LineString", "coordinates": [ [ 81.28083333333332, 24.194166666666678 ], [ 81.2775, 24.193333333333346 ], [ 81.254166666666663, 24.1725 ] ] } },
{ "type": "Feature", "properties": { "COMID": 45059625, "id": "19853", "lengthkm": 7.1110000536179081, "order": 5, "uparea": 18706.557268970493 }, "geometry": { "type": "LineString", "coordinates": [ [ 81.338333333333324, 24.1875 ], [ 81.335833333333326, 24.189166666666679 ], [ 81.331666666666649, 24.189166666666679 ], [ 81.329166666666652, 24.191666666666677 ], [ 81.325, 24.191666666666677 ], [ 81.319166666666661, 24.188333333333347 ], [ 81.3075, 24.189166666666679 ], [ 81.2925, 24.186666666666678 ], [ 81.28416666666665, 24.190833333333345 ], [ 81.28083333333332, 24.194166666666678 ] ] } },
{ "type": "Feature", "properties": { "COMID": 45055907, "id": "19853", "lengthkm": 20.801131443039079, "order": 5, "uparea": 19085.873773889249 }, "geometry": { "type": "LineString", "coordinates": [ [ 81.445833333333326, 24.25916666666668 ], [ 81.444166666666661, 24.260833333333345 ], [ 81.44, 24.258333333333347 ], [ 81.435833333333321, 24.26 ], [ 81.428333333333313, 24.25916666666668 ], [ 81.416666666666657, 24.264166666666679 ], [ 81.405, 24.263333333333346 ], [ 81.4, 24.265833333333347 ], [ 81.390833333333319, 24.2625 ], [ 81.385833333333323, 24.2625 ], [ 81.381666666666661, 24.255833333333346 ], [ 81.383333333333326, 24.2525 ], [ 81.381666666666661, 24.248333333333346 ], [ 81.3825, 24.245 ], [ 81.380833333333328, 24.2425 ], [ 81.381666666666661, 24.239166666666677 ], [ 81.38, 24.238333333333344 ], [ 81.380833333333328, 24.235833333333346 ], [ 81.373333333333321, 24.226666666666681 ], [ 81.374166666666653, 24.225 ], [ 81.369166666666658, 24.216666666666679 ], [ 81.369166666666658, 24.214166666666678 ], [ 81.365833333333313, 24.2125 ], [ 81.36166666666665, 24.205 ], [ 81.3625, 24.2025 ], [ 81.365833333333313, 24.2025 ], [ 81.365833333333313, 24.195 ], [ 81.36166666666665, 24.1925 ], [ 81.3575, 24.1925 ], [ 81.34666666666665, 24.185833333333346 ], [ 81.344166666666652, 24.1875 ], [ 81.3425, 24.185833333333346 ], [ 81.339166666666657, 24.188333333333347 ], [ 81.338333333333324, 24.1875 ] ] } },
{ "type": "Feature", "properties": { "COMID": 45055906, "id": "19853", "lengthkm": 3.9874870001722571, "order": 5, "uparea": 19162.992188693432 }, "geometry": { "type": "LineString", "coordinates": [ [ 81.455, 24.285 ], [ 81.4525, 24.275833333333345 ], [ 81.4575, 24.26666666666668 ], [ 81.451666666666654, 24.260833333333345 ], [ 81.445833333333326, 24.25916666666668 ] ] } },
{ "type": "Feature", "properties": { "COMID": 45055905, "id": "19853", "lengthkm": 3.4175307700850812, "order": 5, "uparea": 22744.89650660567 }, "geometry": { "type": "LineString", "coordinates": [ [ 81.465, 24.309166666666677 ], [ 81.46, 24.3075 ], [ 81.456666666666649, 24.303333333333345 ], [ 81.455, 24.285 ] ] } },
{ "type": "Feature", "properties": { "COMID": 45055904, "id": "19853", "lengthkm": 22.853968883175511, "order": 5, "uparea": 23108.482626255129 }, "geometry": { "type": "LineString", "coordinates": [ [ 81.62833333333333, 24.4 ], [ 81.615, 24.394166666666678 ], [ 81.606666666666655, 24.386666666666677 ], [ 81.6, 24.3675 ], [ 81.589166666666657, 24.359166666666681 ], [ 81.586666666666659, 24.359166666666681 ], [ 81.583333333333314, 24.353333333333346 ], [ 81.579166666666652, 24.350833333333345 ], [ 81.570833333333326, 24.339166666666678 ], [ 81.551666666666648, 24.33 ], [ 81.54583333333332, 24.33 ], [ 81.54, 24.326666666666679 ], [ 81.531666666666652, 24.325 ], [ 81.520833333333314, 24.315 ], [ 81.510833333333323, 24.310833333333346 ], [ 81.509166666666658, 24.311666666666678 ], [ 81.504166666666663, 24.309166666666677 ], [ 81.499166666666653, 24.309166666666677 ], [ 81.495833333333323, 24.310833333333346 ], [ 81.485, 24.31 ], [ 81.4825, 24.311666666666678 ], [ 81.475, 24.311666666666678 ], [ 81.465, 24.309166666666677 ] ] } },
{ "type": "Feature", "properties": { "COMID": 45055903, "id": "19853", "lengthkm": 17.12298742659603, "order": 5, "uparea": 23306.91172110214 }, "geometry": { "type": "LineString", "coordinates": [ [ 81.766666666666652, 24.438333333333347 ], [ 81.760833333333323, 24.434166666666677 ], [ 81.758333333333326, 24.435 ], [ 81.755833333333328, 24.431666666666679 ], [ 81.75, 24.429166666666678 ], [ 81.748333333333321, 24.430833333333347 ], [ 81.743333333333325, 24.429166666666678 ], [ 81.7425, 24.425833333333344 ], [ 81.7375, 24.42 ], [ 81.7325, 24.4175 ], [ 81.715833333333322, 24.413333333333345 ], [ 81.709166666666647, 24.414166666666681 ], [ 81.693333333333328, 24.410833333333343 ], [ 81.688333333333318, 24.408333333333346 ], [ 81.68, 24.400833333333345 ], [ 81.67083333333332, 24.3975 ], [ 81.65916666666665, 24.3975 ], [ 81.658333333333317, 24.39916666666668 ], [ 81.6475, 24.401666666666678 ], [ 81.638333333333321, 24.401666666666678 ], [ 81.631666666666661, 24.39916666666668 ], [ 81.62833333333333, 24.4 ] ] } },
{ "type": "Feature", "properties": { "COMID": 45055902, "id": "19853", "lengthkm": 1.1819591569261301, "order": 5, "uparea": 23562.291193479759 }, "geometry": { "type": "LineString", "coordinates": [ [ 81.775, 24.444166666666678 ], [ 81.766666666666652, 24.438333333333347 ] ] } },
{ "type": "Feature", "properties": { "COMID": 45055901, "id": "19853", "lengthkm": 0.42763594258599902, "order": 5, "uparea": 23644.769326906964 }, "geometry": { "type": "LineString", "coordinates": [ [ 81.7775, 24.44666666666668 ], [ 81.775, 24.444166666666678 ] ] } },
{ "type": "Feature", "properties": { "COMID": 45055900, "id": "19853", "lengthkm": 7.097377591336623, "order": 5, "uparea": 23803.241931410699 }, "geometry": { "type": "LineString", "coordinates": [ [ 81.8375, 24.4525 ], [ 81.826666666666654, 24.448333333333345 ], [ 81.82, 24.448333333333345 ], [ 81.815833333333316, 24.445833333333347 ], [ 81.8025, 24.443333333333346 ], [ 81.79583333333332, 24.443333333333346 ], [ 81.785, 24.448333333333345 ], [ 81.7775, 24.44666666666668 ] ] } },
{ "type": "Feature", "properties": { "COMID": 45055899, "id": "19853", "lengthkm": 0.58801389917442703, "order": 5, "uparea": 23836.435124240776 }, "geometry": { "type": "LineString", "coordinates": [ [ 81.8425, 24.4525 ], [ 81.8375, 24.4525 ] ] } },
{ "type": "Feature", "properties": { "COMID": 45055898, "id": "19853", "lengthkm": 5.5015389491734137, "order": 5, "uparea": 23882.01835633663 }, "geometry": { "type": "LineString", "coordinates": [ [ 81.889166666666654, 24.465 ], [ 81.871666666666655, 24.463333333333345 ], [ 81.8625, 24.4575 ], [ 81.853333333333325, 24.4575 ], [ 81.849166666666662, 24.45416666666668 ], [ 81.8425, 24.4525 ] ] } },
{ "type": "Feature", "properties": { "COMID": 45055897, "id": "19853", "lengthkm": 14.267746764283215, "order": 5, "uparea": 24043.209956077528 }, "geometry": { "type": "LineString", "coordinates": [ [ 82.000833333333318, 24.491666666666678 ], [ 81.9925, 24.486666666666679 ], [ 81.989166666666648, 24.488333333333344 ], [ 81.984166666666653, 24.484166666666681 ], [ 81.979166666666657, 24.485 ], [ 81.97166666666665, 24.4825 ], [ 81.964166666666657, 24.476666666666681 ], [ 81.960833333333326, 24.479166666666679 ], [ 81.959166666666647, 24.475 ], [ 81.955, 24.475 ], [ 81.95, 24.4725 ], [ 81.93, 24.47 ], [ 81.925, 24.4675 ], [ 81.919166666666655, 24.46916666666668 ], [ 81.9175, 24.4675 ], [ 81.915833333333325, 24.468333333333344 ], [ 81.911666666666662, 24.464166666666678 ], [ 81.906666666666652, 24.464166666666678 ], [ 81.905, 24.4625 ], [ 81.899166666666659, 24.465833333333343 ], [ 81.889166666666654, 24.465 ] ] } },
{ "type": "Feature", "properties": { "COMID": 45055896, "id": "19853", "lengthkm": 2.0936725390869331, "order": 5, "uparea": 24171.099315752137 }, "geometry": { "type": "LineString", "coordinates": [ [ 82.016666666666652, 24.5 ], [ 82.005833333333328, 24.496666666666677 ], [ 82.000833333333318, 24.491666666666678 ] ] } },
{ "type": "Feature", "properties": { "COMID": 45055895, "id": "19853", "lengthkm": 8.2476091021705962, "order": 5, "uparea": 24337.95700331128 }, "geometry": { "type": "LineString", "coordinates": [ [ 82.089166666666657, 24.500833333333347 ], [ 82.079166666666652, 24.503333333333345 ], [ 82.07, 24.503333333333345 ], [ 82.04916666666665, 24.5 ], [ 82.045, 24.503333333333345 ], [ 82.03, 24.5025 ], [ 82.025833333333324, 24.504166666666677 ], [ 82.016666666666652, 24.5 ] ] } },
{ "type": "Feature", "properties": { "COMID": 45055894, "id": "19853", "lengthkm": 19.745053287193407, "order": 5, "uparea": 24460.371628947334 }, "geometry": { "type": "LineString", "coordinates": [ [ 82.226666666666659, 24.554166666666678 ], [ 82.2225, 24.555 ], [ 82.22, 24.5525 ], [ 82.21, 24.551666666666677 ], [ 82.206666666666649, 24.548333333333346 ], [ 82.203333333333319, 24.541666666666679 ], [ 82.203333333333319, 24.53166666666668 ], [ 82.205, 24.529166666666679 ], [ 82.205, 24.525 ], [ 82.203333333333319, 24.5225 ], [ 82.193333333333328, 24.520833333333343 ], [ 82.185833333333321, 24.52416666666668 ], [ 82.171666666666653, 24.525833333333345 ], [ 82.165833333333325, 24.523333333333348 ], [ 82.155, 24.5225 ], [ 82.1475, 24.515 ], [ 82.136666666666656, 24.51 ], [ 82.135, 24.506666666666678 ], [ 82.1325, 24.506666666666678 ], [ 82.128333333333316, 24.503333333333345 ], [ 82.125, 24.503333333333345 ], [ 82.125, 24.505 ], [ 82.1225, 24.505833333333346 ], [ 82.115, 24.505833333333346 ], [ 82.099166666666662, 24.5 ], [ 82.089166666666657, 24.500833333333347 ] ] } },
{ "type": "Feature", "properties": { "COMID": 45055893, "id": "19853", "lengthkm": 16.315386147538703, "order": 5, "uparea": 24573.687527717233 }, "geometry": { "type": "LineString", "coordinates": [ [ 82.331666666666649, 24.550833333333344 ], [ 82.329166666666652, 24.546666666666681 ], [ 82.330833333333317, 24.544166666666676 ], [ 82.329166666666652, 24.5425 ], [ 82.33, 24.54 ], [ 82.323333333333323, 24.534166666666678 ], [ 82.311666666666653, 24.528333333333343 ], [ 82.296666666666653, 24.525833333333345 ], [ 82.2925, 24.5275 ], [ 82.291666666666657, 24.530833333333344 ], [ 82.289166666666659, 24.5325 ], [ 82.29, 24.534166666666678 ], [ 82.286666666666662, 24.5375 ], [ 82.28416666666665, 24.5375 ], [ 82.28083333333332, 24.541666666666679 ], [ 82.279166666666654, 24.540833333333346 ], [ 82.2725, 24.545 ], [ 82.27, 24.543333333333344 ], [ 82.266666666666652, 24.5475 ], [ 82.266666666666652, 24.551666666666677 ], [ 82.264166666666654, 24.553333333333345 ], [ 82.260833333333323, 24.550833333333344 ], [ 82.255833333333328, 24.550833333333344 ], [ 82.241666666666646, 24.556666666666679 ], [ 82.238333333333316, 24.555 ], [ 82.226666666666659, 24.554166666666678 ] ] } },
{ "type": "Feature", "properties": { "COMID": 45055892, "id": "19853", "lengthkm": 4.6754634200714573, "order": 5, "uparea": 30621.689168311281 }, "geometry": { "type": "LineString", "coordinates": [ [ 82.363333333333316, 24.555 ], [ 82.354166666666657, 24.56 ], [ 82.3425, 24.561666666666678 ], [ 82.335, 24.559166666666677 ], [ 82.330833333333317, 24.554166666666678 ], [ 82.331666666666649, 24.550833333333344 ] ] } },
{ "type": "Feature", "properties": { "COMID": 45055891, "id": "19853", "lengthkm": 14.220736011370555, "order": 5, "uparea": 30807.741601578622 }, "geometry": { "type": "LineString", "coordinates": [ [ 82.466666666666654, 24.536666666666676 ], [ 82.463333333333324, 24.538333333333345 ], [ 82.441666666666663, 24.538333333333345 ], [ 82.440833333333316, 24.541666666666679 ], [ 82.435, 24.5425 ], [ 82.431666666666658, 24.545833333333345 ], [ 82.430833333333325, 24.544166666666676 ], [ 82.42416666666665, 24.550833333333344 ], [ 82.414166666666659, 24.5575 ], [ 82.406666666666652, 24.560833333333346 ], [ 82.4025, 24.559166666666677 ], [ 82.4, 24.5625 ], [ 82.3975, 24.560833333333346 ], [ 82.395, 24.5625 ], [ 82.3925, 24.560833333333346 ], [ 82.386666666666656, 24.561666666666678 ], [ 82.385, 24.559166666666677 ], [ 82.384166666666658, 24.56 ], [ 82.381666666666661, 24.558333333333344 ], [ 82.381666666666661, 24.556666666666679 ], [ 82.379166666666663, 24.5575 ], [ 82.375833333333318, 24.554166666666678 ], [ 82.363333333333316, 24.555 ] ] } },
{ "type": "Feature", "properties": { "COMID": 45055890, "id": "19853", "lengthkm": 8.4762916214331074, "order": 5, "uparea": 30899.14878230264 }, "geometry": { "type": "LineString", "coordinates": [ [ 82.525833333333324, 24.519166666666678 ], [ 82.516666666666652, 24.5225 ], [ 82.514166666666654, 24.521666666666679 ], [ 82.506666666666661, 24.528333333333343 ], [ 82.504166666666663, 24.5275 ], [ 82.504166666666663, 24.530833333333344 ], [ 82.5025, 24.53 ], [ 82.499166666666653, 24.5325 ], [ 82.491666666666646, 24.53 ], [ 82.490833333333313, 24.53166666666668 ], [ 82.489166666666648, 24.53 ], [ 82.4825, 24.533333333333346 ], [ 82.48333333333332, 24.534166666666678 ], [ 82.481666666666655, 24.535833333333343 ], [ 82.473333333333329, 24.535 ], [ 82.466666666666654, 24.536666666666676 ] ] } },
{ "type": "Feature", "properties": { "COMID": 45055889, "id": "19853", "lengthkm": 3.0184160232115098, "order": 5, "uparea": 30972.26391179235 }, "geometry": { "type": "LineString", "coordinates": [ [ 82.55, 24.5275 ], [ 82.540833333333325, 24.520833333333343 ], [ 82.54, 24.521666666666679 ], [ 82.53083333333332, 24.518333333333345 ], [ 82.525833333333324, 24.519166666666678 ] ] } },
{ "type": "Feature", "properties": { "COMID": 45055888, "id": "19853", "lengthkm": 9.5766837895327797, "order": 5, "uparea": 31053.787993987917 }, "geometry": { "type": "LineString", "coordinates": [ [ 82.625833333333318, 24.5575 ], [ 82.615, 24.555 ], [ 82.609166666666653, 24.550833333333344 ], [ 82.605833333333322, 24.551666666666677 ], [ 82.595, 24.541666666666679 ], [ 82.588333333333324, 24.538333333333345 ], [ 82.584166666666647, 24.538333333333345 ], [ 82.581666666666649, 24.536666666666676 ], [ 82.574166666666656, 24.538333333333345 ], [ 82.56, 24.535 ], [ 82.555833333333325, 24.533333333333346 ], [ 82.55, 24.5275 ] ] } },
{ "type": "Feature", "properties": { "COMID": 45055887, "id": "19853", "lengthkm": 1.142676045079503, "order": 5, "uparea": 31086.040680721515 }, "geometry": { "type": "LineString", "coordinates": [ [ 82.635, 24.5575 ], [ 82.628333333333316, 24.559166666666677 ], [ 82.625833333333318, 24.5575 ] ] } },
{ "type": "Feature", "properties": { "COMID": 45055886, "id": "19853", "lengthkm": 11.751916325530866, "order": 5, "uparea": 31214.453280548521 }, "geometry": { "type": "LineString", "coordinates": [ [ 82.7275, 24.59416666666668 ], [ 82.709166666666647, 24.581666666666678 ], [ 82.695, 24.581666666666678 ], [ 82.6925, 24.57916666666668 ], [ 82.69, 24.57916666666668 ], [ 82.6825, 24.5825 ], [ 82.6725, 24.583333333333343 ], [ 82.661666666666662, 24.5775 ], [ 82.651666666666657, 24.5675 ], [ 82.639166666666654, 24.5625 ], [ 82.635, 24.5575 ] ] } },
{ "type": "Feature", "properties": { "COMID": 45055885, "id": "19853", "lengthkm": 1.5978215568716589, "order": 5, "uparea": 31268.859668556888 }, "geometry": { "type": "LineString", "coordinates": [ [ 82.738333333333316, 24.603333333333346 ], [ 82.7325, 24.596666666666678 ], [ 82.7275, 24.59416666666668 ] ] } },
{ "type": "Feature", "properties": { "COMID": 45055884, "id": "19853", "lengthkm": 8.9814137306443733, "order": 5, "uparea": 31394.379018234707 }, "geometry": { "type": "LineString", "coordinates": [ [ 82.809166666666655, 24.601666666666681 ], [ 82.806666666666658, 24.603333333333346 ], [ 82.805833333333325, 24.6025 ], [ 82.8025, 24.605833333333344 ], [ 82.79916666666665, 24.604166666666679 ], [ 82.79583333333332, 24.6075 ], [ 82.788333333333327, 24.6075 ], [ 82.785, 24.609166666666681 ], [ 82.776666666666657, 24.6075 ], [ 82.769166666666649, 24.61 ], [ 82.75, 24.611666666666679 ], [ 82.745833333333323, 24.611666666666679 ], [ 82.7425, 24.606666666666676 ], [ 82.738333333333316, 24.605 ], [ 82.738333333333316, 24.603333333333346 ] ] } },
{ "type": "Feature", "properties": { "COMID": 45055883, "id": "19853", "lengthkm": 5.3411223782192048, "order": 5, "uparea": 31437.288201359916 }, "geometry": { "type": "LineString", "coordinates": [ [ 82.855, 24.615 ], [ 82.851666666666659, 24.615 ], [ 82.845, 24.609166666666681 ], [ 82.83, 24.603333333333346 ], [ 82.809166666666655, 24.601666666666681 ] ] } },
{ "type": "Feature", "properties": { "COMID": 45055882, "id": "19853", "lengthkm": 22.160968328878578, "order": 5, "uparea": 31634.737488855026 }, "geometry": { "type": "LineString", "coordinates": [ [ 82.98, 24.54 ], [ 82.974166666666662, 24.540833333333346 ], [ 82.966666666666654, 24.551666666666677 ], [ 82.9625, 24.551666666666677 ], [ 82.9575, 24.556666666666679 ], [ 82.959166666666647, 24.5675 ], [ 82.954166666666652, 24.575833333333343 ], [ 82.95, 24.589166666666678 ], [ 82.95, 24.593333333333344 ], [ 82.951666666666654, 24.595833333333346 ], [ 82.95, 24.599166666666676 ], [ 82.944166666666661, 24.599166666666676 ], [ 82.941666666666649, 24.6025 ], [ 82.93, 24.601666666666681 ], [ 82.928333333333313, 24.604166666666679 ], [ 82.92083333333332, 24.604166666666679 ], [ 82.915833333333325, 24.6075 ], [ 82.914166666666659, 24.605833333333344 ], [ 82.913333333333327, 24.6075 ], [ 82.90916666666665, 24.6075 ], [ 82.9075, 24.605833333333344 ], [ 82.900833333333324, 24.605833333333344 ], [ 82.9, 24.6075 ], [ 82.895833333333314, 24.605833333333344 ], [ 82.895, 24.6075 ], [ 82.894166666666649, 24.606666666666676 ], [ 82.895, 24.608333333333345 ], [ 82.8925, 24.6125 ], [ 82.886666666666656, 24.614166666666677 ], [ 82.88, 24.613333333333344 ], [ 82.875, 24.616666666666678 ], [ 82.8675, 24.6175 ], [ 82.864166666666648, 24.613333333333344 ], [ 82.859166666666653, 24.613333333333344 ], [ 82.855833333333322, 24.61 ], [ 82.856666666666655, 24.613333333333344 ], [ 82.855, 24.615 ] ] } },
{ "type": "Feature", "properties": { "COMID": 45055881, "id": "19853", "lengthkm": 2.4737654742463371, "order": 5, "uparea": 32971.414339712435 }, "geometry": { "type": "LineString", "coordinates": [ [ 83.0, 24.5325 ], [ 82.99, 24.536666666666676 ], [ 82.9875, 24.539166666666681 ], [ 82.9825, 24.540833333333346 ], [ 82.98, 24.54 ] ] } },
{ "type": "Feature", "properties": { "COMID": 45055880, "id": "19853", "lengthkm": 3.5720407249556709, "order": 5, "uparea": 46385.990303361439 }, "geometry": { "type": "LineString", "coordinates": [ [ 83.031666666666652, 24.533333333333346 ], [ 83.026666666666657, 24.535 ], [ 83.021666666666647, 24.5325 ], [ 83.0, 24.5325 ] ] } },
{ "type": "Feature", "properties": { "COMID": 45055879, "id": "19853", "lengthkm": 2.0774847806035681, "order": 5, "uparea": 46430.281166270994 }, "geometry": { "type": "LineString", "coordinates": [ [ 83.043333333333322, 24.526666666666678 ], [ 83.039166666666659, 24.52416666666668 ], [ 83.035, 24.525833333333345 ], [ 83.031666666666652, 24.533333333333346 ] ] } },
{ "type": "Feature", "properties": { "COMID": 45055878, "id": "19853", "lengthkm": 8.8530097380039088, "order": 5, "uparea": 46893.55486328635 }, "geometry": { "type": "LineString", "coordinates": [ [ 83.070833333333326, 24.465833333333343 ], [ 83.063333333333318, 24.470833333333346 ], [ 83.060833333333321, 24.470833333333346 ], [ 83.050833333333316, 24.481666666666676 ], [ 83.0525, 24.485833333333346 ], [ 83.0525, 24.494166666666679 ], [ 83.051666666666648, 24.496666666666677 ], [ 83.048333333333318, 24.496666666666677 ], [ 83.048333333333318, 24.5175 ], [ 83.043333333333322, 24.526666666666678 ] ] } },
{ "type": "Feature", "properties": { "COMID": 45055877, "id": "19853", "lengthkm": 7.6099115324539586, "order": 5, "uparea": 46961.575102373281 }, "geometry": { "type": "LineString", "coordinates": [ [ 83.138333333333321, 24.47 ], [ 83.126666666666651, 24.470833333333346 ], [ 83.09333333333332, 24.460833333333348 ], [ 83.070833333333326, 24.465833333333343 ] ] } },
{ "type": "Feature", "properties": { "COMID": 45055843, "id": "19853", "lengthkm": 2.9012317570992781, "order": 5, "uparea": 52709.320609070121 }, "geometry": { "type": "LineString", "coordinates": [ [ 83.164166666666659, 24.4675 ], [ 83.161666666666662, 24.4675 ], [ 83.156666666666652, 24.470833333333346 ], [ 83.1525, 24.470833333333346 ], [ 83.15, 24.46916666666668 ], [ 83.138333333333321, 24.47 ] ] } },
{ "type": "Feature", "properties": { "COMID": 45055842, "id": "19853", "lengthkm": 6.6025982351498804, "order": 5, "uparea": 52768.866766521693 }, "geometry": { "type": "LineString", "coordinates": [ [ 83.223333333333315, 24.463333333333345 ], [ 83.22166666666665, 24.465 ], [ 83.215833333333322, 24.463333333333345 ], [ 83.210833333333312, 24.466666666666679 ], [ 83.203333333333319, 24.468333333333344 ], [ 83.18, 24.468333333333344 ], [ 83.175, 24.466666666666679 ], [ 83.164166666666659, 24.4675 ] ] } },
{ "type": "Feature", "properties": { "COMID": 45055841, "id": "19853", "lengthkm": 5.5471217530181862, "order": 5, "uparea": 52859.429054667235 }, "geometry": { "type": "LineString", "coordinates": [ [ 83.271666666666647, 24.466666666666679 ], [ 83.2675, 24.46916666666668 ], [ 83.26, 24.47 ], [ 83.249166666666653, 24.468333333333344 ], [ 83.245, 24.465833333333343 ], [ 83.235833333333318, 24.465833333333343 ], [ 83.23, 24.463333333333345 ], [ 83.223333333333315, 24.463333333333345 ] ] } },
{ "type": "Feature", "properties": { "COMID": 45055840, "id": "19853", "lengthkm": 3.0959566510037062, "order": 5, "uparea": 52891.256370692383 }, "geometry": { "type": "LineString", "coordinates": [ [ 83.291666666666657, 24.4775 ], [ 83.2925, 24.473333333333343 ], [ 83.2825, 24.466666666666679 ], [ 83.279166666666654, 24.465 ], [ 83.271666666666647, 24.466666666666679 ] ] } },
{ "type": "Feature", "properties": { "COMID": 45055839, "id": "19853", "lengthkm": 12.502305793441371, "order": 5, "uparea": 52970.927172359385 }, "geometry": { "type": "LineString", "coordinates": [ [ 83.389166666666654, 24.506666666666678 ], [ 83.3875, 24.503333333333345 ], [ 83.381666666666661, 24.503333333333345 ], [ 83.3775, 24.505833333333346 ], [ 83.373333333333321, 24.505833333333346 ], [ 83.3625, 24.503333333333345 ], [ 83.36, 24.500833333333347 ], [ 83.354166666666657, 24.500833333333347 ], [ 83.3475, 24.4975 ], [ 83.34, 24.496666666666677 ], [ 83.3375, 24.493333333333347 ], [ 83.334166666666647, 24.4925 ], [ 83.333333333333314, 24.489166666666677 ], [ 83.325, 24.481666666666676 ], [ 83.316666666666649, 24.4775 ], [ 83.310833333333321, 24.4775 ], [ 83.308333333333323, 24.474166666666676 ], [ 83.3025, 24.4775 ], [ 83.291666666666657, 24.4775 ] ] } },
{ "type": "Feature", "properties": { "COMID": 45055838, "id": "19853", "lengthkm": 22.312146335831194, "order": 5, "uparea": 53125.847239474948 }, "geometry": { "type": "LineString", "coordinates": [ [ 83.581666666666649, 24.521666666666679 ], [ 83.57, 24.5275 ], [ 83.556666666666658, 24.530833333333344 ], [ 83.515, 24.530833333333344 ], [ 83.508333333333326, 24.5275 ], [ 83.5025, 24.5275 ], [ 83.496666666666655, 24.5225 ], [ 83.491666666666646, 24.520833333333343 ], [ 83.485833333333318, 24.521666666666679 ], [ 83.484166666666653, 24.523333333333348 ], [ 83.474166666666662, 24.5225 ], [ 83.4675, 24.52 ], [ 83.461666666666645, 24.514166666666679 ], [ 83.455833333333317, 24.514166666666679 ], [ 83.453333333333319, 24.5125 ], [ 83.445, 24.515 ], [ 83.429166666666646, 24.508333333333347 ], [ 83.4275, 24.50916666666668 ], [ 83.4225, 24.5075 ], [ 83.411666666666662, 24.51 ], [ 83.399166666666645, 24.50916666666668 ], [ 83.389166666666654, 24.506666666666678 ] ] } },
{ "type": "Feature", "properties": { "COMID": 45055837, "id": "19853", "lengthkm": 10.185954106466498, "order": 5, "uparea": 53200.066705475459 }, "geometry": { "type": "LineString", "coordinates": [ [ 83.663333333333327, 24.506666666666678 ], [ 83.6475, 24.506666666666678 ], [ 83.644166666666649, 24.505 ], [ 83.630833333333328, 24.505 ], [ 83.6275, 24.5075 ], [ 83.6175, 24.506666666666678 ], [ 83.6175, 24.510833333333345 ], [ 83.6125, 24.515 ], [ 83.609166666666653, 24.515 ], [ 83.60833333333332, 24.513333333333343 ], [ 83.6025, 24.515 ], [ 83.599166666666662, 24.514166666666679 ], [ 83.5925, 24.520833333333343 ], [ 83.586666666666645, 24.5225 ], [ 83.581666666666649, 24.521666666666679 ] ] } },
{ "type": "Feature", "properties": { "COMID": 45055836, "id": "19853", "lengthkm": 2.4356283492582529, "order": 5, "uparea": 53254.285658848763 }, "geometry": { "type": "LineString", "coordinates": [ [ 83.684166666666655, 24.501666666666679 ], [ 83.678333333333313, 24.5025 ], [ 83.67416666666665, 24.506666666666678 ], [ 83.663333333333327, 24.506666666666678 ] ] } },
{ "type": "Feature", "properties": { "COMID": 45055835, "id": "19853", "lengthkm": 14.279389437936564, "order": 5, "uparea": 54012.184877964835 }, "geometry": { "type": "LineString", "coordinates": [ [ 83.79916666666665, 24.52 ], [ 83.795, 24.52 ], [ 83.793333333333322, 24.521666666666679 ], [ 83.7875, 24.520833333333343 ], [ 83.783333333333317, 24.51666666666668 ], [ 83.785, 24.514166666666679 ], [ 83.7825, 24.511666666666677 ], [ 83.778333333333322, 24.511666666666677 ], [ 83.775, 24.5075 ], [ 83.764166666666654, 24.5075 ], [ 83.760833333333323, 24.505 ], [ 83.756666666666661, 24.506666666666678 ], [ 83.7525, 24.503333333333345 ], [ 83.7375, 24.503333333333345 ], [ 83.7275, 24.508333333333347 ], [ 83.719166666666652, 24.50916666666668 ], [ 83.710833333333312, 24.5075 ], [ 83.705833333333317, 24.504166666666677 ], [ 83.696666666666658, 24.504166666666677 ], [ 83.694166666666661, 24.500833333333347 ], [ 83.684166666666655, 24.501666666666679 ] ] } },
{ "type": "Feature", "properties": { "COMID": 45055834, "id": "19853", "lengthkm": 8.3700050383849973, "order": 5, "uparea": 54139.346788775285 }, "geometry": { "type": "LineString", "coordinates": [ [ 83.868333333333311, 24.5425 ], [ 83.854166666666657, 24.543333333333344 ], [ 83.841666666666654, 24.54 ], [ 83.831666666666649, 24.540833333333346 ], [ 83.824166666666656, 24.533333333333346 ], [ 83.815833333333316, 24.530833333333344 ], [ 83.805833333333325, 24.521666666666679 ], [ 83.79916666666665, 24.52 ] ] } },
{ "type": "Feature", "properties": { "COMID": 45055833, "id": "19853", "lengthkm": 0.42145391885469402, "order": 5, "uparea": 54214.420511425393 }, "geometry": { "type": "LineString", "coordinates": [ [ 83.8725, 24.5425 ], [ 83.868333333333311, 24.5425 ] ] } },
{ "type": "Feature", "properties": { "COMID": 45055832, "id": "19853", "lengthkm": 4.2953857026673372, "order": 6, "uparea": 65412.927593146553 }, "geometry": { "type": "LineString", "coordinates": [ [ 83.91, 24.548333333333346 ], [ 83.900833333333324, 24.548333333333346 ], [ 83.8975, 24.546666666666681 ], [ 83.8925, 24.5475 ], [ 83.89, 24.544166666666676 ], [ 83.884166666666658, 24.545 ], [ 83.8725, 24.5425 ] ] } },
{ "type": "Feature", "properties": { "COMID": 45055831, "id": "19853", "lengthkm": 4.4593049872416177, "order": 6, "uparea": 65447.608138695461 }, "geometry": { "type": "LineString", "coordinates": [ [ 83.9475, 24.544166666666676 ], [ 83.943333333333328, 24.5475 ], [ 83.930833333333311, 24.543333333333344 ], [ 83.9175, 24.545 ], [ 83.91, 24.548333333333346 ] ] } },
{ "type": "Feature", "properties": { "COMID": 45055830, "id": "19853", "lengthkm": 3.666999850292008, "order": 6, "uparea": 65625.340667125769 }, "geometry": { "type": "LineString", "coordinates": [ [ 83.9725, 24.5625 ], [ 83.96833333333332, 24.5575 ], [ 83.96, 24.554166666666678 ], [ 83.954166666666652, 24.546666666666681 ], [ 83.950833333333321, 24.5475 ], [ 83.9475, 24.544166666666676 ] ] } },
{ "type": "Feature", "properties": { "COMID": 45055829, "id": "19853", "lengthkm": 6.4068749145039323, "order": 6, "uparea": 65721.810926412974 }, "geometry": { "type": "LineString", "coordinates": [ [ 83.9825, 24.6125 ], [ 83.98333333333332, 24.610833333333346 ], [ 83.98, 24.6025 ], [ 83.981666666666655, 24.596666666666678 ], [ 83.978333333333325, 24.590833333333343 ], [ 83.979166666666657, 24.58 ], [ 83.975833333333327, 24.570833333333347 ], [ 83.973333333333315, 24.568333333333346 ], [ 83.974166666666662, 24.566666666666677 ], [ 83.9725, 24.5625 ] ] } },
{ "type": "Feature", "properties": { "COMID": 45055828, "id": "19853", "lengthkm": 4.7609653279675523, "order": 6, "uparea": 65764.268726397189 }, "geometry": { "type": "LineString", "coordinates": [ [ 83.991666666666646, 24.64916666666668 ], [ 83.995833333333323, 24.638333333333343 ], [ 83.990833333333313, 24.631666666666678 ], [ 83.989166666666648, 24.621666666666677 ], [ 83.9825, 24.6125 ] ] } },
{ "type": "Feature", "properties": { "COMID": 45055827, "id": "19853", "lengthkm": 3.7604542738375759, "order": 6, "uparea": 65980.455179974888 }, "geometry": { "type": "LineString", "coordinates": [ [ 84.008333333333326, 24.675 ], [ 84.005833333333328, 24.675 ], [ 84.001666666666651, 24.670833333333345 ], [ 83.998333333333321, 24.665 ], [ 83.998333333333321, 24.660833333333343 ], [ 83.991666666666646, 24.64916666666668 ] ] } },
{ "type": "Feature", "properties": { "COMID": 45055826, "id": "19853", "lengthkm": 3.4158197389733198, "order": 6, "uparea": 66260.152315007887 }, "geometry": { "type": "LineString", "coordinates": [ [ 84.0275, 24.69666666666668 ], [ 84.02, 24.693333333333346 ], [ 84.015833333333319, 24.689166666666679 ], [ 84.008333333333326, 24.675 ] ] } },
{ "type": "Feature", "properties": { "COMID": 45055825, "id": "19853", "lengthkm": 21.308266491997692, "order": 6, "uparea": 66401.14938252508 }, "geometry": { "type": "LineString", "coordinates": [ [ 84.131666666666661, 24.824166666666677 ], [ 84.119166666666658, 24.810833333333346 ], [ 84.105833333333322, 24.806666666666679 ], [ 84.105, 24.801666666666677 ], [ 84.101666666666659, 24.8 ], [ 84.098333333333315, 24.795 ], [ 84.094166666666652, 24.793333333333344 ], [ 84.088333333333324, 24.795 ], [ 84.085, 24.791666666666679 ], [ 84.083333333333314, 24.7925 ], [ 84.076666666666654, 24.789166666666681 ], [ 84.07, 24.78166666666668 ], [ 84.07, 24.778333333333343 ], [ 84.064166666666651, 24.771666666666679 ], [ 84.060833333333321, 24.755833333333346 ], [ 84.053333333333313, 24.749166666666678 ], [ 84.051666666666648, 24.744166666666679 ], [ 84.044166666666655, 24.735833333333346 ], [ 84.0425, 24.726666666666681 ], [ 84.044166666666655, 24.723333333333343 ], [ 84.043333333333322, 24.718333333333344 ], [ 84.04583333333332, 24.715833333333343 ], [ 84.044166666666655, 24.71166666666668 ], [ 84.045, 24.71 ], [ 84.04, 24.706666666666678 ], [ 84.036666666666662, 24.7075 ], [ 84.0325, 24.70416666666668 ], [ 84.0275, 24.69666666666668 ] ] } },
{ "type": "Feature", "properties": { "COMID": 45051961, "id": "19853", "lengthkm": 1.3946892362328991, "order": 6, "uparea": 66473.69933594318 }, "geometry": { "type": "LineString", "coordinates": [ [ 84.134166666666658, 24.835833333333344 ], [ 84.131666666666661, 24.824166666666677 ] ] } },
{ "type": "Feature", "properties": { "COMID": 45051960, "id": "19853", "lengthkm": 28.486509314164643, "order": 6, "uparea": 66585.103164534419 }, "geometry": { "type": "LineString", "coordinates": [ [ 84.29, 24.986666666666679 ], [ 84.271666666666647, 24.97 ], [ 84.268333333333317, 24.97 ], [ 84.263333333333321, 24.966666666666676 ], [ 84.263333333333321, 24.96 ], [ 84.261666666666656, 24.958333333333343 ], [ 84.2625, 24.955 ], [ 84.260833333333323, 24.9525 ], [ 84.256666666666661, 24.95 ], [ 84.250833333333318, 24.95 ], [ 84.248333333333321, 24.9475 ], [ 84.246666666666655, 24.949166666666677 ], [ 84.244166666666658, 24.9475 ], [ 84.23333333333332, 24.9475 ], [ 84.228333333333325, 24.9425 ], [ 84.229166666666657, 24.936666666666678 ], [ 84.2275, 24.934166666666677 ], [ 84.22166666666665, 24.9325 ], [ 84.22, 24.930833333333347 ], [ 84.22, 24.925833333333344 ], [ 84.214166666666657, 24.921666666666678 ], [ 84.21, 24.920833333333345 ], [ 84.204166666666652, 24.914166666666681 ], [ 84.206666666666649, 24.91 ], [ 84.205833333333317, 24.9075 ], [ 84.2025, 24.904166666666676 ], [ 84.2, 24.905 ], [ 84.196666666666658, 24.901666666666678 ], [ 84.19, 24.901666666666678 ], [ 84.1875, 24.9 ], [ 84.185833333333321, 24.894166666666678 ], [ 84.179166666666646, 24.889166666666679 ], [ 84.179166666666646, 24.886666666666677 ], [ 84.166666666666657, 24.878333333333345 ], [ 84.158333333333317, 24.868333333333347 ], [ 84.1575, 24.865 ], [ 84.16, 24.861666666666679 ], [ 84.158333333333317, 24.859166666666678 ], [ 84.15916666666665, 24.855833333333344 ], [ 84.156666666666652, 24.853333333333346 ], [ 84.1425, 24.8475 ], [ 84.134166666666658, 24.835833333333344 ] ] } },
{ "type": "Feature", "properties": { "COMID": 45051959, "id": "19853", "lengthkm": 9.1209529472967787, "order": 6, "uparea": 66658.767015714286 }, "geometry": { "type": "LineString", "coordinates": [ [ 84.328333333333319, 25.043333333333344 ], [ 84.325, 25.040833333333346 ], [ 84.318333333333328, 25.039166666666681 ], [ 84.3125, 25.033333333333346 ], [ 84.3125, 25.030833333333344 ], [ 84.3075, 25.025 ], [ 84.305, 25.023333333333344 ], [ 84.3, 25.023333333333344 ], [ 84.2925, 25.013333333333343 ], [ 84.290833333333325, 25.005833333333342 ], [ 84.288333333333327, 25.003333333333345 ], [ 84.288333333333327, 25.001666666666679 ], [ 84.2925, 24.998333333333346 ], [ 84.293333333333322, 24.993333333333347 ], [ 84.29, 24.986666666666679 ] ] } },
{ "type": "Feature", "properties": { "COMID": 45047857, "id": "19853", "lengthkm": 117.71109773008207, "order": 6, "uparea": 67186.281666527502 }, "geometry": { "type": "LineString", "coordinates": [ [ 84.84, 25.69666666666668 ], [ 84.828333333333319, 25.674166666666679 ], [ 84.83, 25.671666666666678 ], [ 84.830833333333317, 25.653333333333343 ], [ 84.828333333333319, 25.648333333333344 ], [ 84.829166666666652, 25.645833333333343 ], [ 84.825, 25.630833333333342 ], [ 84.815, 25.6225 ], [ 84.815, 25.619166666666679 ], [ 84.81, 25.615 ], [ 84.811666666666653, 25.606666666666676 ], [ 84.81, 25.6025 ], [ 84.810833333333321, 25.5875 ], [ 84.805833333333311, 25.580833333333345 ], [ 84.8025, 25.581666666666678 ], [ 84.800833333333316, 25.58 ], [ 84.79583333333332, 25.566666666666677 ], [ 84.790833333333325, 25.560833333333342 ], [ 84.791666666666657, 25.559166666666677 ], [ 84.7875, 25.555833333333347 ], [ 84.7825, 25.555833333333347 ], [ 84.78083333333332, 25.554166666666678 ], [ 84.78083333333332, 25.549166666666679 ], [ 84.776666666666657, 25.541666666666679 ], [ 84.776666666666657, 25.539166666666677 ], [ 84.78, 25.534166666666678 ], [ 84.7775, 25.530833333333344 ], [ 84.771666666666647, 25.5275 ], [ 84.7675, 25.5125 ], [ 84.763333333333321, 25.5075 ], [ 84.765, 25.503333333333345 ], [ 84.759166666666658, 25.495 ], [ 84.76, 25.490833333333345 ], [ 84.758333333333326, 25.489166666666677 ], [ 84.758333333333326, 25.485833333333346 ], [ 84.77, 25.475833333333345 ], [ 84.7725, 25.4675 ], [ 84.770833333333314, 25.4625 ], [ 84.7775, 25.4575 ], [ 84.779166666666654, 25.449166666666677 ], [ 84.774166666666645, 25.44666666666668 ], [ 84.77, 25.441666666666677 ], [ 84.771666666666647, 25.431666666666679 ], [ 84.769166666666649, 25.430833333333347 ], [ 84.765, 25.425833333333344 ], [ 84.759166666666658, 25.424166666666679 ], [ 84.755833333333328, 25.418333333333344 ], [ 84.749166666666653, 25.4125 ], [ 84.745, 25.405 ], [ 84.744166666666658, 25.39166666666668 ], [ 84.7425, 25.388333333333343 ], [ 84.745833333333323, 25.383333333333347 ], [ 84.745833333333323, 25.380833333333342 ], [ 84.74, 25.376666666666679 ], [ 84.741666666666646, 25.375833333333347 ], [ 84.738333333333316, 25.370833333333344 ], [ 84.7425, 25.365 ], [ 84.743333333333311, 25.354166666666679 ], [ 84.741666666666646, 25.351666666666677 ], [ 84.73333333333332, 25.34416666666668 ], [ 84.729166666666657, 25.345833333333346 ], [ 84.725, 25.345833333333346 ], [ 84.723333333333315, 25.34416666666668 ], [ 84.72166666666665, 25.345 ], [ 84.719166666666652, 25.3425 ], [ 84.719166666666652, 25.3375 ], [ 84.72166666666665, 25.335833333333344 ], [ 84.720833333333317, 25.330833333333345 ], [ 84.716666666666654, 25.3275 ], [ 84.7125, 25.326666666666679 ], [ 84.710833333333312, 25.32166666666668 ], [ 84.699166666666656, 25.319166666666678 ], [ 84.695833333333326, 25.316666666666677 ], [ 84.6825, 25.315 ], [ 84.680833333333311, 25.313333333333347 ], [ 84.681666666666658, 25.31 ], [ 84.675833333333316, 25.2975 ], [ 84.678333333333313, 25.286666666666676 ], [ 84.67, 25.270833333333343 ], [ 84.67, 25.2675 ], [ 84.6625, 25.258333333333347 ], [ 84.65916666666665, 25.25916666666668 ], [ 84.6525, 25.255833333333342 ], [ 84.645, 25.256666666666678 ], [ 84.639166666666654, 25.245 ], [ 84.626666666666651, 25.246666666666677 ], [ 84.624166666666653, 25.244166666666679 ], [ 84.61, 25.244166666666679 ], [ 84.60833333333332, 25.241666666666678 ], [ 84.603333333333325, 25.240833333333345 ], [ 84.6, 25.235 ], [ 84.59, 25.2375 ], [ 84.5825, 25.233333333333345 ], [ 84.5775, 25.233333333333345 ], [ 84.5675, 25.23 ], [ 84.554166666666646, 25.22 ], [ 84.545, 25.21916666666668 ], [ 84.54, 25.2125 ], [ 84.5325, 25.208333333333343 ], [ 84.523333333333312, 25.208333333333343 ], [ 84.52, 25.21166666666668 ], [ 84.518333333333317, 25.21 ], [ 84.515, 25.210833333333344 ], [ 84.513333333333321, 25.2075 ], [ 84.508333333333326, 25.2075 ], [ 84.5075, 25.2025 ], [ 84.503333333333316, 25.198333333333345 ], [ 84.504166666666649, 25.195 ], [ 84.5025, 25.193333333333342 ], [ 84.5, 25.194166666666678 ], [ 84.494166666666658, 25.191666666666677 ], [ 84.480833333333322, 25.19 ], [ 84.48, 25.185833333333346 ], [ 84.4825, 25.183333333333344 ], [ 84.4825, 25.180833333333347 ], [ 84.476666666666659, 25.174166666666679 ], [ 84.4775, 25.165 ], [ 84.474166666666648, 25.160833333333343 ], [ 84.473333333333315, 25.155833333333344 ], [ 84.466666666666654, 25.146666666666679 ], [ 84.465833333333322, 25.143333333333345 ], [ 84.4525, 25.1325 ], [ 84.4525, 25.1275 ], [ 84.448333333333323, 25.1225 ], [ 84.45, 25.116666666666678 ], [ 84.448333333333323, 25.115 ], [ 84.445833333333326, 25.115833333333345 ], [ 84.44, 25.108333333333345 ], [ 84.438333333333318, 25.108333333333345 ], [ 84.430833333333311, 25.100833333333345 ], [ 84.430833333333311, 25.098333333333343 ], [ 84.4325, 25.0975 ], [ 84.4325, 25.088333333333345 ], [ 84.430833333333311, 25.085 ], [ 84.425, 25.08 ], [ 84.4175, 25.081666666666678 ], [ 84.415833333333325, 25.075833333333343 ], [ 84.413333333333327, 25.074166666666677 ], [ 84.41, 25.0675 ], [ 84.399166666666645, 25.0675 ], [ 84.396666666666647, 25.065833333333345 ], [ 84.3875, 25.065 ], [ 84.386666666666656, 25.063333333333347 ], [ 84.3775, 25.0625 ], [ 84.370833333333323, 25.059166666666677 ], [ 84.365, 25.058333333333344 ], [ 84.350833333333327, 25.05 ], [ 84.336666666666645, 25.048333333333346 ], [ 84.331666666666649, 25.044166666666676 ], [ 84.328333333333319, 25.043333333333344 ] ] } },
{ "type": "Feature", "properties": { "COMID": 45047851, "id": "19853", "lengthkm": 3.4573362967168322, "order": 6, "uparea": 67265.429279141346 }, "geometry": { "type": "LineString", "coordinates": [ [ 84.868333333333311, 25.709166666666675 ], [ 84.8625, 25.70416666666668 ], [ 84.856666666666655, 25.70416666666668 ], [ 84.848333333333315, 25.701666666666675 ], [ 84.84, 25.69666666666668 ] ] } },
{ "type": "Feature", "properties": { "COMID": 45047766, "id": "19853", "lengthkm": 0.33294504959229998, "order": 7, "uparea": 723070.40022800479 }, "geometry": { "type": "LineString", "coordinates": [ [ 84.870833333333323, 25.7075 ], [ 84.868333333333311, 25.709166666666675 ] ] } },
{ "type": "Feature", "properties": { "COMID": 45047765, "id": "19853", "lengthkm": 7.5233841715602416, "order": 7, "uparea": 723147.2849433081 }, "geometry": { "type": "LineString", "coordinates": [ [ 84.92, 25.6675 ], [ 84.903333333333322, 25.6725 ], [ 84.8975, 25.6775 ], [ 84.891666666666652, 25.68 ], [ 84.885833333333323, 25.685833333333342 ], [ 84.880833333333314, 25.6875 ], [ 84.873333333333321, 25.695833333333344 ], [ 84.870833333333323, 25.7075 ] ] } },
{ "type": "Feature", "properties": { "COMID": 45047764, "id": "19853", "lengthkm": 15.603854057999206, "order": 7, "uparea": 723353.45167212817 }, "geometry": { "type": "LineString", "coordinates": [ [ 85.041666666666657, 25.6425 ], [ 85.04, 25.640833333333344 ], [ 85.03083333333332, 25.6425 ], [ 85.028333333333322, 25.645833333333343 ], [ 85.025, 25.66 ], [ 85.013333333333321, 25.6725 ], [ 85.0075, 25.675 ], [ 85.005, 25.675 ], [ 85.001666666666651, 25.671666666666678 ], [ 84.98666666666665, 25.671666666666678 ], [ 84.98333333333332, 25.674166666666679 ], [ 84.9775, 25.674166666666679 ], [ 84.956666666666649, 25.67 ], [ 84.938333333333318, 25.668333333333344 ], [ 84.928333333333313, 25.668333333333344 ], [ 84.92416666666665, 25.670833333333345 ], [ 84.92, 25.6675 ] ] } },
{ "type": "Feature", "properties": { "COMID": 45047763, "id": "19853", "lengthkm": 4.4174258623186677, "order": 7, "uparea": 723613.35287147295 }, "geometry": { "type": "LineString", "coordinates": [ [ 85.078333333333319, 25.655833333333344 ], [ 85.073333333333323, 25.655 ], [ 85.0525, 25.644166666666678 ], [ 85.044166666666655, 25.645 ], [ 85.041666666666657, 25.6425 ] ] } },
{ "type": "Feature", "properties": { "COMID": 45047762, "id": "19853", "lengthkm": 13.62517435667665, "order": 7, "uparea": 723818.65044348629 }, "geometry": { "type": "LineString", "coordinates": [ [ 85.1825, 25.623333333333342 ], [ 85.163333333333327, 25.624166666666678 ], [ 85.158333333333317, 25.625833333333347 ], [ 85.151666666666657, 25.625 ], [ 85.145833333333314, 25.6275 ], [ 85.143333333333317, 25.630833333333342 ], [ 85.140833333333319, 25.64166666666668 ], [ 85.130833333333314, 25.651666666666678 ], [ 85.1275, 25.6525 ], [ 85.125833333333318, 25.655833333333344 ], [ 85.1225, 25.6575 ], [ 85.11, 25.660833333333343 ], [ 85.105833333333322, 25.664166666666677 ], [ 85.078333333333319, 25.655833333333344 ] ] } },
{ "type": "Feature", "properties": { "COMID": 45047761, "id": "19853", "lengthkm": 30.113487532903513, "order": 7, "uparea": 767508.01009255531 }, "geometry": { "type": "LineString", "coordinates": [ [ 85.430833333333311, 25.58 ], [ 85.413333333333327, 25.581666666666678 ], [ 85.4, 25.585833333333344 ], [ 85.385833333333323, 25.595833333333346 ], [ 85.3675, 25.601666666666677 ], [ 85.349166666666648, 25.61 ], [ 85.338333333333324, 25.619166666666679 ], [ 85.326666666666654, 25.625 ], [ 85.323333333333323, 25.628333333333345 ], [ 85.301666666666648, 25.638333333333343 ], [ 85.285833333333315, 25.639166666666675 ], [ 85.28, 25.635833333333345 ], [ 85.273333333333312, 25.6275 ], [ 85.2675, 25.626666666666679 ], [ 85.2625, 25.621666666666677 ], [ 85.255, 25.6225 ], [ 85.253333333333316, 25.620833333333344 ], [ 85.2475, 25.62 ], [ 85.230833333333322, 25.610833333333346 ], [ 85.219166666666652, 25.613333333333344 ], [ 85.2025, 25.62 ], [ 85.195833333333326, 25.62 ], [ 85.1825, 25.623333333333342 ] ] } },
{ "type": "Feature", "properties": { "COMID": 45047760, "id": "19853", "lengthkm": 9.0384393626184476, "order": 7, "uparea": 767569.71665228531 }, "geometry": { "type": "LineString", "coordinates": [ [ 85.4925, 25.535833333333343 ], [ 85.488333333333316, 25.5425 ], [ 85.4825, 25.545833333333345 ], [ 85.476666666666659, 25.5525 ], [ 85.4725, 25.559166666666677 ], [ 85.470833333333317, 25.565833333333345 ], [ 85.465833333333322, 25.57 ], [ 85.460833333333312, 25.5725 ], [ 85.439166666666651, 25.575 ], [ 85.430833333333311, 25.58 ] ] } },
{ "type": "Feature", "properties": { "COMID": 45047759, "id": "19853", "lengthkm": 8.2564527523421436, "order": 7, "uparea": 767659.27251053485 }, "geometry": { "type": "LineString", "coordinates": [ [ 85.539166666666659, 25.483333333333345 ], [ 85.5175, 25.499166666666678 ], [ 85.510833333333323, 25.501666666666679 ], [ 85.503333333333316, 25.50916666666668 ], [ 85.498333333333321, 25.528333333333343 ], [ 85.4925, 25.535833333333343 ] ] } },
{ "type": "Feature", "properties": { "COMID": 45047758, "id": "19853", "lengthkm": 8.8055427635086136, "order": 7, "uparea": 777324.74148085795 }, "geometry": { "type": "LineString", "coordinates": [ [ 85.615, 25.5025 ], [ 85.609166666666653, 25.501666666666679 ], [ 85.598333333333315, 25.504166666666677 ], [ 85.583333333333314, 25.501666666666679 ], [ 85.575, 25.499166666666678 ], [ 85.56, 25.489166666666677 ], [ 85.539166666666659, 25.483333333333345 ] ] } },
{ "type": "Feature", "properties": { "COMID": 45047757, "id": "19853", "lengthkm": 22.634750168892783, "order": 7, "uparea": 777513.88358226442 }, "geometry": { "type": "LineString", "coordinates": [ [ 85.814166666666651, 25.508333333333347 ], [ 85.800833333333316, 25.510833333333345 ], [ 85.769166666666649, 25.510833333333345 ], [ 85.7525, 25.515 ], [ 85.730833333333322, 25.515 ], [ 85.723333333333315, 25.513333333333343 ], [ 85.7125, 25.5025 ], [ 85.686666666666653, 25.4975 ], [ 85.673333333333318, 25.491666666666678 ], [ 85.66, 25.491666666666678 ], [ 85.653333333333322, 25.494166666666679 ], [ 85.6325, 25.4925 ], [ 85.623333333333321, 25.499166666666678 ], [ 85.615, 25.5025 ] ] } },
{ "type": "Feature", "properties": { "COMID": 45047756, "id": "19853", "lengthkm": 10.308416660271217, "order": 7, "uparea": 777638.42763592943 }, "geometry": { "type": "LineString", "coordinates": [ [ 85.903333333333322, 25.4875 ], [ 85.8875, 25.493333333333347 ], [ 85.871666666666655, 25.490833333333345 ], [ 85.853333333333325, 25.500833333333347 ], [ 85.8475, 25.5025 ], [ 85.833333333333314, 25.5025 ], [ 85.814166666666651, 25.508333333333347 ] ] } },
{ "type": "Feature", "properties": { "COMID": 45047755, "id": "19853", "lengthkm": 0.99993157790438203, "order": 7, "uparea": 777695.62104906433 }, "geometry": { "type": "LineString", "coordinates": [ [ 85.910833333333315, 25.4825 ], [ 85.903333333333322, 25.4875 ] ] } },
{ "type": "Feature", "properties": { "COMID": 45051904, "id": "19853", "lengthkm": 13.817278566774267, "order": 7, "uparea": 779994.32015777251 }, "geometry": { "type": "LineString", "coordinates": [ [ 85.988333333333316, 25.403333333333343 ], [ 85.98666666666665, 25.415833333333346 ], [ 85.98, 25.431666666666679 ], [ 85.975833333333327, 25.435833333333342 ], [ 85.938333333333318, 25.443333333333342 ], [ 85.930833333333311, 25.453333333333344 ], [ 85.92416666666665, 25.46916666666668 ], [ 85.910833333333315, 25.4825 ] ] } },
{ "type": "Feature", "properties": { "COMID": 45051903, "id": "19853", "lengthkm": 9.658181609541872, "order": 7, "uparea": 780083.72666677891 }, "geometry": { "type": "LineString", "coordinates": [ [ 86.033333333333317, 25.335833333333344 ], [ 86.01, 25.360833333333346 ], [ 85.994166666666644, 25.375 ], [ 85.9925, 25.380833333333342 ], [ 85.98666666666665, 25.389166666666679 ], [ 85.99, 25.398333333333344 ], [ 85.99, 25.401666666666678 ], [ 85.988333333333316, 25.403333333333343 ] ] } },
{ "type": "Feature", "properties": { "COMID": 45051902, "id": "19853", "lengthkm": 15.462205649258101, "order": 7, "uparea": 780184.89537061797 }, "geometry": { "type": "LineString", "coordinates": [ [ 86.169166666666655, 25.32916666666668 ], [ 86.15083333333331, 25.3275 ], [ 86.146666666666647, 25.32916666666668 ], [ 86.141666666666652, 25.334166666666675 ], [ 86.134166666666658, 25.33666666666668 ], [ 86.1175, 25.335 ], [ 86.1125, 25.3325 ], [ 86.09333333333332, 25.3325 ], [ 86.0875, 25.334166666666675 ], [ 86.081666666666649, 25.330833333333345 ], [ 86.071666666666658, 25.335833333333344 ], [ 86.063333333333318, 25.330833333333345 ], [ 86.0475, 25.331666666666678 ], [ 86.043333333333322, 25.334166666666675 ], [ 86.033333333333317, 25.335833333333344 ] ] } },
{ "type": "Feature", "properties": { "COMID": 45051901, "id": "19853", "lengthkm": 3.344402738247271, "order": 7, "uparea": 780233.96666283952 }, "geometry": { "type": "LineString", "coordinates": [ [ 86.199166666666656, 25.3275 ], [ 86.195, 25.328333333333344 ], [ 86.185833333333321, 25.325833333333343 ], [ 86.179166666666646, 25.325833333333343 ], [ 86.169166666666655, 25.32916666666668 ] ] } },
{ "type": "Feature", "properties": { "COMID": 45051900, "id": "19853", "lengthkm": 2.6302205788259521, "order": 7, "uparea": 780284.04408593173 }, "geometry": { "type": "LineString", "coordinates": [ [ 86.220833333333317, 25.33666666666668 ], [ 86.199166666666656, 25.3275 ] ] } },
{ "type": "Feature", "properties": { "COMID": 45051899, "id": "19853", "lengthkm": 30.224758920126764, "order": 7, "uparea": 780524.47802505293 }, "geometry": { "type": "LineString", "coordinates": [ [ 86.455, 25.390833333333344 ], [ 86.4525, 25.388333333333343 ], [ 86.4425, 25.385833333333345 ], [ 86.4275, 25.379166666666677 ], [ 86.42083333333332, 25.378333333333345 ], [ 86.418333333333322, 25.375833333333347 ], [ 86.413333333333313, 25.376666666666679 ], [ 86.408333333333317, 25.3725 ], [ 86.405, 25.371666666666677 ], [ 86.4, 25.360833333333346 ], [ 86.40083333333331, 25.358333333333345 ], [ 86.399166666666645, 25.354166666666679 ], [ 86.386666666666656, 25.3375 ], [ 86.383333333333326, 25.33 ], [ 86.375833333333318, 25.3225 ], [ 86.366666666666646, 25.316666666666677 ], [ 86.35, 25.313333333333347 ], [ 86.34, 25.313333333333347 ], [ 86.320833333333326, 25.3175 ], [ 86.3075, 25.3225 ], [ 86.286666666666648, 25.333333333333343 ], [ 86.264166666666654, 25.3325 ], [ 86.26, 25.33 ], [ 86.255, 25.33 ], [ 86.245833333333323, 25.330833333333345 ], [ 86.235833333333318, 25.33666666666668 ], [ 86.220833333333317, 25.33666666666668 ] ] } },
{ "type": "Feature", "properties": { "COMID": 45051898, "id": "19853", "lengthkm": 1.517771935763004, "order": 7, "uparea": 797978.70179993298 }, "geometry": { "type": "LineString", "coordinates": [ [ 86.464166666666642, 25.400833333333345 ], [ 86.464166666666642, 25.39916666666668 ], [ 86.455, 25.390833333333344 ] ] } },
{ "type": "Feature", "properties": { "COMID": 45047754, "id": "19853", "lengthkm": 20.421149380785184, "order": 7, "uparea": 798180.41303007549 }, "geometry": { "type": "LineString", "coordinates": [ [ 86.605833333333322, 25.445 ], [ 86.599166666666648, 25.455 ], [ 86.581666666666649, 25.470833333333346 ], [ 86.565, 25.478333333333346 ], [ 86.546666666666653, 25.476666666666677 ], [ 86.538333333333313, 25.473333333333343 ], [ 86.505833333333314, 25.4375 ], [ 86.493333333333311, 25.4275 ], [ 86.4875, 25.418333333333344 ], [ 86.481666666666655, 25.4125 ], [ 86.470833333333317, 25.4075 ], [ 86.464166666666642, 25.400833333333345 ] ] } },
{ "type": "Feature", "properties": { "COMID": 45051897, "id": "19853", "lengthkm": 12.983959519354329, "order": 7, "uparea": 812325.75933562126 }, "geometry": { "type": "LineString", "coordinates": [ [ 86.573333333333323, 25.348333333333343 ], [ 86.574166666666656, 25.35 ], [ 86.5675, 25.36 ], [ 86.5675, 25.365833333333345 ], [ 86.569166666666646, 25.368333333333347 ], [ 86.566666666666649, 25.375 ], [ 86.569166666666646, 25.38416666666668 ], [ 86.573333333333323, 25.393333333333345 ], [ 86.576666666666654, 25.396666666666675 ], [ 86.5775, 25.40666666666668 ], [ 86.6, 25.4275 ], [ 86.606666666666655, 25.439166666666679 ], [ 86.605833333333322, 25.445 ] ] } },
{ "type": "Feature", "properties": { "COMID": 45051896, "id": "19853", "lengthkm": 14.840987314726481, "order": 7, "uparea": 812440.08428712515 }, "geometry": { "type": "LineString", "coordinates": [ [ 86.639166666666654, 25.248333333333346 ], [ 86.636666666666656, 25.250833333333347 ], [ 86.6325, 25.250833333333347 ], [ 86.629166666666649, 25.253333333333345 ], [ 86.629166666666649, 25.258333333333347 ], [ 86.623333333333321, 25.264166666666679 ], [ 86.616666666666646, 25.268333333333345 ], [ 86.609166666666653, 25.269166666666678 ], [ 86.5875, 25.290833333333346 ], [ 86.584166666666647, 25.2975 ], [ 86.585833333333312, 25.31 ], [ 86.576666666666654, 25.331666666666678 ], [ 86.573333333333323, 25.348333333333343 ] ] } },
{ "type": "Feature", "properties": { "COMID": 45051895, "id": "19853", "lengthkm": 2.3420771517654129, "order": 7, "uparea": 812804.86404177081 }, "geometry": { "type": "LineString", "coordinates": [ [ 86.66, 25.245 ], [ 86.65583333333332, 25.246666666666677 ], [ 86.646666666666647, 25.245833333333344 ], [ 86.639166666666654, 25.248333333333346 ] ] } },
{ "type": "Feature", "properties": { "COMID": 45051894, "id": "19853", "lengthkm": 8.5315261258591235, "order": 7, "uparea": 813444.02121682768 }, "geometry": { "type": "LineString", "coordinates": [ [ 86.735833333333318, 25.263333333333343 ], [ 86.7325, 25.26 ], [ 86.719166666666652, 25.254166666666677 ], [ 86.7025, 25.249166666666678 ], [ 86.671666666666653, 25.245 ], [ 86.66, 25.245 ] ] } },
{ "type": "Feature", "properties": { "COMID": 45051893, "id": "19853", "lengthkm": 22.268182584772731, "order": 7, "uparea": 813709.90019180183 }, "geometry": { "type": "LineString", "coordinates": [ [ 86.919166666666655, 25.3275 ], [ 86.916666666666657, 25.328333333333344 ], [ 86.906666666666652, 25.3225 ], [ 86.9025, 25.318333333333342 ], [ 86.90083333333331, 25.314166666666679 ], [ 86.896666666666647, 25.311666666666678 ], [ 86.876666666666651, 25.3075 ], [ 86.863333333333316, 25.308333333333344 ], [ 86.855833333333322, 25.305 ], [ 86.83833333333331, 25.306666666666679 ], [ 86.835833333333312, 25.305833333333347 ], [ 86.826666666666654, 25.295 ], [ 86.8225, 25.2925 ], [ 86.81, 25.29 ], [ 86.803333333333313, 25.285 ], [ 86.78416666666665, 25.28166666666668 ], [ 86.754166666666649, 25.27 ], [ 86.7475, 25.265833333333344 ], [ 86.735833333333318, 25.263333333333343 ] ] } },
{ "type": "Feature", "properties": { "COMID": 45051892, "id": "19853", "lengthkm": 12.385365758953569, "order": 7, "uparea": 813980.71451910015 }, "geometry": { "type": "LineString", "coordinates": [ [ 87.005833333333314, 25.275833333333345 ], [ 87.0025, 25.289166666666677 ], [ 86.994166666666644, 25.301666666666677 ], [ 86.975833333333313, 25.309166666666677 ], [ 86.97166666666665, 25.3125 ], [ 86.956666666666649, 25.313333333333347 ], [ 86.951666666666654, 25.316666666666677 ], [ 86.948333333333323, 25.316666666666677 ], [ 86.9425, 25.3225 ], [ 86.934166666666655, 25.32166666666668 ], [ 86.9225, 25.325 ], [ 86.919166666666655, 25.3275 ] ] } },
{ "type": "Feature", "properties": { "COMID": 45051891, "id": "19853", "lengthkm": 19.399482122811264, "order": 7, "uparea": 815681.5700693588 }, "geometry": { "type": "LineString", "coordinates": [ [ 87.1775, 25.285833333333343 ], [ 87.165833333333325, 25.285833333333343 ], [ 87.1575, 25.289166666666677 ], [ 87.143333333333317, 25.291666666666679 ], [ 87.13, 25.289166666666677 ], [ 87.119166666666644, 25.291666666666679 ], [ 87.099166666666648, 25.2825 ], [ 87.09666666666665, 25.28 ], [ 87.078333333333319, 25.275 ], [ 87.066666666666649, 25.275833333333345 ], [ 87.055833333333311, 25.2725 ], [ 87.0325, 25.2725 ], [ 87.014166666666654, 25.275833333333345 ], [ 87.005833333333314, 25.275833333333345 ] ] } },
{ "type": "Feature", "properties": { "COMID": 45051890, "id": "19853", "lengthkm": 5.6081068768050901, "order": 7, "uparea": 815785.04170398985 }, "geometry": { "type": "LineString", "coordinates": [ [ 87.21833333333332, 25.261666666666677 ], [ 87.211666666666645, 25.264166666666679 ], [ 87.206666666666649, 25.264166666666679 ], [ 87.189166666666651, 25.270833333333343 ], [ 87.181666666666644, 25.280833333333344 ], [ 87.180833333333311, 25.284166666666678 ], [ 87.1775, 25.285833333333343 ] ] } },
{ "type": "Feature", "properties": { "COMID": 45051889, "id": "19853", "lengthkm": 18.197669785274751, "order": 7, "uparea": 820852.02448098827 }, "geometry": { "type": "LineString", "coordinates": [ [ 87.263333333333321, 25.405833333333344 ], [ 87.263333333333321, 25.388333333333343 ], [ 87.26, 25.380833333333342 ], [ 87.260833333333323, 25.378333333333345 ], [ 87.2575, 25.364166666666677 ], [ 87.259166666666658, 25.3525 ], [ 87.2575, 25.345 ], [ 87.251666666666651, 25.334166666666675 ], [ 87.251666666666651, 25.326666666666679 ], [ 87.248333333333321, 25.314166666666679 ], [ 87.248333333333321, 25.296666666666678 ], [ 87.238333333333316, 25.2825 ], [ 87.223333333333315, 25.268333333333345 ], [ 87.21833333333332, 25.261666666666677 ] ] } },
{ "type": "Feature", "properties": { "COMID": 45047753, "id": "19853", "lengthkm": 10.63545491288312, "order": 8, "uparea": 908465.45903252438 }, "geometry": { "type": "LineString", "coordinates": [ [ 87.329166666666652, 25.471666666666678 ], [ 87.308333333333309, 25.46166666666668 ], [ 87.281666666666652, 25.43 ], [ 87.27583333333331, 25.419166666666676 ], [ 87.263333333333321, 25.405833333333344 ] ] } },
{ "type": "Feature", "properties": { "COMID": 45047752, "id": "19853", "lengthkm": 11.928686171297414, "order": 8, "uparea": 909001.60085836588 }, "geometry": { "type": "LineString", "coordinates": [ [ 87.425833333333316, 25.43 ], [ 87.41, 25.4425 ], [ 87.399166666666645, 25.448333333333345 ], [ 87.3875, 25.46 ], [ 87.38, 25.465 ], [ 87.374166666666653, 25.465 ], [ 87.359166666666653, 25.46916666666668 ], [ 87.3575, 25.470833333333346 ], [ 87.341666666666654, 25.470833333333346 ], [ 87.3375, 25.473333333333343 ], [ 87.329166666666652, 25.471666666666678 ] ] } },
{ "type": "Feature", "properties": { "COMID": 45047751, "id": "19853", "lengthkm": 0.249715855933, "order": 8, "uparea": 909088.14573655487 }, "geometry": { "type": "LineString", "coordinates": [ [ 87.4275, 25.428333333333345 ], [ 87.425833333333316, 25.43 ] ] } },
{ "type": "Feature", "properties": { "COMID": 45051888, "id": "19853", "lengthkm": 2.542436208690138, "order": 8, "uparea": 909148.18835281557 }, "geometry": { "type": "LineString", "coordinates": [ [ 87.446666666666658, 25.415833333333346 ], [ 87.4275, 25.428333333333345 ] ] } },
{ "type": "Feature", "properties": { "COMID": 45051887, "id": "19853", "lengthkm": 16.223620669381372, "order": 8, "uparea": 909268.28953174292 }, "geometry": { "type": "LineString", "coordinates": [ [ 87.58, 25.37 ], [ 87.565833333333316, 25.375833333333347 ], [ 87.56, 25.381666666666678 ], [ 87.551666666666648, 25.386666666666677 ], [ 87.546666666666653, 25.388333333333343 ], [ 87.545, 25.386666666666677 ], [ 87.535833333333315, 25.386666666666677 ], [ 87.5225, 25.39 ], [ 87.518333333333317, 25.393333333333345 ], [ 87.51, 25.39166666666668 ], [ 87.501666666666651, 25.395 ], [ 87.496666666666655, 25.4025 ], [ 87.493333333333311, 25.404166666666676 ], [ 87.4675, 25.409166666666678 ], [ 87.446666666666658, 25.415833333333346 ] ] } },
{ "type": "Feature", "properties": { "COMID": 45051886, "id": "19853", "lengthkm": 11.340273762566071, "order": 8, "uparea": 911533.71387224959 }, "geometry": { "type": "LineString", "coordinates": [ [ 87.633333333333326, 25.3 ], [ 87.623333333333321, 25.32166666666668 ], [ 87.615833333333313, 25.33 ], [ 87.61166666666665, 25.330833333333345 ], [ 87.6025, 25.326666666666679 ], [ 87.6, 25.32916666666668 ], [ 87.59, 25.3475 ], [ 87.59, 25.3525 ], [ 87.586666666666645, 25.359166666666678 ], [ 87.580833333333317, 25.365 ], [ 87.58, 25.37 ] ] } },
{ "type": "Feature", "properties": { "COMID": 45051885, "id": "19853", "lengthkm": 13.863521198171522, "order": 8, "uparea": 911647.70952676877 }, "geometry": { "type": "LineString", "coordinates": [ [ 87.7475, 25.283333333333346 ], [ 87.735833333333318, 25.294166666666676 ], [ 87.728333333333325, 25.2975 ], [ 87.720833333333317, 25.295833333333345 ], [ 87.703333333333319, 25.296666666666678 ], [ 87.6925, 25.301666666666677 ], [ 87.683333333333309, 25.308333333333344 ], [ 87.678333333333313, 25.305833333333347 ], [ 87.67, 25.305 ], [ 87.651666666666642, 25.299166666666679 ], [ 87.646666666666647, 25.294166666666676 ], [ 87.633333333333326, 25.3 ] ] } },
{ "type": "Feature", "properties": { "COMID": 45051884, "id": "19853", "lengthkm": 19.453443007339239, "order": 8, "uparea": 912311.87636824907 }, "geometry": { "type": "LineString", "coordinates": [ [ 87.79583333333332, 25.138333333333343 ], [ 87.8, 25.146666666666679 ], [ 87.79916666666665, 25.160833333333343 ], [ 87.8025, 25.165833333333346 ], [ 87.8, 25.185833333333346 ], [ 87.7975, 25.19 ], [ 87.7975, 25.19666666666668 ], [ 87.8, 25.203333333333347 ], [ 87.8, 25.216666666666676 ], [ 87.798333333333318, 25.223333333333343 ], [ 87.789166666666645, 25.234166666666678 ], [ 87.7875, 25.244166666666679 ], [ 87.7725, 25.268333333333345 ], [ 87.765833333333319, 25.275 ], [ 87.75, 25.283333333333346 ], [ 87.7475, 25.283333333333346 ] ] } },
{ "type": "Feature", "properties": { "COMID": 45051883, "id": "19853", "lengthkm": 8.4233897037171097, "order": 8, "uparea": 912398.53779064561 }, "geometry": { "type": "LineString", "coordinates": [ [ 87.8425, 25.09 ], [ 87.831666666666649, 25.096666666666678 ], [ 87.824166666666656, 25.0975 ], [ 87.809166666666655, 25.104166666666679 ], [ 87.800833333333316, 25.111666666666679 ], [ 87.79583333333332, 25.138333333333343 ] ] } },
{ "type": "Feature", "properties": { "COMID": 45051882, "id": "19853", "lengthkm": 4.624669222525001, "order": 8, "uparea": 925782.72516854433 }, "geometry": { "type": "LineString", "coordinates": [ [ 87.859166666666653, 25.056666666666679 ], [ 87.859166666666653, 25.065 ], [ 87.855833333333322, 25.07166666666668 ], [ 87.850833333333313, 25.076666666666679 ], [ 87.84333333333332, 25.080833333333345 ], [ 87.8425, 25.09 ] ] } },
{ "type": "Feature", "properties": { "COMID": 45051881, "id": "19853", "lengthkm": 16.310926103587931, "order": 8, "uparea": 926013.7177719574 }, "geometry": { "type": "LineString", "coordinates": [ [ 87.9775, 24.986666666666679 ], [ 87.975, 24.9925 ], [ 87.975, 24.998333333333346 ], [ 87.9725, 25.0025 ], [ 87.955833333333317, 25.02 ], [ 87.945833333333326, 25.02416666666668 ], [ 87.9375, 25.0225 ], [ 87.915, 25.039166666666681 ], [ 87.884166666666658, 25.048333333333346 ], [ 87.88, 25.048333333333346 ], [ 87.859166666666653, 25.056666666666679 ] ] } },
{ "type": "Feature", "properties": { "COMID": 45051880, "id": "19853", "lengthkm": 5.8290387575091316, "order": 8, "uparea": 926120.48174118099 }, "geometry": { "type": "LineString", "coordinates": [ [ 87.954166666666652, 24.945 ], [ 87.958333333333314, 24.964166666666678 ], [ 87.965, 24.9725 ], [ 87.9675, 24.9725 ], [ 87.973333333333315, 24.978333333333346 ], [ 87.9775, 24.986666666666679 ] ] } },
{ "type": "Feature", "properties": { "COMID": 45051879, "id": "19853", "lengthkm": 1.9875447233118191, "order": 8, "uparea": 926150.97283760435 }, "geometry": { "type": "LineString", "coordinates": [ [ 87.948333333333323, 24.929166666666678 ], [ 87.954166666666652, 24.945 ] ] } },
{ "type": "Feature", "properties": { "COMID": 45055811, "id": "19853", "lengthkm": 11.842913045794596, "order": 8, "uparea": 926235.6052297313 }, "geometry": { "type": "LineString", "coordinates": [ [ 87.933333333333309, 24.830833333333345 ], [ 87.9375, 24.838333333333345 ], [ 87.95, 24.8725 ], [ 87.950833333333321, 24.8875 ], [ 87.948333333333323, 24.905 ], [ 87.95, 24.919166666666676 ], [ 87.948333333333323, 24.929166666666678 ] ] } },
{ "type": "Feature", "properties": { "COMID": 45055810, "id": "19853", "lengthkm": 4.1564438395794436, "order": 8, "uparea": 928053.97487974737 }, "geometry": { "type": "LineString", "coordinates": [ [ 87.935833333333321, 24.796666666666678 ], [ 87.93, 24.811666666666678 ], [ 87.933333333333309, 24.830833333333345 ] ] } },
{ "type": "Feature", "properties": { "COMID": 45055809, "id": "19853", "lengthkm": 18.91204942228471, "order": 8, "uparea": 928162.58505011222 }, "geometry": { "type": "LineString", "coordinates": [ [ 87.9975, 24.655 ], [ 87.985, 24.661666666666676 ], [ 87.951666666666654, 24.69666666666668 ], [ 87.948333333333323, 24.7025 ], [ 87.945, 24.7175 ], [ 87.940833333333316, 24.725 ], [ 87.941666666666649, 24.731666666666676 ], [ 87.935833333333321, 24.744166666666679 ], [ 87.935833333333321, 24.753333333333345 ], [ 87.9375, 24.75916666666668 ], [ 87.936666666666653, 24.77 ], [ 87.938333333333318, 24.773333333333348 ], [ 87.938333333333318, 24.785 ], [ 87.935833333333321, 24.79 ], [ 87.935833333333321, 24.796666666666678 ] ] } },
{ "type": "Feature", "properties": { "COMID": 45055808, "id": "19853", "lengthkm": 13.442091377572416, "order": 8, "uparea": 928295.92314064282 }, "geometry": { "type": "LineString", "coordinates": [ [ 88.114166666666648, 24.630833333333346 ], [ 88.106666666666655, 24.630833333333346 ], [ 88.0975, 24.635 ], [ 88.086666666666645, 24.631666666666678 ], [ 88.065833333333316, 24.6325 ], [ 88.0625, 24.636666666666677 ], [ 88.051666666666648, 24.6375 ], [ 88.0425, 24.64166666666668 ], [ 88.03083333333332, 24.64166666666668 ], [ 88.018333333333317, 24.64916666666668 ], [ 88.001666666666651, 24.651666666666678 ], [ 87.9975, 24.655 ] ] } },
{ "type": "Feature", "properties": { "COMID": 45055807, "id": "19853", "lengthkm": 2.017086504194705, "order": 8, "uparea": 928364.89436697715 }, "geometry": { "type": "LineString", "coordinates": [ [ 88.1325, 24.6275 ], [ 88.114166666666648, 24.630833333333346 ] ] } },
{ "type": "Feature", "properties": { "COMID": 45055806, "id": "19853", "lengthkm": 0.58739129867411499, "order": 8, "uparea": 928465.09523491957 }, "geometry": { "type": "LineString", "coordinates": [ [ 88.1375, 24.625833333333347 ], [ 88.1325, 24.6275 ] ] } },
{ "type": "Feature", "properties": { "COMID": 45055805, "id": "19853", "lengthkm": 8.8614851493486899, "order": 8, "uparea": 928806.70236828271 }, "geometry": { "type": "LineString", "coordinates": [ [ 88.17083333333332, 24.563333333333347 ], [ 88.17, 24.58 ], [ 88.168333333333322, 24.581666666666678 ], [ 88.17083333333332, 24.58666666666668 ], [ 88.166666666666657, 24.5975 ], [ 88.16, 24.605 ], [ 88.148333333333312, 24.610833333333346 ], [ 88.141666666666652, 24.6225 ], [ 88.1375, 24.625833333333347 ] ] } },
{ "type": "Feature", "properties": { "COMID": 45055804, "id": "19853", "lengthkm": 14.818630745559563, "order": 8, "uparea": 928925.58192239841 }, "geometry": { "type": "LineString", "coordinates": [ [ 88.166666666666657, 24.4575 ], [ 88.163333333333313, 24.4725 ], [ 88.156666666666652, 24.485 ], [ 88.155, 24.486666666666679 ], [ 88.145833333333314, 24.486666666666679 ], [ 88.144166666666649, 24.488333333333344 ], [ 88.144166666666649, 24.504166666666677 ], [ 88.1425, 24.511666666666677 ], [ 88.148333333333312, 24.5225 ], [ 88.1525, 24.540833333333346 ], [ 88.158333333333317, 24.5425 ], [ 88.166666666666657, 24.551666666666677 ], [ 88.17, 24.553333333333345 ], [ 88.169166666666655, 24.558333333333344 ], [ 88.17083333333332, 24.563333333333347 ] ] } },
{ "type": "Feature", "properties": { "COMID": 45055803, "id": "19853", "lengthkm": 16.926292420309789, "order": 8, "uparea": 929096.59630489291 }, "geometry": { "type": "LineString", "coordinates": [ [ 88.310833333333321, 24.466666666666679 ], [ 88.29, 24.47 ], [ 88.285833333333315, 24.46916666666668 ], [ 88.27583333333331, 24.474166666666676 ], [ 88.2675, 24.4725 ], [ 88.258333333333312, 24.468333333333344 ], [ 88.250833333333318, 24.4675 ], [ 88.23666666666665, 24.46 ], [ 88.214166666666642, 24.4525 ], [ 88.206666666666649, 24.451666666666679 ], [ 88.199166666666656, 24.4475 ], [ 88.194166666666646, 24.44666666666668 ], [ 88.181666666666644, 24.4475 ], [ 88.175833333333316, 24.45 ], [ 88.166666666666657, 24.4575 ] ] } },
{ "type": "Feature", "properties": { "COMID": 45055802, "id": "19853", "lengthkm": 10.477427731132073, "order": 8, "uparea": 939805.3367173369 }, "geometry": { "type": "LineString", "coordinates": [ [ 88.376666666666651, 24.3975 ], [ 88.350833333333313, 24.420833333333345 ], [ 88.310833333333321, 24.466666666666679 ] ] } },
{ "type": "Feature", "properties": { "COMID": 45055801, "id": "19853", "lengthkm": 16.764260880470527, "order": 8, "uparea": 939927.1019903702 }, "geometry": { "type": "LineString", "coordinates": [ [ 88.499166666666653, 24.355833333333344 ], [ 88.4925, 24.354166666666679 ], [ 88.485833333333318, 24.359166666666681 ], [ 88.476666666666645, 24.361666666666679 ], [ 88.47166666666665, 24.365833333333345 ], [ 88.465, 24.368333333333347 ], [ 88.460833333333312, 24.375 ], [ 88.451666666666654, 24.380833333333346 ], [ 88.448333333333323, 24.376666666666679 ], [ 88.44, 24.375 ], [ 88.42416666666665, 24.376666666666679 ], [ 88.415833333333325, 24.375 ], [ 88.40916666666665, 24.368333333333347 ], [ 88.40083333333331, 24.37 ], [ 88.383333333333312, 24.385833333333345 ], [ 88.376666666666651, 24.3975 ] ] } },
{ "type": "Feature", "properties": { "COMID": 45055800, "id": "19853", "lengthkm": 4.7403365705019116, "order": 8, "uparea": 939965.39136937284 }, "geometry": { "type": "LineString", "coordinates": [ [ 88.536666666666648, 24.33666666666668 ], [ 88.52583333333331, 24.346666666666678 ], [ 88.514166666666654, 24.35 ], [ 88.510833333333323, 24.353333333333346 ], [ 88.501666666666651, 24.354166666666679 ], [ 88.499166666666653, 24.355833333333344 ] ] } },
{ "type": "Feature", "properties": { "COMID": 45055799, "id": "19853", "lengthkm": 13.622724206393936, "order": 8, "uparea": 940189.5927166536 }, "geometry": { "type": "LineString", "coordinates": [ [ 88.65083333333331, 24.3425 ], [ 88.6425, 24.348333333333343 ], [ 88.628333333333316, 24.348333333333343 ], [ 88.62, 24.353333333333346 ], [ 88.613333333333316, 24.353333333333346 ], [ 88.599166666666648, 24.3575 ], [ 88.581666666666649, 24.358333333333345 ], [ 88.569166666666646, 24.355 ], [ 88.563333333333318, 24.355 ], [ 88.558333333333309, 24.34916666666668 ], [ 88.536666666666648, 24.33666666666668 ] ] } },
{ "type": "Feature", "properties": { "COMID": 45055798, "id": "19853", "lengthkm": 12.084574955454938, "order": 8, "uparea": 940269.46241819265 }, "geometry": { "type": "LineString", "coordinates": [ [ 88.73, 24.280833333333348 ], [ 88.71833333333332, 24.303333333333345 ], [ 88.71333333333331, 24.308333333333344 ], [ 88.710833333333312, 24.314166666666679 ], [ 88.700833333333321, 24.326666666666679 ], [ 88.691666666666649, 24.3325 ], [ 88.6875, 24.3325 ], [ 88.684166666666641, 24.335833333333348 ], [ 88.67416666666665, 24.34 ], [ 88.65083333333331, 24.3425 ] ] } },
{ "type": "Feature", "properties": { "COMID": 45059549, "id": "19853", "lengthkm": 9.8177318212372029, "order": 8, "uparea": 940453.68058515922 }, "geometry": { "type": "LineString", "coordinates": [ [ 88.7425, 24.201666666666679 ], [ 88.738333333333316, 24.209166666666679 ], [ 88.738333333333316, 24.23 ], [ 88.740833333333313, 24.249166666666678 ], [ 88.7425, 24.251666666666679 ], [ 88.741666666666646, 24.261666666666677 ], [ 88.7375, 24.271666666666679 ], [ 88.73, 24.280833333333348 ] ] } },
{ "type": "Feature", "properties": { "COMID": 45059548, "id": "19853", "lengthkm": 14.781405750183545, "order": 8, "uparea": 940599.66758226848 }, "geometry": { "type": "LineString", "coordinates": [ [ 88.825833333333321, 24.109166666666681 ], [ 88.8225, 24.1125 ], [ 88.810833333333321, 24.116666666666681 ], [ 88.796666666666653, 24.13416666666668 ], [ 88.794166666666655, 24.140833333333347 ], [ 88.795, 24.15 ], [ 88.788333333333313, 24.160833333333343 ], [ 88.783333333333317, 24.165833333333346 ], [ 88.78083333333332, 24.171666666666681 ], [ 88.766666666666652, 24.183333333333344 ], [ 88.758333333333312, 24.1875 ], [ 88.748333333333321, 24.198333333333345 ], [ 88.7425, 24.201666666666679 ] ] } },
{ "type": "Feature", "properties": { "COMID": 45059547, "id": "19853", "lengthkm": 3.7864573176344982, "order": 8, "uparea": 940665.13999928441 }, "geometry": { "type": "LineString", "coordinates": [ [ 88.8575, 24.09916666666668 ], [ 88.8475, 24.09916666666668 ], [ 88.84, 24.105 ], [ 88.825833333333321, 24.109166666666681 ] ] } },
{ "type": "Feature", "properties": { "COMID": 45059546, "id": "19853", "lengthkm": 5.1835086046142838, "order": 8, "uparea": 940831.0093502223 }, "geometry": { "type": "LineString", "coordinates": [ [ 88.903333333333308, 24.106666666666676 ], [ 88.894166666666649, 24.104166666666679 ], [ 88.885833333333323, 24.104166666666679 ], [ 88.883333333333312, 24.1025 ], [ 88.875, 24.103333333333346 ], [ 88.870833333333309, 24.100833333333345 ], [ 88.866666666666646, 24.101666666666681 ], [ 88.8575, 24.09916666666668 ] ] } },
{ "type": "Feature", "properties": { "COMID": 45059545, "id": "19853", "lengthkm": 11.847255038531785, "order": 8, "uparea": 940936.67437459121 }, "geometry": { "type": "LineString", "coordinates": [ [ 88.990833333333313, 24.160833333333343 ], [ 88.978333333333325, 24.153333333333343 ], [ 88.97, 24.151666666666678 ], [ 88.96, 24.140833333333347 ], [ 88.945833333333312, 24.13416666666668 ], [ 88.936666666666653, 24.1325 ], [ 88.92083333333332, 24.115 ], [ 88.9125, 24.113333333333344 ], [ 88.903333333333308, 24.106666666666676 ] ] } },
{ "type": "Feature", "properties": { "COMID": 45059544, "id": "19853", "lengthkm": 15.193131007366883, "order": 8, "uparea": 941063.0249915187 }, "geometry": { "type": "LineString", "coordinates": [ [ 89.029166666666654, 24.051666666666677 ], [ 89.026666666666642, 24.069166666666678 ], [ 89.024166666666645, 24.075 ], [ 89.025, 24.080833333333345 ], [ 89.0225, 24.08666666666668 ], [ 89.021666666666647, 24.096666666666678 ], [ 89.023333333333312, 24.115 ], [ 89.026666666666642, 24.119166666666679 ], [ 89.026666666666642, 24.124166666666678 ], [ 89.024166666666645, 24.133333333333347 ], [ 89.020833333333314, 24.138333333333346 ], [ 89.019166666666649, 24.15 ], [ 89.011666666666656, 24.155833333333348 ], [ 89.005, 24.15666666666668 ], [ 89.0, 24.16 ], [ 88.990833333333313, 24.160833333333343 ] ] } },
{ "type": "Feature", "properties": { "COMID": 45059543, "id": "19853", "lengthkm": 22.919025509622344, "order": 8, "uparea": 941232.2068096787 }, "geometry": { "type": "LineString", "coordinates": [ [ 89.165833333333325, 23.938333333333347 ], [ 89.144166666666649, 23.944166666666678 ], [ 89.13, 23.951666666666679 ], [ 89.123333333333321, 23.951666666666679 ], [ 89.119166666666644, 23.953333333333347 ], [ 89.115, 23.9575 ], [ 89.099166666666648, 23.966666666666679 ], [ 89.090833333333308, 23.965833333333347 ], [ 89.083333333333314, 23.971666666666678 ], [ 89.074166666666656, 23.973333333333347 ], [ 89.0725, 23.975 ], [ 89.074166666666656, 23.9825 ], [ 89.068333333333314, 23.985833333333346 ], [ 89.0575, 23.985833333333346 ], [ 89.054166666666646, 23.991666666666678 ], [ 89.046666666666653, 23.999166666666678 ], [ 89.04583333333332, 24.003333333333345 ], [ 89.04, 24.013333333333346 ], [ 89.035, 24.025833333333345 ], [ 89.03083333333332, 24.05 ], [ 89.029166666666654, 24.051666666666677 ] ] } },
{ "type": "Feature", "properties": { "COMID": 45059542, "id": "19853", "lengthkm": 15.197449232252884, "order": 8, "uparea": 941358.96584197984 }, "geometry": { "type": "LineString", "coordinates": [ [ 89.3025, 23.921666666666678 ], [ 89.279166666666654, 23.9225 ], [ 89.270833333333314, 23.923333333333346 ], [ 89.268333333333317, 23.925 ], [ 89.260833333333323, 23.924166666666679 ], [ 89.255, 23.9275 ], [ 89.230833333333322, 23.931666666666679 ], [ 89.203333333333319, 23.931666666666679 ], [ 89.199166666666656, 23.93 ], [ 89.1875, 23.93 ], [ 89.165833333333325, 23.938333333333347 ] ] } },
{ "type": "Feature", "properties": { "COMID": 45059541, "id": "19853", "lengthkm": 6.1512703978047636, "order": 8, "uparea": 941533.36392942001 }, "geometry": { "type": "LineString", "coordinates": [ [ 89.348333333333315, 23.893333333333345 ], [ 89.336666666666645, 23.901666666666678 ], [ 89.3275, 23.904166666666679 ], [ 89.320833333333312, 23.91166666666668 ], [ 89.315, 23.914166666666677 ], [ 89.310833333333321, 23.914166666666677 ], [ 89.3025, 23.921666666666678 ] ] } },
{ "type": "Feature", "properties": { "COMID": 45059540, "id": "19853", "lengthkm": 9.8895827490848394, "order": 8, "uparea": 941605.2616197234 }, "geometry": { "type": "LineString", "coordinates": [ [ 89.4275, 23.875 ], [ 89.40583333333332, 23.875 ], [ 89.3975, 23.880833333333346 ], [ 89.389166666666654, 23.883333333333347 ], [ 89.3825, 23.8925 ], [ 89.373333333333321, 23.895 ], [ 89.366666666666646, 23.89916666666668 ], [ 89.36, 23.89916666666668 ], [ 89.355833333333322, 23.894166666666678 ], [ 89.348333333333315, 23.893333333333345 ] ] } },
{ "type": "Feature", "properties": { "COMID": 45059539, "id": "19853", "lengthkm": 14.848932183059439, "order": 8, "uparea": 941696.71093742794 }, "geometry": { "type": "LineString", "coordinates": [ [ 89.538333333333313, 23.813333333333347 ], [ 89.52583333333331, 23.82 ], [ 89.508333333333312, 23.8325 ], [ 89.485833333333318, 23.841666666666679 ], [ 89.4775, 23.850833333333345 ], [ 89.466666666666654, 23.851666666666677 ], [ 89.464166666666642, 23.8575 ], [ 89.459166666666647, 23.8625 ], [ 89.439166666666651, 23.875 ], [ 89.4275, 23.875 ] ] } },
{ "type": "Feature", "properties": { "COMID": 45059538, "id": "19853", "lengthkm": 23.557629231964349, "order": 8, "uparea": 942043.13008880126 }, "geometry": { "type": "LineString", "coordinates": [ [ 89.7425, 23.810833333333346 ], [ 89.731666666666655, 23.803333333333345 ], [ 89.706666666666649, 23.798333333333346 ], [ 89.696666666666644, 23.8025 ], [ 89.695, 23.805 ], [ 89.690833333333316, 23.805 ], [ 89.685833333333321, 23.8 ], [ 89.676666666666648, 23.7975 ], [ 89.661666666666648, 23.796666666666678 ], [ 89.65583333333332, 23.798333333333346 ], [ 89.644166666666649, 23.796666666666678 ], [ 89.623333333333321, 23.796666666666678 ], [ 89.619166666666644, 23.798333333333346 ], [ 89.615, 23.8025 ], [ 89.604166666666657, 23.805 ], [ 89.571666666666644, 23.806666666666679 ], [ 89.565833333333316, 23.81 ], [ 89.551666666666648, 23.814166666666679 ], [ 89.538333333333313, 23.813333333333347 ] ] } },
{ "type": "Feature", "properties": { "COMID": 45059537, "id": "19853", "lengthkm": 2.364264633039713, "order": 8, "uparea": 1480070.8617546074 }, "geometry": { "type": "LineString", "coordinates": [ [ 89.763333333333321, 23.8125 ], [ 89.7425, 23.810833333333346 ] ] } },
{ "type": "Feature", "properties": { "COMID": 45059536, "id": "19853", "lengthkm": 3.3533933894008552, "order": 8, "uparea": 1480461.6324491578 }, "geometry": { "type": "LineString", "coordinates": [ [ 89.786666666666648, 23.7925 ], [ 89.765, 23.8125 ], [ 89.763333333333321, 23.8125 ] ] } },
{ "type": "Feature", "properties": { "COMID": 45059535, "id": "19853", "lengthkm": 2.028552639801394, "order": 8, "uparea": 1480549.6332875148 }, "geometry": { "type": "LineString", "coordinates": [ [ 89.79916666666665, 23.779166666666679 ], [ 89.786666666666648, 23.7925 ] ] } },
{ "type": "Feature", "properties": { "COMID": 45059534, "id": "19853", "lengthkm": 24.147820154197287, "order": 8, "uparea": 1480725.0136060892 }, "geometry": { "type": "LineString", "coordinates": [ [ 89.995, 23.705833333333345 ], [ 89.9925, 23.708333333333346 ], [ 89.9825, 23.7125 ], [ 89.960833333333312, 23.715833333333347 ], [ 89.94, 23.723333333333347 ], [ 89.919166666666655, 23.725833333333345 ], [ 89.910833333333315, 23.725 ], [ 89.9025, 23.729166666666679 ], [ 89.886666666666656, 23.729166666666679 ], [ 89.871666666666641, 23.733333333333345 ], [ 89.855, 23.73 ], [ 89.83833333333331, 23.743333333333347 ], [ 89.813333333333318, 23.768333333333345 ], [ 89.79916666666665, 23.779166666666679 ] ] } },
{ "type": "Feature", "properties": { "COMID": 45063347, "id": "19853", "lengthkm": 5.2676845882940846, "order": 8, "uparea": 1480789.2229896402 }, "geometry": { "type": "LineString", "coordinates": [ [ 89.991666666666646, 23.660833333333347 ], [ 89.996666666666641, 23.67666666666668 ], [ 89.995, 23.705833333333345 ] ] } },
{ "type": "Feature", "properties": { "COMID": 45063346, "id": "19853", "lengthkm": 7.283326201289265, "order": 8, "uparea": 1480948.0639584674 }, "geometry": { "type": "LineString", "coordinates": [ [ 90.009166666666644, 23.605 ], [ 90.008333333333312, 23.620833333333344 ], [ 90.0125, 23.628333333333345 ], [ 90.0125, 23.633333333333347 ], [ 90.003333333333316, 23.65 ], [ 89.991666666666646, 23.660833333333347 ] ] } },
{ "type": "Feature", "properties": { "COMID": 45063345, "id": "19853", "lengthkm": 7.3301595308811152, "order": 8, "uparea": 1481136.7888560903 }, "geometry": { "type": "LineString", "coordinates": [ [ 90.059166666666641, 23.5625 ], [ 90.03, 23.5925 ], [ 90.0125, 23.601666666666681 ], [ 90.009166666666644, 23.605 ] ] } },
{ "type": "Feature", "properties": { "COMID": 45063344, "id": "19853", "lengthkm": 12.769887712414294, "order": 8, "uparea": 1481312.4314660509 }, "geometry": { "type": "LineString", "coordinates": [ [ 90.115833333333313, 23.475 ], [ 90.109166666666653, 23.4875 ], [ 90.0975, 23.503333333333345 ], [ 90.0925, 23.514166666666679 ], [ 90.090833333333308, 23.520833333333346 ], [ 90.09166666666664, 23.541666666666679 ], [ 90.084166666666647, 23.5475 ], [ 90.065, 23.5575 ], [ 90.059166666666641, 23.5625 ] ] } },
{ "type": "Feature", "properties": { "COMID": 45063343, "id": "19853", "lengthkm": 7.5193073133645347, "order": 8, "uparea": 1481911.4042069917 }, "geometry": { "type": "LineString", "coordinates": [ [ 90.179166666666646, 23.466666666666679 ], [ 90.176666666666648, 23.4675 ], [ 90.17083333333332, 23.465 ], [ 90.146666666666647, 23.460833333333348 ], [ 90.1275, 23.465833333333347 ], [ 90.115833333333313, 23.475 ] ] } },
{ "type": "Feature", "properties": { "COMID": 45063342, "id": "19853", "lengthkm": 0.084998536493851001, "order": 8, "uparea": 1482022.2761364332 }, "geometry": { "type": "LineString", "coordinates": [ [ 90.18, 23.466666666666679 ], [ 90.179166666666646, 23.466666666666679 ] ] } },
{ "type": "Feature", "properties": { "COMID": 45063341, "id": "19853", "lengthkm": 22.24883309536888, "order": 8, "uparea": 1482212.7252700049 }, "geometry": { "type": "LineString", "coordinates": [ [ 90.373333333333306, 23.42 ], [ 90.355, 23.423333333333346 ], [ 90.3325, 23.433333333333344 ], [ 90.315833333333316, 23.4325 ], [ 90.313333333333318, 23.43416666666668 ], [ 90.301666666666648, 23.435 ], [ 90.28083333333332, 23.44666666666668 ], [ 90.25, 23.45 ], [ 90.241666666666646, 23.4525 ], [ 90.24, 23.451666666666679 ], [ 90.215833333333308, 23.460833333333348 ], [ 90.203333333333319, 23.460833333333348 ], [ 90.193333333333314, 23.465 ], [ 90.18, 23.466666666666679 ] ] } },
{ "type": "Feature", "properties": { "COMID": 45063340, "id": "19853", "lengthkm": 11.879566167536154, "order": 8, "uparea": 1482501.2272524796 }, "geometry": { "type": "LineString", "coordinates": [ [ 90.436666666666653, 23.34 ], [ 90.434166666666641, 23.343333333333344 ], [ 90.430833333333311, 23.360833333333346 ], [ 90.419166666666655, 23.375833333333347 ], [ 90.40916666666665, 23.385833333333345 ], [ 90.399166666666645, 23.401666666666678 ], [ 90.373333333333306, 23.42 ] ] } },
{ "type": "Feature", "properties": { "COMID": 45063339, "id": "19853", "lengthkm": 0.714071485172183, "order": 8, "uparea": 1482555.5706116247 }, "geometry": { "type": "LineString", "coordinates": [ [ 90.441666666666649, 23.335833333333348 ], [ 90.436666666666653, 23.34 ] ] } },
{ "type": "Feature", "properties": { "COMID": 45063338, "id": "19853", "lengthkm": 3.684757535951662, "order": 8, "uparea": 1482765.1194097816 }, "geometry": { "type": "LineString", "coordinates": [ [ 90.474166666666648, 23.331666666666678 ], [ 90.454166666666652, 23.330833333333345 ], [ 90.449166666666656, 23.331666666666678 ], [ 90.441666666666649, 23.335833333333348 ] ] } },
{ "type": "Feature", "properties": { "COMID": 45063337, "id": "19853", "lengthkm": 1.9350875813103481, "order": 8, "uparea": 1482797.5267805532 }, "geometry": { "type": "LineString", "coordinates": [ [ 90.488333333333316, 23.32166666666668 ], [ 90.481666666666655, 23.324166666666681 ], [ 90.474166666666648, 23.331666666666678 ] ] } },
{ "type": "Feature", "properties": { "COMID": 45063336, "id": "19853", "lengthkm": 5.8385379776508346, "order": 8, "uparea": 1482976.942876504 }, "geometry": { "type": "LineString", "coordinates": [ [ 90.538333333333313, 23.306666666666679 ], [ 90.52916666666664, 23.3075 ], [ 90.5225, 23.310833333333346 ], [ 90.5125, 23.32 ], [ 90.488333333333316, 23.32166666666668 ] ] } },
{ "type": "Feature", "properties": { "COMID": 45063335, "id": "19853", "lengthkm": 6.305659495608567, "order": 8, "uparea": 1483033.5524042775 }, "geometry": { "type": "LineString", "coordinates": [ [ 90.5875, 23.295833333333345 ], [ 90.575833333333321, 23.293333333333347 ], [ 90.5625, 23.30166666666668 ], [ 90.554166666666646, 23.305 ], [ 90.550833333333316, 23.31 ], [ 90.543333333333322, 23.306666666666679 ], [ 90.538333333333313, 23.306666666666679 ] ] } },
{ "type": "Feature", "properties": { "COMID": 45063334, "id": "19853", "lengthkm": 7.8191387100587306, "order": 8, "uparea": 1483124.8605031187 }, "geometry": { "type": "LineString", "coordinates": [ [ 90.626666666666651, 23.24 ], [ 90.610833333333318, 23.25916666666668 ], [ 90.60833333333332, 23.268333333333345 ], [ 90.6, 23.276666666666678 ], [ 90.599166666666648, 23.28166666666668 ], [ 90.595833333333317, 23.2875 ], [ 90.5875, 23.295833333333345 ] ] } },
{ "type": "Feature", "properties": { "COMID": 45063333, "id": "19853", "lengthkm": 8.8182140991362683, "order": 8, "uparea": 1572400.525695469 }, "geometry": { "type": "LineString", "coordinates": [ [ 90.61166666666665, 23.166666666666679 ], [ 90.615, 23.186666666666678 ], [ 90.620833333333309, 23.1975 ], [ 90.626666666666651, 23.218333333333344 ], [ 90.626666666666651, 23.24 ] ] } },
{ "type": "Feature", "properties": { "COMID": 45063332, "id": "19853", "lengthkm": 7.6543775006214121, "order": 8, "uparea": 1572504.0563616927 }, "geometry": { "type": "LineString", "coordinates": [ [ 90.59333333333332, 23.105 ], [ 90.5975, 23.113333333333347 ], [ 90.601666666666645, 23.133333333333347 ], [ 90.60833333333332, 23.14916666666668 ], [ 90.6075, 23.1525 ], [ 90.61166666666665, 23.16166666666668 ], [ 90.61166666666665, 23.166666666666679 ] ] } },
{ "type": "Feature", "properties": { "COMID": 45066867, "id": "19853", "lengthkm": 8.8264913247611076, "order": 8, "uparea": 1572667.3889131162 }, "geometry": { "type": "LineString", "coordinates": [ [ 90.584166666666647, 23.0325 ], [ 90.584166666666647, 23.035 ], [ 90.590833333333308, 23.043333333333347 ], [ 90.598333333333315, 23.07166666666668 ], [ 90.598333333333315, 23.085833333333348 ], [ 90.59333333333332, 23.105 ] ] } },
{ "type": "Feature", "properties": { "COMID": 45066866, "id": "19853", "lengthkm": 11.626908692823784, "order": 8, "uparea": 1573607.9737473868 }, "geometry": { "type": "LineString", "coordinates": [ [ 90.631666666666646, 22.945 ], [ 90.628333333333316, 22.953333333333347 ], [ 90.615, 22.975 ], [ 90.61, 22.98 ], [ 90.605, 22.991666666666681 ], [ 90.600833333333313, 22.995833333333348 ], [ 90.594166666666652, 23.0125 ], [ 90.5875, 23.02 ], [ 90.584166666666647, 23.0325 ] ] } },
{ "type": "Feature", "properties": { "COMID": 45066865, "id": "19853", "lengthkm": 2.2123776367557291, "order": 8, "uparea": 1573652.1037601084 }, "geometry": { "type": "LineString", "coordinates": [ [ 90.638333333333321, 22.9275 ], [ 90.631666666666646, 22.945 ] ] } },
{ "type": "Feature", "properties": { "COMID": 45066864, "id": "19853", "lengthkm": 2.286353277797005, "order": 8, "uparea": 1573882.3011841814 }, "geometry": { "type": "LineString", "coordinates": [ [ 90.649166666666645, 22.910833333333347 ], [ 90.638333333333321, 22.9275 ] ] } },
{ "type": "Feature", "properties": { "COMID": 45066863, "id": "19853", "lengthkm": 10.136653461461982, "order": 8, "uparea": 1574012.6907671301 }, "geometry": { "type": "LineString", "coordinates": [ [ 90.7125, 22.846666666666678 ], [ 90.694166666666646, 22.861666666666679 ], [ 90.6875, 22.8725 ], [ 90.673333333333318, 22.8875 ], [ 90.663333333333313, 22.900833333333345 ], [ 90.649166666666645, 22.910833333333347 ] ] } },
{ "type": "Feature", "properties": { "COMID": 45066862, "id": "19853", "lengthkm": 6.9867986145700964, "order": 8, "uparea": 1574545.5744448761 }, "geometry": { "type": "LineString", "coordinates": [ [ 90.723333333333315, 22.788333333333345 ], [ 90.719166666666652, 22.7975 ], [ 90.7125, 22.846666666666678 ] ] } },
{ "type": "Feature", "properties": { "COMID": 45066861, "id": "19853", "lengthkm": 1.3973938849260481, "order": 8, "uparea": 1574591.2623521597 }, "geometry": { "type": "LineString", "coordinates": [ [ 90.720833333333317, 22.776666666666681 ], [ 90.723333333333315, 22.788333333333345 ] ] } },
{ "type": "Feature", "properties": { "COMID": 45066860, "id": "19853", "lengthkm": 3.3249251226456198, "order": 8, "uparea": 1574680.9067696885 }, "geometry": { "type": "LineString", "coordinates": [ [ 90.7275, 22.749166666666678 ], [ 90.7225, 22.764166666666679 ], [ 90.720833333333317, 22.776666666666681 ] ] } },
{ "type": "Feature", "properties": { "COMID": 45066859, "id": "19853", "lengthkm": 0.31137575033335202, "order": 8, "uparea": 1574708.4456096634 }, "geometry": { "type": "LineString", "coordinates": [ [ 90.72833333333331, 22.74666666666668 ], [ 90.7275, 22.749166666666678 ] ] } },
{ "type": "Feature", "properties": { "COMID": 45066858, "id": "19853", "lengthkm": 7.2847450964907097, "order": 8, "uparea": 1574834.2982043759 }, "geometry": { "type": "LineString", "coordinates": [ [ 90.7575, 22.691666666666681 ], [ 90.744166666666644, 22.713333333333345 ], [ 90.740833333333313, 22.725 ], [ 90.72833333333331, 22.74666666666668 ] ] } },
{ "type": "Feature", "properties": { "COMID": 45066857, "id": "19853", "lengthkm": 2.3985656537863922, "order": 8, "uparea": 1574898.6207858638 }, "geometry": { "type": "LineString", "coordinates": [ [ 90.764166666666654, 22.6725 ], [ 90.7575, 22.691666666666681 ] ] } },
{ "type": "Feature", "properties": { "COMID": 45066856, "id": "19853", "lengthkm": 7.0912977241002322, "order": 8, "uparea": 1575032.5004286871 }, "geometry": { "type": "LineString", "coordinates": [ [ 90.81, 22.626666666666679 ], [ 90.795, 22.644166666666681 ], [ 90.764166666666654, 22.6725 ] ] } },
{ "type": "Feature", "properties": { "COMID": 45066855, "id": "19853", "lengthkm": 7.5775848669324732, "order": 8, "uparea": 1575385.9506649468 }, "geometry": { "type": "LineString", "coordinates": [ [ 90.803333333333313, 22.563333333333347 ], [ 90.8, 22.573333333333348 ], [ 90.8, 22.589166666666681 ], [ 90.8075, 22.6125 ], [ 90.81, 22.626666666666679 ] ] } },
{ "type": "Feature", "properties": { "COMID": 45070323, "id": "19853", "lengthkm": 16.643676992320035, "order": 8, "uparea": 1575630.991704083 }, "geometry": { "type": "LineString", "coordinates": [ [ 90.9, 22.4575 ], [ 90.888333333333321, 22.4625 ], [ 90.88, 22.46916666666668 ], [ 90.868333333333311, 22.475 ], [ 90.850833333333313, 22.490833333333345 ], [ 90.839166666666642, 22.508333333333347 ], [ 90.83833333333331, 22.5175 ], [ 90.814166666666651, 22.54416666666668 ], [ 90.803333333333313, 22.563333333333347 ] ] } },
{ "type": "Feature", "properties": { "COMID": 45070322, "id": "19853", "lengthkm": 0.12617354695302499, "order": 8, "uparea": 1575661.803881095 }, "geometry": { "type": "LineString", "coordinates": [ [ 90.90083333333331, 22.456666666666681 ], [ 90.9, 22.4575 ] ] } }
]
}
