{
"type": "FeatureCollection",
"name": "downstream_83430",
"crs": { "type": "name", "properties": { "name": "urn:ogc:def:crs:OGC:1.3:CRS84" } },
"features": [
{ "type": "Feature", "properties": { "COMID": 44025488, "id": "10180", "lengthkm": 23.091327861145029, "order": 2, "uparea": 376.10471605893724 }, "geometry": { "type": "LineString", "coordinates": [ [ 103.369166666666672, 17.779166666666672 ], [ 103.365833333333327, 17.779166666666672 ], [ 103.360833333333332, 17.775833333333338 ], [ 103.36333333333333, 17.7725 ], [ 103.360833333333332, 17.768333333333338 ], [ 103.361666666666665, 17.763333333333339 ], [ 103.3675, 17.758333333333336 ], [ 103.36, 17.75416666666667 ], [ 103.361666666666665, 17.749166666666671 ], [ 103.356666666666669, 17.749166666666671 ], [ 103.356666666666669, 17.7425 ], [ 103.353333333333325, 17.741666666666671 ], [ 103.3475, 17.744166666666672 ], [ 103.345, 17.741666666666671 ], [ 103.34, 17.745 ], [ 103.338333333333338, 17.741666666666671 ], [ 103.335, 17.7425 ], [ 103.333333333333329, 17.739166666666669 ], [ 103.33, 17.739166666666669 ], [ 103.33, 17.73416666666667 ], [ 103.326666666666668, 17.7325 ], [ 103.326666666666668, 17.729166666666671 ], [ 103.325833333333335, 17.73 ], [ 103.323333333333323, 17.7275 ], [ 103.32, 17.729166666666671 ], [ 103.319166666666661, 17.731666666666669 ], [ 103.31583333333333, 17.73 ], [ 103.311666666666667, 17.7325 ], [ 103.31, 17.730833333333337 ], [ 103.305833333333325, 17.736666666666672 ], [ 103.3025, 17.733333333333338 ], [ 103.2975, 17.74 ], [ 103.295833333333334, 17.736666666666672 ], [ 103.290833333333325, 17.7375 ], [ 103.291666666666657, 17.736666666666672 ], [ 103.289166666666659, 17.735 ], [ 103.290833333333325, 17.73416666666667 ], [ 103.289166666666659, 17.7325 ], [ 103.29, 17.731666666666669 ], [ 103.288333333333327, 17.73 ], [ 103.284166666666664, 17.73 ], [ 103.283333333333331, 17.728333333333339 ], [ 103.271666666666661, 17.729166666666671 ], [ 103.265833333333333, 17.72666666666667 ] ] } },
{ "type": "Feature", "properties": { "COMID": 44025075, "id": "10180", "lengthkm": 1.592814765322182, "order": 3, "uparea": 2211.1145404324852 }, "geometry": { "type": "LineString", "coordinates": [ [ 103.3675, 17.79 ], [ 103.368333333333325, 17.786666666666672 ], [ 103.370833333333337, 17.785 ], [ 103.370833333333337, 17.780833333333337 ], [ 103.369166666666672, 17.779166666666672 ] ] } },
{ "type": "Feature", "properties": { "COMID": 44025073, "id": "10180", "lengthkm": 17.222958551680204, "order": 3, "uparea": 2348.963402531997 }, "geometry": { "type": "LineString", "coordinates": [ [ 103.418333333333337, 17.838333333333338 ], [ 103.413333333333327, 17.834166666666672 ], [ 103.41, 17.835 ], [ 103.4075, 17.839166666666671 ], [ 103.405833333333334, 17.839166666666671 ], [ 103.4025, 17.8325 ], [ 103.399166666666659, 17.830833333333338 ], [ 103.395, 17.833333333333336 ], [ 103.399166666666659, 17.839166666666671 ], [ 103.399166666666659, 17.8425 ], [ 103.386666666666656, 17.843333333333337 ], [ 103.381666666666661, 17.840833333333336 ], [ 103.38, 17.838333333333338 ], [ 103.385833333333323, 17.835 ], [ 103.39, 17.83 ], [ 103.389166666666668, 17.825 ], [ 103.386666666666656, 17.820833333333336 ], [ 103.3825, 17.819166666666671 ], [ 103.380833333333328, 17.82 ], [ 103.380833333333328, 17.815833333333337 ], [ 103.3775, 17.814166666666672 ], [ 103.3825, 17.81 ], [ 103.379166666666663, 17.806666666666672 ], [ 103.38, 17.805 ], [ 103.37833333333333, 17.8025 ], [ 103.375833333333333, 17.800833333333337 ], [ 103.37833333333333, 17.794166666666669 ], [ 103.376666666666665, 17.794166666666669 ], [ 103.375833333333333, 17.791666666666671 ], [ 103.373333333333335, 17.793333333333337 ], [ 103.37, 17.79 ], [ 103.3675, 17.79 ] ] } },
{ "type": "Feature", "properties": { "COMID": 44025066, "id": "10180", "lengthkm": 4.7598296730024909, "order": 3, "uparea": 2393.1605476857362 }, "geometry": { "type": "LineString", "coordinates": [ [ 103.396666666666661, 17.8525 ], [ 103.399166666666659, 17.845833333333339 ], [ 103.405833333333334, 17.85 ], [ 103.415, 17.8425 ], [ 103.420833333333334, 17.843333333333337 ], [ 103.421666666666667, 17.840833333333336 ], [ 103.419166666666669, 17.840833333333336 ], [ 103.418333333333337, 17.838333333333338 ] ] } },
{ "type": "Feature", "properties": { "COMID": 44025064, "id": "10180", "lengthkm": 3.5421721999170179, "order": 3, "uparea": 2424.6131642490632 }, "geometry": { "type": "LineString", "coordinates": [ [ 103.404166666666669, 17.87 ], [ 103.403333333333336, 17.8675 ], [ 103.4075, 17.861666666666672 ], [ 103.4075, 17.85916666666667 ], [ 103.4025, 17.856666666666669 ], [ 103.395833333333329, 17.8575 ], [ 103.394166666666663, 17.855 ], [ 103.396666666666661, 17.8525 ] ] } },
{ "type": "Feature", "properties": { "COMID": 44025062, "id": "10180", "lengthkm": 8.0321990487817185, "order": 3, "uparea": 2489.4273095346712 }, "geometry": { "type": "LineString", "coordinates": [ [ 103.396666666666661, 17.909166666666671 ], [ 103.4, 17.904166666666672 ], [ 103.4075, 17.904166666666672 ], [ 103.41, 17.900833333333338 ], [ 103.414166666666659, 17.89916666666667 ], [ 103.411666666666662, 17.895833333333336 ], [ 103.411666666666662, 17.8925 ], [ 103.414166666666659, 17.891666666666669 ], [ 103.414166666666659, 17.88666666666667 ], [ 103.418333333333337, 17.8825 ], [ 103.415833333333325, 17.87916666666667 ], [ 103.415, 17.880833333333339 ], [ 103.410833333333329, 17.878333333333337 ], [ 103.405833333333334, 17.878333333333337 ], [ 103.404166666666669, 17.87 ] ] } },
{ "type": "Feature", "properties": { "COMID": 44025056, "id": "10180", "lengthkm": 14.329757878094403, "order": 3, "uparea": 2664.045982057617 }, "geometry": { "type": "LineString", "coordinates": [ [ 103.388333333333335, 17.971666666666671 ], [ 103.389166666666668, 17.956666666666671 ], [ 103.395, 17.956666666666671 ], [ 103.398333333333326, 17.958333333333336 ], [ 103.405, 17.954166666666669 ], [ 103.41, 17.94916666666667 ], [ 103.409166666666664, 17.945833333333336 ], [ 103.406666666666666, 17.945833333333336 ], [ 103.405, 17.9425 ], [ 103.4075, 17.943333333333339 ], [ 103.411666666666662, 17.940833333333337 ], [ 103.410833333333329, 17.938333333333336 ], [ 103.411666666666662, 17.935 ], [ 103.413333333333327, 17.93416666666667 ], [ 103.413333333333327, 17.931666666666672 ], [ 103.4075, 17.931666666666672 ], [ 103.405, 17.929166666666671 ], [ 103.399166666666659, 17.929166666666671 ], [ 103.398333333333326, 17.931666666666672 ], [ 103.395, 17.933333333333337 ], [ 103.395, 17.924166666666672 ], [ 103.395833333333329, 17.9225 ], [ 103.4, 17.924166666666672 ], [ 103.399166666666659, 17.919166666666669 ], [ 103.400833333333338, 17.9175 ], [ 103.4, 17.9125 ], [ 103.396666666666661, 17.909166666666671 ] ] } },
{ "type": "Feature", "properties": { "COMID": 44025050, "id": "10180", "lengthkm": 29.239728007840718, "order": 3, "uparea": 3006.9779860500707 }, "geometry": { "type": "LineString", "coordinates": [ [ 103.498333333333335, 17.990833333333338 ], [ 103.494166666666672, 17.988333333333337 ], [ 103.490833333333327, 17.988333333333337 ], [ 103.475833333333327, 18.005833333333339 ], [ 103.4725, 18.005833333333339 ], [ 103.471666666666664, 18.003333333333337 ], [ 103.473333333333329, 18.001666666666672 ], [ 103.473333333333329, 17.998333333333338 ], [ 103.470833333333331, 18.000833333333336 ], [ 103.469166666666666, 18.0 ], [ 103.4675, 17.993333333333336 ], [ 103.464166666666671, 17.989166666666669 ], [ 103.454166666666666, 17.990833333333338 ], [ 103.451666666666668, 17.994166666666672 ], [ 103.449166666666656, 17.994166666666672 ], [ 103.44, 17.985833333333339 ], [ 103.438333333333333, 17.981666666666669 ], [ 103.441666666666663, 17.979166666666671 ], [ 103.444166666666661, 17.98 ], [ 103.445833333333326, 17.975833333333338 ], [ 103.448333333333323, 17.975833333333338 ], [ 103.450833333333335, 17.978333333333339 ], [ 103.451666666666668, 17.9775 ], [ 103.450833333333335, 17.973333333333336 ], [ 103.445833333333326, 17.9675 ], [ 103.441666666666663, 17.9675 ], [ 103.438333333333333, 17.97 ], [ 103.44, 17.974166666666672 ], [ 103.4375, 17.975833333333338 ], [ 103.42583333333333, 17.975833333333338 ], [ 103.42583333333333, 17.979166666666671 ], [ 103.43, 17.981666666666669 ], [ 103.42916666666666, 17.983333333333338 ], [ 103.421666666666667, 17.983333333333338 ], [ 103.414166666666659, 17.986666666666672 ], [ 103.41, 17.985833333333339 ], [ 103.406666666666666, 17.993333333333336 ], [ 103.400833333333338, 17.989166666666669 ], [ 103.400833333333338, 17.98416666666667 ], [ 103.399166666666659, 17.981666666666669 ], [ 103.395, 17.983333333333338 ], [ 103.388333333333335, 17.99 ], [ 103.385, 17.988333333333337 ], [ 103.386666666666656, 17.985 ], [ 103.386666666666656, 17.979166666666671 ], [ 103.391666666666666, 17.98 ], [ 103.388333333333335, 17.971666666666671 ] ] } },
{ "type": "Feature", "properties": { "COMID": 44025046, "id": "10180", "lengthkm": 12.317519617679865, "order": 3, "uparea": 3155.9995676319741 }, "geometry": { "type": "LineString", "coordinates": [ [ 103.49666666666667, 18.065 ], [ 103.494166666666672, 18.060833333333338 ], [ 103.495, 18.056666666666672 ], [ 103.493333333333325, 18.053333333333338 ], [ 103.498333333333335, 18.04666666666667 ], [ 103.498333333333335, 18.041666666666671 ], [ 103.494166666666672, 18.040833333333339 ], [ 103.49166666666666, 18.036666666666672 ], [ 103.4975, 18.03166666666667 ], [ 103.49666666666667, 18.03 ], [ 103.498333333333335, 18.0275 ], [ 103.499166666666667, 18.02 ], [ 103.4975, 18.02 ], [ 103.49666666666667, 18.0175 ], [ 103.499166666666667, 18.014166666666672 ], [ 103.500833333333333, 18.0075 ], [ 103.50333333333333, 18.005833333333339 ], [ 103.5025, 18.003333333333337 ], [ 103.504166666666663, 18.0025 ], [ 103.504166666666663, 17.99666666666667 ], [ 103.500833333333333, 17.99666666666667 ], [ 103.499166666666667, 17.998333333333338 ], [ 103.4975, 17.99666666666667 ], [ 103.499166666666667, 17.995 ], [ 103.495833333333337, 17.994166666666672 ], [ 103.499166666666667, 17.991666666666671 ], [ 103.498333333333335, 17.990833333333338 ] ] } },
{ "type": "Feature", "properties": { "COMID": 44025045, "id": "10180", "lengthkm": 2.6945560646779612, "order": 3, "uparea": 3361.6031189883693 }, "geometry": { "type": "LineString", "coordinates": [ [ 103.5075, 18.070833333333336 ], [ 103.505, 18.068333333333339 ], [ 103.504166666666663, 18.058333333333337 ], [ 103.49666666666667, 18.065 ] ] } },
{ "type": "Feature", "properties": { "COMID": 44023276, "id": "10180", "lengthkm": 7.2301107657187504, "order": 3, "uparea": 3436.7026617976903 }, "geometry": { "type": "LineString", "coordinates": [ [ 103.543333333333337, 18.0875 ], [ 103.540833333333325, 18.089166666666671 ], [ 103.536666666666662, 18.085 ], [ 103.5375, 18.078333333333337 ], [ 103.535, 18.07416666666667 ], [ 103.536666666666662, 18.0725 ], [ 103.536666666666662, 18.0675 ], [ 103.5325, 18.07 ], [ 103.5275, 18.06666666666667 ], [ 103.525833333333338, 18.069166666666671 ], [ 103.519166666666663, 18.070833333333336 ], [ 103.516666666666666, 18.07416666666667 ], [ 103.5075, 18.070833333333336 ] ] } },
{ "type": "Feature", "properties": { "COMID": 44025029, "id": "10180", "lengthkm": 13.226379229657795, "order": 4, "uparea": 4178.5331056853993 }, "geometry": { "type": "LineString", "coordinates": [ [ 103.595, 18.049166666666672 ], [ 103.593333333333334, 18.050833333333337 ], [ 103.59, 18.05 ], [ 103.586666666666659, 18.045 ], [ 103.588333333333338, 18.03916666666667 ], [ 103.586666666666659, 18.0375 ], [ 103.5825, 18.0375 ], [ 103.576666666666668, 18.04 ], [ 103.575833333333335, 18.0475 ], [ 103.57, 18.0525 ], [ 103.565, 18.054166666666671 ], [ 103.5625, 18.05916666666667 ], [ 103.558333333333337, 18.0625 ], [ 103.549166666666665, 18.061666666666671 ], [ 103.543333333333337, 18.064166666666672 ], [ 103.540833333333325, 18.06666666666667 ], [ 103.539166666666659, 18.0725 ], [ 103.541666666666657, 18.075 ], [ 103.544166666666669, 18.075 ], [ 103.548333333333332, 18.08 ], [ 103.5475, 18.080833333333338 ], [ 103.546666666666667, 18.079166666666669 ], [ 103.543333333333337, 18.080833333333338 ], [ 103.543333333333337, 18.0875 ] ] } },
{ "type": "Feature", "properties": { "COMID": 44025020, "id": "10180", "lengthkm": 7.9235829223894374, "order": 4, "uparea": 4261.3899244343875 }, "geometry": { "type": "LineString", "coordinates": [ [ 103.6325, 18.02 ], [ 103.6325, 18.016666666666669 ], [ 103.6275, 18.013333333333339 ], [ 103.610833333333332, 18.013333333333339 ], [ 103.6075, 18.02 ], [ 103.606666666666669, 18.033333333333339 ], [ 103.6025, 18.038333333333338 ], [ 103.595, 18.043333333333337 ], [ 103.595, 18.049166666666672 ] ] } },
{ "type": "Feature", "properties": { "COMID": 44025018, "id": "10180", "lengthkm": 10.636714440294963, "order": 4, "uparea": 4313.4672897044375 }, "geometry": { "type": "LineString", "coordinates": [ [ 103.638333333333335, 17.97666666666667 ], [ 103.63, 17.975 ], [ 103.625833333333333, 17.9675 ], [ 103.623333333333335, 17.970833333333339 ], [ 103.625833333333333, 17.9825 ], [ 103.62166666666667, 17.988333333333337 ], [ 103.62166666666667, 18.003333333333337 ], [ 103.624166666666667, 18.005833333333339 ], [ 103.6325, 18.005 ], [ 103.6375, 18.01166666666667 ], [ 103.640833333333333, 18.0125 ], [ 103.6375, 18.02 ], [ 103.6325, 18.02 ] ] } },
{ "type": "Feature", "properties": { "COMID": 44025016, "id": "10180", "lengthkm": 1.6939535690145231, "order": 4, "uparea": 4404.2642863382607 }, "geometry": { "type": "LineString", "coordinates": [ [ 103.64, 17.963333333333338 ], [ 103.639166666666668, 17.965833333333336 ], [ 103.640833333333333, 17.9675 ], [ 103.640833333333333, 17.9725 ], [ 103.638333333333335, 17.97666666666667 ] ] } },
{ "type": "Feature", "properties": { "COMID": 44025015, "id": "10180", "lengthkm": 21.040320840612871, "order": 4, "uparea": 4929.8933763832647 }, "geometry": { "type": "LineString", "coordinates": [ [ 103.735833333333332, 17.9075 ], [ 103.733333333333334, 17.91 ], [ 103.73, 17.90666666666667 ], [ 103.730833333333337, 17.908333333333339 ], [ 103.729166666666657, 17.91 ], [ 103.73, 17.913333333333338 ], [ 103.734166666666667, 17.916666666666671 ], [ 103.735, 17.920833333333338 ], [ 103.73, 17.924166666666672 ], [ 103.723333333333329, 17.925 ], [ 103.719166666666666, 17.929166666666671 ], [ 103.7175, 17.940833333333337 ], [ 103.715833333333336, 17.9425 ], [ 103.704166666666666, 17.939166666666672 ], [ 103.704166666666666, 17.943333333333339 ], [ 103.700833333333335, 17.946666666666673 ], [ 103.685, 17.955833333333338 ], [ 103.680833333333325, 17.955833333333338 ], [ 103.669166666666669, 17.948333333333338 ], [ 103.665, 17.948333333333338 ], [ 103.6625, 17.95 ], [ 103.660833333333329, 17.951666666666672 ], [ 103.660833333333329, 17.955833333333338 ], [ 103.6675, 17.965833333333336 ], [ 103.665, 17.9725 ], [ 103.663333333333327, 17.971666666666671 ], [ 103.661666666666662, 17.974166666666672 ], [ 103.658333333333331, 17.973333333333336 ], [ 103.655833333333334, 17.966666666666672 ], [ 103.6525, 17.963333333333338 ], [ 103.64, 17.963333333333338 ] ] } },
{ "type": "Feature", "properties": { "COMID": 44025013, "id": "10180", "lengthkm": 7.6220752973206416, "order": 4, "uparea": 5111.6466556174601 }, "geometry": { "type": "LineString", "coordinates": [ [ 103.760833333333323, 17.9525 ], [ 103.756666666666661, 17.944166666666671 ], [ 103.755, 17.93416666666667 ], [ 103.749166666666667, 17.925833333333337 ], [ 103.75, 17.9225 ], [ 103.75333333333333, 17.919166666666669 ], [ 103.75333333333333, 17.915833333333339 ], [ 103.7475, 17.911666666666672 ], [ 103.744166666666658, 17.913333333333338 ], [ 103.7425, 17.911666666666672 ], [ 103.7375, 17.9125 ], [ 103.735833333333332, 17.910833333333336 ], [ 103.735833333333332, 17.9075 ] ] } },
{ "type": "Feature", "properties": { "COMID": 44025010, "id": "10180", "lengthkm": 11.711052508080387, "order": 4, "uparea": 5208.5406961882782 }, "geometry": { "type": "LineString", "coordinates": [ [ 103.776666666666671, 17.90666666666667 ], [ 103.775, 17.908333333333339 ], [ 103.775, 17.9125 ], [ 103.783333333333331, 17.925833333333337 ], [ 103.783333333333331, 17.93 ], [ 103.78, 17.9325 ], [ 103.765833333333333, 17.920833333333338 ], [ 103.759166666666658, 17.919166666666669 ], [ 103.756666666666661, 17.9225 ], [ 103.756666666666661, 17.928333333333338 ], [ 103.765833333333333, 17.943333333333339 ], [ 103.765833333333333, 17.955 ], [ 103.763333333333335, 17.955833333333338 ], [ 103.760833333333323, 17.9525 ] ] } },
{ "type": "Feature", "properties": { "COMID": 44025008, "id": "10180", "lengthkm": 26.761058942534298, "order": 4, "uparea": 5306.474629512114 }, "geometry": { "type": "LineString", "coordinates": [ [ 103.860833333333332, 17.8825 ], [ 103.85, 17.8825 ], [ 103.840833333333336, 17.87166666666667 ], [ 103.8375, 17.87 ], [ 103.829166666666666, 17.87 ], [ 103.825, 17.87166666666667 ], [ 103.808333333333337, 17.870833333333337 ], [ 103.799166666666665, 17.8775 ], [ 103.795833333333334, 17.8775 ], [ 103.794166666666669, 17.875833333333336 ], [ 103.794166666666669, 17.87166666666667 ], [ 103.798333333333332, 17.869166666666672 ], [ 103.805, 17.860833333333339 ], [ 103.81, 17.86 ], [ 103.810833333333335, 17.8575 ], [ 103.8075, 17.85 ], [ 103.8025, 17.846666666666671 ], [ 103.80083333333333, 17.8475 ], [ 103.796666666666667, 17.841666666666672 ], [ 103.795, 17.841666666666672 ], [ 103.786666666666662, 17.850833333333338 ], [ 103.786666666666662, 17.8575 ], [ 103.778333333333336, 17.86 ], [ 103.775, 17.863333333333337 ], [ 103.773333333333326, 17.87166666666667 ], [ 103.764166666666668, 17.885833333333338 ], [ 103.765, 17.888333333333339 ], [ 103.77, 17.891666666666669 ], [ 103.775833333333338, 17.891666666666669 ], [ 103.7825, 17.889166666666672 ], [ 103.785, 17.889166666666672 ], [ 103.7875, 17.891666666666669 ], [ 103.776666666666671, 17.90666666666667 ] ] } },
{ "type": "Feature", "properties": { "COMID": 44025007, "id": "10180", "lengthkm": 2.7702067641799539, "order": 4, "uparea": 5339.2382708952609 }, "geometry": { "type": "LineString", "coordinates": [ [ 103.86333333333333, 17.865833333333338 ], [ 103.869166666666658, 17.87916666666667 ], [ 103.860833333333332, 17.8825 ] ] } },
{ "type": "Feature", "properties": { "COMID": 44025006, "id": "10180", "lengthkm": 23.923332279175359, "order": 4, "uparea": 5697.4617325916561 }, "geometry": { "type": "LineString", "coordinates": [ [ 103.94083333333333, 17.786666666666672 ], [ 103.939166666666665, 17.79 ], [ 103.94083333333333, 17.795 ], [ 103.938333333333333, 17.7975 ], [ 103.935, 17.805 ], [ 103.935833333333335, 17.805833333333336 ], [ 103.9275, 17.815 ], [ 103.92583333333333, 17.814166666666672 ], [ 103.9225, 17.815833333333337 ], [ 103.9175, 17.820833333333336 ], [ 103.92583333333333, 17.834166666666672 ], [ 103.923333333333332, 17.84 ], [ 103.924166666666665, 17.843333333333337 ], [ 103.921666666666667, 17.846666666666671 ], [ 103.921666666666667, 17.8525 ], [ 103.923333333333332, 17.855 ], [ 103.915833333333325, 17.86 ], [ 103.910833333333329, 17.850833333333338 ], [ 103.906666666666666, 17.85166666666667 ], [ 103.9025, 17.846666666666671 ], [ 103.900833333333338, 17.848333333333336 ], [ 103.9025, 17.86 ], [ 103.900833333333338, 17.87 ], [ 103.901666666666671, 17.8725 ], [ 103.906666666666666, 17.875833333333336 ], [ 103.9075, 17.87916666666667 ], [ 103.905833333333334, 17.880833333333339 ], [ 103.9025, 17.880833333333339 ], [ 103.899166666666659, 17.87916666666667 ], [ 103.895, 17.88 ], [ 103.879166666666663, 17.8775 ], [ 103.87166666666667, 17.8725 ], [ 103.87, 17.865 ], [ 103.865, 17.864166666666669 ], [ 103.86333333333333, 17.865833333333338 ] ] } },
{ "type": "Feature", "properties": { "COMID": 44025005, "id": "10180", "lengthkm": 7.5049901308647229, "order": 4, "uparea": 5744.0899457672485 }, "geometry": { "type": "LineString", "coordinates": [ [ 103.979166666666657, 17.770833333333336 ], [ 103.97, 17.778333333333336 ], [ 103.97, 17.78 ], [ 103.975, 17.783333333333339 ], [ 103.974166666666662, 17.785 ], [ 103.966666666666669, 17.784166666666671 ], [ 103.963333333333338, 17.78166666666667 ], [ 103.961666666666659, 17.776666666666671 ], [ 103.958333333333329, 17.775 ], [ 103.95, 17.7825 ], [ 103.9475, 17.7825 ], [ 103.94083333333333, 17.786666666666672 ] ] } },
{ "type": "Feature", "properties": { "COMID": 44025004, "id": "10180", "lengthkm": 6.4903331170701044, "order": 4, "uparea": 5780.9758203682786 }, "geometry": { "type": "LineString", "coordinates": [ [ 104.0, 17.806666666666672 ], [ 103.999166666666667, 17.801666666666669 ], [ 104.000833333333333, 17.7975 ], [ 104.000833333333333, 17.78916666666667 ], [ 103.998333333333335, 17.7875 ], [ 103.9925, 17.790833333333339 ], [ 103.98833333333333, 17.79 ], [ 103.986666666666665, 17.788333333333338 ], [ 103.9875, 17.78166666666667 ], [ 103.980833333333337, 17.776666666666671 ], [ 103.980833333333337, 17.7725 ], [ 103.979166666666657, 17.770833333333336 ] ] } },
{ "type": "Feature", "properties": { "COMID": 44025003, "id": "10180", "lengthkm": 1.610151968436041, "order": 4, "uparea": 5883.2577922248392 }, "geometry": { "type": "LineString", "coordinates": [ [ 104.013333333333335, 17.810833333333338 ], [ 104.005833333333328, 17.810833333333338 ], [ 104.0, 17.806666666666672 ] ] } },
{ "type": "Feature", "properties": { "COMID": 44025002, "id": "10180", "lengthkm": 12.923323222342749, "order": 4, "uparea": 6646.3295879484031 }, "geometry": { "type": "LineString", "coordinates": [ [ 104.0525, 17.763333333333339 ], [ 104.039166666666659, 17.77 ], [ 104.030833333333334, 17.769166666666671 ], [ 104.029166666666669, 17.7675 ], [ 104.03, 17.758333333333336 ], [ 104.028333333333336, 17.756666666666671 ], [ 104.024166666666659, 17.758333333333336 ], [ 104.020833333333329, 17.771666666666672 ], [ 104.015, 17.778333333333336 ], [ 104.015, 17.785 ], [ 104.01, 17.7925 ], [ 104.011666666666656, 17.795833333333338 ], [ 104.02, 17.795833333333338 ], [ 104.021666666666661, 17.798333333333339 ], [ 104.0175, 17.80916666666667 ], [ 104.013333333333335, 17.810833333333338 ] ] } },
{ "type": "Feature", "properties": { "COMID": 44025001, "id": "10180", "lengthkm": 12.593757451526434, "order": 4, "uparea": 6758.6459182042199 }, "geometry": { "type": "LineString", "coordinates": [ [ 104.078333333333333, 17.71 ], [ 104.075833333333335, 17.71 ], [ 104.0675, 17.715 ], [ 104.0625, 17.723333333333336 ], [ 104.068333333333328, 17.723333333333336 ], [ 104.068333333333328, 17.733333333333338 ], [ 104.0675, 17.739166666666669 ], [ 104.065, 17.7425 ], [ 104.065, 17.7475 ], [ 104.061666666666667, 17.7475 ], [ 104.061666666666667, 17.743333333333336 ], [ 104.05916666666667, 17.74 ], [ 104.053333333333327, 17.7375 ], [ 104.05, 17.738333333333337 ], [ 104.05, 17.748333333333338 ], [ 104.056666666666658, 17.749166666666671 ], [ 104.05916666666667, 17.751666666666672 ], [ 104.058333333333337, 17.756666666666671 ], [ 104.0525, 17.763333333333339 ] ] } },
{ "type": "Feature", "properties": { "COMID": 44025000, "id": "10180", "lengthkm": 4.4397378669745624, "order": 4, "uparea": 8627.5110636107456 }, "geometry": { "type": "LineString", "coordinates": [ [ 104.115, 17.72 ], [ 104.103333333333325, 17.713333333333338 ], [ 104.086666666666659, 17.713333333333338 ], [ 104.078333333333333, 17.71 ] ] } },
{ "type": "Feature", "properties": { "COMID": 44024999, "id": "10180", "lengthkm": 13.712251368350884, "order": 4, "uparea": 8689.7059691084523 }, "geometry": { "type": "LineString", "coordinates": [ [ 104.181666666666658, 17.709166666666672 ], [ 104.1775, 17.7075 ], [ 104.173333333333332, 17.71 ], [ 104.169166666666669, 17.71 ], [ 104.165833333333325, 17.706666666666671 ], [ 104.165833333333325, 17.703333333333337 ], [ 104.168333333333337, 17.700833333333339 ], [ 104.17583333333333, 17.700833333333339 ], [ 104.17916666666666, 17.698333333333338 ], [ 104.1775, 17.694166666666671 ], [ 104.170833333333334, 17.690833333333337 ], [ 104.155, 17.69 ], [ 104.141666666666666, 17.69166666666667 ], [ 104.1275, 17.698333333333338 ], [ 104.124166666666667, 17.701666666666672 ], [ 104.12166666666667, 17.709166666666672 ], [ 104.12166666666667, 17.716666666666672 ], [ 104.118333333333325, 17.72 ], [ 104.115, 17.72 ] ] } },
{ "type": "Feature", "properties": { "COMID": 44024998, "id": "10180", "lengthkm": 7.369788038080693, "order": 4, "uparea": 8761.0668173534159 }, "geometry": { "type": "LineString", "coordinates": [ [ 104.2175, 17.6625 ], [ 104.2125, 17.669166666666669 ], [ 104.211666666666659, 17.678333333333338 ], [ 104.2075, 17.689166666666672 ], [ 104.198333333333323, 17.6975 ], [ 104.1925, 17.706666666666671 ], [ 104.186666666666667, 17.71 ], [ 104.181666666666658, 17.709166666666672 ] ] } },
{ "type": "Feature", "properties": { "COMID": 44024997, "id": "10180", "lengthkm": 5.8175769636099961, "order": 4, "uparea": 8850.6613753280126 }, "geometry": { "type": "LineString", "coordinates": [ [ 104.2425, 17.634166666666673 ], [ 104.23833333333333, 17.634166666666673 ], [ 104.235, 17.63666666666667 ], [ 104.235, 17.639166666666672 ], [ 104.240833333333327, 17.645 ], [ 104.24, 17.6475 ], [ 104.234166666666667, 17.6525 ], [ 104.22, 17.655 ], [ 104.2175, 17.658333333333339 ], [ 104.2175, 17.6625 ] ] } },
{ "type": "Feature", "properties": { "COMID": 44024996, "id": "10180", "lengthkm": 13.810302985814552, "order": 4, "uparea": 12326.305966010714 }, "geometry": { "type": "LineString", "coordinates": [ [ 104.254166666666663, 17.701666666666672 ], [ 104.240833333333327, 17.698333333333338 ], [ 104.239166666666662, 17.695833333333336 ], [ 104.239166666666662, 17.69166666666667 ], [ 104.24166666666666, 17.6875 ], [ 104.25, 17.681666666666672 ], [ 104.251666666666665, 17.674166666666672 ], [ 104.255833333333328, 17.67 ], [ 104.268333333333331, 17.665 ], [ 104.274166666666659, 17.660833333333336 ], [ 104.275833333333338, 17.65666666666667 ], [ 104.273333333333326, 17.654166666666672 ], [ 104.26, 17.653333333333336 ], [ 104.254166666666663, 17.650833333333338 ], [ 104.25, 17.645 ], [ 104.25, 17.6375 ], [ 104.2475, 17.635 ], [ 104.2425, 17.634166666666673 ] ] } },
{ "type": "Feature", "properties": { "COMID": 44024995, "id": "10180", "lengthkm": 8.2620011005344267, "order": 4, "uparea": 12792.9084626159 }, "geometry": { "type": "LineString", "coordinates": [ [ 104.301666666666662, 17.658333333333339 ], [ 104.2925, 17.659166666666671 ], [ 104.29, 17.67 ], [ 104.285833333333329, 17.675 ], [ 104.2775, 17.676666666666669 ], [ 104.266666666666666, 17.681666666666672 ], [ 104.259166666666658, 17.693333333333339 ], [ 104.258333333333326, 17.69916666666667 ], [ 104.254166666666663, 17.701666666666672 ] ] } },
{ "type": "Feature", "properties": { "COMID": 44024994, "id": "10180", "lengthkm": 6.0681766269876123, "order": 4, "uparea": 12830.719301805451 }, "geometry": { "type": "LineString", "coordinates": [ [ 104.325833333333335, 17.6975 ], [ 104.324166666666656, 17.693333333333339 ], [ 104.316666666666663, 17.69 ], [ 104.313333333333333, 17.686666666666671 ], [ 104.3125, 17.6825 ], [ 104.315, 17.674166666666672 ], [ 104.30916666666667, 17.6675 ], [ 104.30916666666667, 17.6625 ], [ 104.301666666666662, 17.658333333333339 ] ] } },
{ "type": "Feature", "properties": { "COMID": 44024993, "id": "10180", "lengthkm": 16.352065502045537, "order": 4, "uparea": 12995.87172623786 }, "geometry": { "type": "LineString", "coordinates": [ [ 104.3875, 17.613333333333337 ], [ 104.385, 17.616666666666671 ], [ 104.385, 17.626666666666672 ], [ 104.375, 17.640833333333337 ], [ 104.375, 17.645833333333339 ], [ 104.379166666666663, 17.651666666666671 ], [ 104.39, 17.655 ], [ 104.390833333333333, 17.6575 ], [ 104.388333333333335, 17.66416666666667 ], [ 104.383333333333326, 17.669166666666669 ], [ 104.3775, 17.67166666666667 ], [ 104.374166666666667, 17.678333333333338 ], [ 104.3675, 17.68416666666667 ], [ 104.344166666666666, 17.685 ], [ 104.335, 17.69166666666667 ], [ 104.334166666666661, 17.696666666666673 ], [ 104.331666666666663, 17.69916666666667 ], [ 104.3275, 17.69916666666667 ], [ 104.325833333333335, 17.6975 ] ] } },
{ "type": "Feature", "properties": { "COMID": 44024992, "id": "10180", "lengthkm": 3.7920640320905838, "order": 4, "uparea": 13106.578388859152 }, "geometry": { "type": "LineString", "coordinates": [ [ 104.408333333333331, 17.59416666666667 ], [ 104.403333333333336, 17.595833333333339 ], [ 104.396666666666661, 17.60166666666667 ], [ 104.398333333333326, 17.608333333333338 ], [ 104.395, 17.611666666666672 ], [ 104.3875, 17.613333333333337 ] ] } },
{ "type": "Feature", "properties": { "COMID": 44024991, "id": "10180", "lengthkm": 8.3160455179353825, "order": 4, "uparea": 13144.540984977939 }, "geometry": { "type": "LineString", "coordinates": [ [ 104.4275, 17.62916666666667 ], [ 104.413333333333327, 17.635 ], [ 104.405, 17.634166666666673 ], [ 104.401666666666671, 17.630833333333339 ], [ 104.401666666666671, 17.626666666666672 ], [ 104.410833333333329, 17.6175 ], [ 104.415833333333325, 17.6075 ], [ 104.415, 17.60166666666667 ], [ 104.411666666666662, 17.595833333333339 ], [ 104.408333333333331, 17.59416666666667 ] ] } },
{ "type": "Feature", "properties": { "COMID": 44024990, "id": "10180", "lengthkm": 6.9785733826741101, "order": 4, "uparea": 13220.905547352866 }, "geometry": { "type": "LineString", "coordinates": [ [ 104.47, 17.655 ], [ 104.468333333333334, 17.655833333333337 ], [ 104.4625, 17.650833333333338 ], [ 104.460833333333326, 17.64 ], [ 104.446666666666658, 17.625 ], [ 104.4375, 17.625 ], [ 104.4275, 17.62916666666667 ] ] } },
{ "type": "Feature", "properties": { "COMID": 44024819, "id": "10180", "lengthkm": 10.060549108525075, "order": 6, "uparea": 369423.16533902712 }, "geometry": { "type": "LineString", "coordinates": [ [ 104.545833333333334, 17.6125 ], [ 104.53, 17.619166666666672 ], [ 104.504166666666663, 17.635 ], [ 104.48833333333333, 17.641666666666669 ], [ 104.47, 17.655 ] ] } },
{ "type": "Feature", "properties": { "COMID": 44024817, "id": "10180", "lengthkm": 10.353622171673996, "order": 6, "uparea": 369504.34449988679 }, "geometry": { "type": "LineString", "coordinates": [ [ 104.624166666666667, 17.571666666666673 ], [ 104.615, 17.5725 ], [ 104.611666666666665, 17.575833333333339 ], [ 104.603333333333325, 17.579166666666669 ], [ 104.598333333333329, 17.585 ], [ 104.5925, 17.585833333333337 ], [ 104.589166666666671, 17.59 ], [ 104.545833333333334, 17.6125 ] ] } },
{ "type": "Feature", "properties": { "COMID": 44024816, "id": "10180", "lengthkm": 4.6538776307756651, "order": 6, "uparea": 371903.68473901221 }, "geometry": { "type": "LineString", "coordinates": [ [ 104.658333333333331, 17.55 ], [ 104.624166666666667, 17.571666666666673 ] ] } },
{ "type": "Feature", "properties": { "COMID": 44026699, "id": "10180", "lengthkm": 10.835414985897515, "order": 6, "uparea": 372730.02941848146 }, "geometry": { "type": "LineString", "coordinates": [ [ 104.728333333333325, 17.491666666666671 ], [ 104.7275, 17.4975 ], [ 104.724166666666662, 17.50416666666667 ], [ 104.699166666666656, 17.530833333333337 ], [ 104.674166666666665, 17.545 ], [ 104.658333333333331, 17.55 ] ] } },
{ "type": "Feature", "properties": { "COMID": 44026698, "id": "10180", "lengthkm": 3.509606716181056, "order": 6, "uparea": 372857.728380204 }, "geometry": { "type": "LineString", "coordinates": [ [ 104.743333333333325, 17.465833333333336 ], [ 104.733333333333334, 17.48 ], [ 104.728333333333325, 17.491666666666671 ] ] } },
{ "type": "Feature", "properties": { "COMID": 44026697, "id": "10180", "lengthkm": 15.0023363761144, "order": 6, "uparea": 373471.11426149507 }, "geometry": { "type": "LineString", "coordinates": [ [ 104.801666666666662, 17.3575 ], [ 104.801666666666662, 17.37916666666667 ], [ 104.799166666666665, 17.391666666666669 ], [ 104.794166666666669, 17.403333333333336 ], [ 104.778333333333336, 17.426666666666669 ], [ 104.755, 17.445833333333336 ], [ 104.745, 17.460833333333337 ], [ 104.743333333333325, 17.465833333333336 ] ] } },
{ "type": "Feature", "properties": { "COMID": 44026694, "id": "10180", "lengthkm": 0.99749465387084801, "order": 6, "uparea": 373512.39428626525 }, "geometry": { "type": "LineString", "coordinates": [ [ 104.803333333333327, 17.349166666666672 ], [ 104.801666666666662, 17.3575 ] ] } },
{ "type": "Feature", "properties": { "COMID": 44026693, "id": "10180", "lengthkm": 8.3943312329103694, "order": 6, "uparea": 373667.54436948977 }, "geometry": { "type": "LineString", "coordinates": [ [ 104.806666666666658, 17.2775 ], [ 104.805833333333325, 17.288333333333338 ], [ 104.808333333333337, 17.29666666666667 ], [ 104.808333333333337, 17.3125 ], [ 104.805833333333325, 17.32 ], [ 104.803333333333327, 17.349166666666672 ] ] } },
{ "type": "Feature", "properties": { "COMID": 44026690, "id": "10180", "lengthkm": 21.539378982515828, "order": 6, "uparea": 374307.68881848169 }, "geometry": { "type": "LineString", "coordinates": [ [ 104.775, 17.10166666666667 ], [ 104.778333333333336, 17.115 ], [ 104.7825, 17.12166666666667 ], [ 104.785, 17.13 ], [ 104.801666666666662, 17.165833333333339 ], [ 104.8025, 17.183333333333337 ], [ 104.805, 17.193333333333339 ], [ 104.80416666666666, 17.213333333333338 ], [ 104.813333333333333, 17.24 ], [ 104.813333333333333, 17.256666666666671 ], [ 104.811666666666667, 17.263333333333339 ], [ 104.8075, 17.2675 ], [ 104.806666666666658, 17.2775 ] ] } },
{ "type": "Feature", "properties": { "COMID": 44026686, "id": "10180", "lengthkm": 20.358914373488787, "order": 6, "uparea": 374719.72726369376 }, "geometry": { "type": "LineString", "coordinates": [ [ 104.735, 16.935833333333338 ], [ 104.733333333333334, 16.943333333333339 ], [ 104.734166666666667, 16.96916666666667 ], [ 104.7375, 16.9775 ], [ 104.736666666666665, 16.9825 ], [ 104.740833333333327, 16.998333333333338 ], [ 104.744166666666658, 17.0275 ], [ 104.74666666666667, 17.0325 ], [ 104.7475, 17.03916666666667 ], [ 104.770833333333329, 17.08666666666667 ], [ 104.775, 17.0975 ], [ 104.775, 17.10166666666667 ] ] } },
{ "type": "Feature", "properties": { "COMID": 44026683, "id": "10180", "lengthkm": 1.275759700444965, "order": 6, "uparea": 383213.78146304731 }, "geometry": { "type": "LineString", "coordinates": [ [ 104.735, 16.925 ], [ 104.735, 16.935833333333338 ] ] } },
{ "type": "Feature", "properties": { "COMID": 44028590, "id": "10180", "lengthkm": 6.8200111108357424, "order": 6, "uparea": 386760.27493359405 }, "geometry": { "type": "LineString", "coordinates": [ [ 104.754166666666663, 16.87166666666667 ], [ 104.749166666666667, 16.884166666666673 ], [ 104.748333333333335, 16.8925 ], [ 104.73833333333333, 16.909166666666671 ], [ 104.735, 16.925 ] ] } },
{ "type": "Feature", "properties": { "COMID": 44028586, "id": "10180", "lengthkm": 1.175784351931672, "order": 6, "uparea": 386867.16206813615 }, "geometry": { "type": "LineString", "coordinates": [ [ 104.76, 16.863333333333337 ], [ 104.754166666666663, 16.87166666666667 ] ] } },
{ "type": "Feature", "properties": { "COMID": 44028585, "id": "10180", "lengthkm": 7.4506090557132731, "order": 6, "uparea": 387582.15619644686 }, "geometry": { "type": "LineString", "coordinates": [ [ 104.74, 16.808333333333337 ], [ 104.74166666666666, 16.81666666666667 ], [ 104.744166666666658, 16.820833333333336 ], [ 104.7625, 16.8425 ], [ 104.764166666666668, 16.850833333333338 ], [ 104.76, 16.863333333333337 ] ] } },
{ "type": "Feature", "properties": { "COMID": 44028584, "id": "10180", "lengthkm": 3.2072822675441892, "order": 6, "uparea": 387624.30105986464 }, "geometry": { "type": "LineString", "coordinates": [ [ 104.745, 16.783333333333339 ], [ 104.739166666666662, 16.794166666666673 ], [ 104.739166666666662, 16.799166666666672 ], [ 104.740833333333327, 16.801666666666669 ], [ 104.74, 16.808333333333337 ] ] } },
{ "type": "Feature", "properties": { "COMID": 44028583, "id": "10180", "lengthkm": 4.2765499752525136, "order": 6, "uparea": 387657.62852080463 }, "geometry": { "type": "LineString", "coordinates": [ [ 104.755, 16.75 ], [ 104.751666666666665, 16.753333333333337 ], [ 104.743333333333325, 16.773333333333337 ], [ 104.745, 16.783333333333339 ] ] } },
{ "type": "Feature", "properties": { "COMID": 44028582, "id": "10180", "lengthkm": 1.660773006623091, "order": 6, "uparea": 387706.93897902704 }, "geometry": { "type": "LineString", "coordinates": [ [ 104.759166666666658, 16.736666666666672 ], [ 104.755, 16.75 ] ] } },
{ "type": "Feature", "properties": { "COMID": 44028581, "id": "10180", "lengthkm": 6.75733460088719, "order": 6, "uparea": 387756.14416959992 }, "geometry": { "type": "LineString", "coordinates": [ [ 104.759166666666658, 16.681666666666672 ], [ 104.7625, 16.690833333333337 ], [ 104.7625, 16.698333333333338 ], [ 104.765, 16.700833333333339 ], [ 104.766666666666666, 16.709166666666672 ], [ 104.765833333333333, 16.71916666666667 ], [ 104.760833333333323, 16.725833333333338 ], [ 104.759166666666658, 16.736666666666672 ] ] } },
{ "type": "Feature", "properties": { "COMID": 44028579, "id": "10180", "lengthkm": 4.5407186566495126, "order": 6, "uparea": 388044.37731601956 }, "geometry": { "type": "LineString", "coordinates": [ [ 104.748333333333335, 16.645 ], [ 104.7525, 16.665 ], [ 104.759166666666658, 16.681666666666672 ] ] } },
{ "type": "Feature", "properties": { "COMID": 44028578, "id": "10180", "lengthkm": 2.2525843718096579, "order": 6, "uparea": 388236.53494885529 }, "geometry": { "type": "LineString", "coordinates": [ [ 104.743333333333325, 16.626666666666672 ], [ 104.745833333333337, 16.64 ], [ 104.748333333333335, 16.645 ] ] } },
{ "type": "Feature", "properties": { "COMID": 44028577, "id": "10180", "lengthkm": 8.4328889780887764, "order": 6, "uparea": 389673.68883967696 }, "geometry": { "type": "LineString", "coordinates": [ [ 104.734166666666667, 16.555 ], [ 104.735, 16.5725 ], [ 104.739166666666662, 16.576666666666672 ], [ 104.739166666666662, 16.583333333333339 ], [ 104.7425, 16.59416666666667 ], [ 104.743333333333325, 16.626666666666672 ] ] } },
{ "type": "Feature", "properties": { "COMID": 44028574, "id": "10180", "lengthkm": 3.9070306316728289, "order": 6, "uparea": 390236.39223313646 }, "geometry": { "type": "LineString", "coordinates": [ [ 104.745833333333337, 16.525 ], [ 104.740833333333327, 16.535833333333336 ], [ 104.73833333333333, 16.550833333333337 ], [ 104.734166666666667, 16.555 ] ] } },
{ "type": "Feature", "properties": { "COMID": 44028573, "id": "10180", "lengthkm": 5.4362945027530039, "order": 6, "uparea": 390371.09644624952 }, "geometry": { "type": "LineString", "coordinates": [ [ 104.78, 16.491666666666671 ], [ 104.768333333333331, 16.499166666666671 ], [ 104.755, 16.5125 ], [ 104.745833333333337, 16.525 ] ] } },
{ "type": "Feature", "properties": { "COMID": 44028569, "id": "10180", "lengthkm": 3.762248407651315, "order": 6, "uparea": 390821.0663709488 }, "geometry": { "type": "LineString", "coordinates": [ [ 104.8075, 16.474166666666672 ], [ 104.789166666666659, 16.48416666666667 ], [ 104.78, 16.491666666666671 ] ] } },
{ "type": "Feature", "properties": { "COMID": 44028568, "id": "10180", "lengthkm": 4.1868236102014187, "order": 6, "uparea": 390879.50345590687 }, "geometry": { "type": "LineString", "coordinates": [ [ 104.840833333333336, 16.460833333333337 ], [ 104.828333333333333, 16.4675 ], [ 104.8075, 16.474166666666672 ] ] } },
{ "type": "Feature", "properties": { "COMID": 44028567, "id": "10180", "lengthkm": 6.9204207113160594, "order": 6, "uparea": 390971.69724743452 }, "geometry": { "type": "LineString", "coordinates": [ [ 104.869166666666658, 16.41 ], [ 104.8575, 16.435833333333338 ], [ 104.853333333333325, 16.44166666666667 ], [ 104.850833333333327, 16.450833333333339 ], [ 104.840833333333336, 16.460833333333337 ] ] } },
{ "type": "Feature", "properties": { "COMID": 44028566, "id": "10180", "lengthkm": 3.1730641071308909, "order": 6, "uparea": 391014.2841937858 }, "geometry": { "type": "LineString", "coordinates": [ [ 104.87833333333333, 16.385 ], [ 104.869166666666658, 16.41 ] ] } },
{ "type": "Feature", "properties": { "COMID": 44028565, "id": "10180", "lengthkm": 4.3077724971399602, "order": 6, "uparea": 391095.26307385851 }, "geometry": { "type": "LineString", "coordinates": [ [ 104.896666666666661, 16.353333333333339 ], [ 104.888333333333335, 16.363333333333337 ], [ 104.88, 16.378333333333337 ], [ 104.87833333333333, 16.385 ] ] } },
{ "type": "Feature", "properties": { "COMID": 44028564, "id": "10180", "lengthkm": 1.8868359154900081, "order": 6, "uparea": 392612.91041252849 }, "geometry": { "type": "LineString", "coordinates": [ [ 104.909166666666664, 16.341666666666672 ], [ 104.896666666666661, 16.353333333333339 ] ] } },
{ "type": "Feature", "properties": { "COMID": 44030689, "id": "10180", "lengthkm": 3.9517933105070759, "order": 6, "uparea": 392726.30191235157 }, "geometry": { "type": "LineString", "coordinates": [ [ 104.939166666666665, 16.325833333333339 ], [ 104.935833333333335, 16.326666666666672 ], [ 104.919166666666669, 16.338333333333338 ], [ 104.913333333333327, 16.339166666666671 ], [ 104.909166666666664, 16.341666666666672 ] ] } },
{ "type": "Feature", "properties": { "COMID": 44030688, "id": "10180", "lengthkm": 4.9992001265006767, "order": 6, "uparea": 392803.74609007029 }, "geometry": { "type": "LineString", "coordinates": [ [ 104.974166666666662, 16.299166666666672 ], [ 104.960833333333326, 16.310833333333338 ], [ 104.9575, 16.311666666666671 ], [ 104.939166666666665, 16.325833333333339 ] ] } },
{ "type": "Feature", "properties": { "COMID": 44030687, "id": "10180", "lengthkm": 3.2954386854623401, "order": 6, "uparea": 393035.87768727174 }, "geometry": { "type": "LineString", "coordinates": [ [ 104.98833333333333, 16.275 ], [ 104.9875, 16.283333333333339 ], [ 104.983333333333334, 16.29 ], [ 104.974166666666662, 16.299166666666672 ] ] } },
{ "type": "Feature", "properties": { "COMID": 44030685, "id": "10180", "lengthkm": 7.8363477355504054, "order": 6, "uparea": 393222.08030857146 }, "geometry": { "type": "LineString", "coordinates": [ [ 105.025, 16.21916666666667 ], [ 105.020833333333329, 16.228333333333339 ], [ 105.018333333333331, 16.239166666666669 ], [ 105.013333333333335, 16.245833333333337 ], [ 104.99666666666667, 16.26166666666667 ], [ 104.98833333333333, 16.275 ] ] } },
{ "type": "Feature", "properties": { "COMID": 44030684, "id": "10180", "lengthkm": 4.9306987024526814, "order": 6, "uparea": 393296.46681701479 }, "geometry": { "type": "LineString", "coordinates": [ [ 105.033333333333331, 16.179166666666671 ], [ 105.025833333333338, 16.186666666666671 ], [ 105.026666666666671, 16.2075 ], [ 105.025, 16.21916666666667 ] ] } },
{ "type": "Feature", "properties": { "COMID": 44030682, "id": "10180", "lengthkm": 3.807717203585598, "order": 6, "uparea": 393389.15238517401 }, "geometry": { "type": "LineString", "coordinates": [ [ 105.035, 16.1475 ], [ 105.036666666666662, 16.170833333333338 ], [ 105.033333333333331, 16.179166666666671 ] ] } },
{ "type": "Feature", "properties": { "COMID": 44030680, "id": "10180", "lengthkm": 2.6958351908220828, "order": 6, "uparea": 393519.11303433776 }, "geometry": { "type": "LineString", "coordinates": [ [ 105.041666666666657, 16.125833333333336 ], [ 105.035, 16.1475 ] ] } },
{ "type": "Feature", "properties": { "COMID": 44030679, "id": "10180", "lengthkm": 0.27798728234431902, "order": 6, "uparea": 393583.7308976989 }, "geometry": { "type": "LineString", "coordinates": [ [ 105.041666666666657, 16.123333333333338 ], [ 105.041666666666657, 16.125833333333336 ] ] } },
{ "type": "Feature", "properties": { "COMID": 44030678, "id": "10180", "lengthkm": 7.040519777615672, "order": 6, "uparea": 394322.49359612953 }, "geometry": { "type": "LineString", "coordinates": [ [ 105.091666666666669, 16.09083333333334 ], [ 105.081666666666663, 16.09416666666667 ], [ 105.066666666666663, 16.11 ], [ 105.056666666666658, 16.114166666666669 ], [ 105.05083333333333, 16.119166666666672 ], [ 105.044166666666669, 16.12 ], [ 105.041666666666657, 16.123333333333338 ] ] } },
{ "type": "Feature", "properties": { "COMID": 44030677, "id": "10180", "lengthkm": 4.1836810882891751, "order": 6, "uparea": 394415.7820813983 }, "geometry": { "type": "LineString", "coordinates": [ [ 105.1275, 16.083333333333339 ], [ 105.101666666666659, 16.09 ], [ 105.091666666666669, 16.09083333333334 ] ] } },
{ "type": "Feature", "properties": { "COMID": 44030676, "id": "10180", "lengthkm": 11.630573900643187, "order": 6, "uparea": 394578.67324776185 }, "geometry": { "type": "LineString", "coordinates": [ [ 105.220833333333331, 16.048333333333339 ], [ 105.198333333333323, 16.054166666666671 ], [ 105.150833333333338, 16.07416666666667 ], [ 105.140833333333333, 16.076666666666672 ], [ 105.1275, 16.083333333333339 ] ] } },
{ "type": "Feature", "properties": { "COMID": 44030675, "id": "10180", "lengthkm": 3.1360560609823298, "order": 6, "uparea": 394629.23023560701 }, "geometry": { "type": "LineString", "coordinates": [ [ 105.248333333333335, 16.044166666666673 ], [ 105.23, 16.045833333333338 ], [ 105.220833333333331, 16.048333333333339 ] ] } },
{ "type": "Feature", "properties": { "COMID": 44030674, "id": "10180", "lengthkm": 0.53431923603382503, "order": 6, "uparea": 394974.92184595298 }, "geometry": { "type": "LineString", "coordinates": [ [ 105.25333333333333, 16.044166666666673 ], [ 105.248333333333335, 16.044166666666673 ] ] } },
{ "type": "Feature", "properties": { "COMID": 44030673, "id": "10180", "lengthkm": 19.332391134990086, "order": 6, "uparea": 415040.85949972452 }, "geometry": { "type": "LineString", "coordinates": [ [ 105.418333333333322, 16.01166666666667 ], [ 105.415833333333325, 16.015 ], [ 105.4025, 16.018333333333338 ], [ 105.36333333333333, 16.021666666666672 ], [ 105.359166666666667, 16.026666666666671 ], [ 105.3475, 16.030833333333337 ], [ 105.313333333333333, 16.0325 ], [ 105.3075, 16.035833333333336 ], [ 105.290833333333325, 16.04 ], [ 105.263333333333335, 16.044166666666673 ], [ 105.25333333333333, 16.044166666666673 ] ] } },
{ "type": "Feature", "properties": { "COMID": 44030672, "id": "10180", "lengthkm": 2.6853853031666501, "order": 6, "uparea": 415085.11084875016 }, "geometry": { "type": "LineString", "coordinates": [ [ 105.42583333333333, 15.9925 ], [ 105.42583333333333, 15.9975 ], [ 105.423333333333332, 16.001666666666672 ], [ 105.424166666666665, 16.005833333333339 ], [ 105.42, 16.0075 ], [ 105.418333333333322, 16.01166666666667 ] ] } },
{ "type": "Feature", "properties": { "COMID": 44030671, "id": "10180", "lengthkm": 14.669554517081609, "order": 6, "uparea": 416533.82769555744 }, "geometry": { "type": "LineString", "coordinates": [ [ 105.3425, 15.925 ], [ 105.345833333333331, 15.926666666666669 ], [ 105.348333333333329, 15.93416666666667 ], [ 105.355833333333322, 15.94166666666667 ], [ 105.358333333333334, 15.94916666666667 ], [ 105.36333333333333, 15.954166666666673 ], [ 105.36333333333333, 15.958333333333339 ], [ 105.365833333333327, 15.963333333333338 ], [ 105.374166666666667, 15.974166666666672 ], [ 105.375833333333333, 15.979166666666671 ], [ 105.375, 15.981666666666673 ], [ 105.38, 15.986666666666672 ], [ 105.383333333333326, 15.985833333333339 ], [ 105.386666666666656, 15.9875 ], [ 105.390833333333333, 15.9925 ], [ 105.41, 15.9875 ], [ 105.42, 15.986666666666672 ], [ 105.42583333333333, 15.9925 ] ] } },
{ "type": "Feature", "properties": { "COMID": 44030670, "id": "10180", "lengthkm": 6.9825276012801352, "order": 6, "uparea": 416637.50142997247 }, "geometry": { "type": "LineString", "coordinates": [ [ 105.36666666666666, 15.8775 ], [ 105.360833333333332, 15.89 ], [ 105.355, 15.8975 ], [ 105.355, 15.901666666666671 ], [ 105.3525, 15.904166666666672 ], [ 105.3525, 15.90666666666667 ], [ 105.344166666666666, 15.910833333333336 ], [ 105.34, 15.915833333333339 ], [ 105.339166666666671, 15.92 ], [ 105.341666666666669, 15.92166666666667 ], [ 105.3425, 15.925 ] ] } },
{ "type": "Feature", "properties": { "COMID": 44030669, "id": "10180", "lengthkm": 2.7115736226322231, "order": 6, "uparea": 416966.16574216343 }, "geometry": { "type": "LineString", "coordinates": [ [ 105.374166666666667, 15.856666666666673 ], [ 105.369166666666658, 15.870833333333337 ], [ 105.36666666666666, 15.873333333333338 ], [ 105.36666666666666, 15.8775 ] ] } },
{ "type": "Feature", "properties": { "COMID": 44030668, "id": "10180", "lengthkm": 6.8550913847108044, "order": 6, "uparea": 417361.63109449687 }, "geometry": { "type": "LineString", "coordinates": [ [ 105.3925, 15.805833333333339 ], [ 105.39, 15.80916666666667 ], [ 105.390833333333333, 15.8125 ], [ 105.389166666666668, 15.815833333333337 ], [ 105.391666666666666, 15.820833333333336 ], [ 105.389166666666668, 15.829166666666673 ], [ 105.386666666666656, 15.835 ], [ 105.38, 15.841666666666672 ], [ 105.380833333333328, 15.843333333333337 ], [ 105.374166666666667, 15.856666666666673 ] ] } },
{ "type": "Feature", "properties": { "COMID": 44032563, "id": "10180", "lengthkm": 11.743919731675337, "order": 6, "uparea": 417689.19630482985 }, "geometry": { "type": "LineString", "coordinates": [ [ 105.460833333333326, 15.74666666666667 ], [ 105.443333333333328, 15.753333333333337 ], [ 105.439166666666665, 15.7575 ], [ 105.433333333333337, 15.7575 ], [ 105.420833333333334, 15.7725 ], [ 105.419166666666669, 15.7775 ], [ 105.420833333333334, 15.788333333333338 ], [ 105.413333333333327, 15.794166666666673 ], [ 105.401666666666671, 15.795 ], [ 105.394166666666663, 15.801666666666669 ], [ 105.3925, 15.805833333333339 ] ] } },
{ "type": "Feature", "properties": { "COMID": 44032562, "id": "10180", "lengthkm": 1.1884936864974389, "order": 6, "uparea": 417775.39995226712 }, "geometry": { "type": "LineString", "coordinates": [ [ 105.470833333333331, 15.7475 ], [ 105.4675, 15.745833333333337 ], [ 105.460833333333326, 15.74666666666667 ] ] } },
{ "type": "Feature", "properties": { "COMID": 44030667, "id": "10180", "lengthkm": 3.5600588293960862, "order": 6, "uparea": 417813.80430900725 }, "geometry": { "type": "LineString", "coordinates": [ [ 105.495, 15.765833333333337 ], [ 105.475, 15.753333333333337 ], [ 105.470833333333331, 15.7475 ] ] } },
{ "type": "Feature", "properties": { "COMID": 44030666, "id": "10180", "lengthkm": 7.3313763007952586, "order": 6, "uparea": 417935.20883478748 }, "geometry": { "type": "LineString", "coordinates": [ [ 105.55083333333333, 15.75 ], [ 105.545833333333334, 15.750833333333336 ], [ 105.539166666666659, 15.748333333333338 ], [ 105.534166666666664, 15.748333333333338 ], [ 105.5225, 15.756666666666671 ], [ 105.515833333333333, 15.756666666666671 ], [ 105.511666666666656, 15.764166666666672 ], [ 105.508333333333326, 15.766666666666673 ], [ 105.498333333333335, 15.7675 ], [ 105.495, 15.765833333333337 ] ] } },
{ "type": "Feature", "properties": { "COMID": 44032561, "id": "10180", "lengthkm": 6.1261758906182813, "order": 6, "uparea": 418010.98542558437 }, "geometry": { "type": "LineString", "coordinates": [ [ 105.594166666666666, 15.725833333333338 ], [ 105.588333333333338, 15.729166666666671 ], [ 105.585, 15.729166666666671 ], [ 105.574166666666656, 15.73416666666667 ], [ 105.5725, 15.733333333333338 ], [ 105.560833333333335, 15.738333333333337 ], [ 105.555833333333325, 15.7475 ], [ 105.55083333333333, 15.75 ] ] } },
{ "type": "Feature", "properties": { "COMID": 44032560, "id": "10180", "lengthkm": 0.82146991214974296, "order": 6, "uparea": 418052.6074128421 }, "geometry": { "type": "LineString", "coordinates": [ [ 105.6, 15.721666666666671 ], [ 105.594166666666666, 15.725833333333338 ] ] } },
{ "type": "Feature", "properties": { "COMID": 44032559, "id": "10180", "lengthkm": 6.8820856453843664, "order": 6, "uparea": 418158.87940400961 }, "geometry": { "type": "LineString", "coordinates": [ [ 105.63, 15.673333333333339 ], [ 105.625, 15.680833333333339 ], [ 105.61666666666666, 15.685833333333338 ], [ 105.609166666666667, 15.694166666666671 ], [ 105.605833333333322, 15.701666666666672 ], [ 105.603333333333325, 15.71583333333334 ], [ 105.6, 15.721666666666671 ] ] } },
{ "type": "Feature", "properties": { "COMID": 44032558, "id": "10180", "lengthkm": 4.6941528494834142, "order": 6, "uparea": 418246.66548434849 }, "geometry": { "type": "LineString", "coordinates": [ [ 105.636666666666656, 15.635 ], [ 105.636666666666656, 15.655 ], [ 105.63, 15.673333333333339 ] ] } },
{ "type": "Feature", "properties": { "COMID": 44032557, "id": "10180", "lengthkm": 9.4040646602464602, "order": 6, "uparea": 418384.44115132728 }, "geometry": { "type": "LineString", "coordinates": [ [ 105.6225, 15.55916666666667 ], [ 105.625, 15.564166666666672 ], [ 105.625833333333333, 15.573333333333338 ], [ 105.62833333333333, 15.58 ], [ 105.62833333333333, 15.59 ], [ 105.626666666666665, 15.591666666666672 ], [ 105.626666666666665, 15.595833333333339 ], [ 105.62833333333333, 15.598333333333336 ], [ 105.6275, 15.6025 ], [ 105.63, 15.614166666666673 ], [ 105.636666666666656, 15.630833333333339 ], [ 105.636666666666656, 15.635 ] ] } },
{ "type": "Feature", "properties": { "COMID": 44032556, "id": "10180", "lengthkm": 7.1617974177545749, "order": 6, "uparea": 418482.58416972216 }, "geometry": { "type": "LineString", "coordinates": [ [ 105.5925, 15.508333333333336 ], [ 105.5925, 15.51166666666667 ], [ 105.603333333333325, 15.530833333333337 ], [ 105.604166666666657, 15.5375 ], [ 105.6075, 15.541666666666671 ], [ 105.6075, 15.545 ], [ 105.6125, 15.551666666666673 ], [ 105.6225, 15.55916666666667 ] ] } },
{ "type": "Feature", "properties": { "COMID": 44032555, "id": "10180", "lengthkm": 3.860780554548044, "order": 6, "uparea": 418872.66791673953 }, "geometry": { "type": "LineString", "coordinates": [ [ 105.6025, 15.4775 ], [ 105.599166666666662, 15.4925 ], [ 105.5925, 15.508333333333336 ] ] } },
{ "type": "Feature", "properties": { "COMID": 44032554, "id": "10180", "lengthkm": 5.9149517478404823, "order": 6, "uparea": 418927.5205977349 }, "geometry": { "type": "LineString", "coordinates": [ [ 105.593333333333334, 15.429166666666671 ], [ 105.598333333333329, 15.446666666666673 ], [ 105.596666666666664, 15.455833333333338 ], [ 105.5975, 15.46166666666667 ], [ 105.6025, 15.470833333333339 ], [ 105.6025, 15.4775 ] ] } },
{ "type": "Feature", "properties": { "COMID": 44032553, "id": "10180", "lengthkm": 4.5089316563647088, "order": 6, "uparea": 419096.64397862292 }, "geometry": { "type": "LineString", "coordinates": [ [ 105.5675, 15.4025 ], [ 105.578333333333333, 15.408333333333339 ], [ 105.584166666666661, 15.413333333333338 ], [ 105.593333333333334, 15.429166666666671 ] ] } },
{ "type": "Feature", "properties": { "COMID": 44032552, "id": "10180", "lengthkm": 15.023703014765699, "order": 6, "uparea": 419241.67748078407 }, "geometry": { "type": "LineString", "coordinates": [ [ 105.466666666666669, 15.3475 ], [ 105.4675, 15.353333333333339 ], [ 105.4725, 15.360833333333339 ], [ 105.475, 15.368333333333339 ], [ 105.493333333333325, 15.38666666666667 ], [ 105.499166666666667, 15.38666666666667 ], [ 105.500833333333333, 15.388333333333339 ], [ 105.505, 15.3875 ], [ 105.509166666666658, 15.390833333333337 ], [ 105.515833333333333, 15.391666666666673 ], [ 105.5325, 15.391666666666673 ], [ 105.535833333333329, 15.388333333333339 ], [ 105.538333333333327, 15.388333333333339 ], [ 105.545, 15.394166666666671 ], [ 105.555833333333325, 15.398333333333337 ], [ 105.558333333333337, 15.3975 ], [ 105.5625, 15.39916666666667 ], [ 105.565, 15.4025 ], [ 105.5675, 15.4025 ] ] } },
{ "type": "Feature", "properties": { "COMID": 44032551, "id": "10180", "lengthkm": 6.1905031496791816, "order": 6, "uparea": 419519.03324185451 }, "geometry": { "type": "LineString", "coordinates": [ [ 105.509166666666658, 15.3225 ], [ 105.506666666666661, 15.32416666666667 ], [ 105.494166666666658, 15.32416666666667 ], [ 105.486666666666665, 15.330833333333338 ], [ 105.474166666666662, 15.335 ], [ 105.47, 15.339166666666671 ], [ 105.466666666666669, 15.3475 ] ] } },
{ "type": "Feature", "properties": { "COMID": 44032550, "id": "10180", "lengthkm": 1.1011601189583251, "order": 7, "uparea": 538968.56994953356 }, "geometry": { "type": "LineString", "coordinates": [ [ 105.518333333333331, 15.321666666666673 ], [ 105.514166666666668, 15.321666666666673 ], [ 105.511666666666656, 15.323333333333338 ], [ 105.509166666666658, 15.3225 ] ] } },
{ "type": "Feature", "properties": { "COMID": 44032549, "id": "10180", "lengthkm": 18.293844985737408, "order": 7, "uparea": 539110.67568937177 }, "geometry": { "type": "LineString", "coordinates": [ [ 105.655833333333334, 15.283333333333339 ], [ 105.648333333333326, 15.294166666666673 ], [ 105.625833333333333, 15.311666666666671 ], [ 105.615, 15.323333333333338 ], [ 105.596666666666664, 15.334166666666672 ], [ 105.5825, 15.3325 ], [ 105.566666666666663, 15.325 ], [ 105.553333333333327, 15.321666666666673 ], [ 105.549166666666665, 15.321666666666673 ], [ 105.544166666666669, 15.32416666666667 ], [ 105.520833333333329, 15.323333333333338 ], [ 105.518333333333331, 15.321666666666673 ] ] } },
{ "type": "Feature", "properties": { "COMID": 44032548, "id": "10180", "lengthkm": 6.7260434614188753, "order": 7, "uparea": 539191.93427529593 }, "geometry": { "type": "LineString", "coordinates": [ [ 105.660833333333329, 15.229166666666671 ], [ 105.660833333333329, 15.238333333333337 ], [ 105.655, 15.245 ], [ 105.654166666666669, 15.249166666666671 ], [ 105.655833333333334, 15.2675 ], [ 105.658333333333331, 15.273333333333337 ], [ 105.655833333333334, 15.283333333333339 ] ] } },
{ "type": "Feature", "properties": { "COMID": 44032547, "id": "10180", "lengthkm": 9.4038607104341505, "order": 7, "uparea": 539334.73253831593 }, "geometry": { "type": "LineString", "coordinates": [ [ 105.719166666666666, 15.175 ], [ 105.716666666666669, 15.175 ], [ 105.711666666666659, 15.18 ], [ 105.706666666666663, 15.180833333333339 ], [ 105.688333333333333, 15.1925 ], [ 105.680833333333325, 15.2 ], [ 105.678333333333327, 15.2075 ], [ 105.670833333333334, 15.215 ], [ 105.660833333333329, 15.229166666666671 ] ] } },
{ "type": "Feature", "properties": { "COMID": 44034391, "id": "10180", "lengthkm": 3.6562463018587059, "order": 7, "uparea": 539385.37754451192 }, "geometry": { "type": "LineString", "coordinates": [ [ 105.730833333333322, 15.146666666666672 ], [ 105.719166666666666, 15.166666666666671 ], [ 105.719166666666666, 15.175 ] ] } },
{ "type": "Feature", "properties": { "COMID": 44034390, "id": "10180", "lengthkm": 8.2952785405289902, "order": 7, "uparea": 539884.48869209224 }, "geometry": { "type": "LineString", "coordinates": [ [ 105.79, 15.11 ], [ 105.776666666666671, 15.116666666666671 ], [ 105.770833333333329, 15.123333333333338 ], [ 105.769166666666663, 15.1275 ], [ 105.76, 15.13666666666667 ], [ 105.7525, 15.141666666666673 ], [ 105.745, 15.1425 ], [ 105.739166666666662, 15.145833333333339 ], [ 105.730833333333322, 15.146666666666672 ] ] } },
{ "type": "Feature", "properties": { "COMID": 44034389, "id": "10180", "lengthkm": 0.34705786836671598, "order": 7, "uparea": 547208.85894784529 }, "geometry": { "type": "LineString", "coordinates": [ [ 105.7925, 15.108333333333338 ], [ 105.79, 15.11 ] ] } },
{ "type": "Feature", "properties": { "COMID": 44034388, "id": "10180", "lengthkm": 10.909880596885063, "order": 7, "uparea": 547392.19473485998 }, "geometry": { "type": "LineString", "coordinates": [ [ 105.851666666666659, 15.048333333333339 ], [ 105.8325, 15.065 ], [ 105.828333333333333, 15.07416666666667 ], [ 105.829166666666666, 15.088333333333338 ], [ 105.825, 15.098333333333336 ], [ 105.82, 15.1025 ], [ 105.810833333333335, 15.106666666666673 ], [ 105.795833333333334, 15.106666666666673 ], [ 105.7925, 15.108333333333338 ] ] } },
{ "type": "Feature", "properties": { "COMID": 44034387, "id": "10180", "lengthkm": 2.7427309619384261, "order": 7, "uparea": 547437.3578680146 }, "geometry": { "type": "LineString", "coordinates": [ [ 105.86666666666666, 15.03 ], [ 105.8625, 15.035 ], [ 105.861666666666665, 15.03916666666667 ], [ 105.851666666666659, 15.048333333333339 ] ] } },
{ "type": "Feature", "properties": { "COMID": 44034386, "id": "10180", "lengthkm": 5.0468617343611646, "order": 7, "uparea": 547529.7994394683 }, "geometry": { "type": "LineString", "coordinates": [ [ 105.891666666666666, 14.999166666666671 ], [ 105.8825, 15.00416666666667 ], [ 105.879166666666663, 15.00416666666667 ], [ 105.870833333333337, 15.013333333333339 ], [ 105.86666666666666, 15.03 ] ] } },
{ "type": "Feature", "properties": { "COMID": 44034385, "id": "10180", "lengthkm": 4.6038950478733769, "order": 7, "uparea": 547561.72629035206 }, "geometry": { "type": "LineString", "coordinates": [ [ 105.896666666666661, 14.961666666666673 ], [ 105.8975, 14.9675 ], [ 105.895, 14.970833333333339 ], [ 105.895833333333329, 14.9925 ], [ 105.891666666666666, 14.999166666666671 ] ] } },
{ "type": "Feature", "properties": { "COMID": 44034384, "id": "10180", "lengthkm": 0.87014263447644102, "order": 7, "uparea": 548061.96316222788 }, "geometry": { "type": "LineString", "coordinates": [ [ 105.895833333333329, 14.954166666666673 ], [ 105.896666666666661, 14.961666666666673 ] ] } },
{ "type": "Feature", "properties": { "COMID": 44034383, "id": "10180", "lengthkm": 2.7551850177088331, "order": 7, "uparea": 548102.69587618939 }, "geometry": { "type": "LineString", "coordinates": [ [ 105.9, 14.931666666666672 ], [ 105.898333333333326, 14.935833333333338 ], [ 105.899166666666659, 14.943333333333339 ], [ 105.895833333333329, 14.954166666666673 ] ] } },
{ "type": "Feature", "properties": { "COMID": 44034382, "id": "10180", "lengthkm": 9.2967171364137027, "order": 7, "uparea": 548237.02037013462 }, "geometry": { "type": "LineString", "coordinates": [ [ 105.879166666666663, 14.8575 ], [ 105.880833333333328, 14.87 ], [ 105.88, 14.874166666666671 ], [ 105.881666666666661, 14.87583333333334 ], [ 105.880833333333328, 14.878333333333337 ], [ 105.8825, 14.88 ], [ 105.883333333333326, 14.88666666666667 ], [ 105.8925, 14.910833333333336 ], [ 105.8975, 14.916666666666671 ], [ 105.9, 14.931666666666672 ] ] } },
{ "type": "Feature", "properties": { "COMID": 44034381, "id": "10180", "lengthkm": 4.2539893401734883, "order": 7, "uparea": 548281.74714352842 }, "geometry": { "type": "LineString", "coordinates": [ [ 105.885833333333323, 14.8225 ], [ 105.880833333333328, 14.835833333333337 ], [ 105.881666666666661, 14.8375 ], [ 105.88, 14.839166666666671 ], [ 105.879166666666663, 14.8575 ] ] } },
{ "type": "Feature", "properties": { "COMID": 44034380, "id": "10180", "lengthkm": 2.6089025774229251, "order": 7, "uparea": 548324.09133450966 }, "geometry": { "type": "LineString", "coordinates": [ [ 105.901666666666671, 14.806666666666672 ], [ 105.895833333333329, 14.81 ], [ 105.888333333333335, 14.8175 ], [ 105.885833333333323, 14.8225 ] ] } },
{ "type": "Feature", "properties": { "COMID": 44034379, "id": "10180", "lengthkm": 0.48723013814006499, "order": 7, "uparea": 548397.40855983726 }, "geometry": { "type": "LineString", "coordinates": [ [ 105.905833333333334, 14.805833333333339 ], [ 105.901666666666671, 14.806666666666672 ] ] } },
{ "type": "Feature", "properties": { "COMID": 44034378, "id": "10180", "lengthkm": 0.56583564383006602, "order": 7, "uparea": 548763.10131903994 }, "geometry": { "type": "LineString", "coordinates": [ [ 105.91, 14.803333333333338 ], [ 105.905833333333334, 14.805833333333339 ] ] } },
{ "type": "Feature", "properties": { "COMID": 44034377, "id": "10180", "lengthkm": 2.9201370555840871, "order": 7, "uparea": 548805.01560535026 }, "geometry": { "type": "LineString", "coordinates": [ [ 105.9275, 14.78583333333334 ], [ 105.924166666666665, 14.7925 ], [ 105.92, 14.79666666666667 ], [ 105.91, 14.803333333333338 ] ] } },
{ "type": "Feature", "properties": { "COMID": 44034376, "id": "10180", "lengthkm": 2.5701871087897712, "order": 7, "uparea": 548997.50883995183 }, "geometry": { "type": "LineString", "coordinates": [ [ 105.933333333333337, 14.765 ], [ 105.933333333333337, 14.7725 ], [ 105.9275, 14.78583333333334 ] ] } },
{ "type": "Feature", "properties": { "COMID": 44034375, "id": "10180", "lengthkm": 3.6216563783216018, "order": 7, "uparea": 549070.94856472092 }, "geometry": { "type": "LineString", "coordinates": [ [ 105.9225, 14.736666666666672 ], [ 105.92916666666666, 14.75 ], [ 105.933333333333337, 14.765 ] ] } },
{ "type": "Feature", "properties": { "COMID": 44034374, "id": "10180", "lengthkm": 0.406894902612225, "order": 7, "uparea": 549180.9988458869 }, "geometry": { "type": "LineString", "coordinates": [ [ 105.923333333333332, 14.733333333333338 ], [ 105.9225, 14.736666666666672 ] ] } },
{ "type": "Feature", "properties": { "COMID": 44034373, "id": "10180", "lengthkm": 10.386033362090824, "order": 7, "uparea": 549320.28040187794 }, "geometry": { "type": "LineString", "coordinates": [ [ 105.874166666666667, 14.659166666666671 ], [ 105.875833333333333, 14.665833333333339 ], [ 105.885833333333323, 14.68416666666667 ], [ 105.91, 14.711666666666673 ], [ 105.923333333333332, 14.733333333333338 ] ] } },
{ "type": "Feature", "properties": { "COMID": 44034372, "id": "10180", "lengthkm": 1.3295574798644429, "order": 7, "uparea": 549405.60235960979 }, "geometry": { "type": "LineString", "coordinates": [ [ 105.869166666666658, 14.649166666666673 ], [ 105.870833333333337, 14.655 ], [ 105.874166666666667, 14.659166666666671 ] ] } },
{ "type": "Feature", "properties": { "COMID": 44036204, "id": "10180", "lengthkm": 12.397165558651722, "order": 7, "uparea": 549482.86405841529 }, "geometry": { "type": "LineString", "coordinates": [ [ 105.858333333333334, 14.545833333333338 ], [ 105.855833333333322, 14.560833333333338 ], [ 105.855833333333322, 14.573333333333338 ], [ 105.859166666666667, 14.600833333333338 ], [ 105.856666666666669, 14.605 ], [ 105.856666666666669, 14.60916666666667 ], [ 105.869166666666658, 14.649166666666673 ] ] } },
{ "type": "Feature", "properties": { "COMID": 44036203, "id": "10180", "lengthkm": 8.6225126470679658, "order": 7, "uparea": 549604.55012780754 }, "geometry": { "type": "LineString", "coordinates": [ [ 105.86, 14.474166666666672 ], [ 105.861666666666665, 14.4825 ], [ 105.86, 14.491666666666671 ], [ 105.864166666666662, 14.5075 ], [ 105.865, 14.526666666666671 ], [ 105.858333333333334, 14.545833333333338 ] ] } },
{ "type": "Feature", "properties": { "COMID": 44036202, "id": "10180", "lengthkm": 6.6805982084843878, "order": 7, "uparea": 549653.94594528072 }, "geometry": { "type": "LineString", "coordinates": [ [ 105.859166666666667, 14.418333333333337 ], [ 105.858333333333334, 14.439166666666672 ], [ 105.856666666666669, 14.44166666666667 ], [ 105.8575, 14.453333333333337 ], [ 105.855, 14.463333333333338 ], [ 105.859166666666667, 14.4675 ], [ 105.86, 14.474166666666672 ] ] } },
{ "type": "Feature", "properties": { "COMID": 44036201, "id": "10180", "lengthkm": 4.4042158761196317, "order": 7, "uparea": 549699.77136423916 }, "geometry": { "type": "LineString", "coordinates": [ [ 105.86666666666666, 14.381666666666671 ], [ 105.86333333333333, 14.390833333333337 ], [ 105.859166666666667, 14.418333333333337 ] ] } },
{ "type": "Feature", "properties": { "COMID": 44036200, "id": "10180", "lengthkm": 0.68498320908780597, "order": 7, "uparea": 549732.93949836434 }, "geometry": { "type": "LineString", "coordinates": [ [ 105.865833333333327, 14.37583333333334 ], [ 105.86666666666666, 14.381666666666671 ] ] } },
{ "type": "Feature", "properties": { "COMID": 44036199, "id": "10180", "lengthkm": 3.606688584847209, "order": 7, "uparea": 551502.75098438631 }, "geometry": { "type": "LineString", "coordinates": [ [ 105.874166666666667, 14.346666666666671 ], [ 105.868333333333325, 14.37166666666667 ], [ 105.865833333333327, 14.37583333333334 ] ] } },
{ "type": "Feature", "properties": { "COMID": 44036198, "id": "10180", "lengthkm": 5.0131675036776713, "order": 7, "uparea": 551576.25329557993 }, "geometry": { "type": "LineString", "coordinates": [ [ 105.87, 14.305833333333339 ], [ 105.876666666666665, 14.329166666666673 ], [ 105.874166666666667, 14.346666666666671 ] ] } },
{ "type": "Feature", "properties": { "COMID": 44036197, "id": "10180", "lengthkm": 2.1840494962859811, "order": 7, "uparea": 551839.26538042189 }, "geometry": { "type": "LineString", "coordinates": [ [ 105.868333333333325, 14.2875 ], [ 105.870833333333337, 14.298333333333339 ], [ 105.87, 14.305833333333339 ] ] } },
{ "type": "Feature", "properties": { "COMID": 44036196, "id": "10180", "lengthkm": 1.0920298651995759, "order": 7, "uparea": 552086.91998868471 }, "geometry": { "type": "LineString", "coordinates": [ [ 105.87, 14.27833333333334 ], [ 105.87, 14.28583333333334 ], [ 105.868333333333325, 14.2875 ] ] } },
{ "type": "Feature", "properties": { "COMID": 44036195, "id": "10180", "lengthkm": 1.03575098684871, "order": 7, "uparea": 552218.93079239293 }, "geometry": { "type": "LineString", "coordinates": [ [ 105.8675, 14.27 ], [ 105.87, 14.274166666666673 ], [ 105.87, 14.27833333333334 ] ] } },
{ "type": "Feature", "properties": { "COMID": 44036194, "id": "10180", "lengthkm": 16.484376147515491, "order": 7, "uparea": 552324.79068224609 }, "geometry": { "type": "LineString", "coordinates": [ [ 105.868333333333325, 14.143333333333338 ], [ 105.868333333333325, 14.1475 ], [ 105.86666666666666, 14.149166666666673 ], [ 105.86333333333333, 14.163333333333338 ], [ 105.86, 14.169166666666673 ], [ 105.856666666666669, 14.17166666666667 ], [ 105.856666666666669, 14.174166666666672 ], [ 105.845, 14.185 ], [ 105.841666666666669, 14.195833333333336 ], [ 105.843333333333334, 14.215 ], [ 105.8475, 14.228333333333339 ], [ 105.858333333333334, 14.246666666666673 ], [ 105.86, 14.256666666666671 ], [ 105.8675, 14.27 ] ] } },
{ "type": "Feature", "properties": { "COMID": 44036193, "id": "10180", "lengthkm": 6.9872648997238622, "order": 7, "uparea": 552466.40655851259 }, "geometry": { "type": "LineString", "coordinates": [ [ 105.845, 14.09416666666667 ], [ 105.8525, 14.096666666666671 ], [ 105.8575, 14.10166666666667 ], [ 105.8575, 14.11 ], [ 105.86, 14.113333333333337 ], [ 105.859166666666667, 14.120833333333337 ], [ 105.860833333333332, 14.125 ], [ 105.86666666666666, 14.13 ], [ 105.868333333333325, 14.143333333333338 ] ] } },
{ "type": "Feature", "properties": { "COMID": 44036192, "id": "10180", "lengthkm": 15.679418645440233, "order": 7, "uparea": 552578.58730749041 }, "geometry": { "type": "LineString", "coordinates": [ [ 105.915, 14.00083333333334 ], [ 105.915, 14.003333333333337 ], [ 105.91, 14.00833333333334 ], [ 105.91, 14.0125 ], [ 105.905, 14.025 ], [ 105.894166666666663, 14.03583333333334 ], [ 105.8925, 14.04666666666667 ], [ 105.889166666666668, 14.05 ], [ 105.889166666666668, 14.06333333333334 ], [ 105.88, 14.07 ], [ 105.8775, 14.069166666666671 ], [ 105.8725, 14.071666666666673 ], [ 105.858333333333334, 14.071666666666673 ], [ 105.849166666666662, 14.076666666666672 ], [ 105.843333333333334, 14.0825 ], [ 105.8425, 14.089166666666671 ], [ 105.845, 14.09416666666667 ] ] } },
{ "type": "Feature", "properties": { "COMID": 44037965, "id": "10180", "lengthkm": 4.4089659647484689, "order": 7, "uparea": 555582.77847617527 }, "geometry": { "type": "LineString", "coordinates": [ [ 105.948333333333323, 13.994166666666672 ], [ 105.944166666666661, 14.0 ], [ 105.939166666666665, 14.0025 ], [ 105.933333333333337, 14.0025 ], [ 105.923333333333332, 13.998333333333338 ], [ 105.915, 14.00083333333334 ] ] } },
{ "type": "Feature", "properties": { "COMID": 44037964, "id": "10180", "lengthkm": 8.6925424020594182, "order": 7, "uparea": 555707.78068258998 }, "geometry": { "type": "LineString", "coordinates": [ [ 105.984166666666667, 13.944166666666671 ], [ 105.9825, 13.946666666666673 ], [ 105.9875, 13.95 ], [ 105.984166666666667, 13.954166666666673 ], [ 105.985833333333332, 13.955833333333338 ], [ 105.986666666666665, 13.961666666666673 ], [ 105.983333333333334, 13.968333333333337 ], [ 105.971666666666664, 13.97666666666667 ], [ 105.968333333333334, 13.980833333333337 ], [ 105.9525, 13.9875 ], [ 105.948333333333323, 13.991666666666671 ], [ 105.948333333333323, 13.994166666666672 ] ] } },
{ "type": "Feature", "properties": { "COMID": 44037963, "id": "10180", "lengthkm": 3.4177656316151621, "order": 7, "uparea": 555851.64610465185 }, "geometry": { "type": "LineString", "coordinates": [ [ 105.971666666666664, 13.925 ], [ 105.981666666666669, 13.925833333333337 ], [ 105.981666666666669, 13.934166666666673 ], [ 105.984166666666667, 13.94 ], [ 105.984166666666667, 13.944166666666671 ] ] } },
{ "type": "Feature", "properties": { "COMID": 44037962, "id": "10180", "lengthkm": 9.4148581919887828, "order": 7, "uparea": 555953.13980894769 }, "geometry": { "type": "LineString", "coordinates": [ [ 105.984166666666667, 13.856666666666673 ], [ 105.980833333333322, 13.860833333333339 ], [ 105.980833333333322, 13.866666666666671 ], [ 105.975833333333327, 13.875 ], [ 105.9725, 13.8775 ], [ 105.969166666666666, 13.885 ], [ 105.969166666666666, 13.894166666666671 ], [ 105.966666666666669, 13.901666666666671 ], [ 105.9725, 13.904166666666672 ], [ 105.968333333333334, 13.91416666666667 ], [ 105.968333333333334, 13.920833333333338 ], [ 105.971666666666664, 13.925 ] ] } },
{ "type": "Feature", "properties": { "COMID": 44037961, "id": "10180", "lengthkm": 6.4862817114898483, "order": 7, "uparea": 556044.39859059174 }, "geometry": { "type": "LineString", "coordinates": [ [ 105.963333333333324, 13.808333333333337 ], [ 105.963333333333324, 13.81666666666667 ], [ 105.9675, 13.82 ], [ 105.966666666666669, 13.821666666666673 ], [ 105.974166666666662, 13.833333333333339 ], [ 105.984166666666667, 13.856666666666673 ] ] } },
{ "type": "Feature", "properties": { "COMID": 44037960, "id": "10180", "lengthkm": 8.2365441169269271, "order": 7, "uparea": 556128.56393633771 }, "geometry": { "type": "LineString", "coordinates": [ [ 105.9675, 13.748333333333338 ], [ 105.965, 13.755 ], [ 105.965833333333336, 13.7625 ], [ 105.970833333333331, 13.77 ], [ 105.975833333333327, 13.774166666666673 ], [ 105.971666666666664, 13.776666666666671 ], [ 105.970833333333331, 13.78 ], [ 105.9725, 13.7825 ], [ 105.964166666666671, 13.791666666666671 ], [ 105.9625, 13.799166666666672 ], [ 105.963333333333324, 13.808333333333337 ] ] } },
{ "type": "Feature", "properties": { "COMID": 44037959, "id": "10180", "lengthkm": 5.5752293618213198, "order": 7, "uparea": 557859.77821924037 }, "geometry": { "type": "LineString", "coordinates": [ [ 106.008333333333326, 13.725833333333338 ], [ 106.005, 13.728333333333339 ], [ 106.000833333333333, 13.728333333333339 ], [ 105.99166666666666, 13.735833333333339 ], [ 105.975833333333327, 13.74 ], [ 105.9675, 13.748333333333338 ] ] } },
{ "type": "Feature", "properties": { "COMID": 44037958, "id": "10180", "lengthkm": 3.4204665447844298, "order": 7, "uparea": 557959.56211795751 }, "geometry": { "type": "LineString", "coordinates": [ [ 106.020833333333329, 13.7 ], [ 106.0125, 13.710833333333337 ], [ 106.008333333333326, 13.725833333333338 ] ] } },
{ "type": "Feature", "properties": { "COMID": 44037957, "id": "10180", "lengthkm": 1.306277846091255, "order": 7, "uparea": 558006.07212552032 }, "geometry": { "type": "LineString", "coordinates": [ [ 106.029166666666669, 13.6925 ], [ 106.020833333333329, 13.7 ] ] } },
{ "type": "Feature", "properties": { "COMID": 44037956, "id": "10180", "lengthkm": 8.2286592987713725, "order": 7, "uparea": 558066.12336451048 }, "geometry": { "type": "LineString", "coordinates": [ [ 106.031666666666666, 13.628333333333337 ], [ 106.029166666666669, 13.63 ], [ 106.029166666666669, 13.6325 ], [ 106.036666666666662, 13.645833333333339 ], [ 106.0375, 13.66083333333334 ], [ 106.035833333333329, 13.663333333333338 ], [ 106.034166666666664, 13.684166666666673 ], [ 106.03, 13.68833333333334 ], [ 106.029166666666669, 13.6925 ] ] } },
{ "type": "Feature", "properties": { "COMID": 44037955, "id": "10180", "lengthkm": 11.04895170260451, "order": 7, "uparea": 558151.77722079458 }, "geometry": { "type": "LineString", "coordinates": [ [ 105.975833333333327, 13.56666666666667 ], [ 105.985833333333332, 13.575833333333339 ], [ 105.9975, 13.580833333333338 ], [ 105.998333333333335, 13.5825 ], [ 106.000833333333333, 13.581666666666671 ], [ 106.0125, 13.596666666666671 ], [ 106.018333333333331, 13.6 ], [ 106.024166666666659, 13.600833333333338 ], [ 106.029166666666669, 13.605 ], [ 106.03, 13.608333333333338 ], [ 106.0275, 13.615 ], [ 106.031666666666666, 13.628333333333337 ] ] } },
{ "type": "Feature", "properties": { "COMID": 44037954, "id": "10180", "lengthkm": 3.972115992266041, "order": 7, "uparea": 558248.62368979934 }, "geometry": { "type": "LineString", "coordinates": [ [ 105.955, 13.53916666666667 ], [ 105.9575, 13.545 ], [ 105.970833333333331, 13.559166666666673 ], [ 105.975833333333327, 13.56666666666667 ] ] } },
{ "type": "Feature", "properties": { "COMID": 44037953, "id": "10180", "lengthkm": 2.583551005728872, "order": 7, "uparea": 636985.77554160007 }, "geometry": { "type": "LineString", "coordinates": [ [ 105.936666666666667, 13.5275 ], [ 105.9425, 13.534166666666671 ], [ 105.955, 13.53916666666667 ] ] } },
{ "type": "Feature", "properties": { "COMID": 44037952, "id": "10180", "lengthkm": 3.3480699799657119, "order": 7, "uparea": 637551.33338222909 }, "geometry": { "type": "LineString", "coordinates": [ [ 105.92583333333333, 13.501666666666672 ], [ 105.9275, 13.514166666666672 ], [ 105.93416666666667, 13.521666666666672 ], [ 105.936666666666667, 13.5275 ] ] } },
{ "type": "Feature", "properties": { "COMID": 44037951, "id": "10180", "lengthkm": 7.0523683629704763, "order": 7, "uparea": 638082.72870787384 }, "geometry": { "type": "LineString", "coordinates": [ [ 105.9375, 13.444166666666671 ], [ 105.9375, 13.45 ], [ 105.931666666666658, 13.460833333333337 ], [ 105.92583333333333, 13.480833333333337 ], [ 105.92583333333333, 13.501666666666672 ] ] } },
{ "type": "Feature", "properties": { "COMID": 44037950, "id": "10180", "lengthkm": 2.9628881589546898, "order": 7, "uparea": 638140.71273385023 }, "geometry": { "type": "LineString", "coordinates": [ [ 105.933333333333337, 13.419166666666673 ], [ 105.936666666666667, 13.431666666666672 ], [ 105.9375, 13.444166666666671 ] ] } },
{ "type": "Feature", "properties": { "COMID": 44039774, "id": "10180", "lengthkm": 4.7727344026077034, "order": 7, "uparea": 638264.63766759238 }, "geometry": { "type": "LineString", "coordinates": [ [ 105.9325, 13.3825 ], [ 105.925, 13.401666666666671 ], [ 105.9275, 13.411666666666672 ], [ 105.933333333333337, 13.419166666666673 ] ] } },
{ "type": "Feature", "properties": { "COMID": 44039773, "id": "10180", "lengthkm": 6.672210038725404, "order": 7, "uparea": 638331.75427837751 }, "geometry": { "type": "LineString", "coordinates": [ [ 105.92916666666666, 13.339166666666671 ], [ 105.9325, 13.34 ], [ 105.943333333333328, 13.3525 ], [ 105.943333333333328, 13.355 ], [ 105.94083333333333, 13.3575 ], [ 105.93416666666667, 13.358333333333338 ], [ 105.93, 13.365 ], [ 105.93, 13.375 ], [ 105.9325, 13.37916666666667 ], [ 105.9325, 13.3825 ] ] } },
{ "type": "Feature", "properties": { "COMID": 44039772, "id": "10180", "lengthkm": 5.9777412697085142, "order": 7, "uparea": 638494.33212055825 }, "geometry": { "type": "LineString", "coordinates": [ [ 105.928333333333327, 13.291666666666671 ], [ 105.92583333333333, 13.31333333333334 ], [ 105.920833333333334, 13.319166666666671 ], [ 105.920833333333334, 13.328333333333337 ], [ 105.92916666666666, 13.339166666666671 ] ] } },
{ "type": "Feature", "properties": { "COMID": 44039771, "id": "10180", "lengthkm": 6.4296245377850756, "order": 7, "uparea": 639113.16834218067 }, "geometry": { "type": "LineString", "coordinates": [ [ 105.963333333333324, 13.2525 ], [ 105.9575, 13.25833333333334 ], [ 105.9575, 13.26 ], [ 105.936666666666667, 13.28 ], [ 105.92916666666666, 13.281666666666673 ], [ 105.928333333333327, 13.291666666666671 ] ] } },
{ "type": "Feature", "properties": { "COMID": 44039770, "id": "10180", "lengthkm": 8.258818620673896, "order": 7, "uparea": 639240.75469895452 }, "geometry": { "type": "LineString", "coordinates": [ [ 106.015, 13.221666666666671 ], [ 106.0125, 13.224166666666672 ], [ 106.005833333333328, 13.225 ], [ 106.001666666666665, 13.23 ], [ 105.995, 13.23416666666667 ], [ 105.990833333333327, 13.2325 ], [ 105.989166666666662, 13.23416666666667 ], [ 105.98, 13.231666666666673 ], [ 105.973333333333329, 13.231666666666673 ], [ 105.97, 13.235 ], [ 105.969166666666666, 13.240833333333338 ], [ 105.963333333333324, 13.2525 ] ] } },
{ "type": "Feature", "properties": { "COMID": 44039769, "id": "10180", "lengthkm": 6.4591977451643352, "order": 7, "uparea": 639519.52412222314 }, "geometry": { "type": "LineString", "coordinates": [ [ 106.025, 13.179166666666671 ], [ 106.02, 13.185833333333338 ], [ 106.014166666666668, 13.18833333333334 ], [ 106.014166666666668, 13.19583333333334 ], [ 106.0075, 13.201666666666672 ], [ 106.0075, 13.208333333333339 ], [ 106.01, 13.2125 ], [ 106.01, 13.21583333333334 ], [ 106.015, 13.219166666666673 ], [ 106.015, 13.221666666666671 ] ] } },
{ "type": "Feature", "properties": { "COMID": 44039768, "id": "10180", "lengthkm": 3.89551214223484, "order": 7, "uparea": 639686.40565063769 }, "geometry": { "type": "LineString", "coordinates": [ [ 106.015833333333333, 13.151666666666671 ], [ 106.02, 13.15333333333334 ], [ 106.0225, 13.16416666666667 ], [ 106.0275, 13.17166666666667 ], [ 106.025, 13.179166666666671 ] ] } },
{ "type": "Feature", "properties": { "COMID": 44039767, "id": "10180", "lengthkm": 9.6404352267185693, "order": 7, "uparea": 640426.18005107692 }, "geometry": { "type": "LineString", "coordinates": [ [ 106.0075, 13.076666666666672 ], [ 106.008333333333326, 13.0775 ], [ 106.005, 13.080833333333338 ], [ 106.006666666666661, 13.09083333333334 ], [ 106.005833333333328, 13.096666666666671 ], [ 106.0025, 13.099166666666672 ], [ 106.00333333333333, 13.108333333333338 ], [ 106.000833333333333, 13.115 ], [ 106.000833333333333, 13.120833333333337 ], [ 106.0025, 13.1225 ], [ 106.005, 13.134166666666673 ], [ 106.011666666666656, 13.1425 ], [ 106.015833333333333, 13.151666666666671 ] ] } },
{ "type": "Feature", "properties": { "COMID": 44039766, "id": "10180", "lengthkm": 9.4455768148937072, "order": 7, "uparea": 640496.77977728797 }, "geometry": { "type": "LineString", "coordinates": [ [ 105.973333333333329, 13.01 ], [ 105.975833333333327, 13.015 ], [ 105.974166666666662, 13.019166666666671 ], [ 105.9775, 13.025 ], [ 105.98833333333333, 13.034166666666671 ], [ 106.005, 13.056666666666672 ], [ 106.01, 13.06666666666667 ], [ 106.0075, 13.076666666666672 ] ] } },
{ "type": "Feature", "properties": { "COMID": 44039765, "id": "10180", "lengthkm": 6.4675468217871934, "order": 7, "uparea": 640798.77722031262 }, "geometry": { "type": "LineString", "coordinates": [ [ 105.9875, 12.9625 ], [ 105.99, 12.9775 ], [ 105.986666666666665, 12.98083333333334 ], [ 105.984166666666667, 12.98083333333334 ], [ 105.98, 12.99 ], [ 105.980833333333322, 12.993333333333339 ], [ 105.978333333333325, 12.9975 ], [ 105.9775, 13.005833333333339 ], [ 105.974166666666662, 13.0075 ], [ 105.973333333333329, 13.01 ] ] } },
{ "type": "Feature", "properties": { "COMID": 44039764, "id": "10180", "lengthkm": 11.508104759015081, "order": 7, "uparea": 640898.06793841161 }, "geometry": { "type": "LineString", "coordinates": [ [ 105.945833333333326, 12.876666666666672 ], [ 105.955, 12.89 ], [ 105.960833333333326, 12.90333333333334 ], [ 105.971666666666664, 12.91416666666667 ], [ 105.9775, 12.925833333333337 ], [ 105.985833333333332, 12.936666666666671 ], [ 105.9875, 12.9425 ], [ 105.9875, 12.9625 ] ] } },
{ "type": "Feature", "properties": { "COMID": 44039763, "id": "10180", "lengthkm": 3.903894491935366, "order": 7, "uparea": 640950.52136998496 }, "geometry": { "type": "LineString", "coordinates": [ [ 105.93416666666667, 12.846666666666671 ], [ 105.935, 12.856666666666673 ], [ 105.939166666666665, 12.869166666666672 ], [ 105.945833333333326, 12.876666666666672 ] ] } },
{ "type": "Feature", "properties": { "COMID": 44041371, "id": "10180", "lengthkm": 9.9073192351102133, "order": 7, "uparea": 641374.55556545558 }, "geometry": { "type": "LineString", "coordinates": [ [ 105.945833333333326, 12.774166666666673 ], [ 105.9425, 12.78 ], [ 105.936666666666667, 12.781666666666673 ], [ 105.93416666666667, 12.784166666666671 ], [ 105.9325, 12.78916666666667 ], [ 105.933333333333337, 12.805 ], [ 105.938333333333333, 12.809166666666673 ], [ 105.941666666666663, 12.815 ], [ 105.941666666666663, 12.8225 ], [ 105.93416666666667, 12.830833333333338 ], [ 105.93416666666667, 12.846666666666671 ] ] } },
{ "type": "Feature", "properties": { "COMID": 44041370, "id": "10180", "lengthkm": 1.216211418280952, "order": 7, "uparea": 641806.17016289127 }, "geometry": { "type": "LineString", "coordinates": [ [ 105.954166666666666, 12.7675 ], [ 105.945833333333326, 12.774166666666673 ] ] } },
{ "type": "Feature", "properties": { "COMID": 44041369, "id": "10180", "lengthkm": 3.537607767254328, "order": 7, "uparea": 646382.30820591503 }, "geometry": { "type": "LineString", "coordinates": [ [ 105.973333333333329, 12.746666666666673 ], [ 105.969166666666666, 12.749166666666671 ], [ 105.965, 12.749166666666671 ], [ 105.9625, 12.751666666666672 ], [ 105.954166666666666, 12.7675 ] ] } },
{ "type": "Feature", "properties": { "COMID": 44041368, "id": "10180", "lengthkm": 7.4622228208111681, "order": 7, "uparea": 646437.510342428 }, "geometry": { "type": "LineString", "coordinates": [ [ 105.999166666666667, 12.69583333333334 ], [ 105.993333333333325, 12.696666666666673 ], [ 105.99166666666666, 12.698333333333338 ], [ 105.99, 12.705833333333338 ], [ 105.986666666666665, 12.711666666666673 ], [ 105.99, 12.724166666666672 ], [ 105.9875, 12.73 ], [ 105.980833333333322, 12.735833333333339 ], [ 105.973333333333329, 12.746666666666673 ] ] } },
{ "type": "Feature", "properties": { "COMID": 44041367, "id": "10180", "lengthkm": 4.6077178156201866, "order": 7, "uparea": 646627.78126730688 }, "geometry": { "type": "LineString", "coordinates": [ [ 106.009166666666658, 12.66083333333334 ], [ 106.01, 12.6725 ], [ 106.0025, 12.68 ], [ 106.00333333333333, 12.684166666666673 ], [ 105.999166666666667, 12.69 ], [ 105.999166666666667, 12.69583333333334 ] ] } },
{ "type": "Feature", "properties": { "COMID": 44041366, "id": "10180", "lengthkm": 6.3808392470588444, "order": 7, "uparea": 646775.75605947291 }, "geometry": { "type": "LineString", "coordinates": [ [ 106.015, 12.611666666666672 ], [ 106.013333333333335, 12.620833333333337 ], [ 106.015833333333333, 12.621666666666673 ], [ 106.015833333333333, 12.63 ], [ 106.015, 12.635 ], [ 106.010833333333323, 12.638333333333339 ], [ 106.008333333333326, 12.6475 ], [ 106.008333333333326, 12.650833333333338 ], [ 106.01, 12.6525 ], [ 106.009166666666658, 12.66083333333334 ] ] } },
{ "type": "Feature", "properties": { "COMID": 44041365, "id": "10180", "lengthkm": 1.3328214982114741, "order": 7, "uparea": 647908.40840288217 }, "geometry": { "type": "LineString", "coordinates": [ [ 106.013333333333335, 12.60166666666667 ], [ 106.015, 12.603333333333339 ], [ 106.015, 12.606666666666673 ], [ 106.013333333333335, 12.608333333333338 ], [ 106.015, 12.611666666666672 ] ] } },
{ "type": "Feature", "properties": { "COMID": 44041364, "id": "10180", "lengthkm": 11.570842923750705, "order": 7, "uparea": 648096.66400981671 }, "geometry": { "type": "LineString", "coordinates": [ [ 106.006666666666661, 12.514166666666672 ], [ 105.993333333333325, 12.531666666666673 ], [ 105.995833333333337, 12.54333333333334 ], [ 106.006666666666661, 12.559166666666673 ], [ 106.014166666666668, 12.575 ], [ 106.016666666666666, 12.585 ], [ 106.015833333333333, 12.59 ], [ 106.0125, 12.595833333333339 ], [ 106.013333333333335, 12.60166666666667 ] ] } },
{ "type": "Feature", "properties": { "COMID": 44041363, "id": "10180", "lengthkm": 6.0386574047387596, "order": 7, "uparea": 648148.94085788494 }, "geometry": { "type": "LineString", "coordinates": [ [ 106.0175, 12.464166666666671 ], [ 106.015833333333333, 12.4775 ], [ 106.0125, 12.485833333333339 ], [ 106.0125, 12.5075 ], [ 106.006666666666661, 12.514166666666672 ] ] } },
{ "type": "Feature", "properties": { "COMID": 44041362, "id": "10180", "lengthkm": 2.2038544995270102, "order": 7, "uparea": 648853.42888243613 }, "geometry": { "type": "LineString", "coordinates": [ [ 106.023333333333326, 12.446666666666673 ], [ 106.0175, 12.464166666666671 ] ] } },
{ "type": "Feature", "properties": { "COMID": 44041361, "id": "10180", "lengthkm": 6.1694526719263374, "order": 7, "uparea": 653083.63648448454 }, "geometry": { "type": "LineString", "coordinates": [ [ 106.024166666666659, 12.394166666666671 ], [ 106.024166666666659, 12.404166666666672 ], [ 106.0275, 12.41833333333334 ], [ 106.024166666666659, 12.430833333333339 ], [ 106.023333333333326, 12.446666666666673 ] ] } },
{ "type": "Feature", "properties": { "COMID": 44041360, "id": "10180", "lengthkm": 7.352355896994438, "order": 7, "uparea": 653163.37290180451 }, "geometry": { "type": "LineString", "coordinates": [ [ 106.045833333333334, 12.336666666666673 ], [ 106.043333333333322, 12.34083333333334 ], [ 106.040833333333325, 12.35583333333334 ], [ 106.028333333333336, 12.376666666666672 ], [ 106.024166666666659, 12.394166666666671 ] ] } },
{ "type": "Feature", "properties": { "COMID": 44041359, "id": "10180", "lengthkm": 6.6851841476435974, "order": 7, "uparea": 653224.82392602402 }, "geometry": { "type": "LineString", "coordinates": [ [ 106.0225, 12.28583333333334 ], [ 106.0375, 12.311666666666671 ], [ 106.045833333333334, 12.336666666666673 ] ] } },
{ "type": "Feature", "properties": { "COMID": 44041358, "id": "10180", "lengthkm": 9.1935201241211519, "order": 7, "uparea": 653329.96944927471 }, "geometry": { "type": "LineString", "coordinates": [ [ 105.951666666666668, 12.266666666666673 ], [ 105.9675, 12.265 ], [ 105.975, 12.26166666666667 ], [ 105.9925, 12.26166666666667 ], [ 106.008333333333326, 12.270833333333339 ], [ 106.0225, 12.28583333333334 ] ] } },
{ "type": "Feature", "properties": { "COMID": 44041357, "id": "10180", "lengthkm": 33.68761811582732, "order": 7, "uparea": 653783.82358288323 }, "geometry": { "type": "LineString", "coordinates": [ [ 105.668333333333322, 12.2875 ], [ 105.6725, 12.28583333333334 ], [ 105.68416666666667, 12.28583333333334 ], [ 105.7, 12.281666666666673 ], [ 105.710833333333326, 12.280833333333337 ], [ 105.725833333333327, 12.2675 ], [ 105.743333333333325, 12.2625 ], [ 105.75, 12.2575 ], [ 105.761666666666656, 12.253333333333337 ], [ 105.776666666666671, 12.254166666666674 ], [ 105.798333333333332, 12.260833333333338 ], [ 105.825, 12.260833333333338 ], [ 105.831666666666663, 12.259166666666673 ], [ 105.834166666666661, 12.26 ], [ 105.838333333333324, 12.2575 ], [ 105.86, 12.2575 ], [ 105.8925, 12.26 ], [ 105.898333333333326, 12.2625 ], [ 105.943333333333328, 12.263333333333339 ], [ 105.951666666666668, 12.266666666666673 ] ] } },
{ "type": "Feature", "properties": { "COMID": 44042793, "id": "10180", "lengthkm": 20.237458916282328, "order": 7, "uparea": 654225.06609869457 }, "geometry": { "type": "LineString", "coordinates": [ [ 105.5375, 12.23 ], [ 105.544166666666669, 12.255 ], [ 105.549166666666665, 12.264166666666672 ], [ 105.55916666666667, 12.279166666666672 ], [ 105.566666666666663, 12.286666666666672 ], [ 105.5775, 12.294166666666673 ], [ 105.595, 12.301666666666673 ], [ 105.6125, 12.300833333333337 ], [ 105.625, 12.2975 ], [ 105.645, 12.2875 ], [ 105.650833333333324, 12.29 ], [ 105.659166666666664, 12.29 ], [ 105.668333333333322, 12.2875 ] ] } },
{ "type": "Feature", "properties": { "COMID": 44042792, "id": "10180", "lengthkm": 23.135426857617691, "order": 7, "uparea": 654581.86323657469 }, "geometry": { "type": "LineString", "coordinates": [ [ 105.49, 12.04666666666667 ], [ 105.495833333333337, 12.054166666666671 ], [ 105.500833333333333, 12.066666666666674 ], [ 105.5075, 12.076666666666672 ], [ 105.52, 12.09 ], [ 105.529166666666669, 12.105 ], [ 105.530833333333334, 12.125 ], [ 105.5325, 12.128333333333337 ], [ 105.535, 12.16416666666667 ], [ 105.541666666666657, 12.178333333333338 ], [ 105.538333333333327, 12.20333333333334 ], [ 105.535, 12.209166666666672 ], [ 105.5375, 12.219166666666673 ], [ 105.5375, 12.23 ] ] } },
{ "type": "Feature", "properties": { "COMID": 44042791, "id": "10180", "lengthkm": 8.7960497322341791, "order": 7, "uparea": 654949.48601183575 }, "geometry": { "type": "LineString", "coordinates": [ [ 105.469166666666666, 11.9775 ], [ 105.471666666666664, 11.994166666666672 ], [ 105.470833333333331, 12.01 ], [ 105.479166666666657, 12.02833333333334 ], [ 105.48, 12.034166666666671 ], [ 105.486666666666665, 12.039166666666674 ], [ 105.49, 12.04666666666667 ] ] } },
{ "type": "Feature", "properties": { "COMID": 44042790, "id": "10180", "lengthkm": 6.6333288003118724, "order": 7, "uparea": 655008.22297141701 }, "geometry": { "type": "LineString", "coordinates": [ [ 105.4625, 11.9225 ], [ 105.47, 11.93833333333334 ], [ 105.471666666666664, 11.9475 ], [ 105.471666666666664, 11.9625 ], [ 105.469166666666666, 11.9775 ] ] } },
{ "type": "Feature", "properties": { "COMID": 44042789, "id": "10180", "lengthkm": 20.389431346187674, "order": 7, "uparea": 662719.23706070322 }, "geometry": { "type": "LineString", "coordinates": [ [ 105.306666666666658, 11.934166666666673 ], [ 105.330833333333331, 11.9325 ], [ 105.343333333333334, 11.933333333333337 ], [ 105.353333333333325, 11.931666666666672 ], [ 105.375833333333333, 11.9175 ], [ 105.391666666666666, 11.900833333333338 ], [ 105.396666666666661, 11.8975 ], [ 105.408333333333331, 11.895 ], [ 105.415833333333325, 11.895 ], [ 105.43, 11.898333333333337 ], [ 105.445833333333326, 11.905833333333337 ], [ 105.454166666666666, 11.9125 ], [ 105.4625, 11.9225 ] ] } },
{ "type": "Feature", "properties": { "COMID": 44043941, "id": "10180", "lengthkm": 84.383365843787402, "order": 7, "uparea": 663282.95388426865 }, "geometry": { "type": "LineString", "coordinates": [ [ 104.9475, 11.560833333333338 ], [ 104.941666666666663, 11.595833333333339 ], [ 104.939166666666665, 11.600833333333338 ], [ 104.94, 11.603333333333339 ], [ 104.935, 11.61 ], [ 104.92916666666666, 11.63 ], [ 104.92, 11.648333333333337 ], [ 104.918333333333337, 11.66 ], [ 104.921666666666667, 11.670833333333338 ], [ 104.9325, 11.690833333333337 ], [ 104.961666666666659, 11.714166666666671 ], [ 104.9675, 11.71583333333334 ], [ 105.015, 11.7625 ], [ 105.016666666666666, 11.76583333333334 ], [ 105.018333333333331, 11.7775 ], [ 105.015833333333333, 11.78583333333334 ], [ 105.008333333333326, 11.79333333333334 ], [ 104.99666666666667, 11.80083333333334 ], [ 104.986666666666665, 11.80083333333334 ], [ 104.980833333333337, 11.804166666666671 ], [ 104.979166666666657, 11.81333333333334 ], [ 104.985833333333332, 11.83 ], [ 104.994166666666658, 11.8375 ], [ 105.000833333333333, 11.838333333333338 ], [ 105.005833333333328, 11.835833333333337 ], [ 105.011666666666656, 11.8375 ], [ 105.021666666666661, 11.84833333333334 ], [ 105.028333333333336, 11.85 ], [ 105.039166666666659, 11.849166666666672 ], [ 105.048333333333332, 11.8475 ], [ 105.05, 11.845833333333339 ], [ 105.066666666666663, 11.843333333333337 ], [ 105.088333333333338, 11.845 ], [ 105.098333333333329, 11.8425 ], [ 105.104166666666657, 11.844166666666673 ], [ 105.1325, 11.87 ], [ 105.138333333333335, 11.900833333333338 ], [ 105.145, 11.91083333333334 ], [ 105.170833333333334, 11.933333333333337 ], [ 105.18, 11.943333333333339 ], [ 105.195833333333326, 11.95 ], [ 105.215833333333336, 11.948333333333338 ], [ 105.243333333333325, 11.94 ], [ 105.265, 11.94 ], [ 105.273333333333326, 11.9375 ], [ 105.279166666666669, 11.933333333333337 ], [ 105.285, 11.935 ], [ 105.306666666666658, 11.934166666666673 ] ] } },
{ "type": "Feature", "properties": { "COMID": 44043940, "id": "10180", "lengthkm": 2.6721343464230611, "order": 7, "uparea": 751128.29172518873 }, "geometry": { "type": "LineString", "coordinates": [ [ 104.966666666666669, 11.548333333333339 ], [ 104.953333333333333, 11.555 ], [ 104.9475, 11.560833333333338 ] ] } },
{ "type": "Feature", "properties": { "COMID": 44043939, "id": "10180", "lengthkm": 27.602641817251001, "order": 7, "uparea": 751221.3391168192 }, "geometry": { "type": "LineString", "coordinates": [ [ 105.176666666666662, 11.4575 ], [ 105.1675, 11.463333333333338 ], [ 105.158333333333331, 11.4725 ], [ 105.145833333333329, 11.4775 ], [ 105.135, 11.485 ], [ 105.12166666666667, 11.490833333333338 ], [ 105.111666666666665, 11.5 ], [ 105.1, 11.505833333333339 ], [ 105.085833333333326, 11.518333333333338 ], [ 105.083333333333329, 11.523333333333337 ], [ 105.0775, 11.52833333333334 ], [ 105.061666666666667, 11.533333333333339 ], [ 105.056666666666658, 11.533333333333339 ], [ 105.033333333333331, 11.5425 ], [ 105.016666666666666, 11.54666666666667 ], [ 104.984166666666667, 11.5475 ], [ 104.974166666666662, 11.549166666666672 ], [ 104.966666666666669, 11.548333333333339 ] ] } },
{ "type": "Feature", "properties": { "COMID": 44043938, "id": "10180", "lengthkm": 22.169869394716191, "order": 7, "uparea": 752374.90433129028 }, "geometry": { "type": "LineString", "coordinates": [ [ 105.275, 11.306666666666672 ], [ 105.274166666666659, 11.321666666666673 ], [ 105.264166666666668, 11.35 ], [ 105.261666666666656, 11.3525 ], [ 105.260833333333323, 11.366666666666671 ], [ 105.255, 11.391666666666673 ], [ 105.239166666666662, 11.409166666666671 ], [ 105.229166666666657, 11.415 ], [ 105.210833333333326, 11.435 ], [ 105.195, 11.443333333333339 ], [ 105.176666666666662, 11.4575 ] ] } },
{ "type": "Feature", "properties": { "COMID": 44045069, "id": "10180", "lengthkm": 78.538432929652856, "order": 7, "uparea": 754973.09388872841 }, "geometry": { "type": "LineString", "coordinates": [ [ 105.335833333333326, 10.808333333333337 ], [ 105.325833333333335, 10.818333333333339 ], [ 105.313333333333333, 10.8225 ], [ 105.305, 10.8225 ], [ 105.286666666666662, 10.816666666666674 ], [ 105.283333333333331, 10.810833333333338 ], [ 105.276666666666671, 10.805 ], [ 105.264166666666668, 10.80083333333334 ], [ 105.2425, 10.805 ], [ 105.231666666666669, 10.805 ], [ 105.2275, 10.809166666666673 ], [ 105.2275, 10.811666666666671 ], [ 105.215833333333336, 10.835 ], [ 105.213333333333338, 10.8375 ], [ 105.210833333333326, 10.836666666666673 ], [ 105.203333333333333, 10.84083333333334 ], [ 105.193333333333328, 10.853333333333339 ], [ 105.19083333333333, 10.85916666666667 ], [ 105.19, 10.869166666666672 ], [ 105.1875, 10.871666666666673 ], [ 105.185833333333335, 10.88 ], [ 105.185833333333335, 10.894166666666671 ], [ 105.1875, 10.8975 ], [ 105.188333333333333, 10.9075 ], [ 105.186666666666667, 10.913333333333338 ], [ 105.185833333333335, 10.9475 ], [ 105.183333333333337, 10.964166666666671 ], [ 105.1875, 10.978333333333339 ], [ 105.1875, 11.001666666666672 ], [ 105.19083333333333, 11.020833333333339 ], [ 105.194166666666661, 11.025 ], [ 105.1975, 11.03583333333334 ], [ 105.1975, 11.041666666666671 ], [ 105.195, 11.045833333333338 ], [ 105.1925, 11.083333333333339 ], [ 105.195, 11.088333333333338 ], [ 105.203333333333333, 11.096666666666671 ], [ 105.21, 11.1 ], [ 105.213333333333338, 11.10583333333334 ], [ 105.234166666666667, 11.13 ], [ 105.236666666666665, 11.139166666666672 ], [ 105.235833333333332, 11.143333333333338 ], [ 105.24166666666666, 11.154166666666672 ], [ 105.23833333333333, 11.159166666666671 ], [ 105.235, 11.170833333333338 ], [ 105.235, 11.178333333333338 ], [ 105.250833333333333, 11.194166666666671 ], [ 105.255833333333328, 11.19583333333334 ], [ 105.259166666666658, 11.199166666666674 ], [ 105.268333333333331, 11.21583333333334 ], [ 105.271666666666661, 11.228333333333339 ], [ 105.279166666666669, 11.245833333333337 ], [ 105.280833333333334, 11.255 ], [ 105.28, 11.2775 ], [ 105.275, 11.29666666666667 ], [ 105.275, 11.306666666666672 ] ] } },
{ "type": "Feature", "properties": { "COMID": 44045068, "id": "10180", "lengthkm": 3.6899238053673629, "order": 7, "uparea": 755590.39581178268 }, "geometry": { "type": "LineString", "coordinates": [ [ 105.345833333333331, 10.779166666666672 ], [ 105.3375, 10.8 ], [ 105.335833333333326, 10.808333333333337 ] ] } },
{ "type": "Feature", "properties": { "COMID": 44045067, "id": "10180", "lengthkm": 8.1031903767886284, "order": 7, "uparea": 755633.45288342342 }, "geometry": { "type": "LineString", "coordinates": [ [ 105.350833333333327, 10.715 ], [ 105.355, 10.725 ], [ 105.359166666666667, 10.729166666666671 ], [ 105.359166666666667, 10.73416666666667 ], [ 105.355833333333322, 10.745 ], [ 105.355833333333322, 10.755833333333339 ], [ 105.351666666666659, 10.770833333333339 ], [ 105.345833333333331, 10.779166666666672 ] ] } },
{ "type": "Feature", "properties": { "COMID": 44045066, "id": "10180", "lengthkm": 17.48573855067545, "order": 7, "uparea": 755704.6604524802 }, "geometry": { "type": "LineString", "coordinates": [ [ 105.36666666666666, 10.574166666666674 ], [ 105.365833333333327, 10.583333333333339 ], [ 105.349166666666662, 10.6175 ], [ 105.34, 10.645833333333339 ], [ 105.338333333333338, 10.67583333333334 ], [ 105.345833333333331, 10.690833333333337 ], [ 105.350833333333327, 10.715 ] ] } },
{ "type": "Feature", "properties": { "COMID": 44045065, "id": "10180", "lengthkm": 6.0505441600601344, "order": 7, "uparea": 755739.88482001564 }, "geometry": { "type": "LineString", "coordinates": [ [ 105.3275, 10.540833333333339 ], [ 105.334166666666661, 10.548333333333339 ], [ 105.351666666666659, 10.556666666666672 ], [ 105.36666666666666, 10.574166666666674 ] ] } },
{ "type": "Feature", "properties": { "COMID": 44045924, "id": "10180", "lengthkm": 23.262980328980063, "order": 7, "uparea": 768296.12213371927 }, "geometry": { "type": "LineString", "coordinates": [ [ 105.445, 10.386666666666674 ], [ 105.431666666666658, 10.398333333333341 ], [ 105.414166666666659, 10.4175 ], [ 105.4075, 10.439166666666672 ], [ 105.385, 10.451666666666672 ], [ 105.361666666666665, 10.476666666666674 ], [ 105.346666666666664, 10.49 ], [ 105.33, 10.525833333333338 ], [ 105.3275, 10.540833333333339 ] ] } },
{ "type": "Feature", "properties": { "COMID": 44045923, "id": "10180", "lengthkm": 0.84564859880892596, "order": 7, "uparea": 770011.15033644927 }, "geometry": { "type": "LineString", "coordinates": [ [ 105.451666666666668, 10.384166666666673 ], [ 105.445, 10.386666666666674 ] ] } },
{ "type": "Feature", "properties": { "COMID": 44045922, "id": "10180", "lengthkm": 7.2556288478156619, "order": 7, "uparea": 770287.79144258949 }, "geometry": { "type": "LineString", "coordinates": [ [ 105.48833333333333, 10.334166666666672 ], [ 105.474166666666662, 10.3475 ], [ 105.4625, 10.3625 ], [ 105.456666666666663, 10.3725 ], [ 105.455, 10.38 ], [ 105.451666666666668, 10.384166666666673 ] ] } },
{ "type": "Feature", "properties": { "COMID": 44045921, "id": "10180", "lengthkm": 1.0025688598509439, "order": 7, "uparea": 770557.26773444971 }, "geometry": { "type": "LineString", "coordinates": [ [ 105.494166666666658, 10.3275 ], [ 105.48833333333333, 10.334166666666672 ] ] } },
{ "type": "Feature", "properties": { "COMID": 44045920, "id": "10180", "lengthkm": 22.999195181191958, "order": 7, "uparea": 770975.52559636952 }, "geometry": { "type": "LineString", "coordinates": [ [ 105.625, 10.186666666666671 ], [ 105.624166666666667, 10.1925 ], [ 105.615, 10.2175 ], [ 105.600833333333327, 10.23833333333334 ], [ 105.57, 10.268333333333338 ], [ 105.564166666666665, 10.27 ], [ 105.55916666666667, 10.275 ], [ 105.558333333333337, 10.27833333333334 ], [ 105.548333333333332, 10.2875 ], [ 105.525, 10.3025 ], [ 105.5175, 10.305833333333339 ], [ 105.515833333333333, 10.305 ], [ 105.494166666666658, 10.3275 ] ] } },
{ "type": "Feature", "properties": { "COMID": 44045919, "id": "10180", "lengthkm": 5.7164777464332648, "order": 7, "uparea": 771033.49665386393 }, "geometry": { "type": "LineString", "coordinates": [ [ 105.659166666666664, 10.15 ], [ 105.650833333333324, 10.158333333333339 ], [ 105.65, 10.1625 ], [ 105.625, 10.186666666666671 ] ] } },
{ "type": "Feature", "properties": { "COMID": 44045918, "id": "10180", "lengthkm": 15.015373103071788, "order": 7, "uparea": 772579.76282141218 }, "geometry": { "type": "LineString", "coordinates": [ [ 105.765, 10.0775 ], [ 105.7525, 10.09 ], [ 105.740833333333327, 10.095833333333339 ], [ 105.735, 10.095833333333339 ], [ 105.710833333333326, 10.116666666666671 ], [ 105.694166666666661, 10.12583333333334 ], [ 105.659166666666664, 10.15 ] ] } },
{ "type": "Feature", "properties": { "COMID": 44045917, "id": "10180", "lengthkm": 5.2380466363319433, "order": 7, "uparea": 772650.606293933 }, "geometry": { "type": "LineString", "coordinates": [ [ 105.798333333333332, 10.049166666666672 ], [ 105.793333333333322, 10.058333333333341 ], [ 105.784166666666664, 10.0675 ], [ 105.775833333333324, 10.073333333333338 ], [ 105.765, 10.0775 ] ] } },
{ "type": "Feature", "properties": { "COMID": 44045916, "id": "10180", "lengthkm": 0.57545517070872898, "order": 7, "uparea": 772739.76413985551 }, "geometry": { "type": "LineString", "coordinates": [ [ 105.80083333333333, 10.045 ], [ 105.798333333333332, 10.049166666666672 ] ] } },
{ "type": "Feature", "properties": { "COMID": 44045915, "id": "10180", "lengthkm": 17.013743803694048, "order": 7, "uparea": 773817.92850895261 }, "geometry": { "type": "LineString", "coordinates": [ [ 105.898333333333326, 9.936666666666671 ], [ 105.8775, 9.950833333333339 ], [ 105.846666666666664, 9.98 ], [ 105.819166666666661, 10.013333333333339 ], [ 105.8175, 10.016666666666673 ], [ 105.8175, 10.0225 ], [ 105.814166666666665, 10.03 ], [ 105.808333333333337, 10.038333333333338 ], [ 105.80083333333333, 10.045 ] ] } },
{ "type": "Feature", "properties": { "COMID": 44046400, "id": "10180", "lengthkm": 9.2908474740990226, "order": 7, "uparea": 774697.65067198128 }, "geometry": { "type": "LineString", "coordinates": [ [ 105.955, 9.880833333333339 ], [ 105.953333333333333, 9.885 ], [ 105.925, 9.91 ], [ 105.911666666666662, 9.925 ], [ 105.91, 9.93 ], [ 105.898333333333326, 9.936666666666671 ] ] } },
{ "type": "Feature", "properties": { "COMID": 44046399, "id": "10180", "lengthkm": 10.815765808967447, "order": 7, "uparea": 774772.97603668948 }, "geometry": { "type": "LineString", "coordinates": [ [ 106.025833333333338, 9.8175 ], [ 106.0175, 9.819166666666671 ], [ 106.014166666666668, 9.821666666666673 ], [ 105.955, 9.880833333333339 ] ] } },
{ "type": "Feature", "properties": { "COMID": 44046398, "id": "10180", "lengthkm": 2.955705689749085, "order": 7, "uparea": 775050.41322420561 }, "geometry": { "type": "LineString", "coordinates": [ [ 106.0475, 9.808333333333341 ], [ 106.034166666666664, 9.816666666666674 ], [ 106.025833333333338, 9.8175 ] ] } },
{ "type": "Feature", "properties": { "COMID": 44046397, "id": "10180", "lengthkm": 4.957685663430401, "order": 7, "uparea": 775140.78874230909 }, "geometry": { "type": "LineString", "coordinates": [ [ 106.069166666666661, 9.7725 ], [ 106.066666666666663, 9.7825 ], [ 106.0475, 9.808333333333341 ] ] } },
{ "type": "Feature", "properties": { "COMID": 44046396, "id": "10180", "lengthkm": 3.5701866387717152, "order": 7, "uparea": 775611.55126566498 }, "geometry": { "type": "LineString", "coordinates": [ [ 106.0975, 9.7625 ], [ 106.0775, 9.7725 ], [ 106.069166666666661, 9.7725 ] ] } },
{ "type": "Feature", "properties": { "COMID": 44046395, "id": "10180", "lengthkm": 2.355571900216527, "order": 7, "uparea": 775719.66045150871 }, "geometry": { "type": "LineString", "coordinates": [ [ 106.11333333333333, 9.749166666666671 ], [ 106.0975, 9.7625 ] ] } },
{ "type": "Feature", "properties": { "COMID": 44046394, "id": "10180", "lengthkm": 11.851812812818313, "order": 7, "uparea": 775833.02004996059 }, "geometry": { "type": "LineString", "coordinates": [ [ 106.185833333333335, 9.673333333333339 ], [ 106.161666666666662, 9.696666666666673 ], [ 106.15, 9.710833333333341 ], [ 106.12833333333333, 9.73083333333334 ], [ 106.11333333333333, 9.749166666666671 ] ] } },
{ "type": "Feature", "properties": { "COMID": 44046393, "id": "10180", "lengthkm": 4.0862544170249508, "order": 7, "uparea": 775876.22938334767 }, "geometry": { "type": "LineString", "coordinates": [ [ 106.2125, 9.648333333333341 ], [ 106.185833333333335, 9.673333333333339 ] ] } },
{ "type": "Feature", "properties": { "COMID": 44046392, "id": "10180", "lengthkm": 5.622978429100705, "order": 7, "uparea": 775976.91826970724 }, "geometry": { "type": "LineString", "coordinates": [ [ 106.25, 9.615833333333338 ], [ 106.2125, 9.648333333333341 ] ] } },
{ "type": "Feature", "properties": { "COMID": 44046391, "id": "10180", "lengthkm": 3.9342543909143042, "order": 7, "uparea": 776027.11519115441 }, "geometry": { "type": "LineString", "coordinates": [ [ 106.279166666666669, 9.6 ], [ 106.264166666666668, 9.606666666666673 ], [ 106.25, 9.615833333333338 ] ] } },
{ "type": "Feature", "properties": { "COMID": 44046390, "id": "10180", "lengthkm": 3.3861689994837838, "order": 7, "uparea": 776128.1625807212 }, "geometry": { "type": "LineString", "coordinates": [ [ 106.303333333333327, 9.584166666666672 ], [ 106.279166666666669, 9.6 ] ] } }
]
}
