{
"type": "FeatureCollection",
"name": "downstream_87644",
"crs": { "type": "name", "properties": { "name": "urn:ogc:def:crs:OGC:1.3:CRS84" } },
"features": [
{ "type": "Feature", "properties": { "COMID": 44013078, "id": "7111", "lengthkm": 24.240705025363102, "order": 6, "uparea": 142510.44465199028 }, "geometry": { "type": "LineString", "coordinates": [ [ 100.819166666666661, 22.005 ], [ 100.80916666666667, 22.010833333333338 ], [ 100.783333333333331, 22.035 ], [ 100.779166666666669, 22.040833333333339 ], [ 100.7775, 22.049166666666672 ], [ 100.7725, 22.054166666666671 ], [ 100.7675, 22.054166666666671 ], [ 100.763333333333335, 22.050833333333337 ], [ 100.76, 22.0525 ], [ 100.759166666666658, 22.0675 ], [ 100.760833333333323, 22.069166666666668 ], [ 100.758333333333326, 22.071666666666673 ], [ 100.758333333333326, 22.078333333333337 ], [ 100.760833333333323, 22.083333333333336 ], [ 100.7725, 22.091666666666669 ], [ 100.775833333333338, 22.095833333333339 ], [ 100.7775, 22.1 ], [ 100.7775, 22.1075 ], [ 100.775, 22.111666666666672 ], [ 100.771666666666661, 22.114166666666669 ], [ 100.76, 22.114166666666669 ], [ 100.751666666666665, 22.1175 ], [ 100.730833333333337, 22.114166666666669 ], [ 100.724166666666662, 22.118333333333336 ], [ 100.718333333333334, 22.125833333333336 ] ] } },
{ "type": "Feature", "properties": { "COMID": 44013077, "id": "7111", "lengthkm": 1.4859415222280701, "order": 6, "uparea": 142553.39392434887 }, "geometry": { "type": "LineString", "coordinates": [ [ 100.830833333333331, 21.999166666666667 ], [ 100.823333333333323, 22.001666666666672 ], [ 100.819166666666661, 22.005 ] ] } },
{ "type": "Feature", "properties": { "COMID": 44013076, "id": "7111", "lengthkm": 4.3433480494011549, "order": 6, "uparea": 144656.54260870966 }, "geometry": { "type": "LineString", "coordinates": [ [ 100.865, 21.988333333333337 ], [ 100.856666666666669, 21.9925 ], [ 100.85, 21.9925 ], [ 100.840833333333336, 22.000833333333336 ], [ 100.835833333333326, 22.001666666666672 ], [ 100.830833333333331, 21.999166666666667 ] ] } },
{ "type": "Feature", "properties": { "COMID": 44013075, "id": "7111", "lengthkm": 13.434779057107649, "order": 6, "uparea": 144797.84331279222 }, "geometry": { "type": "LineString", "coordinates": [ [ 100.9025, 21.8975 ], [ 100.9025, 21.91416666666667 ], [ 100.9, 21.916666666666671 ], [ 100.899166666666659, 21.923333333333339 ], [ 100.895833333333329, 21.926666666666669 ], [ 100.889166666666668, 21.928333333333335 ], [ 100.885, 21.93416666666667 ], [ 100.875833333333333, 21.93416666666667 ], [ 100.8675, 21.94916666666667 ], [ 100.858333333333334, 21.959166666666668 ], [ 100.859166666666667, 21.9625 ], [ 100.864166666666662, 21.9675 ], [ 100.8675, 21.974166666666669 ], [ 100.86666666666666, 21.985 ], [ 100.865, 21.988333333333337 ] ] } },
{ "type": "Feature", "properties": { "COMID": 44013074, "id": "7111", "lengthkm": 9.5922951963168437, "order": 6, "uparea": 145063.68371126222 }, "geometry": { "type": "LineString", "coordinates": [ [ 100.950833333333335, 21.846666666666671 ], [ 100.935833333333335, 21.84416666666667 ], [ 100.923333333333332, 21.85 ], [ 100.915833333333325, 21.856666666666669 ], [ 100.913333333333327, 21.863333333333337 ], [ 100.913333333333327, 21.87166666666667 ], [ 100.910833333333329, 21.88 ], [ 100.904166666666669, 21.885 ], [ 100.901666666666671, 21.89 ], [ 100.9025, 21.8975 ] ] } },
{ "type": "Feature", "properties": { "COMID": 44013073, "id": "7111", "lengthkm": 3.4901872961868778, "order": 6, "uparea": 145229.42542587823 }, "geometry": { "type": "LineString", "coordinates": [ [ 100.979166666666657, 21.846666666666671 ], [ 100.97, 21.840833333333336 ], [ 100.964166666666671, 21.840833333333336 ], [ 100.950833333333335, 21.846666666666671 ] ] } },
{ "type": "Feature", "properties": { "COMID": 44013072, "id": "7111", "lengthkm": 10.472806683519352, "order": 6, "uparea": 145495.23845845641 }, "geometry": { "type": "LineString", "coordinates": [ [ 101.055833333333325, 21.8225 ], [ 101.0475, 21.831666666666671 ], [ 101.043333333333337, 21.839166666666671 ], [ 101.035833333333329, 21.845 ], [ 101.025833333333338, 21.849166666666669 ], [ 101.019166666666663, 21.850833333333338 ], [ 101.0125, 21.85 ], [ 101.009166666666658, 21.854166666666671 ], [ 101.00333333333333, 21.853333333333339 ], [ 100.99, 21.855 ], [ 100.9825, 21.850833333333338 ], [ 100.979166666666657, 21.846666666666671 ] ] } },
{ "type": "Feature", "properties": { "COMID": 44013071, "id": "7111", "lengthkm": 17.583524000091103, "order": 6, "uparea": 145584.51779791273 }, "geometry": { "type": "LineString", "coordinates": [ [ 101.160833333333329, 21.814166666666672 ], [ 101.148333333333326, 21.80916666666667 ], [ 101.140833333333333, 21.808333333333337 ], [ 101.123333333333335, 21.79666666666667 ], [ 101.120833333333337, 21.7925 ], [ 101.115, 21.79 ], [ 101.100833333333327, 21.788333333333338 ], [ 101.096666666666664, 21.790833333333339 ], [ 101.0875, 21.791666666666671 ], [ 101.079166666666666, 21.7825 ], [ 101.066666666666663, 21.7825 ], [ 101.06, 21.785 ], [ 101.051666666666662, 21.795833333333334 ], [ 101.051666666666662, 21.801666666666669 ], [ 101.058333333333337, 21.8125 ], [ 101.055833333333325, 21.8225 ] ] } },
{ "type": "Feature", "properties": { "COMID": 44013070, "id": "7111", "lengthkm": 3.1355960057035661, "order": 6, "uparea": 153275.15371334093 }, "geometry": { "type": "LineString", "coordinates": [ [ 101.17916666666666, 21.801666666666669 ], [ 101.176666666666662, 21.808333333333337 ], [ 101.171666666666667, 21.814166666666672 ], [ 101.165833333333325, 21.8175 ], [ 101.160833333333329, 21.814166666666672 ] ] } },
{ "type": "Feature", "properties": { "COMID": 44013069, "id": "7111", "lengthkm": 3.3549539129528321, "order": 6, "uparea": 153346.80820815929 }, "geometry": { "type": "LineString", "coordinates": [ [ 101.16, 21.780833333333337 ], [ 101.1675, 21.785833333333336 ], [ 101.170833333333334, 21.790833333333339 ], [ 101.1775, 21.795833333333334 ], [ 101.17916666666666, 21.801666666666669 ] ] } },
{ "type": "Feature", "properties": { "COMID": 44013068, "id": "7111", "lengthkm": 4.235824807040899, "order": 6, "uparea": 153386.30508836464 }, "geometry": { "type": "LineString", "coordinates": [ [ 101.1225, 21.775 ], [ 101.1275, 21.7775 ], [ 101.134166666666658, 21.7775 ], [ 101.1525, 21.78166666666667 ], [ 101.16, 21.780833333333337 ] ] } },
{ "type": "Feature", "properties": { "COMID": 44013067, "id": "7111", "lengthkm": 12.299490541915755, "order": 6, "uparea": 155316.65545983438 }, "geometry": { "type": "LineString", "coordinates": [ [ 101.125833333333333, 21.685 ], [ 101.126666666666665, 21.688333333333336 ], [ 101.125, 21.690833333333337 ], [ 101.119166666666672, 21.689166666666672 ], [ 101.115, 21.693333333333335 ], [ 101.119166666666672, 21.7075 ], [ 101.119166666666672, 21.715833333333336 ], [ 101.115833333333327, 21.730833333333337 ], [ 101.1125, 21.7375 ], [ 101.111666666666665, 21.7475 ], [ 101.11, 21.749166666666667 ], [ 101.11, 21.756666666666668 ], [ 101.114166666666662, 21.7675 ], [ 101.1225, 21.775 ] ] } },
{ "type": "Feature", "properties": { "COMID": 44013066, "id": "7111", "lengthkm": 1.450271810598134, "order": 6, "uparea": 155346.39550630105 }, "geometry": { "type": "LineString", "coordinates": [ [ 101.134166666666658, 21.675 ], [ 101.125833333333333, 21.685 ] ] } },
{ "type": "Feature", "properties": { "COMID": 44013065, "id": "7111", "lengthkm": 3.7951170257268312, "order": 6, "uparea": 155425.84050516054 }, "geometry": { "type": "LineString", "coordinates": [ [ 101.150833333333338, 21.6575 ], [ 101.15, 21.660833333333336 ], [ 101.1525, 21.670833333333334 ], [ 101.15, 21.6725 ], [ 101.1425, 21.67166666666667 ], [ 101.134166666666658, 21.675 ] ] } },
{ "type": "Feature", "properties": { "COMID": 44013064, "id": "7111", "lengthkm": 1.3726587078184049, "order": 6, "uparea": 155463.78152888949 }, "geometry": { "type": "LineString", "coordinates": [ [ 101.156666666666666, 21.64916666666667 ], [ 101.151666666666671, 21.650833333333338 ], [ 101.150833333333338, 21.6575 ] ] } },
{ "type": "Feature", "properties": { "COMID": 44013063, "id": "7111", "lengthkm": 3.0933886625905629, "order": 6, "uparea": 155527.56706657688 }, "geometry": { "type": "LineString", "coordinates": [ [ 101.16, 21.625 ], [ 101.159166666666664, 21.631666666666668 ], [ 101.1625, 21.639166666666668 ], [ 101.16, 21.645833333333336 ], [ 101.156666666666666, 21.64916666666667 ] ] } },
{ "type": "Feature", "properties": { "COMID": 44014444, "id": "7111", "lengthkm": 9.914080579217682, "order": 6, "uparea": 155675.11947173256 }, "geometry": { "type": "LineString", "coordinates": [ [ 101.144166666666663, 21.563333333333336 ], [ 101.141666666666666, 21.565833333333337 ], [ 101.138333333333335, 21.57416666666667 ], [ 101.14, 21.575833333333335 ], [ 101.14, 21.579166666666669 ], [ 101.146666666666661, 21.588333333333338 ], [ 101.151666666666671, 21.591666666666669 ], [ 101.165833333333325, 21.591666666666669 ], [ 101.17, 21.5975 ], [ 101.17, 21.605 ], [ 101.1625, 21.615833333333335 ], [ 101.16, 21.625 ] ] } },
{ "type": "Feature", "properties": { "COMID": 44014443, "id": "7111", "lengthkm": 11.300178565541598, "order": 6, "uparea": 160300.57825743945 }, "geometry": { "type": "LineString", "coordinates": [ [ 101.1225, 21.495833333333337 ], [ 101.124166666666667, 21.4975 ], [ 101.123333333333335, 21.498333333333335 ], [ 101.131666666666661, 21.505833333333335 ], [ 101.1425, 21.51166666666667 ], [ 101.149166666666659, 21.520833333333336 ], [ 101.155, 21.523333333333337 ], [ 101.160833333333329, 21.523333333333337 ], [ 101.163333333333327, 21.526666666666671 ], [ 101.163333333333327, 21.530833333333337 ], [ 101.16, 21.533333333333339 ], [ 101.159166666666664, 21.53916666666667 ], [ 101.156666666666666, 21.5425 ], [ 101.156666666666666, 21.551666666666669 ], [ 101.155, 21.555 ], [ 101.144166666666663, 21.563333333333336 ] ] } },
{ "type": "Feature", "properties": { "COMID": 44014442, "id": "7111", "lengthkm": 5.2412530148410594, "order": 6, "uparea": 160407.11027169338 }, "geometry": { "type": "LineString", "coordinates": [ [ 101.0925, 21.4625 ], [ 101.093333333333334, 21.465833333333336 ], [ 101.101666666666659, 21.473333333333336 ], [ 101.1025, 21.47666666666667 ], [ 101.1075, 21.481666666666669 ], [ 101.115, 21.485833333333339 ], [ 101.12, 21.490833333333335 ], [ 101.1225, 21.495833333333337 ] ] } },
{ "type": "Feature", "properties": { "COMID": 44014441, "id": "7111", "lengthkm": 8.2335059215851683, "order": 6, "uparea": 160498.37766265971 }, "geometry": { "type": "LineString", "coordinates": [ [ 101.036666666666662, 21.4275 ], [ 101.04, 21.438333333333336 ], [ 101.045833333333334, 21.44166666666667 ], [ 101.05916666666667, 21.455 ], [ 101.071666666666658, 21.46 ], [ 101.085, 21.459166666666668 ], [ 101.0925, 21.4625 ] ] } },
{ "type": "Feature", "properties": { "COMID": 44014440, "id": "7111", "lengthkm": 5.9680694564777044, "order": 6, "uparea": 160632.86784845075 }, "geometry": { "type": "LineString", "coordinates": [ [ 101.0025, 21.389166666666668 ], [ 101.005833333333328, 21.3925 ], [ 101.005833333333328, 21.395833333333336 ], [ 101.009166666666658, 21.396666666666668 ], [ 101.021666666666661, 21.408333333333339 ], [ 101.036666666666662, 21.4275 ] ] } },
{ "type": "Feature", "properties": { "COMID": 44014439, "id": "7111", "lengthkm": 1.3636506502071051, "order": 6, "uparea": 160829.28591805184 }, "geometry": { "type": "LineString", "coordinates": [ [ 100.99166666666666, 21.385833333333338 ], [ 100.998333333333335, 21.385833333333338 ], [ 101.0025, 21.389166666666668 ] ] } },
{ "type": "Feature", "properties": { "COMID": 44014438, "id": "7111", "lengthkm": 0.42578956892394199, "order": 6, "uparea": 160887.83504997962 }, "geometry": { "type": "LineString", "coordinates": [ [ 100.98833333333333, 21.3875 ], [ 100.99166666666666, 21.385833333333338 ] ] } },
{ "type": "Feature", "properties": { "COMID": 44014437, "id": "7111", "lengthkm": 9.9895037723950537, "order": 6, "uparea": 160967.75692859606 }, "geometry": { "type": "LineString", "coordinates": [ [ 100.908333333333331, 21.356666666666669 ], [ 100.919166666666669, 21.356666666666669 ], [ 100.926666666666662, 21.365 ], [ 100.935833333333335, 21.369166666666672 ], [ 100.946666666666658, 21.378333333333337 ], [ 100.955833333333331, 21.3825 ], [ 100.964166666666671, 21.383333333333336 ], [ 100.973333333333329, 21.388333333333335 ], [ 100.98833333333333, 21.3875 ] ] } },
{ "type": "Feature", "properties": { "COMID": 44014436, "id": "7111", "lengthkm": 5.9548929105019104, "order": 6, "uparea": 161161.99397714311 }, "geometry": { "type": "LineString", "coordinates": [ [ 100.875, 21.328333333333337 ], [ 100.87833333333333, 21.333333333333336 ], [ 100.883333333333326, 21.3475 ], [ 100.890833333333333, 21.35166666666667 ], [ 100.9025, 21.349166666666669 ], [ 100.905, 21.355 ], [ 100.908333333333331, 21.356666666666669 ] ] } },
{ "type": "Feature", "properties": { "COMID": 44014435, "id": "7111", "lengthkm": 2.8964467404396039, "order": 6, "uparea": 161342.58074678635 }, "geometry": { "type": "LineString", "coordinates": [ [ 100.855833333333337, 21.311666666666671 ], [ 100.86666666666666, 21.321666666666673 ], [ 100.8725, 21.32416666666667 ], [ 100.875, 21.328333333333337 ] ] } },
{ "type": "Feature", "properties": { "COMID": 44014434, "id": "7111", "lengthkm": 2.257025171626954, "order": 6, "uparea": 161374.54756709767 }, "geometry": { "type": "LineString", "coordinates": [ [ 100.84, 21.305 ], [ 100.8425, 21.305833333333339 ], [ 100.844166666666666, 21.304166666666671 ], [ 100.848333333333329, 21.304166666666671 ], [ 100.855833333333337, 21.311666666666671 ] ] } },
{ "type": "Feature", "properties": { "COMID": 44014433, "id": "7111", "lengthkm": 4.2951384048458694, "order": 6, "uparea": 161423.18107253243 }, "geometry": { "type": "LineString", "coordinates": [ [ 100.805, 21.293333333333337 ], [ 100.810833333333335, 21.293333333333337 ], [ 100.8225, 21.2975 ], [ 100.829166666666666, 21.2975 ], [ 100.8325, 21.3025 ], [ 100.84, 21.305 ] ] } },
{ "type": "Feature", "properties": { "COMID": 44014432, "id": "7111", "lengthkm": 9.5898202683168776, "order": 6, "uparea": 161523.88235748807 }, "geometry": { "type": "LineString", "coordinates": [ [ 100.725, 21.3125 ], [ 100.725833333333327, 21.314166666666672 ], [ 100.730833333333337, 21.315833333333337 ], [ 100.736666666666665, 21.315 ], [ 100.7525, 21.308333333333337 ], [ 100.76, 21.308333333333337 ], [ 100.780833333333334, 21.2975 ], [ 100.7975, 21.29666666666667 ], [ 100.805, 21.293333333333337 ] ] } },
{ "type": "Feature", "properties": { "COMID": 44014431, "id": "7111", "lengthkm": 4.2656700501004954, "order": 6, "uparea": 176716.77306458406 }, "geometry": { "type": "LineString", "coordinates": [ [ 100.7175, 21.2775 ], [ 100.7175, 21.28916666666667 ], [ 100.7225, 21.305 ], [ 100.7225, 21.31 ], [ 100.725, 21.3125 ] ] } },
{ "type": "Feature", "properties": { "COMID": 44014430, "id": "7111", "lengthkm": 8.769876811304556, "order": 6, "uparea": 176805.83011883878 }, "geometry": { "type": "LineString", "coordinates": [ [ 100.7, 21.2075 ], [ 100.7, 21.2225 ], [ 100.705833333333331, 21.23416666666667 ], [ 100.705833333333331, 21.239166666666669 ], [ 100.71, 21.2475 ], [ 100.710833333333326, 21.256666666666668 ], [ 100.718333333333334, 21.268333333333338 ], [ 100.7175, 21.2775 ] ] } },
{ "type": "Feature", "properties": { "COMID": 44014429, "id": "7111", "lengthkm": 2.0725989155155982, "order": 6, "uparea": 176956.59193856898 }, "geometry": { "type": "LineString", "coordinates": [ [ 100.69916666666667, 21.189166666666672 ], [ 100.7, 21.2075 ] ] } },
{ "type": "Feature", "properties": { "COMID": 44014428, "id": "7111", "lengthkm": 5.6470040532723429, "order": 6, "uparea": 177086.3933042321 }, "geometry": { "type": "LineString", "coordinates": [ [ 100.680833333333325, 21.14916666666667 ], [ 100.6825, 21.154166666666669 ], [ 100.681666666666672, 21.16 ], [ 100.685833333333335, 21.168333333333337 ], [ 100.694166666666661, 21.17166666666667 ], [ 100.6975, 21.175 ], [ 100.7, 21.18416666666667 ], [ 100.69916666666667, 21.189166666666672 ] ] } },
{ "type": "Feature", "properties": { "COMID": 44014427, "id": "7111", "lengthkm": 0.90205609964101297, "order": 6, "uparea": 177120.67328567253 }, "geometry": { "type": "LineString", "coordinates": [ [ 100.67916666666666, 21.141666666666669 ], [ 100.680833333333325, 21.14916666666667 ] ] } },
{ "type": "Feature", "properties": { "COMID": 44014426, "id": "7111", "lengthkm": 10.841883279532087, "order": 6, "uparea": 177533.77560462113 }, "geometry": { "type": "LineString", "coordinates": [ [ 100.64, 21.065833333333337 ], [ 100.643333333333331, 21.076666666666668 ], [ 100.641666666666666, 21.09416666666667 ], [ 100.645, 21.104166666666671 ], [ 100.651666666666671, 21.110833333333339 ], [ 100.654166666666669, 21.11 ], [ 100.666666666666657, 21.119166666666672 ], [ 100.67, 21.126666666666672 ], [ 100.674166666666665, 21.12916666666667 ], [ 100.67916666666666, 21.141666666666669 ] ] } },
{ "type": "Feature", "properties": { "COMID": 44014425, "id": "7111", "lengthkm": 6.7402254216131734, "order": 6, "uparea": 177662.69892951896 }, "geometry": { "type": "LineString", "coordinates": [ [ 100.596666666666664, 21.029166666666669 ], [ 100.6, 21.03166666666667 ], [ 100.6125, 21.05 ], [ 100.626666666666665, 21.05916666666667 ], [ 100.63666666666667, 21.060833333333335 ], [ 100.64, 21.065833333333337 ] ] } },
{ "type": "Feature", "properties": { "COMID": 44014424, "id": "7111", "lengthkm": 6.3590560434169339, "order": 6, "uparea": 177838.46094486339 }, "geometry": { "type": "LineString", "coordinates": [ [ 100.545833333333334, 21.020833333333336 ], [ 100.545, 21.0225 ], [ 100.546666666666667, 21.025 ], [ 100.55916666666667, 21.028333333333336 ], [ 100.569166666666661, 21.028333333333336 ], [ 100.573333333333323, 21.030833333333337 ], [ 100.585, 21.0275 ], [ 100.594166666666666, 21.03 ], [ 100.596666666666664, 21.029166666666669 ] ] } },
{ "type": "Feature", "properties": { "COMID": 44016020, "id": "7111", "lengthkm": 9.53428025506423, "order": 6, "uparea": 179546.24009064407 }, "geometry": { "type": "LineString", "coordinates": [ [ 100.5225, 20.9525 ], [ 100.525, 20.963333333333338 ], [ 100.531666666666666, 20.973333333333336 ], [ 100.5425, 20.981666666666669 ], [ 100.546666666666667, 20.9825 ], [ 100.55083333333333, 20.988333333333337 ], [ 100.5525, 21.006666666666668 ], [ 100.55, 21.015 ], [ 100.545833333333334, 21.020833333333336 ] ] } },
{ "type": "Feature", "properties": { "COMID": 44016019, "id": "7111", "lengthkm": 11.989350048594305, "order": 6, "uparea": 179644.65027146364 }, "geometry": { "type": "LineString", "coordinates": [ [ 100.540833333333325, 20.870833333333337 ], [ 100.521666666666661, 20.875 ], [ 100.510833333333323, 20.885 ], [ 100.509166666666658, 20.888333333333335 ], [ 100.509166666666658, 20.8975 ], [ 100.515833333333333, 20.9075 ], [ 100.515833333333333, 20.915 ], [ 100.520833333333329, 20.931666666666672 ], [ 100.520833333333329, 20.9475 ], [ 100.5225, 20.9525 ] ] } },
{ "type": "Feature", "properties": { "COMID": 44016018, "id": "7111", "lengthkm": 11.577747577743395, "order": 6, "uparea": 179796.82552639922 }, "geometry": { "type": "LineString", "coordinates": [ [ 100.63666666666667, 20.898333333333337 ], [ 100.620833333333337, 20.895 ], [ 100.614166666666662, 20.891666666666673 ], [ 100.601666666666659, 20.890833333333337 ], [ 100.588333333333338, 20.885833333333338 ], [ 100.584166666666661, 20.885833333333338 ], [ 100.575833333333335, 20.88 ], [ 100.564166666666665, 20.87916666666667 ], [ 100.556666666666672, 20.870833333333337 ], [ 100.555, 20.8725 ], [ 100.548333333333332, 20.8725 ], [ 100.545, 20.87 ], [ 100.540833333333325, 20.870833333333337 ] ] } },
{ "type": "Feature", "properties": { "COMID": 44016017, "id": "7111", "lengthkm": 0.73277533062477795, "order": 6, "uparea": 180858.37006160681 }, "geometry": { "type": "LineString", "coordinates": [ [ 100.643333333333331, 20.8975 ], [ 100.63666666666667, 20.898333333333337 ] ] } },
{ "type": "Feature", "properties": { "COMID": 44016016, "id": "7111", "lengthkm": 7.9284198614478658, "order": 6, "uparea": 180935.35938185485 }, "geometry": { "type": "LineString", "coordinates": [ [ 100.61333333333333, 20.845 ], [ 100.6225, 20.853333333333339 ], [ 100.635, 20.870833333333337 ], [ 100.639166666666668, 20.875 ], [ 100.643333333333331, 20.875833333333336 ], [ 100.648333333333326, 20.880833333333335 ], [ 100.649166666666659, 20.891666666666673 ], [ 100.643333333333331, 20.8975 ] ] } },
{ "type": "Feature", "properties": { "COMID": 44016015, "id": "7111", "lengthkm": 14.340403306384001, "order": 6, "uparea": 183859.88166332606 }, "geometry": { "type": "LineString", "coordinates": [ [ 100.494166666666672, 20.815 ], [ 100.506666666666661, 20.8175 ], [ 100.519166666666663, 20.815833333333337 ], [ 100.5425, 20.82416666666667 ], [ 100.556666666666672, 20.82416666666667 ], [ 100.5625, 20.8225 ], [ 100.570833333333326, 20.823333333333338 ], [ 100.584166666666661, 20.831666666666671 ], [ 100.6025, 20.8375 ], [ 100.61333333333333, 20.845 ] ] } },
{ "type": "Feature", "properties": { "COMID": 44016014, "id": "7111", "lengthkm": 2.700570539081109, "order": 6, "uparea": 183896.07350609513 }, "geometry": { "type": "LineString", "coordinates": [ [ 100.471666666666664, 20.820833333333336 ], [ 100.4825, 20.82 ], [ 100.494166666666672, 20.815 ] ] } },
{ "type": "Feature", "properties": { "COMID": 44016013, "id": "7111", "lengthkm": 6.8268800881792018, "order": 6, "uparea": 183979.21493509199 }, "geometry": { "type": "LineString", "coordinates": [ [ 100.413333333333327, 20.831666666666671 ], [ 100.425, 20.831666666666671 ], [ 100.436666666666667, 20.82416666666667 ], [ 100.4525, 20.825833333333335 ], [ 100.46, 20.825 ], [ 100.465833333333336, 20.821666666666673 ], [ 100.471666666666664, 20.820833333333336 ] ] } },
{ "type": "Feature", "properties": { "COMID": 44016012, "id": "7111", "lengthkm": 3.526213077304365, "order": 6, "uparea": 184081.67948737441 }, "geometry": { "type": "LineString", "coordinates": [ [ 100.3825, 20.83 ], [ 100.396666666666661, 20.833333333333336 ], [ 100.406666666666666, 20.830833333333338 ], [ 100.413333333333327, 20.831666666666671 ] ] } },
{ "type": "Feature", "properties": { "COMID": 44016011, "id": "7111", "lengthkm": 4.3296719802507431, "order": 6, "uparea": 184127.77343573704 }, "geometry": { "type": "LineString", "coordinates": [ [ 100.3575, 20.8175 ], [ 100.358333333333334, 20.82 ], [ 100.355833333333337, 20.8225 ], [ 100.355833333333337, 20.826666666666668 ], [ 100.358333333333334, 20.829166666666673 ], [ 100.365, 20.830833333333338 ], [ 100.380833333333328, 20.828333333333337 ], [ 100.3825, 20.83 ] ] } },
{ "type": "Feature", "properties": { "COMID": 44016010, "id": "7111", "lengthkm": 16.688502862184947, "order": 6, "uparea": 184463.19427693391 }, "geometry": { "type": "LineString", "coordinates": [ [ 100.2475, 20.739166666666669 ], [ 100.254166666666663, 20.75 ], [ 100.268333333333331, 20.756666666666668 ], [ 100.271666666666661, 20.760833333333338 ], [ 100.275833333333338, 20.7625 ], [ 100.276666666666671, 20.766666666666673 ], [ 100.279166666666669, 20.769166666666671 ], [ 100.29, 20.776666666666671 ], [ 100.306666666666672, 20.783333333333339 ], [ 100.316666666666663, 20.7825 ], [ 100.3275, 20.784166666666671 ], [ 100.331666666666663, 20.786666666666669 ], [ 100.338333333333338, 20.795 ], [ 100.344166666666666, 20.795833333333334 ], [ 100.346666666666664, 20.798333333333339 ], [ 100.348333333333329, 20.803333333333335 ], [ 100.355, 20.81 ], [ 100.3575, 20.8175 ] ] } },
{ "type": "Feature", "properties": { "COMID": 44016009, "id": "7111", "lengthkm": 3.8048140898873539, "order": 6, "uparea": 187079.0960726382 }, "geometry": { "type": "LineString", "coordinates": [ [ 100.226666666666659, 20.715 ], [ 100.23, 20.715833333333336 ], [ 100.239166666666662, 20.723333333333336 ], [ 100.240833333333327, 20.73 ], [ 100.2475, 20.739166666666669 ] ] } },
{ "type": "Feature", "properties": { "COMID": 44016008, "id": "7111", "lengthkm": 8.4722991563297061, "order": 6, "uparea": 187252.74801265926 }, "geometry": { "type": "LineString", "coordinates": [ [ 100.186666666666667, 20.6575 ], [ 100.193333333333328, 20.665833333333339 ], [ 100.205, 20.675833333333337 ], [ 100.205833333333331, 20.689166666666672 ], [ 100.215833333333336, 20.704166666666673 ], [ 100.221666666666664, 20.708333333333336 ], [ 100.223333333333329, 20.714166666666671 ], [ 100.226666666666659, 20.715 ] ] } },
{ "type": "Feature", "properties": { "COMID": 44016007, "id": "7111", "lengthkm": 10.991026641014173, "order": 6, "uparea": 187355.81237780792 }, "geometry": { "type": "LineString", "coordinates": [ [ 100.156666666666666, 20.570833333333336 ], [ 100.156666666666666, 20.573333333333338 ], [ 100.1625, 20.5825 ], [ 100.1675, 20.604166666666671 ], [ 100.168333333333337, 20.6175 ], [ 100.173333333333332, 20.624166666666671 ], [ 100.1725, 20.6275 ], [ 100.17583333333333, 20.6375 ], [ 100.180833333333325, 20.6475 ], [ 100.185, 20.650833333333338 ], [ 100.185, 20.655 ], [ 100.186666666666667, 20.6575 ] ] } },
{ "type": "Feature", "properties": { "COMID": 44016006, "id": "7111", "lengthkm": 0.219598441106062, "order": 6, "uparea": 187383.38187467441 }, "geometry": { "type": "LineString", "coordinates": [ [ 100.155833333333334, 20.569166666666668 ], [ 100.156666666666666, 20.570833333333336 ] ] } },
{ "type": "Feature", "properties": { "COMID": 44016005, "id": "7111", "lengthkm": 3.8639773758001241, "order": 6, "uparea": 187422.54062451387 }, "geometry": { "type": "LineString", "coordinates": [ [ 100.1475, 20.5375 ], [ 100.1525, 20.550833333333337 ], [ 100.154166666666669, 20.56666666666667 ], [ 100.155833333333334, 20.569166666666668 ] ] } },
{ "type": "Feature", "properties": { "COMID": 44017803, "id": "7111", "lengthkm": 23.329437386646205, "order": 6, "uparea": 187636.56499631933 }, "geometry": { "type": "LineString", "coordinates": [ [ 100.085, 20.36 ], [ 100.09, 20.37 ], [ 100.094166666666666, 20.374166666666671 ], [ 100.0975, 20.374166666666671 ], [ 100.104166666666657, 20.380833333333335 ], [ 100.124166666666667, 20.4075 ], [ 100.124166666666667, 20.415833333333339 ], [ 100.119166666666672, 20.426666666666669 ], [ 100.119166666666672, 20.44 ], [ 100.13, 20.464166666666671 ], [ 100.135, 20.46916666666667 ], [ 100.135, 20.493333333333339 ], [ 100.138333333333335, 20.499166666666671 ], [ 100.138333333333335, 20.505833333333335 ], [ 100.14, 20.508333333333336 ], [ 100.138333333333335, 20.518333333333338 ], [ 100.143333333333331, 20.525833333333338 ], [ 100.144166666666663, 20.53166666666667 ], [ 100.1475, 20.5375 ] ] } },
{ "type": "Feature", "properties": { "COMID": 44017802, "id": "7111", "lengthkm": 5.5192398620378009, "order": 6, "uparea": 190463.86013747801 }, "geometry": { "type": "LineString", "coordinates": [ [ 100.0975, 20.315 ], [ 100.095, 20.325833333333335 ], [ 100.090833333333336, 20.334166666666668 ], [ 100.090833333333336, 20.338333333333338 ], [ 100.085, 20.348333333333336 ], [ 100.085, 20.36 ] ] } },
{ "type": "Feature", "properties": { "COMID": 44017801, "id": "7111", "lengthkm": 2.8695599266912488, "order": 6, "uparea": 190495.14573099534 }, "geometry": { "type": "LineString", "coordinates": [ [ 100.094166666666666, 20.291666666666671 ], [ 100.095833333333331, 20.299166666666672 ], [ 100.098333333333329, 20.3025 ], [ 100.099166666666662, 20.311666666666671 ], [ 100.0975, 20.315 ] ] } },
{ "type": "Feature", "properties": { "COMID": 44017800, "id": "7111", "lengthkm": 5.1929204357640426, "order": 6, "uparea": 190539.72419946981 }, "geometry": { "type": "LineString", "coordinates": [ [ 100.105833333333337, 20.253333333333337 ], [ 100.091666666666669, 20.268333333333338 ], [ 100.09, 20.275833333333338 ], [ 100.090833333333336, 20.283333333333339 ], [ 100.093333333333334, 20.285833333333336 ], [ 100.094166666666666, 20.291666666666671 ] ] } },
{ "type": "Feature", "properties": { "COMID": 44017799, "id": "7111", "lengthkm": 3.8920324631004402, "order": 6, "uparea": 191708.56878044785 }, "geometry": { "type": "LineString", "coordinates": [ [ 100.140833333333333, 20.248333333333335 ], [ 100.1125, 20.25 ], [ 100.105833333333337, 20.253333333333337 ] ] } },
{ "type": "Feature", "properties": { "COMID": 44017798, "id": "7111", "lengthkm": 1.1167968776578201, "order": 6, "uparea": 202255.82942866368 }, "geometry": { "type": "LineString", "coordinates": [ [ 100.15, 20.245 ], [ 100.144166666666663, 20.248333333333335 ], [ 100.140833333333333, 20.248333333333335 ] ] } },
{ "type": "Feature", "properties": { "COMID": 44017797, "id": "7111", "lengthkm": 3.6589613368740541, "order": 6, "uparea": 202589.24156499407 }, "geometry": { "type": "LineString", "coordinates": [ [ 100.176666666666662, 20.255 ], [ 100.175, 20.248333333333335 ], [ 100.17, 20.245 ], [ 100.15, 20.245 ] ] } },
{ "type": "Feature", "properties": { "COMID": 44017796, "id": "7111", "lengthkm": 5.4269220728172991, "order": 6, "uparea": 202633.14836696841 }, "geometry": { "type": "LineString", "coordinates": [ [ 100.1675, 20.299166666666672 ], [ 100.166666666666657, 20.294166666666669 ], [ 100.169166666666669, 20.284166666666671 ], [ 100.168333333333337, 20.27416666666667 ], [ 100.175, 20.264166666666668 ], [ 100.176666666666662, 20.255 ] ] } },
{ "type": "Feature", "properties": { "COMID": 44017795, "id": "7111", "lengthkm": 2.7468555401760471, "order": 6, "uparea": 202678.89306796039 }, "geometry": { "type": "LineString", "coordinates": [ [ 100.188333333333333, 20.31 ], [ 100.18, 20.308333333333337 ], [ 100.1675, 20.299166666666672 ] ] } },
{ "type": "Feature", "properties": { "COMID": 44017794, "id": "7111", "lengthkm": 1.550956365911065, "order": 6, "uparea": 202717.62568780294 }, "geometry": { "type": "LineString", "coordinates": [ [ 100.201666666666668, 20.311666666666671 ], [ 100.195833333333326, 20.311666666666671 ], [ 100.191666666666663, 20.30916666666667 ], [ 100.188333333333333, 20.31 ] ] } },
{ "type": "Feature", "properties": { "COMID": 44017793, "id": "7111", "lengthkm": 2.1124729889362999, "order": 6, "uparea": 202745.59734685413 }, "geometry": { "type": "LineString", "coordinates": [ [ 100.22, 20.315833333333337 ], [ 100.211666666666659, 20.3125 ], [ 100.201666666666668, 20.311666666666671 ] ] } },
{ "type": "Feature", "properties": { "COMID": 44017792, "id": "7111", "lengthkm": 11.661540784639802, "order": 6, "uparea": 202885.38945896519 }, "geometry": { "type": "LineString", "coordinates": [ [ 100.2625, 20.396666666666668 ], [ 100.256666666666661, 20.3925 ], [ 100.255, 20.38666666666667 ], [ 100.249166666666667, 20.380833333333335 ], [ 100.249166666666667, 20.374166666666671 ], [ 100.24666666666667, 20.369166666666672 ], [ 100.243333333333325, 20.365833333333335 ], [ 100.230833333333337, 20.360833333333339 ], [ 100.226666666666659, 20.356666666666669 ], [ 100.224166666666662, 20.3475 ], [ 100.228333333333325, 20.3375 ], [ 100.228333333333325, 20.33 ], [ 100.225833333333327, 20.323333333333338 ], [ 100.22, 20.315833333333337 ] ] } },
{ "type": "Feature", "properties": { "COMID": 44017791, "id": "7111", "lengthkm": 0.25400502704267303, "order": 6, "uparea": 203258.70272994359 }, "geometry": { "type": "LineString", "coordinates": [ [ 100.264166666666668, 20.398333333333337 ], [ 100.2625, 20.396666666666668 ] ] } },
{ "type": "Feature", "properties": { "COMID": 44017790, "id": "7111", "lengthkm": 4.3499648257135366, "order": 6, "uparea": 203320.52593016039 }, "geometry": { "type": "LineString", "coordinates": [ [ 100.301666666666662, 20.3975 ], [ 100.2975, 20.39916666666667 ], [ 100.28, 20.39916666666667 ], [ 100.275833333333338, 20.400833333333338 ], [ 100.27, 20.400833333333338 ], [ 100.264166666666668, 20.398333333333337 ] ] } },
{ "type": "Feature", "properties": { "COMID": 44017789, "id": "7111", "lengthkm": 3.0938836634952702, "order": 6, "uparea": 203358.80229692199 }, "geometry": { "type": "LineString", "coordinates": [ [ 100.3275, 20.39916666666667 ], [ 100.320833333333326, 20.398333333333337 ], [ 100.313333333333333, 20.401666666666671 ], [ 100.30916666666667, 20.401666666666671 ], [ 100.301666666666662, 20.3975 ] ] } },
{ "type": "Feature", "properties": { "COMID": 44017788, "id": "7111", "lengthkm": 5.3332131344434837, "order": 6, "uparea": 203544.66280361306 }, "geometry": { "type": "LineString", "coordinates": [ [ 100.36, 20.3675 ], [ 100.358333333333334, 20.373333333333335 ], [ 100.354166666666657, 20.37916666666667 ], [ 100.344166666666666, 20.385833333333338 ], [ 100.3325, 20.398333333333337 ], [ 100.3275, 20.39916666666667 ] ] } },
{ "type": "Feature", "properties": { "COMID": 44017787, "id": "7111", "lengthkm": 14.874936270367195, "order": 6, "uparea": 205157.64274279895 }, "geometry": { "type": "LineString", "coordinates": [ [ 100.410833333333329, 20.26166666666667 ], [ 100.408333333333331, 20.2675 ], [ 100.408333333333331, 20.276666666666671 ], [ 100.405, 20.284166666666671 ], [ 100.395, 20.294166666666669 ], [ 100.391666666666666, 20.303333333333335 ], [ 100.3825, 20.313333333333336 ], [ 100.383333333333326, 20.315833333333337 ], [ 100.380833333333328, 20.320833333333336 ], [ 100.381666666666661, 20.32416666666667 ], [ 100.376666666666665, 20.33666666666667 ], [ 100.376666666666665, 20.348333333333336 ], [ 100.374166666666667, 20.3525 ], [ 100.369166666666672, 20.355833333333337 ], [ 100.359166666666667, 20.356666666666669 ], [ 100.358333333333334, 20.365 ], [ 100.36, 20.3675 ] ] } },
{ "type": "Feature", "properties": { "COMID": 44017786, "id": "7111", "lengthkm": 5.8868239276430794, "order": 6, "uparea": 205224.22062485415 }, "geometry": { "type": "LineString", "coordinates": [ [ 100.451666666666668, 20.233333333333338 ], [ 100.438333333333333, 20.24 ], [ 100.430833333333325, 20.24666666666667 ], [ 100.424166666666665, 20.249166666666671 ], [ 100.4125, 20.26166666666667 ], [ 100.410833333333329, 20.26166666666667 ] ] } },
{ "type": "Feature", "properties": { "COMID": 44017785, "id": "7111", "lengthkm": 3.4363395759570712, "order": 6, "uparea": 205350.14568466399 }, "geometry": { "type": "LineString", "coordinates": [ [ 100.4525, 20.205833333333338 ], [ 100.456666666666663, 20.224166666666669 ], [ 100.451666666666668, 20.233333333333338 ] ] } },
{ "type": "Feature", "properties": { "COMID": 44017784, "id": "7111", "lengthkm": 11.672134456970806, "order": 6, "uparea": 212678.75309403703 }, "geometry": { "type": "LineString", "coordinates": [ [ 100.5225, 20.143333333333338 ], [ 100.515, 20.145 ], [ 100.505, 20.153333333333336 ], [ 100.504166666666663, 20.1575 ], [ 100.499166666666667, 20.1625 ], [ 100.498333333333335, 20.168333333333337 ], [ 100.495833333333337, 20.17166666666667 ], [ 100.4925, 20.173333333333339 ], [ 100.485833333333332, 20.181666666666672 ], [ 100.4825, 20.1825 ], [ 100.4775, 20.19 ], [ 100.465833333333336, 20.1975 ], [ 100.455833333333331, 20.1975 ], [ 100.453333333333333, 20.200833333333335 ], [ 100.4525, 20.205833333333338 ] ] } },
{ "type": "Feature", "properties": { "COMID": 44017783, "id": "7111", "lengthkm": 5.6913550184646748, "order": 6, "uparea": 213153.79577422873 }, "geometry": { "type": "LineString", "coordinates": [ [ 100.553333333333327, 20.176666666666669 ], [ 100.55, 20.175833333333337 ], [ 100.549166666666665, 20.1725 ], [ 100.543333333333337, 20.165833333333339 ], [ 100.540833333333325, 20.159166666666671 ], [ 100.535833333333329, 20.155833333333337 ], [ 100.531666666666666, 20.146666666666668 ], [ 100.529166666666669, 20.144166666666671 ], [ 100.5225, 20.143333333333338 ] ] } },
{ "type": "Feature", "properties": { "COMID": 44017782, "id": "7111", "lengthkm": 10.235178398071399, "order": 6, "uparea": 213427.56804240245 }, "geometry": { "type": "LineString", "coordinates": [ [ 100.5925, 20.110833333333339 ], [ 100.589166666666671, 20.1225 ], [ 100.590833333333336, 20.139166666666668 ], [ 100.585833333333326, 20.16 ], [ 100.57, 20.174166666666672 ], [ 100.565, 20.176666666666669 ], [ 100.56, 20.176666666666669 ], [ 100.558333333333337, 20.175 ], [ 100.553333333333327, 20.176666666666669 ] ] } },
{ "type": "Feature", "properties": { "COMID": 44017781, "id": "7111", "lengthkm": 12.584641609815097, "order": 6, "uparea": 222409.15495176267 }, "geometry": { "type": "LineString", "coordinates": [ [ 100.583333333333329, 20.00416666666667 ], [ 100.585, 20.008333333333336 ], [ 100.585, 20.049166666666672 ], [ 100.588333333333338, 20.056666666666672 ], [ 100.594166666666666, 20.085833333333337 ], [ 100.591666666666669, 20.096666666666671 ], [ 100.5925, 20.110833333333339 ] ] } },
{ "type": "Feature", "properties": { "COMID": 44017780, "id": "7111", "lengthkm": 9.5748866060466451, "order": 6, "uparea": 222538.09144690871 }, "geometry": { "type": "LineString", "coordinates": [ [ 100.5775, 19.923333333333339 ], [ 100.581666666666663, 19.93416666666667 ], [ 100.581666666666663, 19.958333333333336 ], [ 100.578333333333333, 19.964166666666671 ], [ 100.578333333333333, 19.97666666666667 ], [ 100.581666666666663, 19.98416666666667 ], [ 100.583333333333329, 20.00416666666667 ] ] } },
{ "type": "Feature", "properties": { "COMID": 44017779, "id": "7111", "lengthkm": 5.3018628200109426, "order": 6, "uparea": 222624.85837265415 }, "geometry": { "type": "LineString", "coordinates": [ [ 100.580833333333331, 19.88 ], [ 100.579166666666666, 19.8825 ], [ 100.581666666666663, 19.8875 ], [ 100.581666666666663, 19.895833333333336 ], [ 100.578333333333333, 19.904166666666669 ], [ 100.575833333333335, 19.9175 ], [ 100.5775, 19.923333333333339 ] ] } },
{ "type": "Feature", "properties": { "COMID": 44017778, "id": "7111", "lengthkm": 0.56692721203971996, "order": 6, "uparea": 222657.72204636387 }, "geometry": { "type": "LineString", "coordinates": [ [ 100.583333333333329, 19.87583333333334 ], [ 100.580833333333331, 19.88 ] ] } },
{ "type": "Feature", "properties": { "COMID": 44019600, "id": "7111", "lengthkm": 7.5118078187201229, "order": 6, "uparea": 222749.44422435484 }, "geometry": { "type": "LineString", "coordinates": [ [ 100.585, 19.819166666666671 ], [ 100.578333333333333, 19.8275 ], [ 100.575833333333335, 19.840833333333336 ], [ 100.5775, 19.85 ], [ 100.588333333333338, 19.8675 ], [ 100.588333333333338, 19.8725 ], [ 100.583333333333329, 19.87583333333334 ] ] } },
{ "type": "Feature", "properties": { "COMID": 44019599, "id": "7111", "lengthkm": 3.7461950293692818, "order": 6, "uparea": 222850.66343399399 }, "geometry": { "type": "LineString", "coordinates": [ [ 100.615833333333327, 19.81 ], [ 100.606666666666669, 19.80916666666667 ], [ 100.601666666666659, 19.811666666666671 ], [ 100.5975, 19.811666666666671 ], [ 100.585, 19.819166666666671 ] ] } },
{ "type": "Feature", "properties": { "COMID": 44019598, "id": "7111", "lengthkm": 10.12464166594398, "order": 6, "uparea": 223617.4608575397 }, "geometry": { "type": "LineString", "coordinates": [ [ 100.698333333333323, 19.83 ], [ 100.694166666666661, 19.83 ], [ 100.685833333333335, 19.821666666666673 ], [ 100.67583333333333, 19.81666666666667 ], [ 100.658333333333331, 19.815833333333337 ], [ 100.65, 19.82 ], [ 100.645, 19.82 ], [ 100.635833333333323, 19.815 ], [ 100.623333333333335, 19.81333333333334 ], [ 100.615833333333327, 19.81 ] ] } },
{ "type": "Feature", "properties": { "COMID": 44017777, "id": "7111", "lengthkm": 1.755114384956308, "order": 6, "uparea": 223656.3168634366 }, "geometry": { "type": "LineString", "coordinates": [ [ 100.711666666666659, 19.8375 ], [ 100.698333333333323, 19.83 ] ] } },
{ "type": "Feature", "properties": { "COMID": 44017776, "id": "7111", "lengthkm": 4.5716508705934711, "order": 6, "uparea": 223753.6518615573 }, "geometry": { "type": "LineString", "coordinates": [ [ 100.7425, 19.863333333333337 ], [ 100.7375, 19.8625 ], [ 100.731666666666669, 19.858333333333338 ], [ 100.711666666666659, 19.8375 ] ] } },
{ "type": "Feature", "properties": { "COMID": 44017775, "id": "7111", "lengthkm": 4.031060638527669, "order": 6, "uparea": 223893.08679426659 }, "geometry": { "type": "LineString", "coordinates": [ [ 100.7725, 19.880833333333335 ], [ 100.7525, 19.866666666666671 ], [ 100.7425, 19.863333333333337 ] ] } },
{ "type": "Feature", "properties": { "COMID": 44017774, "id": "7111", "lengthkm": 6.7047426736355584, "order": 6, "uparea": 224035.23740806009 }, "geometry": { "type": "LineString", "coordinates": [ [ 100.819166666666661, 19.901666666666671 ], [ 100.815, 19.90666666666667 ], [ 100.8125, 19.9075 ], [ 100.801666666666662, 19.905 ], [ 100.795833333333334, 19.901666666666671 ], [ 100.7875, 19.891666666666673 ], [ 100.7725, 19.880833333333335 ] ] } },
{ "type": "Feature", "properties": { "COMID": 44017773, "id": "7111", "lengthkm": 3.4207598300001751, "order": 6, "uparea": 224122.90730853894 }, "geometry": { "type": "LineString", "coordinates": [ [ 100.843333333333334, 19.884166666666673 ], [ 100.833333333333329, 19.89 ], [ 100.8275, 19.896666666666668 ], [ 100.819166666666661, 19.901666666666671 ] ] } },
{ "type": "Feature", "properties": { "COMID": 44017772, "id": "7111", "lengthkm": 15.396590957003445, "order": 6, "uparea": 224494.28383643093 }, "geometry": { "type": "LineString", "coordinates": [ [ 100.973333333333329, 19.86 ], [ 100.965, 19.860833333333339 ], [ 100.953333333333333, 19.866666666666671 ], [ 100.939166666666665, 19.8775 ], [ 100.915, 19.883333333333336 ], [ 100.888333333333335, 19.885833333333338 ], [ 100.881666666666661, 19.888333333333335 ], [ 100.87, 19.888333333333335 ], [ 100.854166666666657, 19.884166666666673 ], [ 100.8525, 19.8825 ], [ 100.845833333333331, 19.8825 ], [ 100.843333333333334, 19.884166666666673 ] ] } },
{ "type": "Feature", "properties": { "COMID": 44017771, "id": "7111", "lengthkm": 14.18078300562582, "order": 6, "uparea": 224618.54736733239 }, "geometry": { "type": "LineString", "coordinates": [ [ 101.0675, 19.845 ], [ 101.063333333333333, 19.840833333333336 ], [ 101.058333333333337, 19.839166666666671 ], [ 101.05083333333333, 19.84 ], [ 101.046666666666667, 19.8425 ], [ 101.040833333333325, 19.839166666666671 ], [ 101.0375, 19.839166666666671 ], [ 101.034166666666664, 19.8475 ], [ 101.028333333333336, 19.850833333333338 ], [ 101.0225, 19.850833333333338 ], [ 101.0175, 19.848333333333336 ], [ 101.015833333333333, 19.84 ], [ 101.014166666666668, 19.838333333333338 ], [ 101.0075, 19.8375 ], [ 100.9975, 19.839166666666671 ], [ 100.9925, 19.843333333333337 ], [ 100.9925, 19.8525 ], [ 100.9875, 19.858333333333338 ], [ 100.983333333333334, 19.86 ], [ 100.973333333333329, 19.86 ] ] } },
{ "type": "Feature", "properties": { "COMID": 44017770, "id": "7111", "lengthkm": 6.5407772175123524, "order": 6, "uparea": 224666.15581329027 }, "geometry": { "type": "LineString", "coordinates": [ [ 101.109166666666667, 19.881666666666671 ], [ 101.101666666666659, 19.874166666666671 ], [ 101.096666666666664, 19.8725 ], [ 101.083333333333329, 19.863333333333337 ], [ 101.079166666666666, 19.85916666666667 ], [ 101.0775, 19.853333333333339 ], [ 101.0675, 19.845 ] ] } },
{ "type": "Feature", "properties": { "COMID": 44017769, "id": "7111", "lengthkm": 3.4363244140824958, "order": 6, "uparea": 224773.09730039578 }, "geometry": { "type": "LineString", "coordinates": [ [ 101.13666666666667, 19.89 ], [ 101.13, 19.891666666666673 ], [ 101.1175, 19.888333333333335 ], [ 101.109166666666667, 19.881666666666671 ] ] } },
{ "type": "Feature", "properties": { "COMID": 44019597, "id": "7111", "lengthkm": 12.452141405564024, "order": 6, "uparea": 226949.85884573602 }, "geometry": { "type": "LineString", "coordinates": [ [ 101.2225, 19.8325 ], [ 101.195, 19.8475 ], [ 101.185833333333335, 19.849166666666669 ], [ 101.183333333333337, 19.848333333333336 ], [ 101.1775, 19.853333333333339 ], [ 101.166666666666657, 19.855 ], [ 101.158333333333331, 19.86 ], [ 101.149166666666659, 19.87 ], [ 101.1475, 19.876666666666672 ], [ 101.13666666666667, 19.89 ] ] } },
{ "type": "Feature", "properties": { "COMID": 44019596, "id": "7111", "lengthkm": 3.9862771399146379, "order": 6, "uparea": 227014.5287705446 }, "geometry": { "type": "LineString", "coordinates": [ [ 101.25333333333333, 19.818333333333335 ], [ 101.2475, 19.818333333333335 ], [ 101.2225, 19.8325 ] ] } },
{ "type": "Feature", "properties": { "COMID": 44019595, "id": "7111", "lengthkm": 8.7451873803091509, "order": 6, "uparea": 228869.29904612637 }, "geometry": { "type": "LineString", "coordinates": [ [ 101.325833333333335, 19.830833333333338 ], [ 101.3025, 19.834166666666668 ], [ 101.269166666666663, 19.821666666666673 ], [ 101.264166666666668, 19.818333333333335 ], [ 101.25333333333333, 19.818333333333335 ] ] } },
{ "type": "Feature", "properties": { "COMID": 44019594, "id": "7111", "lengthkm": 10.278299964661176, "order": 6, "uparea": 228962.93982803769 }, "geometry": { "type": "LineString", "coordinates": [ [ 101.410833333333329, 19.825833333333335 ], [ 101.405, 19.82416666666667 ], [ 101.398333333333326, 19.826666666666668 ], [ 101.391666666666666, 19.826666666666668 ], [ 101.385833333333323, 19.820833333333336 ], [ 101.3625, 19.819166666666671 ], [ 101.36, 19.820833333333336 ], [ 101.353333333333325, 19.82 ], [ 101.34, 19.826666666666668 ], [ 101.335833333333326, 19.826666666666668 ], [ 101.330833333333331, 19.83 ], [ 101.325833333333335, 19.830833333333338 ] ] } },
{ "type": "Feature", "properties": { "COMID": 44019593, "id": "7111", "lengthkm": 4.4974082886519779, "order": 6, "uparea": 229071.15124405015 }, "geometry": { "type": "LineString", "coordinates": [ [ 101.45, 19.830833333333338 ], [ 101.436666666666667, 19.831666666666671 ], [ 101.4275, 19.828333333333337 ], [ 101.410833333333329, 19.825833333333335 ] ] } },
{ "type": "Feature", "properties": { "COMID": 44019592, "id": "7111", "lengthkm": 4.1157210922589478, "order": 6, "uparea": 229116.63044543238 }, "geometry": { "type": "LineString", "coordinates": [ [ 101.486666666666665, 19.828333333333337 ], [ 101.479166666666657, 19.828333333333337 ], [ 101.469166666666666, 19.8325 ], [ 101.45, 19.830833333333338 ] ] } },
{ "type": "Feature", "properties": { "COMID": 44017768, "id": "7111", "lengthkm": 16.288409127714097, "order": 6, "uparea": 229351.24506856129 }, "geometry": { "type": "LineString", "coordinates": [ [ 101.6225, 19.843333333333337 ], [ 101.62166666666667, 19.84 ], [ 101.615, 19.83666666666667 ], [ 101.61, 19.835833333333337 ], [ 101.6025, 19.838333333333338 ], [ 101.5925, 19.8375 ], [ 101.581666666666663, 19.8325 ], [ 101.568333333333328, 19.829166666666673 ], [ 101.555, 19.829166666666673 ], [ 101.548333333333332, 19.833333333333336 ], [ 101.541666666666657, 19.835 ], [ 101.525, 19.835 ], [ 101.5125, 19.831666666666671 ], [ 101.499166666666667, 19.825 ], [ 101.486666666666665, 19.828333333333337 ] ] } },
{ "type": "Feature", "properties": { "COMID": 44017767, "id": "7111", "lengthkm": 3.453424318625248, "order": 6, "uparea": 229752.18237597411 }, "geometry": { "type": "LineString", "coordinates": [ [ 101.603333333333325, 19.856666666666669 ], [ 101.606666666666669, 19.855 ], [ 101.619166666666672, 19.855833333333337 ], [ 101.6225, 19.85166666666667 ], [ 101.6225, 19.843333333333337 ] ] } },
{ "type": "Feature", "properties": { "COMID": 44017766, "id": "7111", "lengthkm": 4.9040822626735281, "order": 6, "uparea": 230157.72469944105 }, "geometry": { "type": "LineString", "coordinates": [ [ 101.6375, 19.874166666666671 ], [ 101.623333333333335, 19.874166666666671 ], [ 101.61333333333333, 19.870833333333337 ], [ 101.6025, 19.8625 ], [ 101.603333333333325, 19.856666666666669 ] ] } },
{ "type": "Feature", "properties": { "COMID": 44017765, "id": "7111", "lengthkm": 4.3238069270921384, "order": 6, "uparea": 230203.19111213731 }, "geometry": { "type": "LineString", "coordinates": [ [ 101.6675, 19.896666666666668 ], [ 101.646666666666661, 19.878333333333337 ], [ 101.640833333333333, 19.874166666666671 ], [ 101.6375, 19.874166666666671 ] ] } },
{ "type": "Feature", "properties": { "COMID": 44017764, "id": "7111", "lengthkm": 6.4234947223124363, "order": 6, "uparea": 230297.47931771749 }, "geometry": { "type": "LineString", "coordinates": [ [ 101.710833333333326, 19.931666666666672 ], [ 101.7075, 19.93 ], [ 101.7025, 19.925 ], [ 101.700833333333335, 19.920833333333338 ], [ 101.6925, 19.915 ], [ 101.683333333333337, 19.905 ], [ 101.673333333333332, 19.901666666666671 ], [ 101.6675, 19.896666666666668 ] ] } },
{ "type": "Feature", "properties": { "COMID": 44017763, "id": "7111", "lengthkm": 7.3262709104583807, "order": 6, "uparea": 230378.33935048655 }, "geometry": { "type": "LineString", "coordinates": [ [ 101.770833333333329, 19.935833333333335 ], [ 101.7675, 19.933333333333337 ], [ 101.765, 19.935 ], [ 101.759166666666658, 19.935 ], [ 101.758333333333326, 19.933333333333337 ], [ 101.74666666666667, 19.93416666666667 ], [ 101.739166666666662, 19.931666666666672 ], [ 101.731666666666669, 19.935 ], [ 101.7225, 19.936666666666671 ], [ 101.710833333333326, 19.931666666666672 ] ] } },
{ "type": "Feature", "properties": { "COMID": 44017762, "id": "7111", "lengthkm": 4.6080326184506859, "order": 6, "uparea": 230566.94005460531 }, "geometry": { "type": "LineString", "coordinates": [ [ 101.80916666666667, 19.945 ], [ 101.805, 19.94166666666667 ], [ 101.784166666666664, 19.935 ], [ 101.779166666666669, 19.93416666666667 ], [ 101.770833333333329, 19.935833333333335 ] ] } },
{ "type": "Feature", "properties": { "COMID": 44017761, "id": "7111", "lengthkm": 6.1547489801018127, "order": 6, "uparea": 230655.22592214469 }, "geometry": { "type": "LineString", "coordinates": [ [ 101.86, 19.955833333333338 ], [ 101.843333333333334, 19.946666666666673 ], [ 101.82416666666667, 19.94916666666667 ], [ 101.811666666666667, 19.9475 ], [ 101.80916666666667, 19.945 ] ] } },
{ "type": "Feature", "properties": { "COMID": 44017760, "id": "7111", "lengthkm": 10.967286584663739, "order": 6, "uparea": 230772.06219448068 }, "geometry": { "type": "LineString", "coordinates": [ [ 101.933333333333337, 20.0125 ], [ 101.93, 20.005833333333335 ], [ 101.921666666666667, 19.995833333333337 ], [ 101.92, 19.990833333333335 ], [ 101.916666666666657, 19.9875 ], [ 101.906666666666666, 19.9825 ], [ 101.898333333333326, 19.973333333333336 ], [ 101.875, 19.966666666666669 ], [ 101.86666666666666, 19.959166666666668 ], [ 101.86, 19.955833333333338 ] ] } },
{ "type": "Feature", "properties": { "COMID": 44017759, "id": "7111", "lengthkm": 5.645560541677332, "order": 6, "uparea": 230840.53369899769 }, "geometry": { "type": "LineString", "coordinates": [ [ 101.971666666666664, 20.043333333333337 ], [ 101.9625, 20.035 ], [ 101.945833333333326, 20.025833333333338 ], [ 101.933333333333337, 20.0125 ] ] } },
{ "type": "Feature", "properties": { "COMID": 44017758, "id": "7111", "lengthkm": 3.5070663307375409, "order": 6, "uparea": 231028.89014827163 }, "geometry": { "type": "LineString", "coordinates": [ [ 101.998333333333335, 20.055 ], [ 101.995833333333337, 20.056666666666672 ], [ 101.99, 20.055833333333339 ], [ 101.983333333333334, 20.05 ], [ 101.976666666666659, 20.0475 ], [ 101.971666666666664, 20.043333333333337 ] ] } },
{ "type": "Feature", "properties": { "COMID": 44017757, "id": "7111", "lengthkm": 5.2284829296966304, "order": 6, "uparea": 231115.99031743075 }, "geometry": { "type": "LineString", "coordinates": [ [ 102.044166666666669, 20.049166666666672 ], [ 102.034166666666664, 20.048333333333339 ], [ 102.02, 20.054166666666671 ], [ 102.00333333333333, 20.053333333333335 ], [ 101.998333333333335, 20.055 ] ] } },
{ "type": "Feature", "properties": { "COMID": 44017756, "id": "7111", "lengthkm": 10.762495133885428, "order": 6, "uparea": 231232.56834671996 }, "geometry": { "type": "LineString", "coordinates": [ [ 102.125, 20.0875 ], [ 102.106666666666669, 20.083333333333336 ], [ 102.099166666666662, 20.0775 ], [ 102.089166666666671, 20.075833333333335 ], [ 102.084166666666661, 20.071666666666673 ], [ 102.078333333333333, 20.070833333333336 ], [ 102.075, 20.06666666666667 ], [ 102.07416666666667, 20.061666666666671 ], [ 102.0675, 20.055833333333339 ], [ 102.056666666666672, 20.05 ], [ 102.048333333333332, 20.050833333333337 ], [ 102.044166666666669, 20.049166666666672 ] ] } },
{ "type": "Feature", "properties": { "COMID": 44017755, "id": "7111", "lengthkm": 3.546324974846824, "order": 6, "uparea": 231340.59301038773 }, "geometry": { "type": "LineString", "coordinates": [ [ 102.155, 20.08666666666667 ], [ 102.150833333333338, 20.089166666666671 ], [ 102.145833333333329, 20.089166666666671 ], [ 102.145, 20.090833333333336 ], [ 102.125, 20.0875 ] ] } },
{ "type": "Feature", "properties": { "COMID": 44017754, "id": "7111", "lengthkm": 4.9272707713944204, "order": 6, "uparea": 231394.23562661969 }, "geometry": { "type": "LineString", "coordinates": [ [ 102.19083333333333, 20.070833333333336 ], [ 102.188333333333333, 20.075 ], [ 102.181666666666672, 20.07416666666667 ], [ 102.17916666666666, 20.075833333333335 ], [ 102.1775, 20.08 ], [ 102.168333333333337, 20.085833333333337 ], [ 102.158333333333331, 20.085 ], [ 102.155, 20.08666666666667 ] ] } },
{ "type": "Feature", "properties": { "COMID": 44017753, "id": "7111", "lengthkm": 3.221358936550216, "order": 6, "uparea": 231443.2020916981 }, "geometry": { "type": "LineString", "coordinates": [ [ 102.210833333333326, 20.053333333333335 ], [ 102.21, 20.0525 ], [ 102.198333333333323, 20.060833333333335 ], [ 102.1925, 20.06666666666667 ], [ 102.19083333333333, 20.070833333333336 ] ] } },
{ "type": "Feature", "properties": { "COMID": 44017752, "id": "7111", "lengthkm": 11.082741981827526, "order": 6, "uparea": 257483.19124416841 }, "geometry": { "type": "LineString", "coordinates": [ [ 102.240833333333327, 19.97 ], [ 102.24166666666666, 19.98416666666667 ], [ 102.239166666666662, 19.989166666666669 ], [ 102.239166666666662, 19.99666666666667 ], [ 102.235, 20.00083333333334 ], [ 102.23, 20.001666666666672 ], [ 102.226666666666659, 20.005 ], [ 102.225, 20.015 ], [ 102.221666666666664, 20.020833333333336 ], [ 102.2225, 20.03166666666667 ], [ 102.219166666666666, 20.033333333333339 ], [ 102.213333333333338, 20.05 ], [ 102.210833333333326, 20.053333333333335 ] ] } },
{ "type": "Feature", "properties": { "COMID": 44017751, "id": "7111", "lengthkm": 9.0807160545916954, "order": 6, "uparea": 264092.45413281542 }, "geometry": { "type": "LineString", "coordinates": [ [ 102.185, 19.929166666666671 ], [ 102.1875, 19.93 ], [ 102.191666666666663, 19.935833333333335 ], [ 102.2075, 19.93416666666667 ], [ 102.213333333333338, 19.9375 ], [ 102.2275, 19.950833333333335 ], [ 102.23833333333333, 19.953333333333337 ], [ 102.240833333333327, 19.956666666666671 ], [ 102.240833333333327, 19.97 ] ] } },
{ "type": "Feature", "properties": { "COMID": 44017750, "id": "7111", "lengthkm": 5.7238256856190226, "order": 6, "uparea": 264199.46135946864 }, "geometry": { "type": "LineString", "coordinates": [ [ 102.144166666666663, 19.9 ], [ 102.156666666666666, 19.909166666666671 ], [ 102.159166666666664, 19.909166666666671 ], [ 102.1775, 19.925833333333337 ], [ 102.185, 19.929166666666671 ] ] } },
{ "type": "Feature", "properties": { "COMID": 44017749, "id": "7111", "lengthkm": 4.6527054342189569, "order": 6, "uparea": 271654.18196147442 }, "geometry": { "type": "LineString", "coordinates": [ [ 102.111666666666665, 19.875 ], [ 102.1325, 19.894166666666671 ], [ 102.144166666666663, 19.9 ] ] } },
{ "type": "Feature", "properties": { "COMID": 44017748, "id": "7111", "lengthkm": 0.428691136432098, "order": 6, "uparea": 271707.92233295826 }, "geometry": { "type": "LineString", "coordinates": [ [ 102.108333333333334, 19.873333333333335 ], [ 102.111666666666665, 19.875 ] ] } },
{ "type": "Feature", "properties": { "COMID": 44017747, "id": "7111", "lengthkm": 9.3723459120623822, "order": 6, "uparea": 271877.60435251624 }, "geometry": { "type": "LineString", "coordinates": [ [ 102.036666666666662, 19.8575 ], [ 102.0475, 19.866666666666671 ], [ 102.055833333333325, 19.866666666666671 ], [ 102.064166666666665, 19.87 ], [ 102.0725, 19.88 ], [ 102.080833333333331, 19.88 ], [ 102.0875, 19.8775 ], [ 102.090833333333336, 19.8725 ], [ 102.108333333333334, 19.873333333333335 ] ] } },
{ "type": "Feature", "properties": { "COMID": 44019591, "id": "7111", "lengthkm": 5.8470052030197834, "order": 6, "uparea": 272044.13636981754 }, "geometry": { "type": "LineString", "coordinates": [ [ 102.0025, 19.823333333333338 ], [ 102.005, 19.830833333333338 ], [ 102.013333333333335, 19.84 ], [ 102.015833333333333, 19.846666666666671 ], [ 102.02, 19.850833333333338 ], [ 102.036666666666662, 19.8575 ] ] } },
{ "type": "Feature", "properties": { "COMID": 44019590, "id": "7111", "lengthkm": 3.0619942683815982, "order": 6, "uparea": 272134.49898568069 }, "geometry": { "type": "LineString", "coordinates": [ [ 101.99, 19.8025 ], [ 101.993333333333325, 19.803333333333335 ], [ 101.9975, 19.808333333333337 ], [ 102.001666666666665, 19.81666666666667 ], [ 102.000833333333333, 19.818333333333335 ], [ 102.0025, 19.823333333333338 ] ] } },
{ "type": "Feature", "properties": { "COMID": 44019589, "id": "7111", "lengthkm": 4.5214131881676014, "order": 6, "uparea": 272311.75004211412 }, "geometry": { "type": "LineString", "coordinates": [ [ 101.9675, 19.77416666666667 ], [ 101.976666666666659, 19.7825 ], [ 101.976666666666659, 19.793333333333337 ], [ 101.984166666666667, 19.8 ], [ 101.99, 19.8025 ] ] } },
{ "type": "Feature", "properties": { "COMID": 44019588, "id": "7111", "lengthkm": 6.4034786986852126, "order": 6, "uparea": 272386.70674124808 }, "geometry": { "type": "LineString", "coordinates": [ [ 101.9225, 19.74 ], [ 101.928333333333327, 19.740833333333335 ], [ 101.935833333333335, 19.745 ], [ 101.945, 19.755 ], [ 101.9675, 19.77416666666667 ] ] } },
{ "type": "Feature", "properties": { "COMID": 44019587, "id": "7111", "lengthkm": 0.42894053120859899, "order": 6, "uparea": 272475.38340206211 }, "geometry": { "type": "LineString", "coordinates": [ [ 101.919166666666669, 19.738333333333337 ], [ 101.9225, 19.74 ] ] } },
{ "type": "Feature", "properties": { "COMID": 44019586, "id": "7111", "lengthkm": 15.38806411473316, "order": 6, "uparea": 272588.82565319136 }, "geometry": { "type": "LineString", "coordinates": [ [ 101.8225, 19.659166666666671 ], [ 101.829166666666666, 19.6625 ], [ 101.830833333333331, 19.665 ], [ 101.838333333333338, 19.666666666666671 ], [ 101.843333333333334, 19.67 ], [ 101.849166666666662, 19.670833333333338 ], [ 101.853333333333325, 19.673333333333339 ], [ 101.859166666666667, 19.674166666666672 ], [ 101.864166666666662, 19.679166666666671 ], [ 101.8675, 19.679166666666671 ], [ 101.8725, 19.6825 ], [ 101.8775, 19.690833333333337 ], [ 101.8825, 19.693333333333335 ], [ 101.885833333333323, 19.698333333333338 ], [ 101.89, 19.700833333333335 ], [ 101.8925, 19.705833333333338 ], [ 101.891666666666666, 19.708333333333336 ], [ 101.895833333333329, 19.710833333333337 ], [ 101.900833333333338, 19.723333333333336 ], [ 101.9125, 19.730833333333337 ], [ 101.919166666666669, 19.738333333333337 ] ] } },
{ "type": "Feature", "properties": { "COMID": 44019585, "id": "7111", "lengthkm": 9.6452612140420264, "order": 6, "uparea": 272894.63340018841 }, "geometry": { "type": "LineString", "coordinates": [ [ 101.796666666666667, 19.588333333333338 ], [ 101.796666666666667, 19.5975 ], [ 101.801666666666662, 19.605 ], [ 101.80416666666666, 19.616666666666671 ], [ 101.808333333333337, 19.6225 ], [ 101.805833333333325, 19.635 ], [ 101.80416666666666, 19.63666666666667 ], [ 101.805, 19.64 ], [ 101.80916666666667, 19.644166666666671 ], [ 101.811666666666667, 19.65 ], [ 101.8225, 19.659166666666671 ] ] } },
{ "type": "Feature", "properties": { "COMID": 44019584, "id": "7111", "lengthkm": 3.9775866061697029, "order": 6, "uparea": 273076.17938885558 }, "geometry": { "type": "LineString", "coordinates": [ [ 101.80916666666667, 19.558333333333337 ], [ 101.808333333333337, 19.565833333333337 ], [ 101.80416666666666, 19.575 ], [ 101.798333333333332, 19.581666666666671 ], [ 101.796666666666667, 19.588333333333338 ] ] } },
{ "type": "Feature", "properties": { "COMID": 44019583, "id": "7111", "lengthkm": 4.1571150198144222, "order": 6, "uparea": 273156.51105543604 }, "geometry": { "type": "LineString", "coordinates": [ [ 101.815, 19.525 ], [ 101.8175, 19.53916666666667 ], [ 101.81583333333333, 19.545 ], [ 101.80916666666667, 19.555 ], [ 101.80916666666667, 19.558333333333337 ] ] } },
{ "type": "Feature", "properties": { "COMID": 44019582, "id": "7111", "lengthkm": 1.343303633336151, "order": 6, "uparea": 273232.23624221986 }, "geometry": { "type": "LineString", "coordinates": [ [ 101.811666666666667, 19.514166666666668 ], [ 101.815, 19.519166666666671 ], [ 101.815, 19.525 ] ] } },
{ "type": "Feature", "properties": { "COMID": 44019581, "id": "7111", "lengthkm": 6.3402397133404378, "order": 6, "uparea": 273481.40949373762 }, "geometry": { "type": "LineString", "coordinates": [ [ 101.8125, 19.466666666666669 ], [ 101.805, 19.473333333333336 ], [ 101.805, 19.4775 ], [ 101.801666666666662, 19.4825 ], [ 101.8025, 19.485833333333339 ], [ 101.80083333333333, 19.4875 ], [ 101.801666666666662, 19.501666666666672 ], [ 101.811666666666667, 19.514166666666668 ] ] } },
{ "type": "Feature", "properties": { "COMID": 44019580, "id": "7111", "lengthkm": 1.3095159395470171, "order": 6, "uparea": 273522.4647061248 }, "geometry": { "type": "LineString", "coordinates": [ [ 101.819166666666661, 19.458333333333336 ], [ 101.8125, 19.466666666666669 ] ] } },
{ "type": "Feature", "properties": { "COMID": 44019579, "id": "7111", "lengthkm": 5.7552878645563954, "order": 6, "uparea": 273587.3926821964 }, "geometry": { "type": "LineString", "coordinates": [ [ 101.85, 19.425 ], [ 101.844166666666666, 19.430833333333339 ], [ 101.838333333333338, 19.430833333333339 ], [ 101.834166666666661, 19.435 ], [ 101.8325, 19.439166666666672 ], [ 101.826666666666668, 19.440833333333337 ], [ 101.819166666666661, 19.458333333333336 ] ] } },
{ "type": "Feature", "properties": { "COMID": 44019578, "id": "7111", "lengthkm": 8.0086286091659815, "order": 6, "uparea": 273662.4781842833 }, "geometry": { "type": "LineString", "coordinates": [ [ 101.8875, 19.396666666666668 ], [ 101.896666666666661, 19.403333333333336 ], [ 101.896666666666661, 19.408333333333339 ], [ 101.889166666666668, 19.415 ], [ 101.884166666666658, 19.415833333333339 ], [ 101.87833333333333, 19.41416666666667 ], [ 101.873333333333335, 19.420833333333338 ], [ 101.865833333333327, 19.42166666666667 ], [ 101.86, 19.42 ], [ 101.85, 19.425 ] ] } },
{ "type": "Feature", "properties": { "COMID": 44021314, "id": "7111", "lengthkm": 21.973423163114237, "order": 6, "uparea": 274008.7983432464 }, "geometry": { "type": "LineString", "coordinates": [ [ 101.820833333333326, 19.240833333333335 ], [ 101.820833333333326, 19.245833333333337 ], [ 101.81583333333333, 19.249166666666671 ], [ 101.811666666666667, 19.258333333333336 ], [ 101.813333333333333, 19.26166666666667 ], [ 101.8125, 19.27 ], [ 101.81583333333333, 19.276666666666671 ], [ 101.8175, 19.28916666666667 ], [ 101.828333333333333, 19.303333333333335 ], [ 101.831666666666663, 19.31333333333334 ], [ 101.833333333333329, 19.314166666666672 ], [ 101.833333333333329, 19.320833333333336 ], [ 101.836666666666659, 19.3275 ], [ 101.836666666666659, 19.3325 ], [ 101.844166666666666, 19.34416666666667 ], [ 101.845, 19.349166666666669 ], [ 101.850833333333327, 19.3575 ], [ 101.850833333333327, 19.360833333333339 ], [ 101.865, 19.37583333333334 ], [ 101.876666666666665, 19.384166666666673 ], [ 101.8875, 19.396666666666668 ] ] } },
{ "type": "Feature", "properties": { "COMID": 44021313, "id": "7111", "lengthkm": 9.1049602889932757, "order": 6, "uparea": 274257.36173097289 }, "geometry": { "type": "LineString", "coordinates": [ [ 101.8175, 19.165833333333339 ], [ 101.820833333333326, 19.174166666666672 ], [ 101.82, 19.175833333333337 ], [ 101.825, 19.2075 ], [ 101.825, 19.223333333333336 ], [ 101.8225, 19.2325 ], [ 101.82, 19.235 ], [ 101.820833333333326, 19.240833333333335 ] ] } },
{ "type": "Feature", "properties": { "COMID": 44021312, "id": "7111", "lengthkm": 2.4393445773578541, "order": 6, "uparea": 277186.90184754791 }, "geometry": { "type": "LineString", "coordinates": [ [ 101.810833333333335, 19.1475 ], [ 101.8125, 19.15666666666667 ], [ 101.81583333333333, 19.16 ], [ 101.815, 19.1625 ], [ 101.8175, 19.165833333333339 ] ] } },
{ "type": "Feature", "properties": { "COMID": 44021311, "id": "7111", "lengthkm": 0.97320292944759001, "order": 6, "uparea": 277234.58157533623 }, "geometry": { "type": "LineString", "coordinates": [ [ 101.80916666666667, 19.14 ], [ 101.810833333333335, 19.1475 ] ] } },
{ "type": "Feature", "properties": { "COMID": 44021310, "id": "7111", "lengthkm": 13.704312943668105, "order": 6, "uparea": 277419.96342821891 }, "geometry": { "type": "LineString", "coordinates": [ [ 101.796666666666667, 19.023333333333337 ], [ 101.8, 19.0425 ], [ 101.803333333333327, 19.05 ], [ 101.803333333333327, 19.078333333333337 ], [ 101.80916666666667, 19.116666666666671 ], [ 101.80916666666667, 19.14 ] ] } },
{ "type": "Feature", "properties": { "COMID": 44021309, "id": "7111", "lengthkm": 8.4222618683655615, "order": 6, "uparea": 277539.54586403718 }, "geometry": { "type": "LineString", "coordinates": [ [ 101.80083333333333, 18.951666666666672 ], [ 101.801666666666662, 18.9575 ], [ 101.8, 18.959166666666672 ], [ 101.8, 18.979166666666671 ], [ 101.796666666666667, 18.991666666666671 ], [ 101.7975, 19.00083333333334 ], [ 101.795833333333334, 19.003333333333337 ], [ 101.796666666666667, 19.023333333333337 ] ] } },
{ "type": "Feature", "properties": { "COMID": 44021308, "id": "7111", "lengthkm": 7.9375013984461411, "order": 6, "uparea": 279235.671706322 }, "geometry": { "type": "LineString", "coordinates": [ [ 101.791666666666657, 18.8875 ], [ 101.79, 18.89 ], [ 101.79, 18.8975 ], [ 101.7925, 18.900833333333338 ], [ 101.7925, 18.910833333333336 ], [ 101.795833333333334, 18.918333333333337 ], [ 101.795833333333334, 18.929166666666671 ], [ 101.801666666666662, 18.95 ], [ 101.80083333333333, 18.951666666666672 ] ] } },
{ "type": "Feature", "properties": { "COMID": 44021307, "id": "7111", "lengthkm": 0.40056376992203702, "order": 6, "uparea": 279274.628183375 }, "geometry": { "type": "LineString", "coordinates": [ [ 101.793333333333337, 18.885 ], [ 101.791666666666657, 18.8875 ] ] } },
{ "type": "Feature", "properties": { "COMID": 44021306, "id": "7111", "lengthkm": 6.4846937925348902, "order": 6, "uparea": 280123.06348954322 }, "geometry": { "type": "LineString", "coordinates": [ [ 101.828333333333333, 18.846666666666671 ], [ 101.821666666666658, 18.850833333333338 ], [ 101.816666666666663, 18.8575 ], [ 101.810833333333335, 18.861666666666672 ], [ 101.805, 18.863333333333337 ], [ 101.794166666666669, 18.87166666666667 ], [ 101.7925, 18.875 ], [ 101.793333333333337, 18.885 ] ] } },
{ "type": "Feature", "properties": { "COMID": 44021305, "id": "7111", "lengthkm": 3.3636148875526182, "order": 6, "uparea": 280164.21378997603 }, "geometry": { "type": "LineString", "coordinates": [ [ 101.844166666666666, 18.823333333333338 ], [ 101.841666666666669, 18.830833333333338 ], [ 101.8325, 18.838333333333338 ], [ 101.828333333333333, 18.846666666666671 ] ] } },
{ "type": "Feature", "properties": { "COMID": 44021304, "id": "7111", "lengthkm": 6.7673537734934461, "order": 6, "uparea": 280522.99974499922 }, "geometry": { "type": "LineString", "coordinates": [ [ 101.839166666666671, 18.7675 ], [ 101.84, 18.776666666666671 ], [ 101.845833333333331, 18.791666666666671 ], [ 101.8475, 18.803333333333338 ], [ 101.845833333333331, 18.806666666666672 ], [ 101.846666666666664, 18.815 ], [ 101.844166666666666, 18.823333333333338 ] ] } },
{ "type": "Feature", "properties": { "COMID": 44021303, "id": "7111", "lengthkm": 5.0037599055655528, "order": 6, "uparea": 280615.11064920004 }, "geometry": { "type": "LineString", "coordinates": [ [ 101.818333333333328, 18.730833333333337 ], [ 101.82416666666667, 18.744166666666672 ], [ 101.835833333333326, 18.755833333333339 ], [ 101.839166666666671, 18.7675 ] ] } },
{ "type": "Feature", "properties": { "COMID": 44021302, "id": "7111", "lengthkm": 1.8199970714585341, "order": 6, "uparea": 280679.5059282232 }, "geometry": { "type": "LineString", "coordinates": [ [ 101.8125, 18.716666666666672 ], [ 101.81583333333333, 18.720833333333339 ], [ 101.818333333333328, 18.730833333333337 ] ] } },
{ "type": "Feature", "properties": { "COMID": 44021301, "id": "7111", "lengthkm": 4.0334686456371944, "order": 6, "uparea": 281017.01567836374 }, "geometry": { "type": "LineString", "coordinates": [ [ 101.8025, 18.68416666666667 ], [ 101.8125, 18.716666666666672 ] ] } },
{ "type": "Feature", "properties": { "COMID": 44023099, "id": "7111", "lengthkm": 4.4619283562793228, "order": 6, "uparea": 281097.00264704059 }, "geometry": { "type": "LineString", "coordinates": [ [ 101.8, 18.6475 ], [ 101.80083333333333, 18.65666666666667 ], [ 101.7975, 18.675 ], [ 101.799166666666665, 18.680833333333336 ], [ 101.8025, 18.68416666666667 ] ] } },
{ "type": "Feature", "properties": { "COMID": 44023098, "id": "7111", "lengthkm": 4.8820601769882668, "order": 6, "uparea": 281169.65681767819 }, "geometry": { "type": "LineString", "coordinates": [ [ 101.780833333333334, 18.610833333333336 ], [ 101.794166666666669, 18.630833333333339 ], [ 101.799166666666665, 18.640833333333337 ], [ 101.8, 18.6475 ] ] } },
{ "type": "Feature", "properties": { "COMID": 44023097, "id": "7111", "lengthkm": 6.4123357280074869, "order": 6, "uparea": 281265.62491224578 }, "geometry": { "type": "LineString", "coordinates": [ [ 101.758333333333326, 18.561666666666671 ], [ 101.7625, 18.569166666666671 ], [ 101.765, 18.583333333333336 ], [ 101.768333333333331, 18.590833333333336 ], [ 101.780833333333334, 18.610833333333336 ] ] } },
{ "type": "Feature", "properties": { "COMID": 44023096, "id": "7111", "lengthkm": 0.31300687193128102, "order": 6, "uparea": 281315.67673932639 }, "geometry": { "type": "LineString", "coordinates": [ [ 101.7575, 18.55916666666667 ], [ 101.758333333333326, 18.561666666666671 ] ] } },
{ "type": "Feature", "properties": { "COMID": 44023095, "id": "7111", "lengthkm": 7.8380405803390847, "order": 6, "uparea": 281460.66321493225 }, "geometry": { "type": "LineString", "coordinates": [ [ 101.7225, 18.503333333333337 ], [ 101.7275, 18.510833333333338 ], [ 101.739166666666662, 18.54 ], [ 101.744166666666672, 18.5475 ], [ 101.7575, 18.55916666666667 ] ] } },
{ "type": "Feature", "properties": { "COMID": 44023094, "id": "7111", "lengthkm": 4.796367563219798, "order": 6, "uparea": 281518.26205443125 }, "geometry": { "type": "LineString", "coordinates": [ [ 101.695, 18.4725 ], [ 101.709166666666661, 18.485 ], [ 101.7225, 18.503333333333337 ] ] } },
{ "type": "Feature", "properties": { "COMID": 44023093, "id": "7111", "lengthkm": 5.0000712039546666, "order": 6, "uparea": 281722.62440203171 }, "geometry": { "type": "LineString", "coordinates": [ [ 101.6525, 18.475 ], [ 101.658333333333331, 18.471666666666671 ], [ 101.674166666666665, 18.468333333333337 ], [ 101.685833333333335, 18.46916666666667 ], [ 101.695, 18.4725 ] ] } },
{ "type": "Feature", "properties": { "COMID": 44023092, "id": "7111", "lengthkm": 5.8323946296618132, "order": 6, "uparea": 281764.20190266357 }, "geometry": { "type": "LineString", "coordinates": [ [ 101.623333333333335, 18.44166666666667 ], [ 101.629166666666663, 18.455 ], [ 101.63666666666667, 18.46166666666667 ], [ 101.641666666666666, 18.474166666666672 ], [ 101.645, 18.47666666666667 ], [ 101.65, 18.47666666666667 ], [ 101.6525, 18.475 ] ] } },
{ "type": "Feature", "properties": { "COMID": 44023091, "id": "7111", "lengthkm": 10.708472184786368, "order": 6, "uparea": 282021.19296503591 }, "geometry": { "type": "LineString", "coordinates": [ [ 101.561666666666667, 18.375833333333336 ], [ 101.563333333333333, 18.385 ], [ 101.5675, 18.390833333333337 ], [ 101.575833333333335, 18.398333333333337 ], [ 101.595, 18.40666666666667 ], [ 101.599166666666662, 18.41 ], [ 101.623333333333335, 18.438333333333336 ], [ 101.623333333333335, 18.44166666666667 ] ] } },
{ "type": "Feature", "properties": { "COMID": 44023090, "id": "7111", "lengthkm": 6.2581628697105227, "order": 6, "uparea": 284051.61046496185 }, "geometry": { "type": "LineString", "coordinates": [ [ 101.5325, 18.3325 ], [ 101.5325, 18.335 ], [ 101.55916666666667, 18.3625 ], [ 101.561666666666667, 18.368333333333336 ], [ 101.561666666666667, 18.375833333333336 ] ] } },
{ "type": "Feature", "properties": { "COMID": 44023089, "id": "7111", "lengthkm": 11.043132840713403, "order": 6, "uparea": 284130.76824748784 }, "geometry": { "type": "LineString", "coordinates": [ [ 101.465833333333336, 18.293333333333337 ], [ 101.468333333333334, 18.299166666666672 ], [ 101.4725, 18.303333333333338 ], [ 101.479166666666657, 18.3075 ], [ 101.483333333333334, 18.305833333333336 ], [ 101.485833333333332, 18.306666666666672 ], [ 101.490833333333327, 18.31 ], [ 101.490833333333327, 18.314166666666672 ], [ 101.500833333333333, 18.315833333333337 ], [ 101.513333333333335, 18.30916666666667 ], [ 101.521666666666661, 18.31 ], [ 101.5275, 18.319166666666671 ], [ 101.5325, 18.3325 ] ] } },
{ "type": "Feature", "properties": { "COMID": 44023088, "id": "7111", "lengthkm": 2.1819824891064088, "order": 6, "uparea": 284196.33346708404 }, "geometry": { "type": "LineString", "coordinates": [ [ 101.455833333333331, 18.2775 ], [ 101.459166666666661, 18.280833333333337 ], [ 101.460833333333326, 18.286666666666672 ], [ 101.465833333333336, 18.293333333333337 ] ] } },
{ "type": "Feature", "properties": { "COMID": 44023087, "id": "7111", "lengthkm": 1.578246647651568, "order": 6, "uparea": 284261.99306030822 }, "geometry": { "type": "LineString", "coordinates": [ [ 101.44916666666667, 18.265833333333337 ], [ 101.453333333333333, 18.270833333333336 ], [ 101.455833333333331, 18.2775 ] ] } },
{ "type": "Feature", "properties": { "COMID": 44023086, "id": "7111", "lengthkm": 4.6188814131099099, "order": 6, "uparea": 284305.44155697396 }, "geometry": { "type": "LineString", "coordinates": [ [ 101.425, 18.235833333333339 ], [ 101.426666666666662, 18.243333333333336 ], [ 101.431666666666672, 18.2525 ], [ 101.44916666666667, 18.265833333333337 ] ] } },
{ "type": "Feature", "properties": { "COMID": 44023085, "id": "7111", "lengthkm": 1.137433870598157, "order": 6, "uparea": 284337.65140257106 }, "geometry": { "type": "LineString", "coordinates": [ [ 101.42, 18.2275 ], [ 101.425, 18.235833333333339 ] ] } },
{ "type": "Feature", "properties": { "COMID": 44023084, "id": "7111", "lengthkm": 11.937578972974114, "order": 6, "uparea": 285052.41612381738 }, "geometry": { "type": "LineString", "coordinates": [ [ 101.3875, 18.135 ], [ 101.385833333333323, 18.1475 ], [ 101.391666666666666, 18.159166666666671 ], [ 101.391666666666666, 18.17 ], [ 101.395, 18.185 ], [ 101.405, 18.198333333333338 ], [ 101.406666666666666, 18.205833333333338 ], [ 101.42, 18.2275 ] ] } },
{ "type": "Feature", "properties": { "COMID": 44023083, "id": "7111", "lengthkm": 2.2003642539719892, "order": 6, "uparea": 285083.81227086397 }, "geometry": { "type": "LineString", "coordinates": [ [ 101.396666666666661, 18.119166666666672 ], [ 101.3875, 18.135 ] ] } },
{ "type": "Feature", "properties": { "COMID": 44023082, "id": "7111", "lengthkm": 4.3342771932690791, "order": 6, "uparea": 285312.71287578478 }, "geometry": { "type": "LineString", "coordinates": [ [ 101.415833333333325, 18.09 ], [ 101.4075, 18.095833333333339 ], [ 101.405833333333334, 18.100833333333338 ], [ 101.399166666666659, 18.108333333333338 ], [ 101.4, 18.116666666666671 ], [ 101.396666666666661, 18.119166666666672 ] ] } },
{ "type": "Feature", "properties": { "COMID": 44024872, "id": "7111", "lengthkm": 2.2625980298201722, "order": 6, "uparea": 285403.22837866331 }, "geometry": { "type": "LineString", "coordinates": [ [ 101.423333333333332, 18.0725 ], [ 101.415833333333325, 18.09 ] ] } },
{ "type": "Feature", "properties": { "COMID": 44024871, "id": "7111", "lengthkm": 4.2789852353205129, "order": 6, "uparea": 285498.27001844236 }, "geometry": { "type": "LineString", "coordinates": [ [ 101.4225, 18.0375 ], [ 101.418333333333337, 18.055 ], [ 101.420833333333334, 18.06 ], [ 101.423333333333332, 18.0725 ] ] } },
{ "type": "Feature", "properties": { "COMID": 44024870, "id": "7111", "lengthkm": 4.3810576504088514, "order": 6, "uparea": 285577.80974181666 }, "geometry": { "type": "LineString", "coordinates": [ [ 101.42583333333333, 18.0 ], [ 101.4225, 18.0375 ] ] } },
{ "type": "Feature", "properties": { "COMID": 44024869, "id": "7111", "lengthkm": 5.7258974319854534, "order": 6, "uparea": 285644.74589694513 }, "geometry": { "type": "LineString", "coordinates": [ [ 101.411666666666662, 17.955 ], [ 101.411666666666662, 17.9625 ], [ 101.418333333333337, 17.978333333333339 ], [ 101.418333333333337, 17.981666666666669 ], [ 101.420833333333334, 17.98416666666667 ], [ 101.423333333333332, 17.9975 ], [ 101.42583333333333, 18.0 ] ] } },
{ "type": "Feature", "properties": { "COMID": 44024868, "id": "7111", "lengthkm": 4.7075407104470104, "order": 6, "uparea": 285714.96181391022 }, "geometry": { "type": "LineString", "coordinates": [ [ 101.416666666666657, 17.915833333333339 ], [ 101.41, 17.926666666666669 ], [ 101.41, 17.948333333333338 ], [ 101.411666666666662, 17.955 ] ] } },
{ "type": "Feature", "properties": { "COMID": 44024867, "id": "7111", "lengthkm": 6.4886954632850768, "order": 6, "uparea": 285862.185580889 }, "geometry": { "type": "LineString", "coordinates": [ [ 101.450833333333335, 17.873333333333338 ], [ 101.448333333333323, 17.874166666666671 ], [ 101.44083333333333, 17.8825 ], [ 101.436666666666667, 17.884166666666673 ], [ 101.426666666666662, 17.90666666666667 ], [ 101.416666666666657, 17.915833333333339 ] ] } },
{ "type": "Feature", "properties": { "COMID": 44024866, "id": "7111", "lengthkm": 1.0098276315363179, "order": 6, "uparea": 285903.24641578458 }, "geometry": { "type": "LineString", "coordinates": [ [ 101.46, 17.8725 ], [ 101.450833333333335, 17.873333333333338 ] ] } },
{ "type": "Feature", "properties": { "COMID": 44024865, "id": "7111", "lengthkm": 3.2286401709589181, "order": 6, "uparea": 285947.77674168692 }, "geometry": { "type": "LineString", "coordinates": [ [ 101.4825, 17.889166666666672 ], [ 101.469166666666666, 17.875 ], [ 101.46, 17.8725 ] ] } },
{ "type": "Feature", "properties": { "COMID": 44024864, "id": "7111", "lengthkm": 20.897024467289587, "order": 6, "uparea": 286079.81826720265 }, "geometry": { "type": "LineString", "coordinates": [ [ 101.55, 17.82 ], [ 101.544166666666669, 17.815833333333337 ], [ 101.535833333333329, 17.815833333333337 ], [ 101.530833333333334, 17.820833333333336 ], [ 101.528333333333336, 17.828333333333337 ], [ 101.528333333333336, 17.83666666666667 ], [ 101.530833333333334, 17.84416666666667 ], [ 101.538333333333327, 17.854166666666671 ], [ 101.544166666666669, 17.8675 ], [ 101.545, 17.873333333333338 ], [ 101.543333333333337, 17.876666666666672 ], [ 101.5375, 17.880833333333339 ], [ 101.5325, 17.88 ], [ 101.508333333333326, 17.858333333333338 ], [ 101.5025, 17.855833333333337 ], [ 101.498333333333335, 17.855833333333337 ], [ 101.495, 17.858333333333338 ], [ 101.49166666666666, 17.864166666666669 ], [ 101.4925, 17.885 ], [ 101.4875, 17.89 ], [ 101.4825, 17.889166666666672 ] ] } },
{ "type": "Feature", "properties": { "COMID": 44024863, "id": "7111", "lengthkm": 12.008471753828518, "order": 6, "uparea": 290983.53431684233 }, "geometry": { "type": "LineString", "coordinates": [ [ 101.604166666666657, 17.861666666666672 ], [ 101.601666666666659, 17.855833333333337 ], [ 101.598333333333329, 17.8525 ], [ 101.593333333333334, 17.849166666666672 ], [ 101.589166666666671, 17.849166666666672 ], [ 101.585833333333326, 17.8525 ], [ 101.581666666666663, 17.865833333333338 ], [ 101.578333333333333, 17.869166666666672 ], [ 101.57416666666667, 17.869166666666672 ], [ 101.568333333333328, 17.860833333333339 ], [ 101.568333333333328, 17.85166666666667 ], [ 101.56583333333333, 17.8425 ], [ 101.558333333333337, 17.83 ], [ 101.55, 17.82 ] ] } },
{ "type": "Feature", "properties": { "COMID": 44024862, "id": "7111", "lengthkm": 3.5471068385647722, "order": 6, "uparea": 294984.34825243213 }, "geometry": { "type": "LineString", "coordinates": [ [ 101.6125, 17.888333333333339 ], [ 101.6125, 17.87916666666667 ], [ 101.61, 17.869166666666672 ], [ 101.604166666666657, 17.865 ], [ 101.604166666666657, 17.861666666666672 ] ] } },
{ "type": "Feature", "properties": { "COMID": 44024861, "id": "7111", "lengthkm": 3.717390771542417, "order": 6, "uparea": 295065.48211331753 }, "geometry": { "type": "LineString", "coordinates": [ [ 101.6425, 17.895833333333336 ], [ 101.62166666666667, 17.896666666666672 ], [ 101.615833333333327, 17.893333333333338 ], [ 101.6125, 17.888333333333339 ] ] } },
{ "type": "Feature", "properties": { "COMID": 44024860, "id": "7111", "lengthkm": 4.3081583112674648, "order": 6, "uparea": 295141.23702569952 }, "geometry": { "type": "LineString", "coordinates": [ [ 101.678333333333327, 17.90666666666667 ], [ 101.65, 17.896666666666672 ], [ 101.6425, 17.895833333333336 ] ] } },
{ "type": "Feature", "properties": { "COMID": 44024859, "id": "7111", "lengthkm": 1.60073844470302, "order": 6, "uparea": 295268.44698760571 }, "geometry": { "type": "LineString", "coordinates": [ [ 101.69083333333333, 17.9125 ], [ 101.678333333333327, 17.90666666666667 ] ] } },
{ "type": "Feature", "properties": { "COMID": 44024858, "id": "7111", "lengthkm": 4.8156977551282258, "order": 6, "uparea": 296312.95223537198 }, "geometry": { "type": "LineString", "coordinates": [ [ 101.724166666666662, 17.9125 ], [ 101.711666666666659, 17.903333333333336 ], [ 101.7075, 17.903333333333336 ], [ 101.7025, 17.9125 ], [ 101.69083333333333, 17.9125 ] ] } },
{ "type": "Feature", "properties": { "COMID": 44024857, "id": "7111", "lengthkm": 4.8393798958189311, "order": 6, "uparea": 296364.21569827967 }, "geometry": { "type": "LineString", "coordinates": [ [ 101.73, 17.95 ], [ 101.728333333333325, 17.943333333333339 ], [ 101.733333333333334, 17.930833333333336 ], [ 101.733333333333334, 17.923333333333339 ], [ 101.724166666666662, 17.9125 ] ] } },
{ "type": "Feature", "properties": { "COMID": 44024856, "id": "7111", "lengthkm": 7.573705500257522, "order": 6, "uparea": 296444.98055999324 }, "geometry": { "type": "LineString", "coordinates": [ [ 101.755, 18.0075 ], [ 101.75, 17.9975 ], [ 101.740833333333327, 17.989166666666669 ], [ 101.7375, 17.9825 ], [ 101.735, 17.964166666666671 ], [ 101.735833333333332, 17.96 ], [ 101.73, 17.95 ] ] } },
{ "type": "Feature", "properties": { "COMID": 44024855, "id": "7111", "lengthkm": 8.9743339665166335, "order": 6, "uparea": 296523.94737311965 }, "geometry": { "type": "LineString", "coordinates": [ [ 101.7875, 18.07 ], [ 101.770833333333329, 18.0575 ], [ 101.766666666666666, 18.051666666666669 ], [ 101.7675, 18.045833333333338 ], [ 101.756666666666661, 18.034166666666671 ], [ 101.755833333333328, 18.025833333333338 ], [ 101.7575, 18.02416666666667 ], [ 101.755833333333328, 18.023333333333337 ], [ 101.756666666666661, 18.014166666666672 ], [ 101.755, 18.0075 ] ] } },
{ "type": "Feature", "properties": { "COMID": 44024854, "id": "7111", "lengthkm": 4.6544787783470474, "order": 6, "uparea": 296613.74425493879 }, "geometry": { "type": "LineString", "coordinates": [ [ 101.82, 18.06 ], [ 101.8125, 18.05916666666667 ], [ 101.8075, 18.0625 ], [ 101.803333333333327, 18.05916666666667 ], [ 101.801666666666662, 18.065 ], [ 101.793333333333337, 18.069166666666671 ], [ 101.7875, 18.07 ] ] } },
{ "type": "Feature", "properties": { "COMID": 44024853, "id": "7111", "lengthkm": 8.7657026574749146, "order": 6, "uparea": 296723.24440408271 }, "geometry": { "type": "LineString", "coordinates": [ [ 101.89, 18.0325 ], [ 101.885, 18.035 ], [ 101.865833333333327, 18.038333333333338 ], [ 101.8475, 18.049166666666672 ], [ 101.834166666666661, 18.051666666666669 ], [ 101.829166666666666, 18.0575 ], [ 101.82, 18.06 ] ] } },
{ "type": "Feature", "properties": { "COMID": 44024852, "id": "7111", "lengthkm": 1.99213256360054, "order": 6, "uparea": 297183.43736268498 }, "geometry": { "type": "LineString", "coordinates": [ [ 101.905833333333334, 18.03916666666667 ], [ 101.899166666666659, 18.035 ], [ 101.89, 18.0325 ] ] } },
{ "type": "Feature", "properties": { "COMID": 44023081, "id": "7111", "lengthkm": 6.8697083806190182, "order": 6, "uparea": 297285.23449949658 }, "geometry": { "type": "LineString", "coordinates": [ [ 101.94083333333333, 18.084166666666672 ], [ 101.925, 18.07 ], [ 101.923333333333332, 18.064166666666672 ], [ 101.915833333333325, 18.056666666666672 ], [ 101.916666666666657, 18.053333333333338 ], [ 101.913333333333327, 18.05 ], [ 101.911666666666662, 18.041666666666671 ], [ 101.905833333333334, 18.03916666666667 ] ] } },
{ "type": "Feature", "properties": { "COMID": 44023080, "id": "7111", "lengthkm": 0.12784862945303699, "order": 6, "uparea": 297731.29942517739 }, "geometry": { "type": "LineString", "coordinates": [ [ 101.941666666666663, 18.085 ], [ 101.94083333333333, 18.084166666666672 ] ] } },
{ "type": "Feature", "properties": { "COMID": 44023079, "id": "7111", "lengthkm": 7.7087856805057218, "order": 6, "uparea": 297801.83365569264 }, "geometry": { "type": "LineString", "coordinates": [ [ 101.994166666666672, 18.1225 ], [ 101.990833333333327, 18.119166666666672 ], [ 101.9875, 18.12 ], [ 101.98, 18.115 ], [ 101.975833333333327, 18.115833333333338 ], [ 101.965833333333336, 18.1075 ], [ 101.960833333333326, 18.106666666666669 ], [ 101.956666666666663, 18.1025 ], [ 101.955833333333331, 18.099166666666672 ], [ 101.941666666666663, 18.085 ] ] } },
{ "type": "Feature", "properties": { "COMID": 44023078, "id": "7111", "lengthkm": 4.9149112228181551, "order": 6, "uparea": 297877.28248043288 }, "geometry": { "type": "LineString", "coordinates": [ [ 102.0225, 18.151666666666671 ], [ 102.014166666666668, 18.143333333333338 ], [ 102.014166666666668, 18.140833333333337 ], [ 102.01, 18.135833333333338 ], [ 102.004166666666663, 18.135 ], [ 101.994166666666672, 18.1225 ] ] } },
{ "type": "Feature", "properties": { "COMID": 44023077, "id": "7111", "lengthkm": 12.714660695404707, "order": 6, "uparea": 298016.29385845643 }, "geometry": { "type": "LineString", "coordinates": [ [ 102.091666666666669, 18.2175 ], [ 102.088333333333338, 18.215833333333336 ], [ 102.078333333333333, 18.2175 ], [ 102.065, 18.210833333333337 ], [ 102.05, 18.2 ], [ 102.045, 18.19916666666667 ], [ 102.036666666666662, 18.1725 ], [ 102.035, 18.159166666666671 ], [ 102.0325, 18.159166666666671 ], [ 102.03, 18.155833333333337 ], [ 102.0275, 18.155833333333337 ], [ 102.0225, 18.151666666666671 ] ] } },
{ "type": "Feature", "properties": { "COMID": 44023076, "id": "7111", "lengthkm": 5.9025161849896373, "order": 6, "uparea": 298089.03407757409 }, "geometry": { "type": "LineString", "coordinates": [ [ 102.135, 18.215833333333336 ], [ 102.133333333333326, 18.216666666666672 ], [ 102.129166666666663, 18.214166666666671 ], [ 102.126666666666665, 18.21 ], [ 102.12166666666667, 18.210833333333337 ], [ 102.120833333333337, 18.209166666666672 ], [ 102.118333333333325, 18.209166666666672 ], [ 102.115, 18.210833333333337 ], [ 102.110833333333332, 18.209166666666672 ], [ 102.1025, 18.213333333333338 ], [ 102.1, 18.216666666666672 ], [ 102.091666666666669, 18.2175 ] ] } },
{ "type": "Feature", "properties": { "COMID": 44023075, "id": "7111", "lengthkm": 10.914080868606863, "order": 6, "uparea": 299488.07514386711 }, "geometry": { "type": "LineString", "coordinates": [ [ 102.183333333333337, 18.1525 ], [ 102.178333333333327, 18.165833333333339 ], [ 102.17916666666666, 18.168333333333337 ], [ 102.17583333333333, 18.173333333333339 ], [ 102.17583333333333, 18.193333333333339 ], [ 102.170833333333334, 18.2025 ], [ 102.163333333333327, 18.205833333333338 ], [ 102.150833333333338, 18.205833333333338 ], [ 102.15, 18.208333333333336 ], [ 102.145833333333329, 18.208333333333336 ], [ 102.135, 18.215833333333336 ] ] } },
{ "type": "Feature", "properties": { "COMID": 44023074, "id": "7111", "lengthkm": 7.5239462868960816, "order": 6, "uparea": 299692.00101347128 }, "geometry": { "type": "LineString", "coordinates": [ [ 102.228333333333325, 18.115 ], [ 102.219166666666666, 18.125833333333336 ], [ 102.219166666666666, 18.13 ], [ 102.216666666666669, 18.135 ], [ 102.208333333333329, 18.143333333333338 ], [ 102.200833333333335, 18.146666666666672 ], [ 102.1925, 18.144166666666671 ], [ 102.186666666666667, 18.146666666666672 ], [ 102.183333333333337, 18.1525 ] ] } },
{ "type": "Feature", "properties": { "COMID": 44024851, "id": "7111", "lengthkm": 8.5435175610745127, "order": 6, "uparea": 299752.27437451138 }, "geometry": { "type": "LineString", "coordinates": [ [ 102.280833333333334, 18.063333333333336 ], [ 102.265833333333333, 18.078333333333337 ], [ 102.2625, 18.084166666666672 ], [ 102.2575, 18.08666666666667 ], [ 102.25333333333333, 18.09416666666667 ], [ 102.24666666666667, 18.10166666666667 ], [ 102.228333333333325, 18.115 ] ] } },
{ "type": "Feature", "properties": { "COMID": 44024850, "id": "7111", "lengthkm": 1.599782860496535, "order": 6, "uparea": 300818.05807170359 }, "geometry": { "type": "LineString", "coordinates": [ [ 102.293333333333337, 18.0575 ], [ 102.288333333333327, 18.0575 ], [ 102.280833333333334, 18.063333333333336 ] ] } },
{ "type": "Feature", "properties": { "COMID": 44024849, "id": "7111", "lengthkm": 26.589356413083539, "order": 6, "uparea": 301548.53322109039 }, "geometry": { "type": "LineString", "coordinates": [ [ 102.499166666666667, 17.970833333333339 ], [ 102.48833333333333, 17.96916666666667 ], [ 102.4825, 17.966666666666672 ], [ 102.471666666666664, 17.966666666666672 ], [ 102.466666666666669, 17.968333333333337 ], [ 102.460833333333326, 17.974166666666672 ], [ 102.435, 17.981666666666669 ], [ 102.405833333333334, 18.0 ], [ 102.3925, 18.013333333333339 ], [ 102.38, 18.020833333333336 ], [ 102.3475, 18.045 ], [ 102.3225, 18.0525 ], [ 102.306666666666672, 18.050833333333337 ], [ 102.3025, 18.0525 ], [ 102.298333333333332, 18.056666666666672 ], [ 102.293333333333337, 18.0575 ] ] } },
{ "type": "Feature", "properties": { "COMID": 44024848, "id": "7111", "lengthkm": 25.171925015439268, "order": 6, "uparea": 301682.04150497931 }, "geometry": { "type": "LineString", "coordinates": [ [ 102.590833333333336, 17.8525 ], [ 102.590833333333336, 17.855833333333337 ], [ 102.6, 17.87166666666667 ], [ 102.600833333333327, 17.881666666666671 ], [ 102.6125, 17.901666666666671 ], [ 102.61333333333333, 17.94166666666667 ], [ 102.608333333333334, 17.9525 ], [ 102.5975, 17.96166666666667 ], [ 102.5725, 17.964166666666671 ], [ 102.5675, 17.966666666666672 ], [ 102.558333333333337, 17.96916666666667 ], [ 102.551666666666662, 17.96916666666667 ], [ 102.548333333333332, 17.971666666666671 ], [ 102.536666666666662, 17.974166666666672 ], [ 102.529166666666669, 17.974166666666672 ], [ 102.519166666666663, 17.970833333333339 ], [ 102.499166666666667, 17.970833333333339 ] ] } },
{ "type": "Feature", "properties": { "COMID": 44024847, "id": "7111", "lengthkm": 13.706251668825848, "order": 6, "uparea": 304586.50746340689 }, "geometry": { "type": "LineString", "coordinates": [ [ 102.689166666666665, 17.808333333333337 ], [ 102.681666666666672, 17.804166666666671 ], [ 102.67, 17.804166666666671 ], [ 102.66, 17.80916666666667 ], [ 102.648333333333326, 17.810833333333338 ], [ 102.635, 17.821666666666673 ], [ 102.629166666666663, 17.829166666666669 ], [ 102.605, 17.833333333333336 ], [ 102.594166666666666, 17.838333333333338 ], [ 102.590833333333336, 17.843333333333337 ], [ 102.590833333333336, 17.8525 ] ] } },
{ "type": "Feature", "properties": { "COMID": 44024846, "id": "7111", "lengthkm": 5.0426046341535944, "order": 6, "uparea": 304821.43157772825 }, "geometry": { "type": "LineString", "coordinates": [ [ 102.678333333333327, 17.840833333333336 ], [ 102.685833333333335, 17.8325 ], [ 102.6925, 17.829166666666669 ], [ 102.696666666666658, 17.82416666666667 ], [ 102.6975, 17.818333333333339 ], [ 102.693333333333328, 17.811666666666671 ], [ 102.689166666666665, 17.808333333333337 ] ] } },
{ "type": "Feature", "properties": { "COMID": 44024845, "id": "7111", "lengthkm": 26.615916343815087, "order": 6, "uparea": 304926.31239982607 }, "geometry": { "type": "LineString", "coordinates": [ [ 102.8525, 17.97 ], [ 102.836666666666659, 17.955 ], [ 102.82, 17.9425 ], [ 102.814166666666665, 17.94 ], [ 102.795, 17.938333333333336 ], [ 102.785, 17.933333333333337 ], [ 102.780833333333334, 17.928333333333338 ], [ 102.774166666666659, 17.9125 ], [ 102.755, 17.8925 ], [ 102.74, 17.885833333333338 ], [ 102.7075, 17.87916666666667 ], [ 102.693333333333328, 17.873333333333338 ], [ 102.68416666666667, 17.865 ], [ 102.67916666666666, 17.856666666666669 ], [ 102.6775, 17.850833333333338 ], [ 102.678333333333327, 17.840833333333336 ] ] } },
{ "type": "Feature", "properties": { "COMID": 44024844, "id": "7111", "lengthkm": 8.163917234234459, "order": 6, "uparea": 304990.39674776717 }, "geometry": { "type": "LineString", "coordinates": [ [ 102.919166666666669, 17.993333333333336 ], [ 102.898333333333326, 17.981666666666669 ], [ 102.884166666666658, 17.9775 ], [ 102.86, 17.974166666666672 ], [ 102.8525, 17.97 ] ] } },
{ "type": "Feature", "properties": { "COMID": 44024843, "id": "7111", "lengthkm": 3.2487152114160902, "order": 6, "uparea": 305506.30042883963 }, "geometry": { "type": "LineString", "coordinates": [ [ 102.945, 18.00416666666667 ], [ 102.919166666666669, 17.993333333333336 ] ] } },
{ "type": "Feature", "properties": { "COMID": 44024842, "id": "7111", "lengthkm": 5.8354785533998514, "order": 6, "uparea": 305558.05952095537 }, "geometry": { "type": "LineString", "coordinates": [ [ 102.994166666666672, 17.9925 ], [ 102.965833333333336, 18.00416666666667 ], [ 102.945, 18.00416666666667 ] ] } },
{ "type": "Feature", "properties": { "COMID": 44024841, "id": "7111", "lengthkm": 1.8080429015763571, "order": 6, "uparea": 305603.82691129914 }, "geometry": { "type": "LineString", "coordinates": [ [ 103.005, 17.980833333333337 ], [ 103.0025, 17.985 ], [ 102.994166666666672, 17.9925 ] ] } },
{ "type": "Feature", "properties": { "COMID": 44024840, "id": "7111", "lengthkm": 10.366806712278226, "order": 6, "uparea": 306929.34927031171 }, "geometry": { "type": "LineString", "coordinates": [ [ 103.070833333333326, 18.021666666666672 ], [ 103.051666666666662, 17.993333333333336 ], [ 103.035833333333329, 17.9775 ], [ 103.03, 17.974166666666672 ], [ 103.019166666666663, 17.971666666666671 ], [ 103.0125, 17.974166666666672 ], [ 103.005, 17.980833333333337 ] ] } },
{ "type": "Feature", "properties": { "COMID": 44023072, "id": "7111", "lengthkm": 13.290683565334211, "order": 6, "uparea": 311100.90935976984 }, "geometry": { "type": "LineString", "coordinates": [ [ 103.079166666666666, 18.12916666666667 ], [ 103.071666666666658, 18.1175 ], [ 103.069166666666661, 18.108333333333338 ], [ 103.07, 18.075 ], [ 103.080833333333331, 18.0525 ], [ 103.08, 18.0425 ], [ 103.070833333333326, 18.021666666666672 ] ] } },
{ "type": "Feature", "properties": { "COMID": 44023071, "id": "7111", "lengthkm": 2.9258707823606671, "order": 6, "uparea": 311155.25269934197 }, "geometry": { "type": "LineString", "coordinates": [ [ 103.100833333333327, 18.1425 ], [ 103.086666666666659, 18.135833333333338 ], [ 103.079166666666666, 18.12916666666667 ] ] } },
{ "type": "Feature", "properties": { "COMID": 44023068, "id": "7111", "lengthkm": 3.277958376160135, "order": 6, "uparea": 327914.95999326301 }, "geometry": { "type": "LineString", "coordinates": [ [ 103.125833333333333, 18.155833333333337 ], [ 103.100833333333327, 18.1425 ] ] } },
{ "type": "Feature", "properties": { "COMID": 44023067, "id": "7111", "lengthkm": 9.0743362222777755, "order": 6, "uparea": 328306.89124515519 }, "geometry": { "type": "LineString", "coordinates": [ [ 103.149166666666659, 18.220833333333339 ], [ 103.155, 18.2025 ], [ 103.153333333333336, 18.189166666666672 ], [ 103.148333333333326, 18.176666666666669 ], [ 103.139166666666668, 18.17 ], [ 103.138333333333335, 18.165 ], [ 103.135833333333323, 18.1625 ], [ 103.125833333333333, 18.155833333333337 ] ] } },
{ "type": "Feature", "properties": { "COMID": 44023065, "id": "7111", "lengthkm": 16.643778710102371, "order": 6, "uparea": 328455.3911188232 }, "geometry": { "type": "LineString", "coordinates": [ [ 103.265, 18.288333333333338 ], [ 103.24166666666666, 18.285 ], [ 103.231666666666669, 18.28 ], [ 103.226666666666659, 18.28 ], [ 103.208333333333329, 18.270833333333336 ], [ 103.186666666666667, 18.2675 ], [ 103.1775, 18.264166666666672 ], [ 103.170833333333334, 18.26 ], [ 103.161666666666662, 18.249166666666671 ], [ 103.149166666666659, 18.229166666666671 ], [ 103.149166666666659, 18.220833333333339 ] ] } },
{ "type": "Feature", "properties": { "COMID": 44023061, "id": "7111", "lengthkm": 14.400069636416054, "order": 6, "uparea": 328736.01932286337 }, "geometry": { "type": "LineString", "coordinates": [ [ 103.240833333333327, 18.3625 ], [ 103.240833333333327, 18.356666666666669 ], [ 103.25, 18.34 ], [ 103.25, 18.3375 ], [ 103.260833333333323, 18.334166666666672 ], [ 103.275833333333338, 18.3325 ], [ 103.289166666666659, 18.32416666666667 ], [ 103.294166666666669, 18.319166666666671 ], [ 103.295833333333334, 18.315 ], [ 103.293333333333337, 18.3025 ], [ 103.29, 18.299166666666672 ], [ 103.283333333333331, 18.295 ], [ 103.265, 18.288333333333338 ] ] } },
{ "type": "Feature", "properties": { "COMID": 44023058, "id": "7111", "lengthkm": 9.0840063849742787, "order": 6, "uparea": 330574.21584214288 }, "geometry": { "type": "LineString", "coordinates": [ [ 103.2925, 18.420833333333338 ], [ 103.273333333333326, 18.405 ], [ 103.26166666666667, 18.39 ], [ 103.260833333333323, 18.385 ], [ 103.243333333333325, 18.370833333333337 ], [ 103.240833333333327, 18.3625 ] ] } },
{ "type": "Feature", "properties": { "COMID": 44023055, "id": "7111", "lengthkm": 4.1534638388339893, "order": 6, "uparea": 330626.88943223876 }, "geometry": { "type": "LineString", "coordinates": [ [ 103.325833333333335, 18.43416666666667 ], [ 103.30916666666667, 18.433333333333337 ], [ 103.2925, 18.420833333333338 ] ] } },
{ "type": "Feature", "properties": { "COMID": 44023054, "id": "7111", "lengthkm": 0.87907676619080299, "order": 6, "uparea": 330758.81604826514 }, "geometry": { "type": "LineString", "coordinates": [ [ 103.334166666666661, 18.43416666666667 ], [ 103.325833333333335, 18.43416666666667 ] ] } },
{ "type": "Feature", "properties": { "COMID": 44023053, "id": "7111", "lengthkm": 3.1481158905457871, "order": 6, "uparea": 330876.81196196569 }, "geometry": { "type": "LineString", "coordinates": [ [ 103.3625, 18.4375 ], [ 103.334166666666661, 18.43416666666667 ] ] } },
{ "type": "Feature", "properties": { "COMID": 44023051, "id": "7111", "lengthkm": 4.6491207681774318, "order": 6, "uparea": 330918.71790171444 }, "geometry": { "type": "LineString", "coordinates": [ [ 103.401666666666671, 18.448333333333338 ], [ 103.393333333333331, 18.446666666666669 ], [ 103.379166666666663, 18.440833333333337 ], [ 103.365, 18.439166666666672 ], [ 103.3625, 18.4375 ] ] } },
{ "type": "Feature", "properties": { "COMID": 44023050, "id": "7111", "lengthkm": 4.4251864152774152, "order": 6, "uparea": 330969.87703330768 }, "geometry": { "type": "LineString", "coordinates": [ [ 103.438333333333333, 18.436666666666671 ], [ 103.424166666666665, 18.445 ], [ 103.416666666666657, 18.4475 ], [ 103.401666666666671, 18.448333333333338 ] ] } },
{ "type": "Feature", "properties": { "COMID": 44023048, "id": "7111", "lengthkm": 2.1961798294945369, "order": 6, "uparea": 331140.34576344391 }, "geometry": { "type": "LineString", "coordinates": [ [ 103.455, 18.4275 ], [ 103.438333333333333, 18.436666666666671 ] ] } },
{ "type": "Feature", "properties": { "COMID": 44023047, "id": "7111", "lengthkm": 14.543920189796751, "order": 6, "uparea": 331278.83971891092 }, "geometry": { "type": "LineString", "coordinates": [ [ 103.575, 18.404166666666672 ], [ 103.5675, 18.40666666666667 ], [ 103.55, 18.419166666666669 ], [ 103.5275, 18.426666666666669 ], [ 103.5025, 18.426666666666669 ], [ 103.498333333333335, 18.431666666666672 ], [ 103.484166666666667, 18.430833333333336 ], [ 103.480833333333337, 18.428333333333338 ], [ 103.463333333333338, 18.425 ], [ 103.455, 18.4275 ] ] } },
{ "type": "Feature", "properties": { "COMID": 44023046, "id": "7111", "lengthkm": 3.5003153364457402, "order": 6, "uparea": 331322.85342765524 }, "geometry": { "type": "LineString", "coordinates": [ [ 103.606666666666669, 18.404166666666672 ], [ 103.6, 18.405833333333337 ], [ 103.575, 18.404166666666672 ] ] } },
{ "type": "Feature", "properties": { "COMID": 44023044, "id": "7111", "lengthkm": 6.8194484736007501, "order": 6, "uparea": 335924.51290723967 }, "geometry": { "type": "LineString", "coordinates": [ [ 103.655833333333334, 18.373333333333338 ], [ 103.65, 18.3775 ], [ 103.648333333333326, 18.381666666666671 ], [ 103.643333333333331, 18.385833333333338 ], [ 103.6375, 18.38666666666667 ], [ 103.6175, 18.4 ], [ 103.606666666666669, 18.404166666666672 ] ] } },
{ "type": "Feature", "properties": { "COMID": 44023043, "id": "7111", "lengthkm": 4.6240607733029986, "order": 6, "uparea": 338171.96690395061 }, "geometry": { "type": "LineString", "coordinates": [ [ 103.688333333333333, 18.348333333333336 ], [ 103.67, 18.365 ], [ 103.661666666666662, 18.368333333333336 ], [ 103.655833333333334, 18.373333333333338 ] ] } },
{ "type": "Feature", "properties": { "COMID": 44023042, "id": "7111", "lengthkm": 8.4731277340098448, "order": 6, "uparea": 338236.50279226806 }, "geometry": { "type": "LineString", "coordinates": [ [ 103.763333333333335, 18.345 ], [ 103.7575, 18.345833333333339 ], [ 103.723333333333329, 18.341666666666672 ], [ 103.7025, 18.341666666666672 ], [ 103.695833333333326, 18.343333333333337 ], [ 103.688333333333333, 18.348333333333336 ] ] } },
{ "type": "Feature", "properties": { "COMID": 44023041, "id": "7111", "lengthkm": 3.5412648707298788, "order": 6, "uparea": 338462.91300282127 }, "geometry": { "type": "LineString", "coordinates": [ [ 103.795, 18.3425 ], [ 103.788333333333327, 18.34416666666667 ], [ 103.775833333333338, 18.343333333333337 ], [ 103.7725, 18.345 ], [ 103.763333333333335, 18.345 ] ] } },
{ "type": "Feature", "properties": { "COMID": 44023040, "id": "7111", "lengthkm": 4.4189631368618931, "order": 6, "uparea": 338503.65682882321 }, "geometry": { "type": "LineString", "coordinates": [ [ 103.830833333333331, 18.330833333333338 ], [ 103.821666666666658, 18.3375 ], [ 103.806666666666658, 18.343333333333337 ], [ 103.795, 18.3425 ] ] } },
{ "type": "Feature", "properties": { "COMID": 44023039, "id": "7111", "lengthkm": 4.0955016077540716, "order": 6, "uparea": 338600.86960825149 }, "geometry": { "type": "LineString", "coordinates": [ [ 103.846666666666664, 18.3 ], [ 103.838333333333338, 18.321666666666669 ], [ 103.830833333333331, 18.330833333333338 ] ] } },
{ "type": "Feature", "properties": { "COMID": 44023038, "id": "7111", "lengthkm": 4.8748533839054682, "order": 6, "uparea": 338653.15724336443 }, "geometry": { "type": "LineString", "coordinates": [ [ 103.881666666666661, 18.2925 ], [ 103.865833333333327, 18.2875 ], [ 103.855833333333337, 18.286666666666672 ], [ 103.850833333333327, 18.291666666666671 ], [ 103.846666666666664, 18.3 ] ] } },
{ "type": "Feature", "properties": { "COMID": 44023037, "id": "7111", "lengthkm": 9.4865214777800553, "order": 6, "uparea": 339004.3646849916 }, "geometry": { "type": "LineString", "coordinates": [ [ 103.949166666666656, 18.339166666666671 ], [ 103.94083333333333, 18.335 ], [ 103.9325, 18.335 ], [ 103.920833333333334, 18.328333333333337 ], [ 103.893333333333331, 18.300833333333337 ], [ 103.881666666666661, 18.2925 ] ] } },
{ "type": "Feature", "properties": { "COMID": 44023036, "id": "7111", "lengthkm": 2.6136353620388149, "order": 6, "uparea": 339264.69874062325 }, "geometry": { "type": "LineString", "coordinates": [ [ 103.971666666666664, 18.335833333333337 ], [ 103.964166666666671, 18.34 ], [ 103.949166666666656, 18.339166666666671 ] ] } },
{ "type": "Feature", "properties": { "COMID": 44023035, "id": "7111", "lengthkm": 3.4757516660999448, "order": 6, "uparea": 339309.00983634283 }, "geometry": { "type": "LineString", "coordinates": [ [ 103.994166666666658, 18.315 ], [ 103.983333333333334, 18.3275 ], [ 103.971666666666664, 18.335833333333337 ] ] } },
{ "type": "Feature", "properties": { "COMID": 44023034, "id": "7111", "lengthkm": 4.2360891320867049, "order": 6, "uparea": 354174.02388412156 }, "geometry": { "type": "LineString", "coordinates": [ [ 104.013333333333335, 18.284166666666671 ], [ 103.995, 18.31 ], [ 103.994166666666658, 18.315 ] ] } },
{ "type": "Feature", "properties": { "COMID": 44023033, "id": "7111", "lengthkm": 7.5812998813249193, "order": 6, "uparea": 354249.16120532743 }, "geometry": { "type": "LineString", "coordinates": [ [ 104.0525, 18.230833333333337 ], [ 104.041666666666657, 18.244166666666672 ], [ 104.0325, 18.2625 ], [ 104.013333333333335, 18.284166666666671 ] ] } },
{ "type": "Feature", "properties": { "COMID": 44023032, "id": "7111", "lengthkm": 12.53192976984386, "order": 6, "uparea": 354327.45457797311 }, "geometry": { "type": "LineString", "coordinates": [ [ 104.099166666666662, 18.135833333333338 ], [ 104.088333333333338, 18.16416666666667 ], [ 104.084166666666661, 18.17 ], [ 104.081666666666663, 18.179166666666671 ], [ 104.07, 18.198333333333338 ], [ 104.0675, 18.208333333333336 ], [ 104.061666666666667, 18.22 ], [ 104.0525, 18.230833333333337 ] ] } },
{ "type": "Feature", "properties": { "COMID": 44023031, "id": "7111", "lengthkm": 3.8059675928269359, "order": 6, "uparea": 354389.71777763928 }, "geometry": { "type": "LineString", "coordinates": [ [ 104.1125, 18.106666666666669 ], [ 104.106666666666669, 18.115833333333338 ], [ 104.099166666666662, 18.135833333333338 ] ] } },
{ "type": "Feature", "properties": { "COMID": 44024838, "id": "7111", "lengthkm": 5.7754319117880097, "order": 6, "uparea": 354530.34349992423 }, "geometry": { "type": "LineString", "coordinates": [ [ 104.148333333333326, 18.068333333333339 ], [ 104.1125, 18.106666666666669 ] ] } },
{ "type": "Feature", "properties": { "COMID": 44024836, "id": "7111", "lengthkm": 5.6481384699622001, "order": 6, "uparea": 355296.45658829727 }, "geometry": { "type": "LineString", "coordinates": [ [ 104.183333333333337, 18.030833333333337 ], [ 104.148333333333326, 18.068333333333339 ] ] } },
{ "type": "Feature", "properties": { "COMID": 44024835, "id": "7111", "lengthkm": 11.938984010766532, "order": 6, "uparea": 355414.56381744781 }, "geometry": { "type": "LineString", "coordinates": [ [ 104.24, 17.945 ], [ 104.225, 17.981666666666669 ], [ 104.215, 17.995833333333337 ], [ 104.183333333333337, 18.030833333333337 ] ] } },
{ "type": "Feature", "properties": { "COMID": 44024831, "id": "7111", "lengthkm": 1.729254404551732, "order": 6, "uparea": 355459.37212234049 }, "geometry": { "type": "LineString", "coordinates": [ [ 104.245833333333337, 17.931666666666672 ], [ 104.24, 17.945 ] ] } },
{ "type": "Feature", "properties": { "COMID": 44024830, "id": "7111", "lengthkm": 7.0674200652289416, "order": 6, "uparea": 355610.16109700612 }, "geometry": { "type": "LineString", "coordinates": [ [ 104.268333333333331, 17.876666666666672 ], [ 104.259166666666658, 17.896666666666672 ], [ 104.2525, 17.919166666666669 ], [ 104.245833333333337, 17.931666666666672 ] ] } },
{ "type": "Feature", "properties": { "COMID": 44024828, "id": "7111", "lengthkm": 6.5195125938749108, "order": 6, "uparea": 355736.20676343964 }, "geometry": { "type": "LineString", "coordinates": [ [ 104.311666666666667, 17.846666666666671 ], [ 104.301666666666662, 17.85166666666667 ], [ 104.291666666666657, 17.850833333333338 ], [ 104.281666666666666, 17.856666666666669 ], [ 104.2725, 17.866666666666671 ], [ 104.268333333333331, 17.876666666666672 ] ] } },
{ "type": "Feature", "properties": { "COMID": 44024827, "id": "7111", "lengthkm": 7.609479227107478, "order": 6, "uparea": 355834.10204345104 }, "geometry": { "type": "LineString", "coordinates": [ [ 104.364166666666662, 17.810833333333338 ], [ 104.355, 17.82416666666667 ], [ 104.3425, 17.834166666666672 ], [ 104.328333333333333, 17.841666666666672 ], [ 104.324166666666656, 17.845833333333339 ], [ 104.316666666666663, 17.8475 ], [ 104.311666666666667, 17.846666666666671 ] ] } },
{ "type": "Feature", "properties": { "COMID": 44024824, "id": "7111", "lengthkm": 0.31326817856556799, "order": 6, "uparea": 355866.53280047467 }, "geometry": { "type": "LineString", "coordinates": [ [ 104.365, 17.808333333333337 ], [ 104.364166666666662, 17.810833333333338 ] ] } },
{ "type": "Feature", "properties": { "COMID": 44024823, "id": "7111", "lengthkm": 11.622286426613, "order": 6, "uparea": 356036.25280400401 }, "geometry": { "type": "LineString", "coordinates": [ [ 104.415, 17.723333333333336 ], [ 104.405, 17.736666666666672 ], [ 104.4025, 17.7425 ], [ 104.395833333333329, 17.75 ], [ 104.385, 17.775833333333338 ], [ 104.37833333333333, 17.78166666666667 ], [ 104.374166666666667, 17.793333333333337 ], [ 104.368333333333325, 17.800833333333337 ], [ 104.365, 17.808333333333337 ] ] } },
{ "type": "Feature", "properties": { "COMID": 44024821, "id": "7111", "lengthkm": 3.384727200531743, "order": 6, "uparea": 356083.05619759584 }, "geometry": { "type": "LineString", "coordinates": [ [ 104.435833333333335, 17.700833333333339 ], [ 104.415, 17.723333333333336 ] ] } },
{ "type": "Feature", "properties": { "COMID": 44024820, "id": "7111", "lengthkm": 6.5447922430881524, "order": 6, "uparea": 356159.07301423408 }, "geometry": { "type": "LineString", "coordinates": [ [ 104.47, 17.655 ], [ 104.453333333333333, 17.674166666666672 ], [ 104.435833333333335, 17.700833333333339 ] ] } },
{ "type": "Feature", "properties": { "COMID": 44024819, "id": "7111", "lengthkm": 10.060549108525075, "order": 6, "uparea": 369423.16533902712 }, "geometry": { "type": "LineString", "coordinates": [ [ 104.545833333333334, 17.6125 ], [ 104.53, 17.619166666666672 ], [ 104.504166666666663, 17.635 ], [ 104.48833333333333, 17.641666666666669 ], [ 104.47, 17.655 ] ] } },
{ "type": "Feature", "properties": { "COMID": 44024817, "id": "7111", "lengthkm": 10.353622171673996, "order": 6, "uparea": 369504.34449988679 }, "geometry": { "type": "LineString", "coordinates": [ [ 104.624166666666667, 17.571666666666673 ], [ 104.615, 17.5725 ], [ 104.611666666666665, 17.575833333333339 ], [ 104.603333333333325, 17.579166666666669 ], [ 104.598333333333329, 17.585 ], [ 104.5925, 17.585833333333337 ], [ 104.589166666666671, 17.59 ], [ 104.545833333333334, 17.6125 ] ] } },
{ "type": "Feature", "properties": { "COMID": 44024816, "id": "7111", "lengthkm": 4.6538776307756651, "order": 6, "uparea": 371903.68473901221 }, "geometry": { "type": "LineString", "coordinates": [ [ 104.658333333333331, 17.55 ], [ 104.624166666666667, 17.571666666666673 ] ] } },
{ "type": "Feature", "properties": { "COMID": 44026699, "id": "7111", "lengthkm": 10.835414985897515, "order": 6, "uparea": 372730.02941848146 }, "geometry": { "type": "LineString", "coordinates": [ [ 104.728333333333325, 17.491666666666671 ], [ 104.7275, 17.4975 ], [ 104.724166666666662, 17.50416666666667 ], [ 104.699166666666656, 17.530833333333337 ], [ 104.674166666666665, 17.545 ], [ 104.658333333333331, 17.55 ] ] } },
{ "type": "Feature", "properties": { "COMID": 44026698, "id": "7111", "lengthkm": 3.509606716181056, "order": 6, "uparea": 372857.728380204 }, "geometry": { "type": "LineString", "coordinates": [ [ 104.743333333333325, 17.465833333333336 ], [ 104.733333333333334, 17.48 ], [ 104.728333333333325, 17.491666666666671 ] ] } },
{ "type": "Feature", "properties": { "COMID": 44026697, "id": "7111", "lengthkm": 15.0023363761144, "order": 6, "uparea": 373471.11426149507 }, "geometry": { "type": "LineString", "coordinates": [ [ 104.801666666666662, 17.3575 ], [ 104.801666666666662, 17.37916666666667 ], [ 104.799166666666665, 17.391666666666669 ], [ 104.794166666666669, 17.403333333333336 ], [ 104.778333333333336, 17.426666666666669 ], [ 104.755, 17.445833333333336 ], [ 104.745, 17.460833333333337 ], [ 104.743333333333325, 17.465833333333336 ] ] } },
{ "type": "Feature", "properties": { "COMID": 44026694, "id": "7111", "lengthkm": 0.99749465387084801, "order": 6, "uparea": 373512.39428626525 }, "geometry": { "type": "LineString", "coordinates": [ [ 104.803333333333327, 17.349166666666672 ], [ 104.801666666666662, 17.3575 ] ] } },
{ "type": "Feature", "properties": { "COMID": 44026693, "id": "7111", "lengthkm": 8.3943312329103694, "order": 6, "uparea": 373667.54436948977 }, "geometry": { "type": "LineString", "coordinates": [ [ 104.806666666666658, 17.2775 ], [ 104.805833333333325, 17.288333333333338 ], [ 104.808333333333337, 17.29666666666667 ], [ 104.808333333333337, 17.3125 ], [ 104.805833333333325, 17.32 ], [ 104.803333333333327, 17.349166666666672 ] ] } },
{ "type": "Feature", "properties": { "COMID": 44026690, "id": "7111", "lengthkm": 21.539378982515828, "order": 6, "uparea": 374307.68881848169 }, "geometry": { "type": "LineString", "coordinates": [ [ 104.775, 17.10166666666667 ], [ 104.778333333333336, 17.115 ], [ 104.7825, 17.12166666666667 ], [ 104.785, 17.13 ], [ 104.801666666666662, 17.165833333333339 ], [ 104.8025, 17.183333333333337 ], [ 104.805, 17.193333333333339 ], [ 104.80416666666666, 17.213333333333338 ], [ 104.813333333333333, 17.24 ], [ 104.813333333333333, 17.256666666666671 ], [ 104.811666666666667, 17.263333333333339 ], [ 104.8075, 17.2675 ], [ 104.806666666666658, 17.2775 ] ] } },
{ "type": "Feature", "properties": { "COMID": 44026686, "id": "7111", "lengthkm": 20.358914373488787, "order": 6, "uparea": 374719.72726369376 }, "geometry": { "type": "LineString", "coordinates": [ [ 104.735, 16.935833333333338 ], [ 104.733333333333334, 16.943333333333339 ], [ 104.734166666666667, 16.96916666666667 ], [ 104.7375, 16.9775 ], [ 104.736666666666665, 16.9825 ], [ 104.740833333333327, 16.998333333333338 ], [ 104.744166666666658, 17.0275 ], [ 104.74666666666667, 17.0325 ], [ 104.7475, 17.03916666666667 ], [ 104.770833333333329, 17.08666666666667 ], [ 104.775, 17.0975 ], [ 104.775, 17.10166666666667 ] ] } },
{ "type": "Feature", "properties": { "COMID": 44026683, "id": "7111", "lengthkm": 1.275759700444965, "order": 6, "uparea": 383213.78146304731 }, "geometry": { "type": "LineString", "coordinates": [ [ 104.735, 16.925 ], [ 104.735, 16.935833333333338 ] ] } },
{ "type": "Feature", "properties": { "COMID": 44028590, "id": "7111", "lengthkm": 6.8200111108357424, "order": 6, "uparea": 386760.27493359405 }, "geometry": { "type": "LineString", "coordinates": [ [ 104.754166666666663, 16.87166666666667 ], [ 104.749166666666667, 16.884166666666673 ], [ 104.748333333333335, 16.8925 ], [ 104.73833333333333, 16.909166666666671 ], [ 104.735, 16.925 ] ] } },
{ "type": "Feature", "properties": { "COMID": 44028586, "id": "7111", "lengthkm": 1.175784351931672, "order": 6, "uparea": 386867.16206813615 }, "geometry": { "type": "LineString", "coordinates": [ [ 104.76, 16.863333333333337 ], [ 104.754166666666663, 16.87166666666667 ] ] } },
{ "type": "Feature", "properties": { "COMID": 44028585, "id": "7111", "lengthkm": 7.4506090557132731, "order": 6, "uparea": 387582.15619644686 }, "geometry": { "type": "LineString", "coordinates": [ [ 104.74, 16.808333333333337 ], [ 104.74166666666666, 16.81666666666667 ], [ 104.744166666666658, 16.820833333333336 ], [ 104.7625, 16.8425 ], [ 104.764166666666668, 16.850833333333338 ], [ 104.76, 16.863333333333337 ] ] } },
{ "type": "Feature", "properties": { "COMID": 44028584, "id": "7111", "lengthkm": 3.2072822675441892, "order": 6, "uparea": 387624.30105986464 }, "geometry": { "type": "LineString", "coordinates": [ [ 104.745, 16.783333333333339 ], [ 104.739166666666662, 16.794166666666673 ], [ 104.739166666666662, 16.799166666666672 ], [ 104.740833333333327, 16.801666666666669 ], [ 104.74, 16.808333333333337 ] ] } },
{ "type": "Feature", "properties": { "COMID": 44028583, "id": "7111", "lengthkm": 4.2765499752525136, "order": 6, "uparea": 387657.62852080463 }, "geometry": { "type": "LineString", "coordinates": [ [ 104.755, 16.75 ], [ 104.751666666666665, 16.753333333333337 ], [ 104.743333333333325, 16.773333333333337 ], [ 104.745, 16.783333333333339 ] ] } },
{ "type": "Feature", "properties": { "COMID": 44028582, "id": "7111", "lengthkm": 1.660773006623091, "order": 6, "uparea": 387706.93897902704 }, "geometry": { "type": "LineString", "coordinates": [ [ 104.759166666666658, 16.736666666666672 ], [ 104.755, 16.75 ] ] } },
{ "type": "Feature", "properties": { "COMID": 44028581, "id": "7111", "lengthkm": 6.75733460088719, "order": 6, "uparea": 387756.14416959992 }, "geometry": { "type": "LineString", "coordinates": [ [ 104.759166666666658, 16.681666666666672 ], [ 104.7625, 16.690833333333337 ], [ 104.7625, 16.698333333333338 ], [ 104.765, 16.700833333333339 ], [ 104.766666666666666, 16.709166666666672 ], [ 104.765833333333333, 16.71916666666667 ], [ 104.760833333333323, 16.725833333333338 ], [ 104.759166666666658, 16.736666666666672 ] ] } },
{ "type": "Feature", "properties": { "COMID": 44028579, "id": "7111", "lengthkm": 4.5407186566495126, "order": 6, "uparea": 388044.37731601956 }, "geometry": { "type": "LineString", "coordinates": [ [ 104.748333333333335, 16.645 ], [ 104.7525, 16.665 ], [ 104.759166666666658, 16.681666666666672 ] ] } },
{ "type": "Feature", "properties": { "COMID": 44028578, "id": "7111", "lengthkm": 2.2525843718096579, "order": 6, "uparea": 388236.53494885529 }, "geometry": { "type": "LineString", "coordinates": [ [ 104.743333333333325, 16.626666666666672 ], [ 104.745833333333337, 16.64 ], [ 104.748333333333335, 16.645 ] ] } },
{ "type": "Feature", "properties": { "COMID": 44028577, "id": "7111", "lengthkm": 8.4328889780887764, "order": 6, "uparea": 389673.68883967696 }, "geometry": { "type": "LineString", "coordinates": [ [ 104.734166666666667, 16.555 ], [ 104.735, 16.5725 ], [ 104.739166666666662, 16.576666666666672 ], [ 104.739166666666662, 16.583333333333339 ], [ 104.7425, 16.59416666666667 ], [ 104.743333333333325, 16.626666666666672 ] ] } },
{ "type": "Feature", "properties": { "COMID": 44028574, "id": "7111", "lengthkm": 3.9070306316728289, "order": 6, "uparea": 390236.39223313646 }, "geometry": { "type": "LineString", "coordinates": [ [ 104.745833333333337, 16.525 ], [ 104.740833333333327, 16.535833333333336 ], [ 104.73833333333333, 16.550833333333337 ], [ 104.734166666666667, 16.555 ] ] } },
{ "type": "Feature", "properties": { "COMID": 44028573, "id": "7111", "lengthkm": 5.4362945027530039, "order": 6, "uparea": 390371.09644624952 }, "geometry": { "type": "LineString", "coordinates": [ [ 104.78, 16.491666666666671 ], [ 104.768333333333331, 16.499166666666671 ], [ 104.755, 16.5125 ], [ 104.745833333333337, 16.525 ] ] } },
{ "type": "Feature", "properties": { "COMID": 44028569, "id": "7111", "lengthkm": 3.762248407651315, "order": 6, "uparea": 390821.0663709488 }, "geometry": { "type": "LineString", "coordinates": [ [ 104.8075, 16.474166666666672 ], [ 104.789166666666659, 16.48416666666667 ], [ 104.78, 16.491666666666671 ] ] } },
{ "type": "Feature", "properties": { "COMID": 44028568, "id": "7111", "lengthkm": 4.1868236102014187, "order": 6, "uparea": 390879.50345590687 }, "geometry": { "type": "LineString", "coordinates": [ [ 104.840833333333336, 16.460833333333337 ], [ 104.828333333333333, 16.4675 ], [ 104.8075, 16.474166666666672 ] ] } },
{ "type": "Feature", "properties": { "COMID": 44028567, "id": "7111", "lengthkm": 6.9204207113160594, "order": 6, "uparea": 390971.69724743452 }, "geometry": { "type": "LineString", "coordinates": [ [ 104.869166666666658, 16.41 ], [ 104.8575, 16.435833333333338 ], [ 104.853333333333325, 16.44166666666667 ], [ 104.850833333333327, 16.450833333333339 ], [ 104.840833333333336, 16.460833333333337 ] ] } },
{ "type": "Feature", "properties": { "COMID": 44028566, "id": "7111", "lengthkm": 3.1730641071308909, "order": 6, "uparea": 391014.2841937858 }, "geometry": { "type": "LineString", "coordinates": [ [ 104.87833333333333, 16.385 ], [ 104.869166666666658, 16.41 ] ] } },
{ "type": "Feature", "properties": { "COMID": 44028565, "id": "7111", "lengthkm": 4.3077724971399602, "order": 6, "uparea": 391095.26307385851 }, "geometry": { "type": "LineString", "coordinates": [ [ 104.896666666666661, 16.353333333333339 ], [ 104.888333333333335, 16.363333333333337 ], [ 104.88, 16.378333333333337 ], [ 104.87833333333333, 16.385 ] ] } },
{ "type": "Feature", "properties": { "COMID": 44028564, "id": "7111", "lengthkm": 1.8868359154900081, "order": 6, "uparea": 392612.91041252849 }, "geometry": { "type": "LineString", "coordinates": [ [ 104.909166666666664, 16.341666666666672 ], [ 104.896666666666661, 16.353333333333339 ] ] } },
{ "type": "Feature", "properties": { "COMID": 44030689, "id": "7111", "lengthkm": 3.9517933105070759, "order": 6, "uparea": 392726.30191235157 }, "geometry": { "type": "LineString", "coordinates": [ [ 104.939166666666665, 16.325833333333339 ], [ 104.935833333333335, 16.326666666666672 ], [ 104.919166666666669, 16.338333333333338 ], [ 104.913333333333327, 16.339166666666671 ], [ 104.909166666666664, 16.341666666666672 ] ] } },
{ "type": "Feature", "properties": { "COMID": 44030688, "id": "7111", "lengthkm": 4.9992001265006767, "order": 6, "uparea": 392803.74609007029 }, "geometry": { "type": "LineString", "coordinates": [ [ 104.974166666666662, 16.299166666666672 ], [ 104.960833333333326, 16.310833333333338 ], [ 104.9575, 16.311666666666671 ], [ 104.939166666666665, 16.325833333333339 ] ] } },
{ "type": "Feature", "properties": { "COMID": 44030687, "id": "7111", "lengthkm": 3.2954386854623401, "order": 6, "uparea": 393035.87768727174 }, "geometry": { "type": "LineString", "coordinates": [ [ 104.98833333333333, 16.275 ], [ 104.9875, 16.283333333333339 ], [ 104.983333333333334, 16.29 ], [ 104.974166666666662, 16.299166666666672 ] ] } },
{ "type": "Feature", "properties": { "COMID": 44030685, "id": "7111", "lengthkm": 7.8363477355504054, "order": 6, "uparea": 393222.08030857146 }, "geometry": { "type": "LineString", "coordinates": [ [ 105.025, 16.21916666666667 ], [ 105.020833333333329, 16.228333333333339 ], [ 105.018333333333331, 16.239166666666669 ], [ 105.013333333333335, 16.245833333333337 ], [ 104.99666666666667, 16.26166666666667 ], [ 104.98833333333333, 16.275 ] ] } },
{ "type": "Feature", "properties": { "COMID": 44030684, "id": "7111", "lengthkm": 4.9306987024526814, "order": 6, "uparea": 393296.46681701479 }, "geometry": { "type": "LineString", "coordinates": [ [ 105.033333333333331, 16.179166666666671 ], [ 105.025833333333338, 16.186666666666671 ], [ 105.026666666666671, 16.2075 ], [ 105.025, 16.21916666666667 ] ] } },
{ "type": "Feature", "properties": { "COMID": 44030682, "id": "7111", "lengthkm": 3.807717203585598, "order": 6, "uparea": 393389.15238517401 }, "geometry": { "type": "LineString", "coordinates": [ [ 105.035, 16.1475 ], [ 105.036666666666662, 16.170833333333338 ], [ 105.033333333333331, 16.179166666666671 ] ] } },
{ "type": "Feature", "properties": { "COMID": 44030680, "id": "7111", "lengthkm": 2.6958351908220828, "order": 6, "uparea": 393519.11303433776 }, "geometry": { "type": "LineString", "coordinates": [ [ 105.041666666666657, 16.125833333333336 ], [ 105.035, 16.1475 ] ] } },
{ "type": "Feature", "properties": { "COMID": 44030679, "id": "7111", "lengthkm": 0.27798728234431902, "order": 6, "uparea": 393583.7308976989 }, "geometry": { "type": "LineString", "coordinates": [ [ 105.041666666666657, 16.123333333333338 ], [ 105.041666666666657, 16.125833333333336 ] ] } },
{ "type": "Feature", "properties": { "COMID": 44030678, "id": "7111", "lengthkm": 7.040519777615672, "order": 6, "uparea": 394322.49359612953 }, "geometry": { "type": "LineString", "coordinates": [ [ 105.091666666666669, 16.09083333333334 ], [ 105.081666666666663, 16.09416666666667 ], [ 105.066666666666663, 16.11 ], [ 105.056666666666658, 16.114166666666669 ], [ 105.05083333333333, 16.119166666666672 ], [ 105.044166666666669, 16.12 ], [ 105.041666666666657, 16.123333333333338 ] ] } },
{ "type": "Feature", "properties": { "COMID": 44030677, "id": "7111", "lengthkm": 4.1836810882891751, "order": 6, "uparea": 394415.7820813983 }, "geometry": { "type": "LineString", "coordinates": [ [ 105.1275, 16.083333333333339 ], [ 105.101666666666659, 16.09 ], [ 105.091666666666669, 16.09083333333334 ] ] } },
{ "type": "Feature", "properties": { "COMID": 44030676, "id": "7111", "lengthkm": 11.630573900643187, "order": 6, "uparea": 394578.67324776185 }, "geometry": { "type": "LineString", "coordinates": [ [ 105.220833333333331, 16.048333333333339 ], [ 105.198333333333323, 16.054166666666671 ], [ 105.150833333333338, 16.07416666666667 ], [ 105.140833333333333, 16.076666666666672 ], [ 105.1275, 16.083333333333339 ] ] } },
{ "type": "Feature", "properties": { "COMID": 44030675, "id": "7111", "lengthkm": 3.1360560609823298, "order": 6, "uparea": 394629.23023560701 }, "geometry": { "type": "LineString", "coordinates": [ [ 105.248333333333335, 16.044166666666673 ], [ 105.23, 16.045833333333338 ], [ 105.220833333333331, 16.048333333333339 ] ] } },
{ "type": "Feature", "properties": { "COMID": 44030674, "id": "7111", "lengthkm": 0.53431923603382503, "order": 6, "uparea": 394974.92184595298 }, "geometry": { "type": "LineString", "coordinates": [ [ 105.25333333333333, 16.044166666666673 ], [ 105.248333333333335, 16.044166666666673 ] ] } },
{ "type": "Feature", "properties": { "COMID": 44030673, "id": "7111", "lengthkm": 19.332391134990086, "order": 6, "uparea": 415040.85949972452 }, "geometry": { "type": "LineString", "coordinates": [ [ 105.418333333333322, 16.01166666666667 ], [ 105.415833333333325, 16.015 ], [ 105.4025, 16.018333333333338 ], [ 105.36333333333333, 16.021666666666672 ], [ 105.359166666666667, 16.026666666666671 ], [ 105.3475, 16.030833333333337 ], [ 105.313333333333333, 16.0325 ], [ 105.3075, 16.035833333333336 ], [ 105.290833333333325, 16.04 ], [ 105.263333333333335, 16.044166666666673 ], [ 105.25333333333333, 16.044166666666673 ] ] } },
{ "type": "Feature", "properties": { "COMID": 44030672, "id": "7111", "lengthkm": 2.6853853031666501, "order": 6, "uparea": 415085.11084875016 }, "geometry": { "type": "LineString", "coordinates": [ [ 105.42583333333333, 15.9925 ], [ 105.42583333333333, 15.9975 ], [ 105.423333333333332, 16.001666666666672 ], [ 105.424166666666665, 16.005833333333339 ], [ 105.42, 16.0075 ], [ 105.418333333333322, 16.01166666666667 ] ] } },
{ "type": "Feature", "properties": { "COMID": 44030671, "id": "7111", "lengthkm": 14.669554517081609, "order": 6, "uparea": 416533.82769555744 }, "geometry": { "type": "LineString", "coordinates": [ [ 105.3425, 15.925 ], [ 105.345833333333331, 15.926666666666669 ], [ 105.348333333333329, 15.93416666666667 ], [ 105.355833333333322, 15.94166666666667 ], [ 105.358333333333334, 15.94916666666667 ], [ 105.36333333333333, 15.954166666666673 ], [ 105.36333333333333, 15.958333333333339 ], [ 105.365833333333327, 15.963333333333338 ], [ 105.374166666666667, 15.974166666666672 ], [ 105.375833333333333, 15.979166666666671 ], [ 105.375, 15.981666666666673 ], [ 105.38, 15.986666666666672 ], [ 105.383333333333326, 15.985833333333339 ], [ 105.386666666666656, 15.9875 ], [ 105.390833333333333, 15.9925 ], [ 105.41, 15.9875 ], [ 105.42, 15.986666666666672 ], [ 105.42583333333333, 15.9925 ] ] } },
{ "type": "Feature", "properties": { "COMID": 44030670, "id": "7111", "lengthkm": 6.9825276012801352, "order": 6, "uparea": 416637.50142997247 }, "geometry": { "type": "LineString", "coordinates": [ [ 105.36666666666666, 15.8775 ], [ 105.360833333333332, 15.89 ], [ 105.355, 15.8975 ], [ 105.355, 15.901666666666671 ], [ 105.3525, 15.904166666666672 ], [ 105.3525, 15.90666666666667 ], [ 105.344166666666666, 15.910833333333336 ], [ 105.34, 15.915833333333339 ], [ 105.339166666666671, 15.92 ], [ 105.341666666666669, 15.92166666666667 ], [ 105.3425, 15.925 ] ] } },
{ "type": "Feature", "properties": { "COMID": 44030669, "id": "7111", "lengthkm": 2.7115736226322231, "order": 6, "uparea": 416966.16574216343 }, "geometry": { "type": "LineString", "coordinates": [ [ 105.374166666666667, 15.856666666666673 ], [ 105.369166666666658, 15.870833333333337 ], [ 105.36666666666666, 15.873333333333338 ], [ 105.36666666666666, 15.8775 ] ] } },
{ "type": "Feature", "properties": { "COMID": 44030668, "id": "7111", "lengthkm": 6.8550913847108044, "order": 6, "uparea": 417361.63109449687 }, "geometry": { "type": "LineString", "coordinates": [ [ 105.3925, 15.805833333333339 ], [ 105.39, 15.80916666666667 ], [ 105.390833333333333, 15.8125 ], [ 105.389166666666668, 15.815833333333337 ], [ 105.391666666666666, 15.820833333333336 ], [ 105.389166666666668, 15.829166666666673 ], [ 105.386666666666656, 15.835 ], [ 105.38, 15.841666666666672 ], [ 105.380833333333328, 15.843333333333337 ], [ 105.374166666666667, 15.856666666666673 ] ] } },
{ "type": "Feature", "properties": { "COMID": 44032563, "id": "7111", "lengthkm": 11.743919731675337, "order": 6, "uparea": 417689.19630482985 }, "geometry": { "type": "LineString", "coordinates": [ [ 105.460833333333326, 15.74666666666667 ], [ 105.443333333333328, 15.753333333333337 ], [ 105.439166666666665, 15.7575 ], [ 105.433333333333337, 15.7575 ], [ 105.420833333333334, 15.7725 ], [ 105.419166666666669, 15.7775 ], [ 105.420833333333334, 15.788333333333338 ], [ 105.413333333333327, 15.794166666666673 ], [ 105.401666666666671, 15.795 ], [ 105.394166666666663, 15.801666666666669 ], [ 105.3925, 15.805833333333339 ] ] } },
{ "type": "Feature", "properties": { "COMID": 44032562, "id": "7111", "lengthkm": 1.1884936864974389, "order": 6, "uparea": 417775.39995226712 }, "geometry": { "type": "LineString", "coordinates": [ [ 105.470833333333331, 15.7475 ], [ 105.4675, 15.745833333333337 ], [ 105.460833333333326, 15.74666666666667 ] ] } },
{ "type": "Feature", "properties": { "COMID": 44030667, "id": "7111", "lengthkm": 3.5600588293960862, "order": 6, "uparea": 417813.80430900725 }, "geometry": { "type": "LineString", "coordinates": [ [ 105.495, 15.765833333333337 ], [ 105.475, 15.753333333333337 ], [ 105.470833333333331, 15.7475 ] ] } },
{ "type": "Feature", "properties": { "COMID": 44030666, "id": "7111", "lengthkm": 7.3313763007952586, "order": 6, "uparea": 417935.20883478748 }, "geometry": { "type": "LineString", "coordinates": [ [ 105.55083333333333, 15.75 ], [ 105.545833333333334, 15.750833333333336 ], [ 105.539166666666659, 15.748333333333338 ], [ 105.534166666666664, 15.748333333333338 ], [ 105.5225, 15.756666666666671 ], [ 105.515833333333333, 15.756666666666671 ], [ 105.511666666666656, 15.764166666666672 ], [ 105.508333333333326, 15.766666666666673 ], [ 105.498333333333335, 15.7675 ], [ 105.495, 15.765833333333337 ] ] } },
{ "type": "Feature", "properties": { "COMID": 44032561, "id": "7111", "lengthkm": 6.1261758906182813, "order": 6, "uparea": 418010.98542558437 }, "geometry": { "type": "LineString", "coordinates": [ [ 105.594166666666666, 15.725833333333338 ], [ 105.588333333333338, 15.729166666666671 ], [ 105.585, 15.729166666666671 ], [ 105.574166666666656, 15.73416666666667 ], [ 105.5725, 15.733333333333338 ], [ 105.560833333333335, 15.738333333333337 ], [ 105.555833333333325, 15.7475 ], [ 105.55083333333333, 15.75 ] ] } },
{ "type": "Feature", "properties": { "COMID": 44032560, "id": "7111", "lengthkm": 0.82146991214974296, "order": 6, "uparea": 418052.6074128421 }, "geometry": { "type": "LineString", "coordinates": [ [ 105.6, 15.721666666666671 ], [ 105.594166666666666, 15.725833333333338 ] ] } },
{ "type": "Feature", "properties": { "COMID": 44032559, "id": "7111", "lengthkm": 6.8820856453843664, "order": 6, "uparea": 418158.87940400961 }, "geometry": { "type": "LineString", "coordinates": [ [ 105.63, 15.673333333333339 ], [ 105.625, 15.680833333333339 ], [ 105.61666666666666, 15.685833333333338 ], [ 105.609166666666667, 15.694166666666671 ], [ 105.605833333333322, 15.701666666666672 ], [ 105.603333333333325, 15.71583333333334 ], [ 105.6, 15.721666666666671 ] ] } },
{ "type": "Feature", "properties": { "COMID": 44032558, "id": "7111", "lengthkm": 4.6941528494834142, "order": 6, "uparea": 418246.66548434849 }, "geometry": { "type": "LineString", "coordinates": [ [ 105.636666666666656, 15.635 ], [ 105.636666666666656, 15.655 ], [ 105.63, 15.673333333333339 ] ] } },
{ "type": "Feature", "properties": { "COMID": 44032557, "id": "7111", "lengthkm": 9.4040646602464602, "order": 6, "uparea": 418384.44115132728 }, "geometry": { "type": "LineString", "coordinates": [ [ 105.6225, 15.55916666666667 ], [ 105.625, 15.564166666666672 ], [ 105.625833333333333, 15.573333333333338 ], [ 105.62833333333333, 15.58 ], [ 105.62833333333333, 15.59 ], [ 105.626666666666665, 15.591666666666672 ], [ 105.626666666666665, 15.595833333333339 ], [ 105.62833333333333, 15.598333333333336 ], [ 105.6275, 15.6025 ], [ 105.63, 15.614166666666673 ], [ 105.636666666666656, 15.630833333333339 ], [ 105.636666666666656, 15.635 ] ] } },
{ "type": "Feature", "properties": { "COMID": 44032556, "id": "7111", "lengthkm": 7.1617974177545749, "order": 6, "uparea": 418482.58416972216 }, "geometry": { "type": "LineString", "coordinates": [ [ 105.5925, 15.508333333333336 ], [ 105.5925, 15.51166666666667 ], [ 105.603333333333325, 15.530833333333337 ], [ 105.604166666666657, 15.5375 ], [ 105.6075, 15.541666666666671 ], [ 105.6075, 15.545 ], [ 105.6125, 15.551666666666673 ], [ 105.6225, 15.55916666666667 ] ] } },
{ "type": "Feature", "properties": { "COMID": 44032555, "id": "7111", "lengthkm": 3.860780554548044, "order": 6, "uparea": 418872.66791673953 }, "geometry": { "type": "LineString", "coordinates": [ [ 105.6025, 15.4775 ], [ 105.599166666666662, 15.4925 ], [ 105.5925, 15.508333333333336 ] ] } },
{ "type": "Feature", "properties": { "COMID": 44032554, "id": "7111", "lengthkm": 5.9149517478404823, "order": 6, "uparea": 418927.5205977349 }, "geometry": { "type": "LineString", "coordinates": [ [ 105.593333333333334, 15.429166666666671 ], [ 105.598333333333329, 15.446666666666673 ], [ 105.596666666666664, 15.455833333333338 ], [ 105.5975, 15.46166666666667 ], [ 105.6025, 15.470833333333339 ], [ 105.6025, 15.4775 ] ] } },
{ "type": "Feature", "properties": { "COMID": 44032553, "id": "7111", "lengthkm": 4.5089316563647088, "order": 6, "uparea": 419096.64397862292 }, "geometry": { "type": "LineString", "coordinates": [ [ 105.5675, 15.4025 ], [ 105.578333333333333, 15.408333333333339 ], [ 105.584166666666661, 15.413333333333338 ], [ 105.593333333333334, 15.429166666666671 ] ] } },
{ "type": "Feature", "properties": { "COMID": 44032552, "id": "7111", "lengthkm": 15.023703014765699, "order": 6, "uparea": 419241.67748078407 }, "geometry": { "type": "LineString", "coordinates": [ [ 105.466666666666669, 15.3475 ], [ 105.4675, 15.353333333333339 ], [ 105.4725, 15.360833333333339 ], [ 105.475, 15.368333333333339 ], [ 105.493333333333325, 15.38666666666667 ], [ 105.499166666666667, 15.38666666666667 ], [ 105.500833333333333, 15.388333333333339 ], [ 105.505, 15.3875 ], [ 105.509166666666658, 15.390833333333337 ], [ 105.515833333333333, 15.391666666666673 ], [ 105.5325, 15.391666666666673 ], [ 105.535833333333329, 15.388333333333339 ], [ 105.538333333333327, 15.388333333333339 ], [ 105.545, 15.394166666666671 ], [ 105.555833333333325, 15.398333333333337 ], [ 105.558333333333337, 15.3975 ], [ 105.5625, 15.39916666666667 ], [ 105.565, 15.4025 ], [ 105.5675, 15.4025 ] ] } },
{ "type": "Feature", "properties": { "COMID": 44032551, "id": "7111", "lengthkm": 6.1905031496791816, "order": 6, "uparea": 419519.03324185451 }, "geometry": { "type": "LineString", "coordinates": [ [ 105.509166666666658, 15.3225 ], [ 105.506666666666661, 15.32416666666667 ], [ 105.494166666666658, 15.32416666666667 ], [ 105.486666666666665, 15.330833333333338 ], [ 105.474166666666662, 15.335 ], [ 105.47, 15.339166666666671 ], [ 105.466666666666669, 15.3475 ] ] } },
{ "type": "Feature", "properties": { "COMID": 44032550, "id": "7111", "lengthkm": 1.1011601189583251, "order": 7, "uparea": 538968.56994953356 }, "geometry": { "type": "LineString", "coordinates": [ [ 105.518333333333331, 15.321666666666673 ], [ 105.514166666666668, 15.321666666666673 ], [ 105.511666666666656, 15.323333333333338 ], [ 105.509166666666658, 15.3225 ] ] } },
{ "type": "Feature", "properties": { "COMID": 44032549, "id": "7111", "lengthkm": 18.293844985737408, "order": 7, "uparea": 539110.67568937177 }, "geometry": { "type": "LineString", "coordinates": [ [ 105.655833333333334, 15.283333333333339 ], [ 105.648333333333326, 15.294166666666673 ], [ 105.625833333333333, 15.311666666666671 ], [ 105.615, 15.323333333333338 ], [ 105.596666666666664, 15.334166666666672 ], [ 105.5825, 15.3325 ], [ 105.566666666666663, 15.325 ], [ 105.553333333333327, 15.321666666666673 ], [ 105.549166666666665, 15.321666666666673 ], [ 105.544166666666669, 15.32416666666667 ], [ 105.520833333333329, 15.323333333333338 ], [ 105.518333333333331, 15.321666666666673 ] ] } },
{ "type": "Feature", "properties": { "COMID": 44032548, "id": "7111", "lengthkm": 6.7260434614188753, "order": 7, "uparea": 539191.93427529593 }, "geometry": { "type": "LineString", "coordinates": [ [ 105.660833333333329, 15.229166666666671 ], [ 105.660833333333329, 15.238333333333337 ], [ 105.655, 15.245 ], [ 105.654166666666669, 15.249166666666671 ], [ 105.655833333333334, 15.2675 ], [ 105.658333333333331, 15.273333333333337 ], [ 105.655833333333334, 15.283333333333339 ] ] } },
{ "type": "Feature", "properties": { "COMID": 44032547, "id": "7111", "lengthkm": 9.4038607104341505, "order": 7, "uparea": 539334.73253831593 }, "geometry": { "type": "LineString", "coordinates": [ [ 105.719166666666666, 15.175 ], [ 105.716666666666669, 15.175 ], [ 105.711666666666659, 15.18 ], [ 105.706666666666663, 15.180833333333339 ], [ 105.688333333333333, 15.1925 ], [ 105.680833333333325, 15.2 ], [ 105.678333333333327, 15.2075 ], [ 105.670833333333334, 15.215 ], [ 105.660833333333329, 15.229166666666671 ] ] } },
{ "type": "Feature", "properties": { "COMID": 44034391, "id": "7111", "lengthkm": 3.6562463018587059, "order": 7, "uparea": 539385.37754451192 }, "geometry": { "type": "LineString", "coordinates": [ [ 105.730833333333322, 15.146666666666672 ], [ 105.719166666666666, 15.166666666666671 ], [ 105.719166666666666, 15.175 ] ] } },
{ "type": "Feature", "properties": { "COMID": 44034390, "id": "7111", "lengthkm": 8.2952785405289902, "order": 7, "uparea": 539884.48869209224 }, "geometry": { "type": "LineString", "coordinates": [ [ 105.79, 15.11 ], [ 105.776666666666671, 15.116666666666671 ], [ 105.770833333333329, 15.123333333333338 ], [ 105.769166666666663, 15.1275 ], [ 105.76, 15.13666666666667 ], [ 105.7525, 15.141666666666673 ], [ 105.745, 15.1425 ], [ 105.739166666666662, 15.145833333333339 ], [ 105.730833333333322, 15.146666666666672 ] ] } },
{ "type": "Feature", "properties": { "COMID": 44034389, "id": "7111", "lengthkm": 0.34705786836671598, "order": 7, "uparea": 547208.85894784529 }, "geometry": { "type": "LineString", "coordinates": [ [ 105.7925, 15.108333333333338 ], [ 105.79, 15.11 ] ] } },
{ "type": "Feature", "properties": { "COMID": 44034388, "id": "7111", "lengthkm": 10.909880596885063, "order": 7, "uparea": 547392.19473485998 }, "geometry": { "type": "LineString", "coordinates": [ [ 105.851666666666659, 15.048333333333339 ], [ 105.8325, 15.065 ], [ 105.828333333333333, 15.07416666666667 ], [ 105.829166666666666, 15.088333333333338 ], [ 105.825, 15.098333333333336 ], [ 105.82, 15.1025 ], [ 105.810833333333335, 15.106666666666673 ], [ 105.795833333333334, 15.106666666666673 ], [ 105.7925, 15.108333333333338 ] ] } },
{ "type": "Feature", "properties": { "COMID": 44034387, "id": "7111", "lengthkm": 2.7427309619384261, "order": 7, "uparea": 547437.3578680146 }, "geometry": { "type": "LineString", "coordinates": [ [ 105.86666666666666, 15.03 ], [ 105.8625, 15.035 ], [ 105.861666666666665, 15.03916666666667 ], [ 105.851666666666659, 15.048333333333339 ] ] } },
{ "type": "Feature", "properties": { "COMID": 44034386, "id": "7111", "lengthkm": 5.0468617343611646, "order": 7, "uparea": 547529.7994394683 }, "geometry": { "type": "LineString", "coordinates": [ [ 105.891666666666666, 14.999166666666671 ], [ 105.8825, 15.00416666666667 ], [ 105.879166666666663, 15.00416666666667 ], [ 105.870833333333337, 15.013333333333339 ], [ 105.86666666666666, 15.03 ] ] } },
{ "type": "Feature", "properties": { "COMID": 44034385, "id": "7111", "lengthkm": 4.6038950478733769, "order": 7, "uparea": 547561.72629035206 }, "geometry": { "type": "LineString", "coordinates": [ [ 105.896666666666661, 14.961666666666673 ], [ 105.8975, 14.9675 ], [ 105.895, 14.970833333333339 ], [ 105.895833333333329, 14.9925 ], [ 105.891666666666666, 14.999166666666671 ] ] } },
{ "type": "Feature", "properties": { "COMID": 44034384, "id": "7111", "lengthkm": 0.87014263447644102, "order": 7, "uparea": 548061.96316222788 }, "geometry": { "type": "LineString", "coordinates": [ [ 105.895833333333329, 14.954166666666673 ], [ 105.896666666666661, 14.961666666666673 ] ] } },
{ "type": "Feature", "properties": { "COMID": 44034383, "id": "7111", "lengthkm": 2.7551850177088331, "order": 7, "uparea": 548102.69587618939 }, "geometry": { "type": "LineString", "coordinates": [ [ 105.9, 14.931666666666672 ], [ 105.898333333333326, 14.935833333333338 ], [ 105.899166666666659, 14.943333333333339 ], [ 105.895833333333329, 14.954166666666673 ] ] } },
{ "type": "Feature", "properties": { "COMID": 44034382, "id": "7111", "lengthkm": 9.2967171364137027, "order": 7, "uparea": 548237.02037013462 }, "geometry": { "type": "LineString", "coordinates": [ [ 105.879166666666663, 14.8575 ], [ 105.880833333333328, 14.87 ], [ 105.88, 14.874166666666671 ], [ 105.881666666666661, 14.87583333333334 ], [ 105.880833333333328, 14.878333333333337 ], [ 105.8825, 14.88 ], [ 105.883333333333326, 14.88666666666667 ], [ 105.8925, 14.910833333333336 ], [ 105.8975, 14.916666666666671 ], [ 105.9, 14.931666666666672 ] ] } },
{ "type": "Feature", "properties": { "COMID": 44034381, "id": "7111", "lengthkm": 4.2539893401734883, "order": 7, "uparea": 548281.74714352842 }, "geometry": { "type": "LineString", "coordinates": [ [ 105.885833333333323, 14.8225 ], [ 105.880833333333328, 14.835833333333337 ], [ 105.881666666666661, 14.8375 ], [ 105.88, 14.839166666666671 ], [ 105.879166666666663, 14.8575 ] ] } },
{ "type": "Feature", "properties": { "COMID": 44034380, "id": "7111", "lengthkm": 2.6089025774229251, "order": 7, "uparea": 548324.09133450966 }, "geometry": { "type": "LineString", "coordinates": [ [ 105.901666666666671, 14.806666666666672 ], [ 105.895833333333329, 14.81 ], [ 105.888333333333335, 14.8175 ], [ 105.885833333333323, 14.8225 ] ] } },
{ "type": "Feature", "properties": { "COMID": 44034379, "id": "7111", "lengthkm": 0.48723013814006499, "order": 7, "uparea": 548397.40855983726 }, "geometry": { "type": "LineString", "coordinates": [ [ 105.905833333333334, 14.805833333333339 ], [ 105.901666666666671, 14.806666666666672 ] ] } },
{ "type": "Feature", "properties": { "COMID": 44034378, "id": "7111", "lengthkm": 0.56583564383006602, "order": 7, "uparea": 548763.10131903994 }, "geometry": { "type": "LineString", "coordinates": [ [ 105.91, 14.803333333333338 ], [ 105.905833333333334, 14.805833333333339 ] ] } },
{ "type": "Feature", "properties": { "COMID": 44034377, "id": "7111", "lengthkm": 2.9201370555840871, "order": 7, "uparea": 548805.01560535026 }, "geometry": { "type": "LineString", "coordinates": [ [ 105.9275, 14.78583333333334 ], [ 105.924166666666665, 14.7925 ], [ 105.92, 14.79666666666667 ], [ 105.91, 14.803333333333338 ] ] } },
{ "type": "Feature", "properties": { "COMID": 44034376, "id": "7111", "lengthkm": 2.5701871087897712, "order": 7, "uparea": 548997.50883995183 }, "geometry": { "type": "LineString", "coordinates": [ [ 105.933333333333337, 14.765 ], [ 105.933333333333337, 14.7725 ], [ 105.9275, 14.78583333333334 ] ] } },
{ "type": "Feature", "properties": { "COMID": 44034375, "id": "7111", "lengthkm": 3.6216563783216018, "order": 7, "uparea": 549070.94856472092 }, "geometry": { "type": "LineString", "coordinates": [ [ 105.9225, 14.736666666666672 ], [ 105.92916666666666, 14.75 ], [ 105.933333333333337, 14.765 ] ] } },
{ "type": "Feature", "properties": { "COMID": 44034374, "id": "7111", "lengthkm": 0.406894902612225, "order": 7, "uparea": 549180.9988458869 }, "geometry": { "type": "LineString", "coordinates": [ [ 105.923333333333332, 14.733333333333338 ], [ 105.9225, 14.736666666666672 ] ] } },
{ "type": "Feature", "properties": { "COMID": 44034373, "id": "7111", "lengthkm": 10.386033362090824, "order": 7, "uparea": 549320.28040187794 }, "geometry": { "type": "LineString", "coordinates": [ [ 105.874166666666667, 14.659166666666671 ], [ 105.875833333333333, 14.665833333333339 ], [ 105.885833333333323, 14.68416666666667 ], [ 105.91, 14.711666666666673 ], [ 105.923333333333332, 14.733333333333338 ] ] } },
{ "type": "Feature", "properties": { "COMID": 44034372, "id": "7111", "lengthkm": 1.3295574798644429, "order": 7, "uparea": 549405.60235960979 }, "geometry": { "type": "LineString", "coordinates": [ [ 105.869166666666658, 14.649166666666673 ], [ 105.870833333333337, 14.655 ], [ 105.874166666666667, 14.659166666666671 ] ] } },
{ "type": "Feature", "properties": { "COMID": 44036204, "id": "7111", "lengthkm": 12.397165558651722, "order": 7, "uparea": 549482.86405841529 }, "geometry": { "type": "LineString", "coordinates": [ [ 105.858333333333334, 14.545833333333338 ], [ 105.855833333333322, 14.560833333333338 ], [ 105.855833333333322, 14.573333333333338 ], [ 105.859166666666667, 14.600833333333338 ], [ 105.856666666666669, 14.605 ], [ 105.856666666666669, 14.60916666666667 ], [ 105.869166666666658, 14.649166666666673 ] ] } },
{ "type": "Feature", "properties": { "COMID": 44036203, "id": "7111", "lengthkm": 8.6225126470679658, "order": 7, "uparea": 549604.55012780754 }, "geometry": { "type": "LineString", "coordinates": [ [ 105.86, 14.474166666666672 ], [ 105.861666666666665, 14.4825 ], [ 105.86, 14.491666666666671 ], [ 105.864166666666662, 14.5075 ], [ 105.865, 14.526666666666671 ], [ 105.858333333333334, 14.545833333333338 ] ] } },
{ "type": "Feature", "properties": { "COMID": 44036202, "id": "7111", "lengthkm": 6.6805982084843878, "order": 7, "uparea": 549653.94594528072 }, "geometry": { "type": "LineString", "coordinates": [ [ 105.859166666666667, 14.418333333333337 ], [ 105.858333333333334, 14.439166666666672 ], [ 105.856666666666669, 14.44166666666667 ], [ 105.8575, 14.453333333333337 ], [ 105.855, 14.463333333333338 ], [ 105.859166666666667, 14.4675 ], [ 105.86, 14.474166666666672 ] ] } },
{ "type": "Feature", "properties": { "COMID": 44036201, "id": "7111", "lengthkm": 4.4042158761196317, "order": 7, "uparea": 549699.77136423916 }, "geometry": { "type": "LineString", "coordinates": [ [ 105.86666666666666, 14.381666666666671 ], [ 105.86333333333333, 14.390833333333337 ], [ 105.859166666666667, 14.418333333333337 ] ] } },
{ "type": "Feature", "properties": { "COMID": 44036200, "id": "7111", "lengthkm": 0.68498320908780597, "order": 7, "uparea": 549732.93949836434 }, "geometry": { "type": "LineString", "coordinates": [ [ 105.865833333333327, 14.37583333333334 ], [ 105.86666666666666, 14.381666666666671 ] ] } },
{ "type": "Feature", "properties": { "COMID": 44036199, "id": "7111", "lengthkm": 3.606688584847209, "order": 7, "uparea": 551502.75098438631 }, "geometry": { "type": "LineString", "coordinates": [ [ 105.874166666666667, 14.346666666666671 ], [ 105.868333333333325, 14.37166666666667 ], [ 105.865833333333327, 14.37583333333334 ] ] } },
{ "type": "Feature", "properties": { "COMID": 44036198, "id": "7111", "lengthkm": 5.0131675036776713, "order": 7, "uparea": 551576.25329557993 }, "geometry": { "type": "LineString", "coordinates": [ [ 105.87, 14.305833333333339 ], [ 105.876666666666665, 14.329166666666673 ], [ 105.874166666666667, 14.346666666666671 ] ] } },
{ "type": "Feature", "properties": { "COMID": 44036197, "id": "7111", "lengthkm": 2.1840494962859811, "order": 7, "uparea": 551839.26538042189 }, "geometry": { "type": "LineString", "coordinates": [ [ 105.868333333333325, 14.2875 ], [ 105.870833333333337, 14.298333333333339 ], [ 105.87, 14.305833333333339 ] ] } },
{ "type": "Feature", "properties": { "COMID": 44036196, "id": "7111", "lengthkm": 1.0920298651995759, "order": 7, "uparea": 552086.91998868471 }, "geometry": { "type": "LineString", "coordinates": [ [ 105.87, 14.27833333333334 ], [ 105.87, 14.28583333333334 ], [ 105.868333333333325, 14.2875 ] ] } },
{ "type": "Feature", "properties": { "COMID": 44036195, "id": "7111", "lengthkm": 1.03575098684871, "order": 7, "uparea": 552218.93079239293 }, "geometry": { "type": "LineString", "coordinates": [ [ 105.8675, 14.27 ], [ 105.87, 14.274166666666673 ], [ 105.87, 14.27833333333334 ] ] } },
{ "type": "Feature", "properties": { "COMID": 44036194, "id": "7111", "lengthkm": 16.484376147515491, "order": 7, "uparea": 552324.79068224609 }, "geometry": { "type": "LineString", "coordinates": [ [ 105.868333333333325, 14.143333333333338 ], [ 105.868333333333325, 14.1475 ], [ 105.86666666666666, 14.149166666666673 ], [ 105.86333333333333, 14.163333333333338 ], [ 105.86, 14.169166666666673 ], [ 105.856666666666669, 14.17166666666667 ], [ 105.856666666666669, 14.174166666666672 ], [ 105.845, 14.185 ], [ 105.841666666666669, 14.195833333333336 ], [ 105.843333333333334, 14.215 ], [ 105.8475, 14.228333333333339 ], [ 105.858333333333334, 14.246666666666673 ], [ 105.86, 14.256666666666671 ], [ 105.8675, 14.27 ] ] } },
{ "type": "Feature", "properties": { "COMID": 44036193, "id": "7111", "lengthkm": 6.9872648997238622, "order": 7, "uparea": 552466.40655851259 }, "geometry": { "type": "LineString", "coordinates": [ [ 105.845, 14.09416666666667 ], [ 105.8525, 14.096666666666671 ], [ 105.8575, 14.10166666666667 ], [ 105.8575, 14.11 ], [ 105.86, 14.113333333333337 ], [ 105.859166666666667, 14.120833333333337 ], [ 105.860833333333332, 14.125 ], [ 105.86666666666666, 14.13 ], [ 105.868333333333325, 14.143333333333338 ] ] } },
{ "type": "Feature", "properties": { "COMID": 44036192, "id": "7111", "lengthkm": 15.679418645440233, "order": 7, "uparea": 552578.58730749041 }, "geometry": { "type": "LineString", "coordinates": [ [ 105.915, 14.00083333333334 ], [ 105.915, 14.003333333333337 ], [ 105.91, 14.00833333333334 ], [ 105.91, 14.0125 ], [ 105.905, 14.025 ], [ 105.894166666666663, 14.03583333333334 ], [ 105.8925, 14.04666666666667 ], [ 105.889166666666668, 14.05 ], [ 105.889166666666668, 14.06333333333334 ], [ 105.88, 14.07 ], [ 105.8775, 14.069166666666671 ], [ 105.8725, 14.071666666666673 ], [ 105.858333333333334, 14.071666666666673 ], [ 105.849166666666662, 14.076666666666672 ], [ 105.843333333333334, 14.0825 ], [ 105.8425, 14.089166666666671 ], [ 105.845, 14.09416666666667 ] ] } },
{ "type": "Feature", "properties": { "COMID": 44037965, "id": "7111", "lengthkm": 4.4089659647484689, "order": 7, "uparea": 555582.77847617527 }, "geometry": { "type": "LineString", "coordinates": [ [ 105.948333333333323, 13.994166666666672 ], [ 105.944166666666661, 14.0 ], [ 105.939166666666665, 14.0025 ], [ 105.933333333333337, 14.0025 ], [ 105.923333333333332, 13.998333333333338 ], [ 105.915, 14.00083333333334 ] ] } },
{ "type": "Feature", "properties": { "COMID": 44037964, "id": "7111", "lengthkm": 8.6925424020594182, "order": 7, "uparea": 555707.78068258998 }, "geometry": { "type": "LineString", "coordinates": [ [ 105.984166666666667, 13.944166666666671 ], [ 105.9825, 13.946666666666673 ], [ 105.9875, 13.95 ], [ 105.984166666666667, 13.954166666666673 ], [ 105.985833333333332, 13.955833333333338 ], [ 105.986666666666665, 13.961666666666673 ], [ 105.983333333333334, 13.968333333333337 ], [ 105.971666666666664, 13.97666666666667 ], [ 105.968333333333334, 13.980833333333337 ], [ 105.9525, 13.9875 ], [ 105.948333333333323, 13.991666666666671 ], [ 105.948333333333323, 13.994166666666672 ] ] } },
{ "type": "Feature", "properties": { "COMID": 44037963, "id": "7111", "lengthkm": 3.4177656316151621, "order": 7, "uparea": 555851.64610465185 }, "geometry": { "type": "LineString", "coordinates": [ [ 105.971666666666664, 13.925 ], [ 105.981666666666669, 13.925833333333337 ], [ 105.981666666666669, 13.934166666666673 ], [ 105.984166666666667, 13.94 ], [ 105.984166666666667, 13.944166666666671 ] ] } },
{ "type": "Feature", "properties": { "COMID": 44037962, "id": "7111", "lengthkm": 9.4148581919887828, "order": 7, "uparea": 555953.13980894769 }, "geometry": { "type": "LineString", "coordinates": [ [ 105.984166666666667, 13.856666666666673 ], [ 105.980833333333322, 13.860833333333339 ], [ 105.980833333333322, 13.866666666666671 ], [ 105.975833333333327, 13.875 ], [ 105.9725, 13.8775 ], [ 105.969166666666666, 13.885 ], [ 105.969166666666666, 13.894166666666671 ], [ 105.966666666666669, 13.901666666666671 ], [ 105.9725, 13.904166666666672 ], [ 105.968333333333334, 13.91416666666667 ], [ 105.968333333333334, 13.920833333333338 ], [ 105.971666666666664, 13.925 ] ] } },
{ "type": "Feature", "properties": { "COMID": 44037961, "id": "7111", "lengthkm": 6.4862817114898483, "order": 7, "uparea": 556044.39859059174 }, "geometry": { "type": "LineString", "coordinates": [ [ 105.963333333333324, 13.808333333333337 ], [ 105.963333333333324, 13.81666666666667 ], [ 105.9675, 13.82 ], [ 105.966666666666669, 13.821666666666673 ], [ 105.974166666666662, 13.833333333333339 ], [ 105.984166666666667, 13.856666666666673 ] ] } },
{ "type": "Feature", "properties": { "COMID": 44037960, "id": "7111", "lengthkm": 8.2365441169269271, "order": 7, "uparea": 556128.56393633771 }, "geometry": { "type": "LineString", "coordinates": [ [ 105.9675, 13.748333333333338 ], [ 105.965, 13.755 ], [ 105.965833333333336, 13.7625 ], [ 105.970833333333331, 13.77 ], [ 105.975833333333327, 13.774166666666673 ], [ 105.971666666666664, 13.776666666666671 ], [ 105.970833333333331, 13.78 ], [ 105.9725, 13.7825 ], [ 105.964166666666671, 13.791666666666671 ], [ 105.9625, 13.799166666666672 ], [ 105.963333333333324, 13.808333333333337 ] ] } },
{ "type": "Feature", "properties": { "COMID": 44037959, "id": "7111", "lengthkm": 5.5752293618213198, "order": 7, "uparea": 557859.77821924037 }, "geometry": { "type": "LineString", "coordinates": [ [ 106.008333333333326, 13.725833333333338 ], [ 106.005, 13.728333333333339 ], [ 106.000833333333333, 13.728333333333339 ], [ 105.99166666666666, 13.735833333333339 ], [ 105.975833333333327, 13.74 ], [ 105.9675, 13.748333333333338 ] ] } },
{ "type": "Feature", "properties": { "COMID": 44037958, "id": "7111", "lengthkm": 3.4204665447844298, "order": 7, "uparea": 557959.56211795751 }, "geometry": { "type": "LineString", "coordinates": [ [ 106.020833333333329, 13.7 ], [ 106.0125, 13.710833333333337 ], [ 106.008333333333326, 13.725833333333338 ] ] } },
{ "type": "Feature", "properties": { "COMID": 44037957, "id": "7111", "lengthkm": 1.306277846091255, "order": 7, "uparea": 558006.07212552032 }, "geometry": { "type": "LineString", "coordinates": [ [ 106.029166666666669, 13.6925 ], [ 106.020833333333329, 13.7 ] ] } },
{ "type": "Feature", "properties": { "COMID": 44037956, "id": "7111", "lengthkm": 8.2286592987713725, "order": 7, "uparea": 558066.12336451048 }, "geometry": { "type": "LineString", "coordinates": [ [ 106.031666666666666, 13.628333333333337 ], [ 106.029166666666669, 13.63 ], [ 106.029166666666669, 13.6325 ], [ 106.036666666666662, 13.645833333333339 ], [ 106.0375, 13.66083333333334 ], [ 106.035833333333329, 13.663333333333338 ], [ 106.034166666666664, 13.684166666666673 ], [ 106.03, 13.68833333333334 ], [ 106.029166666666669, 13.6925 ] ] } },
{ "type": "Feature", "properties": { "COMID": 44037955, "id": "7111", "lengthkm": 11.04895170260451, "order": 7, "uparea": 558151.77722079458 }, "geometry": { "type": "LineString", "coordinates": [ [ 105.975833333333327, 13.56666666666667 ], [ 105.985833333333332, 13.575833333333339 ], [ 105.9975, 13.580833333333338 ], [ 105.998333333333335, 13.5825 ], [ 106.000833333333333, 13.581666666666671 ], [ 106.0125, 13.596666666666671 ], [ 106.018333333333331, 13.6 ], [ 106.024166666666659, 13.600833333333338 ], [ 106.029166666666669, 13.605 ], [ 106.03, 13.608333333333338 ], [ 106.0275, 13.615 ], [ 106.031666666666666, 13.628333333333337 ] ] } },
{ "type": "Feature", "properties": { "COMID": 44037954, "id": "7111", "lengthkm": 3.972115992266041, "order": 7, "uparea": 558248.62368979934 }, "geometry": { "type": "LineString", "coordinates": [ [ 105.955, 13.53916666666667 ], [ 105.9575, 13.545 ], [ 105.970833333333331, 13.559166666666673 ], [ 105.975833333333327, 13.56666666666667 ] ] } },
{ "type": "Feature", "properties": { "COMID": 44037953, "id": "7111", "lengthkm": 2.583551005728872, "order": 7, "uparea": 636985.77554160007 }, "geometry": { "type": "LineString", "coordinates": [ [ 105.936666666666667, 13.5275 ], [ 105.9425, 13.534166666666671 ], [ 105.955, 13.53916666666667 ] ] } },
{ "type": "Feature", "properties": { "COMID": 44037952, "id": "7111", "lengthkm": 3.3480699799657119, "order": 7, "uparea": 637551.33338222909 }, "geometry": { "type": "LineString", "coordinates": [ [ 105.92583333333333, 13.501666666666672 ], [ 105.9275, 13.514166666666672 ], [ 105.93416666666667, 13.521666666666672 ], [ 105.936666666666667, 13.5275 ] ] } },
{ "type": "Feature", "properties": { "COMID": 44037951, "id": "7111", "lengthkm": 7.0523683629704763, "order": 7, "uparea": 638082.72870787384 }, "geometry": { "type": "LineString", "coordinates": [ [ 105.9375, 13.444166666666671 ], [ 105.9375, 13.45 ], [ 105.931666666666658, 13.460833333333337 ], [ 105.92583333333333, 13.480833333333337 ], [ 105.92583333333333, 13.501666666666672 ] ] } },
{ "type": "Feature", "properties": { "COMID": 44037950, "id": "7111", "lengthkm": 2.9628881589546898, "order": 7, "uparea": 638140.71273385023 }, "geometry": { "type": "LineString", "coordinates": [ [ 105.933333333333337, 13.419166666666673 ], [ 105.936666666666667, 13.431666666666672 ], [ 105.9375, 13.444166666666671 ] ] } },
{ "type": "Feature", "properties": { "COMID": 44039774, "id": "7111", "lengthkm": 4.7727344026077034, "order": 7, "uparea": 638264.63766759238 }, "geometry": { "type": "LineString", "coordinates": [ [ 105.9325, 13.3825 ], [ 105.925, 13.401666666666671 ], [ 105.9275, 13.411666666666672 ], [ 105.933333333333337, 13.419166666666673 ] ] } },
{ "type": "Feature", "properties": { "COMID": 44039773, "id": "7111", "lengthkm": 6.672210038725404, "order": 7, "uparea": 638331.75427837751 }, "geometry": { "type": "LineString", "coordinates": [ [ 105.92916666666666, 13.339166666666671 ], [ 105.9325, 13.34 ], [ 105.943333333333328, 13.3525 ], [ 105.943333333333328, 13.355 ], [ 105.94083333333333, 13.3575 ], [ 105.93416666666667, 13.358333333333338 ], [ 105.93, 13.365 ], [ 105.93, 13.375 ], [ 105.9325, 13.37916666666667 ], [ 105.9325, 13.3825 ] ] } },
{ "type": "Feature", "properties": { "COMID": 44039772, "id": "7111", "lengthkm": 5.9777412697085142, "order": 7, "uparea": 638494.33212055825 }, "geometry": { "type": "LineString", "coordinates": [ [ 105.928333333333327, 13.291666666666671 ], [ 105.92583333333333, 13.31333333333334 ], [ 105.920833333333334, 13.319166666666671 ], [ 105.920833333333334, 13.328333333333337 ], [ 105.92916666666666, 13.339166666666671 ] ] } },
{ "type": "Feature", "properties": { "COMID": 44039771, "id": "7111", "lengthkm": 6.4296245377850756, "order": 7, "uparea": 639113.16834218067 }, "geometry": { "type": "LineString", "coordinates": [ [ 105.963333333333324, 13.2525 ], [ 105.9575, 13.25833333333334 ], [ 105.9575, 13.26 ], [ 105.936666666666667, 13.28 ], [ 105.92916666666666, 13.281666666666673 ], [ 105.928333333333327, 13.291666666666671 ] ] } },
{ "type": "Feature", "properties": { "COMID": 44039770, "id": "7111", "lengthkm": 8.258818620673896, "order": 7, "uparea": 639240.75469895452 }, "geometry": { "type": "LineString", "coordinates": [ [ 106.015, 13.221666666666671 ], [ 106.0125, 13.224166666666672 ], [ 106.005833333333328, 13.225 ], [ 106.001666666666665, 13.23 ], [ 105.995, 13.23416666666667 ], [ 105.990833333333327, 13.2325 ], [ 105.989166666666662, 13.23416666666667 ], [ 105.98, 13.231666666666673 ], [ 105.973333333333329, 13.231666666666673 ], [ 105.97, 13.235 ], [ 105.969166666666666, 13.240833333333338 ], [ 105.963333333333324, 13.2525 ] ] } },
{ "type": "Feature", "properties": { "COMID": 44039769, "id": "7111", "lengthkm": 6.4591977451643352, "order": 7, "uparea": 639519.52412222314 }, "geometry": { "type": "LineString", "coordinates": [ [ 106.025, 13.179166666666671 ], [ 106.02, 13.185833333333338 ], [ 106.014166666666668, 13.18833333333334 ], [ 106.014166666666668, 13.19583333333334 ], [ 106.0075, 13.201666666666672 ], [ 106.0075, 13.208333333333339 ], [ 106.01, 13.2125 ], [ 106.01, 13.21583333333334 ], [ 106.015, 13.219166666666673 ], [ 106.015, 13.221666666666671 ] ] } },
{ "type": "Feature", "properties": { "COMID": 44039768, "id": "7111", "lengthkm": 3.89551214223484, "order": 7, "uparea": 639686.40565063769 }, "geometry": { "type": "LineString", "coordinates": [ [ 106.015833333333333, 13.151666666666671 ], [ 106.02, 13.15333333333334 ], [ 106.0225, 13.16416666666667 ], [ 106.0275, 13.17166666666667 ], [ 106.025, 13.179166666666671 ] ] } },
{ "type": "Feature", "properties": { "COMID": 44039767, "id": "7111", "lengthkm": 9.6404352267185693, "order": 7, "uparea": 640426.18005107692 }, "geometry": { "type": "LineString", "coordinates": [ [ 106.0075, 13.076666666666672 ], [ 106.008333333333326, 13.0775 ], [ 106.005, 13.080833333333338 ], [ 106.006666666666661, 13.09083333333334 ], [ 106.005833333333328, 13.096666666666671 ], [ 106.0025, 13.099166666666672 ], [ 106.00333333333333, 13.108333333333338 ], [ 106.000833333333333, 13.115 ], [ 106.000833333333333, 13.120833333333337 ], [ 106.0025, 13.1225 ], [ 106.005, 13.134166666666673 ], [ 106.011666666666656, 13.1425 ], [ 106.015833333333333, 13.151666666666671 ] ] } },
{ "type": "Feature", "properties": { "COMID": 44039766, "id": "7111", "lengthkm": 9.4455768148937072, "order": 7, "uparea": 640496.77977728797 }, "geometry": { "type": "LineString", "coordinates": [ [ 105.973333333333329, 13.01 ], [ 105.975833333333327, 13.015 ], [ 105.974166666666662, 13.019166666666671 ], [ 105.9775, 13.025 ], [ 105.98833333333333, 13.034166666666671 ], [ 106.005, 13.056666666666672 ], [ 106.01, 13.06666666666667 ], [ 106.0075, 13.076666666666672 ] ] } },
{ "type": "Feature", "properties": { "COMID": 44039765, "id": "7111", "lengthkm": 6.4675468217871934, "order": 7, "uparea": 640798.77722031262 }, "geometry": { "type": "LineString", "coordinates": [ [ 105.9875, 12.9625 ], [ 105.99, 12.9775 ], [ 105.986666666666665, 12.98083333333334 ], [ 105.984166666666667, 12.98083333333334 ], [ 105.98, 12.99 ], [ 105.980833333333322, 12.993333333333339 ], [ 105.978333333333325, 12.9975 ], [ 105.9775, 13.005833333333339 ], [ 105.974166666666662, 13.0075 ], [ 105.973333333333329, 13.01 ] ] } },
{ "type": "Feature", "properties": { "COMID": 44039764, "id": "7111", "lengthkm": 11.508104759015081, "order": 7, "uparea": 640898.06793841161 }, "geometry": { "type": "LineString", "coordinates": [ [ 105.945833333333326, 12.876666666666672 ], [ 105.955, 12.89 ], [ 105.960833333333326, 12.90333333333334 ], [ 105.971666666666664, 12.91416666666667 ], [ 105.9775, 12.925833333333337 ], [ 105.985833333333332, 12.936666666666671 ], [ 105.9875, 12.9425 ], [ 105.9875, 12.9625 ] ] } },
{ "type": "Feature", "properties": { "COMID": 44039763, "id": "7111", "lengthkm": 3.903894491935366, "order": 7, "uparea": 640950.52136998496 }, "geometry": { "type": "LineString", "coordinates": [ [ 105.93416666666667, 12.846666666666671 ], [ 105.935, 12.856666666666673 ], [ 105.939166666666665, 12.869166666666672 ], [ 105.945833333333326, 12.876666666666672 ] ] } },
{ "type": "Feature", "properties": { "COMID": 44041371, "id": "7111", "lengthkm": 9.9073192351102133, "order": 7, "uparea": 641374.55556545558 }, "geometry": { "type": "LineString", "coordinates": [ [ 105.945833333333326, 12.774166666666673 ], [ 105.9425, 12.78 ], [ 105.936666666666667, 12.781666666666673 ], [ 105.93416666666667, 12.784166666666671 ], [ 105.9325, 12.78916666666667 ], [ 105.933333333333337, 12.805 ], [ 105.938333333333333, 12.809166666666673 ], [ 105.941666666666663, 12.815 ], [ 105.941666666666663, 12.8225 ], [ 105.93416666666667, 12.830833333333338 ], [ 105.93416666666667, 12.846666666666671 ] ] } },
{ "type": "Feature", "properties": { "COMID": 44041370, "id": "7111", "lengthkm": 1.216211418280952, "order": 7, "uparea": 641806.17016289127 }, "geometry": { "type": "LineString", "coordinates": [ [ 105.954166666666666, 12.7675 ], [ 105.945833333333326, 12.774166666666673 ] ] } },
{ "type": "Feature", "properties": { "COMID": 44041369, "id": "7111", "lengthkm": 3.537607767254328, "order": 7, "uparea": 646382.30820591503 }, "geometry": { "type": "LineString", "coordinates": [ [ 105.973333333333329, 12.746666666666673 ], [ 105.969166666666666, 12.749166666666671 ], [ 105.965, 12.749166666666671 ], [ 105.9625, 12.751666666666672 ], [ 105.954166666666666, 12.7675 ] ] } },
{ "type": "Feature", "properties": { "COMID": 44041368, "id": "7111", "lengthkm": 7.4622228208111681, "order": 7, "uparea": 646437.510342428 }, "geometry": { "type": "LineString", "coordinates": [ [ 105.999166666666667, 12.69583333333334 ], [ 105.993333333333325, 12.696666666666673 ], [ 105.99166666666666, 12.698333333333338 ], [ 105.99, 12.705833333333338 ], [ 105.986666666666665, 12.711666666666673 ], [ 105.99, 12.724166666666672 ], [ 105.9875, 12.73 ], [ 105.980833333333322, 12.735833333333339 ], [ 105.973333333333329, 12.746666666666673 ] ] } },
{ "type": "Feature", "properties": { "COMID": 44041367, "id": "7111", "lengthkm": 4.6077178156201866, "order": 7, "uparea": 646627.78126730688 }, "geometry": { "type": "LineString", "coordinates": [ [ 106.009166666666658, 12.66083333333334 ], [ 106.01, 12.6725 ], [ 106.0025, 12.68 ], [ 106.00333333333333, 12.684166666666673 ], [ 105.999166666666667, 12.69 ], [ 105.999166666666667, 12.69583333333334 ] ] } },
{ "type": "Feature", "properties": { "COMID": 44041366, "id": "7111", "lengthkm": 6.3808392470588444, "order": 7, "uparea": 646775.75605947291 }, "geometry": { "type": "LineString", "coordinates": [ [ 106.015, 12.611666666666672 ], [ 106.013333333333335, 12.620833333333337 ], [ 106.015833333333333, 12.621666666666673 ], [ 106.015833333333333, 12.63 ], [ 106.015, 12.635 ], [ 106.010833333333323, 12.638333333333339 ], [ 106.008333333333326, 12.6475 ], [ 106.008333333333326, 12.650833333333338 ], [ 106.01, 12.6525 ], [ 106.009166666666658, 12.66083333333334 ] ] } },
{ "type": "Feature", "properties": { "COMID": 44041365, "id": "7111", "lengthkm": 1.3328214982114741, "order": 7, "uparea": 647908.40840288217 }, "geometry": { "type": "LineString", "coordinates": [ [ 106.013333333333335, 12.60166666666667 ], [ 106.015, 12.603333333333339 ], [ 106.015, 12.606666666666673 ], [ 106.013333333333335, 12.608333333333338 ], [ 106.015, 12.611666666666672 ] ] } },
{ "type": "Feature", "properties": { "COMID": 44041364, "id": "7111", "lengthkm": 11.570842923750705, "order": 7, "uparea": 648096.66400981671 }, "geometry": { "type": "LineString", "coordinates": [ [ 106.006666666666661, 12.514166666666672 ], [ 105.993333333333325, 12.531666666666673 ], [ 105.995833333333337, 12.54333333333334 ], [ 106.006666666666661, 12.559166666666673 ], [ 106.014166666666668, 12.575 ], [ 106.016666666666666, 12.585 ], [ 106.015833333333333, 12.59 ], [ 106.0125, 12.595833333333339 ], [ 106.013333333333335, 12.60166666666667 ] ] } },
{ "type": "Feature", "properties": { "COMID": 44041363, "id": "7111", "lengthkm": 6.0386574047387596, "order": 7, "uparea": 648148.94085788494 }, "geometry": { "type": "LineString", "coordinates": [ [ 106.0175, 12.464166666666671 ], [ 106.015833333333333, 12.4775 ], [ 106.0125, 12.485833333333339 ], [ 106.0125, 12.5075 ], [ 106.006666666666661, 12.514166666666672 ] ] } },
{ "type": "Feature", "properties": { "COMID": 44041362, "id": "7111", "lengthkm": 2.2038544995270102, "order": 7, "uparea": 648853.42888243613 }, "geometry": { "type": "LineString", "coordinates": [ [ 106.023333333333326, 12.446666666666673 ], [ 106.0175, 12.464166666666671 ] ] } },
{ "type": "Feature", "properties": { "COMID": 44041361, "id": "7111", "lengthkm": 6.1694526719263374, "order": 7, "uparea": 653083.63648448454 }, "geometry": { "type": "LineString", "coordinates": [ [ 106.024166666666659, 12.394166666666671 ], [ 106.024166666666659, 12.404166666666672 ], [ 106.0275, 12.41833333333334 ], [ 106.024166666666659, 12.430833333333339 ], [ 106.023333333333326, 12.446666666666673 ] ] } },
{ "type": "Feature", "properties": { "COMID": 44041360, "id": "7111", "lengthkm": 7.352355896994438, "order": 7, "uparea": 653163.37290180451 }, "geometry": { "type": "LineString", "coordinates": [ [ 106.045833333333334, 12.336666666666673 ], [ 106.043333333333322, 12.34083333333334 ], [ 106.040833333333325, 12.35583333333334 ], [ 106.028333333333336, 12.376666666666672 ], [ 106.024166666666659, 12.394166666666671 ] ] } },
{ "type": "Feature", "properties": { "COMID": 44041359, "id": "7111", "lengthkm": 6.6851841476435974, "order": 7, "uparea": 653224.82392602402 }, "geometry": { "type": "LineString", "coordinates": [ [ 106.0225, 12.28583333333334 ], [ 106.0375, 12.311666666666671 ], [ 106.045833333333334, 12.336666666666673 ] ] } },
{ "type": "Feature", "properties": { "COMID": 44041358, "id": "7111", "lengthkm": 9.1935201241211519, "order": 7, "uparea": 653329.96944927471 }, "geometry": { "type": "LineString", "coordinates": [ [ 105.951666666666668, 12.266666666666673 ], [ 105.9675, 12.265 ], [ 105.975, 12.26166666666667 ], [ 105.9925, 12.26166666666667 ], [ 106.008333333333326, 12.270833333333339 ], [ 106.0225, 12.28583333333334 ] ] } },
{ "type": "Feature", "properties": { "COMID": 44041357, "id": "7111", "lengthkm": 33.68761811582732, "order": 7, "uparea": 653783.82358288323 }, "geometry": { "type": "LineString", "coordinates": [ [ 105.668333333333322, 12.2875 ], [ 105.6725, 12.28583333333334 ], [ 105.68416666666667, 12.28583333333334 ], [ 105.7, 12.281666666666673 ], [ 105.710833333333326, 12.280833333333337 ], [ 105.725833333333327, 12.2675 ], [ 105.743333333333325, 12.2625 ], [ 105.75, 12.2575 ], [ 105.761666666666656, 12.253333333333337 ], [ 105.776666666666671, 12.254166666666674 ], [ 105.798333333333332, 12.260833333333338 ], [ 105.825, 12.260833333333338 ], [ 105.831666666666663, 12.259166666666673 ], [ 105.834166666666661, 12.26 ], [ 105.838333333333324, 12.2575 ], [ 105.86, 12.2575 ], [ 105.8925, 12.26 ], [ 105.898333333333326, 12.2625 ], [ 105.943333333333328, 12.263333333333339 ], [ 105.951666666666668, 12.266666666666673 ] ] } },
{ "type": "Feature", "properties": { "COMID": 44042793, "id": "7111", "lengthkm": 20.237458916282328, "order": 7, "uparea": 654225.06609869457 }, "geometry": { "type": "LineString", "coordinates": [ [ 105.5375, 12.23 ], [ 105.544166666666669, 12.255 ], [ 105.549166666666665, 12.264166666666672 ], [ 105.55916666666667, 12.279166666666672 ], [ 105.566666666666663, 12.286666666666672 ], [ 105.5775, 12.294166666666673 ], [ 105.595, 12.301666666666673 ], [ 105.6125, 12.300833333333337 ], [ 105.625, 12.2975 ], [ 105.645, 12.2875 ], [ 105.650833333333324, 12.29 ], [ 105.659166666666664, 12.29 ], [ 105.668333333333322, 12.2875 ] ] } },
{ "type": "Feature", "properties": { "COMID": 44042792, "id": "7111", "lengthkm": 23.135426857617691, "order": 7, "uparea": 654581.86323657469 }, "geometry": { "type": "LineString", "coordinates": [ [ 105.49, 12.04666666666667 ], [ 105.495833333333337, 12.054166666666671 ], [ 105.500833333333333, 12.066666666666674 ], [ 105.5075, 12.076666666666672 ], [ 105.52, 12.09 ], [ 105.529166666666669, 12.105 ], [ 105.530833333333334, 12.125 ], [ 105.5325, 12.128333333333337 ], [ 105.535, 12.16416666666667 ], [ 105.541666666666657, 12.178333333333338 ], [ 105.538333333333327, 12.20333333333334 ], [ 105.535, 12.209166666666672 ], [ 105.5375, 12.219166666666673 ], [ 105.5375, 12.23 ] ] } },
{ "type": "Feature", "properties": { "COMID": 44042791, "id": "7111", "lengthkm": 8.7960497322341791, "order": 7, "uparea": 654949.48601183575 }, "geometry": { "type": "LineString", "coordinates": [ [ 105.469166666666666, 11.9775 ], [ 105.471666666666664, 11.994166666666672 ], [ 105.470833333333331, 12.01 ], [ 105.479166666666657, 12.02833333333334 ], [ 105.48, 12.034166666666671 ], [ 105.486666666666665, 12.039166666666674 ], [ 105.49, 12.04666666666667 ] ] } },
{ "type": "Feature", "properties": { "COMID": 44042790, "id": "7111", "lengthkm": 6.6333288003118724, "order": 7, "uparea": 655008.22297141701 }, "geometry": { "type": "LineString", "coordinates": [ [ 105.4625, 11.9225 ], [ 105.47, 11.93833333333334 ], [ 105.471666666666664, 11.9475 ], [ 105.471666666666664, 11.9625 ], [ 105.469166666666666, 11.9775 ] ] } },
{ "type": "Feature", "properties": { "COMID": 44042789, "id": "7111", "lengthkm": 20.389431346187674, "order": 7, "uparea": 662719.23706070322 }, "geometry": { "type": "LineString", "coordinates": [ [ 105.306666666666658, 11.934166666666673 ], [ 105.330833333333331, 11.9325 ], [ 105.343333333333334, 11.933333333333337 ], [ 105.353333333333325, 11.931666666666672 ], [ 105.375833333333333, 11.9175 ], [ 105.391666666666666, 11.900833333333338 ], [ 105.396666666666661, 11.8975 ], [ 105.408333333333331, 11.895 ], [ 105.415833333333325, 11.895 ], [ 105.43, 11.898333333333337 ], [ 105.445833333333326, 11.905833333333337 ], [ 105.454166666666666, 11.9125 ], [ 105.4625, 11.9225 ] ] } },
{ "type": "Feature", "properties": { "COMID": 44043941, "id": "7111", "lengthkm": 84.383365843787402, "order": 7, "uparea": 663282.95388426865 }, "geometry": { "type": "LineString", "coordinates": [ [ 104.9475, 11.560833333333338 ], [ 104.941666666666663, 11.595833333333339 ], [ 104.939166666666665, 11.600833333333338 ], [ 104.94, 11.603333333333339 ], [ 104.935, 11.61 ], [ 104.92916666666666, 11.63 ], [ 104.92, 11.648333333333337 ], [ 104.918333333333337, 11.66 ], [ 104.921666666666667, 11.670833333333338 ], [ 104.9325, 11.690833333333337 ], [ 104.961666666666659, 11.714166666666671 ], [ 104.9675, 11.71583333333334 ], [ 105.015, 11.7625 ], [ 105.016666666666666, 11.76583333333334 ], [ 105.018333333333331, 11.7775 ], [ 105.015833333333333, 11.78583333333334 ], [ 105.008333333333326, 11.79333333333334 ], [ 104.99666666666667, 11.80083333333334 ], [ 104.986666666666665, 11.80083333333334 ], [ 104.980833333333337, 11.804166666666671 ], [ 104.979166666666657, 11.81333333333334 ], [ 104.985833333333332, 11.83 ], [ 104.994166666666658, 11.8375 ], [ 105.000833333333333, 11.838333333333338 ], [ 105.005833333333328, 11.835833333333337 ], [ 105.011666666666656, 11.8375 ], [ 105.021666666666661, 11.84833333333334 ], [ 105.028333333333336, 11.85 ], [ 105.039166666666659, 11.849166666666672 ], [ 105.048333333333332, 11.8475 ], [ 105.05, 11.845833333333339 ], [ 105.066666666666663, 11.843333333333337 ], [ 105.088333333333338, 11.845 ], [ 105.098333333333329, 11.8425 ], [ 105.104166666666657, 11.844166666666673 ], [ 105.1325, 11.87 ], [ 105.138333333333335, 11.900833333333338 ], [ 105.145, 11.91083333333334 ], [ 105.170833333333334, 11.933333333333337 ], [ 105.18, 11.943333333333339 ], [ 105.195833333333326, 11.95 ], [ 105.215833333333336, 11.948333333333338 ], [ 105.243333333333325, 11.94 ], [ 105.265, 11.94 ], [ 105.273333333333326, 11.9375 ], [ 105.279166666666669, 11.933333333333337 ], [ 105.285, 11.935 ], [ 105.306666666666658, 11.934166666666673 ] ] } },
{ "type": "Feature", "properties": { "COMID": 44043940, "id": "7111", "lengthkm": 2.6721343464230611, "order": 7, "uparea": 751128.29172518873 }, "geometry": { "type": "LineString", "coordinates": [ [ 104.966666666666669, 11.548333333333339 ], [ 104.953333333333333, 11.555 ], [ 104.9475, 11.560833333333338 ] ] } },
{ "type": "Feature", "properties": { "COMID": 44043939, "id": "7111", "lengthkm": 27.602641817251001, "order": 7, "uparea": 751221.3391168192 }, "geometry": { "type": "LineString", "coordinates": [ [ 105.176666666666662, 11.4575 ], [ 105.1675, 11.463333333333338 ], [ 105.158333333333331, 11.4725 ], [ 105.145833333333329, 11.4775 ], [ 105.135, 11.485 ], [ 105.12166666666667, 11.490833333333338 ], [ 105.111666666666665, 11.5 ], [ 105.1, 11.505833333333339 ], [ 105.085833333333326, 11.518333333333338 ], [ 105.083333333333329, 11.523333333333337 ], [ 105.0775, 11.52833333333334 ], [ 105.061666666666667, 11.533333333333339 ], [ 105.056666666666658, 11.533333333333339 ], [ 105.033333333333331, 11.5425 ], [ 105.016666666666666, 11.54666666666667 ], [ 104.984166666666667, 11.5475 ], [ 104.974166666666662, 11.549166666666672 ], [ 104.966666666666669, 11.548333333333339 ] ] } },
{ "type": "Feature", "properties": { "COMID": 44043938, "id": "7111", "lengthkm": 22.169869394716191, "order": 7, "uparea": 752374.90433129028 }, "geometry": { "type": "LineString", "coordinates": [ [ 105.275, 11.306666666666672 ], [ 105.274166666666659, 11.321666666666673 ], [ 105.264166666666668, 11.35 ], [ 105.261666666666656, 11.3525 ], [ 105.260833333333323, 11.366666666666671 ], [ 105.255, 11.391666666666673 ], [ 105.239166666666662, 11.409166666666671 ], [ 105.229166666666657, 11.415 ], [ 105.210833333333326, 11.435 ], [ 105.195, 11.443333333333339 ], [ 105.176666666666662, 11.4575 ] ] } },
{ "type": "Feature", "properties": { "COMID": 44045069, "id": "7111", "lengthkm": 78.538432929652856, "order": 7, "uparea": 754973.09388872841 }, "geometry": { "type": "LineString", "coordinates": [ [ 105.335833333333326, 10.808333333333337 ], [ 105.325833333333335, 10.818333333333339 ], [ 105.313333333333333, 10.8225 ], [ 105.305, 10.8225 ], [ 105.286666666666662, 10.816666666666674 ], [ 105.283333333333331, 10.810833333333338 ], [ 105.276666666666671, 10.805 ], [ 105.264166666666668, 10.80083333333334 ], [ 105.2425, 10.805 ], [ 105.231666666666669, 10.805 ], [ 105.2275, 10.809166666666673 ], [ 105.2275, 10.811666666666671 ], [ 105.215833333333336, 10.835 ], [ 105.213333333333338, 10.8375 ], [ 105.210833333333326, 10.836666666666673 ], [ 105.203333333333333, 10.84083333333334 ], [ 105.193333333333328, 10.853333333333339 ], [ 105.19083333333333, 10.85916666666667 ], [ 105.19, 10.869166666666672 ], [ 105.1875, 10.871666666666673 ], [ 105.185833333333335, 10.88 ], [ 105.185833333333335, 10.894166666666671 ], [ 105.1875, 10.8975 ], [ 105.188333333333333, 10.9075 ], [ 105.186666666666667, 10.913333333333338 ], [ 105.185833333333335, 10.9475 ], [ 105.183333333333337, 10.964166666666671 ], [ 105.1875, 10.978333333333339 ], [ 105.1875, 11.001666666666672 ], [ 105.19083333333333, 11.020833333333339 ], [ 105.194166666666661, 11.025 ], [ 105.1975, 11.03583333333334 ], [ 105.1975, 11.041666666666671 ], [ 105.195, 11.045833333333338 ], [ 105.1925, 11.083333333333339 ], [ 105.195, 11.088333333333338 ], [ 105.203333333333333, 11.096666666666671 ], [ 105.21, 11.1 ], [ 105.213333333333338, 11.10583333333334 ], [ 105.234166666666667, 11.13 ], [ 105.236666666666665, 11.139166666666672 ], [ 105.235833333333332, 11.143333333333338 ], [ 105.24166666666666, 11.154166666666672 ], [ 105.23833333333333, 11.159166666666671 ], [ 105.235, 11.170833333333338 ], [ 105.235, 11.178333333333338 ], [ 105.250833333333333, 11.194166666666671 ], [ 105.255833333333328, 11.19583333333334 ], [ 105.259166666666658, 11.199166666666674 ], [ 105.268333333333331, 11.21583333333334 ], [ 105.271666666666661, 11.228333333333339 ], [ 105.279166666666669, 11.245833333333337 ], [ 105.280833333333334, 11.255 ], [ 105.28, 11.2775 ], [ 105.275, 11.29666666666667 ], [ 105.275, 11.306666666666672 ] ] } },
{ "type": "Feature", "properties": { "COMID": 44045068, "id": "7111", "lengthkm": 3.6899238053673629, "order": 7, "uparea": 755590.39581178268 }, "geometry": { "type": "LineString", "coordinates": [ [ 105.345833333333331, 10.779166666666672 ], [ 105.3375, 10.8 ], [ 105.335833333333326, 10.808333333333337 ] ] } },
{ "type": "Feature", "properties": { "COMID": 44045067, "id": "7111", "lengthkm": 8.1031903767886284, "order": 7, "uparea": 755633.45288342342 }, "geometry": { "type": "LineString", "coordinates": [ [ 105.350833333333327, 10.715 ], [ 105.355, 10.725 ], [ 105.359166666666667, 10.729166666666671 ], [ 105.359166666666667, 10.73416666666667 ], [ 105.355833333333322, 10.745 ], [ 105.355833333333322, 10.755833333333339 ], [ 105.351666666666659, 10.770833333333339 ], [ 105.345833333333331, 10.779166666666672 ] ] } },
{ "type": "Feature", "properties": { "COMID": 44045066, "id": "7111", "lengthkm": 17.48573855067545, "order": 7, "uparea": 755704.6604524802 }, "geometry": { "type": "LineString", "coordinates": [ [ 105.36666666666666, 10.574166666666674 ], [ 105.365833333333327, 10.583333333333339 ], [ 105.349166666666662, 10.6175 ], [ 105.34, 10.645833333333339 ], [ 105.338333333333338, 10.67583333333334 ], [ 105.345833333333331, 10.690833333333337 ], [ 105.350833333333327, 10.715 ] ] } },
{ "type": "Feature", "properties": { "COMID": 44045065, "id": "7111", "lengthkm": 6.0505441600601344, "order": 7, "uparea": 755739.88482001564 }, "geometry": { "type": "LineString", "coordinates": [ [ 105.3275, 10.540833333333339 ], [ 105.334166666666661, 10.548333333333339 ], [ 105.351666666666659, 10.556666666666672 ], [ 105.36666666666666, 10.574166666666674 ] ] } },
{ "type": "Feature", "properties": { "COMID": 44045924, "id": "7111", "lengthkm": 23.262980328980063, "order": 7, "uparea": 768296.12213371927 }, "geometry": { "type": "LineString", "coordinates": [ [ 105.445, 10.386666666666674 ], [ 105.431666666666658, 10.398333333333341 ], [ 105.414166666666659, 10.4175 ], [ 105.4075, 10.439166666666672 ], [ 105.385, 10.451666666666672 ], [ 105.361666666666665, 10.476666666666674 ], [ 105.346666666666664, 10.49 ], [ 105.33, 10.525833333333338 ], [ 105.3275, 10.540833333333339 ] ] } },
{ "type": "Feature", "properties": { "COMID": 44045923, "id": "7111", "lengthkm": 0.84564859880892596, "order": 7, "uparea": 770011.15033644927 }, "geometry": { "type": "LineString", "coordinates": [ [ 105.451666666666668, 10.384166666666673 ], [ 105.445, 10.386666666666674 ] ] } },
{ "type": "Feature", "properties": { "COMID": 44045922, "id": "7111", "lengthkm": 7.2556288478156619, "order": 7, "uparea": 770287.79144258949 }, "geometry": { "type": "LineString", "coordinates": [ [ 105.48833333333333, 10.334166666666672 ], [ 105.474166666666662, 10.3475 ], [ 105.4625, 10.3625 ], [ 105.456666666666663, 10.3725 ], [ 105.455, 10.38 ], [ 105.451666666666668, 10.384166666666673 ] ] } },
{ "type": "Feature", "properties": { "COMID": 44045921, "id": "7111", "lengthkm": 1.0025688598509439, "order": 7, "uparea": 770557.26773444971 }, "geometry": { "type": "LineString", "coordinates": [ [ 105.494166666666658, 10.3275 ], [ 105.48833333333333, 10.334166666666672 ] ] } },
{ "type": "Feature", "properties": { "COMID": 44045920, "id": "7111", "lengthkm": 22.999195181191958, "order": 7, "uparea": 770975.52559636952 }, "geometry": { "type": "LineString", "coordinates": [ [ 105.625, 10.186666666666671 ], [ 105.624166666666667, 10.1925 ], [ 105.615, 10.2175 ], [ 105.600833333333327, 10.23833333333334 ], [ 105.57, 10.268333333333338 ], [ 105.564166666666665, 10.27 ], [ 105.55916666666667, 10.275 ], [ 105.558333333333337, 10.27833333333334 ], [ 105.548333333333332, 10.2875 ], [ 105.525, 10.3025 ], [ 105.5175, 10.305833333333339 ], [ 105.515833333333333, 10.305 ], [ 105.494166666666658, 10.3275 ] ] } },
{ "type": "Feature", "properties": { "COMID": 44045919, "id": "7111", "lengthkm": 5.7164777464332648, "order": 7, "uparea": 771033.49665386393 }, "geometry": { "type": "LineString", "coordinates": [ [ 105.659166666666664, 10.15 ], [ 105.650833333333324, 10.158333333333339 ], [ 105.65, 10.1625 ], [ 105.625, 10.186666666666671 ] ] } },
{ "type": "Feature", "properties": { "COMID": 44045918, "id": "7111", "lengthkm": 15.015373103071788, "order": 7, "uparea": 772579.76282141218 }, "geometry": { "type": "LineString", "coordinates": [ [ 105.765, 10.0775 ], [ 105.7525, 10.09 ], [ 105.740833333333327, 10.095833333333339 ], [ 105.735, 10.095833333333339 ], [ 105.710833333333326, 10.116666666666671 ], [ 105.694166666666661, 10.12583333333334 ], [ 105.659166666666664, 10.15 ] ] } },
{ "type": "Feature", "properties": { "COMID": 44045917, "id": "7111", "lengthkm": 5.2380466363319433, "order": 7, "uparea": 772650.606293933 }, "geometry": { "type": "LineString", "coordinates": [ [ 105.798333333333332, 10.049166666666672 ], [ 105.793333333333322, 10.058333333333341 ], [ 105.784166666666664, 10.0675 ], [ 105.775833333333324, 10.073333333333338 ], [ 105.765, 10.0775 ] ] } },
{ "type": "Feature", "properties": { "COMID": 44045916, "id": "7111", "lengthkm": 0.57545517070872898, "order": 7, "uparea": 772739.76413985551 }, "geometry": { "type": "LineString", "coordinates": [ [ 105.80083333333333, 10.045 ], [ 105.798333333333332, 10.049166666666672 ] ] } },
{ "type": "Feature", "properties": { "COMID": 44045915, "id": "7111", "lengthkm": 17.013743803694048, "order": 7, "uparea": 773817.92850895261 }, "geometry": { "type": "LineString", "coordinates": [ [ 105.898333333333326, 9.936666666666671 ], [ 105.8775, 9.950833333333339 ], [ 105.846666666666664, 9.98 ], [ 105.819166666666661, 10.013333333333339 ], [ 105.8175, 10.016666666666673 ], [ 105.8175, 10.0225 ], [ 105.814166666666665, 10.03 ], [ 105.808333333333337, 10.038333333333338 ], [ 105.80083333333333, 10.045 ] ] } },
{ "type": "Feature", "properties": { "COMID": 44046400, "id": "7111", "lengthkm": 9.2908474740990226, "order": 7, "uparea": 774697.65067198128 }, "geometry": { "type": "LineString", "coordinates": [ [ 105.955, 9.880833333333339 ], [ 105.953333333333333, 9.885 ], [ 105.925, 9.91 ], [ 105.911666666666662, 9.925 ], [ 105.91, 9.93 ], [ 105.898333333333326, 9.936666666666671 ] ] } },
{ "type": "Feature", "properties": { "COMID": 44046399, "id": "7111", "lengthkm": 10.815765808967447, "order": 7, "uparea": 774772.97603668948 }, "geometry": { "type": "LineString", "coordinates": [ [ 106.025833333333338, 9.8175 ], [ 106.0175, 9.819166666666671 ], [ 106.014166666666668, 9.821666666666673 ], [ 105.955, 9.880833333333339 ] ] } },
{ "type": "Feature", "properties": { "COMID": 44046398, "id": "7111", "lengthkm": 2.955705689749085, "order": 7, "uparea": 775050.41322420561 }, "geometry": { "type": "LineString", "coordinates": [ [ 106.0475, 9.808333333333341 ], [ 106.034166666666664, 9.816666666666674 ], [ 106.025833333333338, 9.8175 ] ] } },
{ "type": "Feature", "properties": { "COMID": 44046397, "id": "7111", "lengthkm": 4.957685663430401, "order": 7, "uparea": 775140.78874230909 }, "geometry": { "type": "LineString", "coordinates": [ [ 106.069166666666661, 9.7725 ], [ 106.066666666666663, 9.7825 ], [ 106.0475, 9.808333333333341 ] ] } },
{ "type": "Feature", "properties": { "COMID": 44046396, "id": "7111", "lengthkm": 3.5701866387717152, "order": 7, "uparea": 775611.55126566498 }, "geometry": { "type": "LineString", "coordinates": [ [ 106.0975, 9.7625 ], [ 106.0775, 9.7725 ], [ 106.069166666666661, 9.7725 ] ] } },
{ "type": "Feature", "properties": { "COMID": 44046395, "id": "7111", "lengthkm": 2.355571900216527, "order": 7, "uparea": 775719.66045150871 }, "geometry": { "type": "LineString", "coordinates": [ [ 106.11333333333333, 9.749166666666671 ], [ 106.0975, 9.7625 ] ] } },
{ "type": "Feature", "properties": { "COMID": 44046394, "id": "7111", "lengthkm": 11.851812812818313, "order": 7, "uparea": 775833.02004996059 }, "geometry": { "type": "LineString", "coordinates": [ [ 106.185833333333335, 9.673333333333339 ], [ 106.161666666666662, 9.696666666666673 ], [ 106.15, 9.710833333333341 ], [ 106.12833333333333, 9.73083333333334 ], [ 106.11333333333333, 9.749166666666671 ] ] } },
{ "type": "Feature", "properties": { "COMID": 44046393, "id": "7111", "lengthkm": 4.0862544170249508, "order": 7, "uparea": 775876.22938334767 }, "geometry": { "type": "LineString", "coordinates": [ [ 106.2125, 9.648333333333341 ], [ 106.185833333333335, 9.673333333333339 ] ] } },
{ "type": "Feature", "properties": { "COMID": 44046392, "id": "7111", "lengthkm": 5.622978429100705, "order": 7, "uparea": 775976.91826970724 }, "geometry": { "type": "LineString", "coordinates": [ [ 106.25, 9.615833333333338 ], [ 106.2125, 9.648333333333341 ] ] } },
{ "type": "Feature", "properties": { "COMID": 44046391, "id": "7111", "lengthkm": 3.9342543909143042, "order": 7, "uparea": 776027.11519115441 }, "geometry": { "type": "LineString", "coordinates": [ [ 106.279166666666669, 9.6 ], [ 106.264166666666668, 9.606666666666673 ], [ 106.25, 9.615833333333338 ] ] } },
{ "type": "Feature", "properties": { "COMID": 44046390, "id": "7111", "lengthkm": 3.3861689994837838, "order": 7, "uparea": 776128.1625807212 }, "geometry": { "type": "LineString", "coordinates": [ [ 106.303333333333327, 9.584166666666672 ], [ 106.279166666666669, 9.6 ] ] } }
]
}
