{"type":"FeatureCollection","features":[{"type":"Feature","geometry":{"type":"MultiPolygon","coordinates":[[[[104.69436468500024,18.297280579000287],[104.69312249800001,18.296877502000157],[104.69206890900008,18.29616333000004],[104.6907362060002,18.296809906000163],[104.69037237500024,18.29787277199999],[104.6904024050003,18.29934140000009],[104.68988147000019,18.299883575000095],[104.6889184570002,18.299230804000175],[104.68846685800028,18.300622498000138],[104.68787249800025,18.300377502000018],[104.68556121800012,18.299377502000056],[104.6813488770002,18.299623871000108],[104.67951269500017,18.300252380000146],[104.679122498,18.299877502000044],[104.678877502,18.299622498000176],[104.67712249800022,18.299377502000056],[104.67517578100004,18.29887860100017],[104.67440094000008,18.2988627620001],[104.67361315900027,18.299132416000205],[104.67289245600014,18.29911770600006],[104.67200262500015,18.299701080000006],[104.67125500500012,18.302005005000126],[104.67061749300004,18.30261749300017],[104.66893249500023,18.304371277000243],[104.66604248000013,18.304430267000058],[104.66366455100021,18.30327661100017],[104.66312567100019,18.30136599700019],[104.6627600100002,18.302119690000197],[104.66224511700014,18.302130188000177],[104.66178027300006,18.301172058000034],[104.6608724980002,18.300877502000176],[104.65903149400012,18.300130737000117],[104.65862500000023,18.30012243700014],[104.65764459200008,18.300142456000202],[104.65687750200024,18.299622498000176],[104.65611999500024,18.299255005000234],[104.6553775020001,18.298872498000108],[104.65462249800018,18.298627502000173],[104.65384906,18.29836276200021],[104.65275262500026,18.298385162000017],[104.65151397700006,18.2975455630001],[104.64937249800008,18.297127502000052],[104.64812750200011,18.29662249800002],[104.64616305500019,18.29614361600018],[104.64482687400019,18.295350403000015],[104.64275839200022,18.293197510000226],[104.64169708300008,18.2926507870002],[104.6396224980002,18.294122498000107],[104.63901501500013,18.295049103000125],[104.6374166260002,18.295872498000136],[104.63602224700011,18.296045349000224],[104.63537750200013,18.29637750200017],[104.63456948900014,18.2967695010001],[104.63336889600012,18.298389099000076],[104.6323724980002,18.298872498000108],[104.63162750200021,18.299377502000056],[104.63112249800017,18.299622498000176],[104.6301418150002,18.30064318800015],[104.62889749100017,18.30061779800019],[104.62837249800018,18.300872498000118],[104.62768048100011,18.301592773000124],[104.62687249800015,18.30212249800016],[104.62587750200012,18.3028775020002],[104.62537249800013,18.30312249800012],[104.6248775020002,18.30337750200009],[104.62309744300015,18.303725006000064],[104.62172149699998,18.30417150900024],[104.61918243400007,18.305633820000168],[104.61789456200009,18.30560754400004],[104.61712750200022,18.306127502000066],[104.61637249800012,18.306372498000087],[104.61587750200019,18.306627502000055],[104.61412249800017,18.307122498000155],[104.61337750200008,18.307377502000108],[104.61188174400004,18.307862885000034],[104.61115597500012,18.308618256000102],[104.61037249800015,18.308872498],[104.60912725800014,18.30937759400004],[104.6086180730002,18.309367218000077],[104.60762750200021,18.30987750200019],[104.6061331180002,18.31060250900005],[104.60611675999999,18.311403229000135],[104.60908621200011,18.31134262100018],[104.61012167400017,18.31233749400016],[104.61013775600028,18.313125000000127],[104.61010220300008,18.314866882000018],[104.61110824599999,18.314887421000023],[104.6119446110001,18.31445657300017],[104.6123775020001,18.314872498000213],[104.61286758400016,18.31538259900023],[104.61357782000013,18.31501672400016],[104.61375536702886,18.316288540377343],[104.61392718500028,18.317519318000194],[104.61486981200008,18.318004883000043],[104.6148775940002,18.317622742000225],[104.61420559700005,18.31596606400028],[104.61487249800015,18.31562249800001],[104.61541421500013,18.315359680000114],[104.61659808300018,18.31412750200012],[104.61711352500024,18.314579468000133],[104.61748001100014,18.315708771000217],[104.61835788000022,18.316622498000143],[104.6183919370001,18.315329376000093],[104.61836230500003,18.313877808000157],[104.61980688500014,18.313848328000205],[104.6206224980003,18.31412750200012],[104.62236874400028,18.31469415300002],[104.62238754300014,18.31561474600008],[104.6218775020001,18.315877502000234],[104.6203775020002,18.3162431640002],[104.62092565900016,18.317103088000124],[104.62355624400001,18.317156769000036],[104.62462759400003,18.316127411000224],[104.62462243700011,18.315875000000204],[104.62462756300019,18.31562500000004],[104.62461764499997,18.315140137000157],[104.62609808300019,18.314377502000198],[104.62689547700009,18.31474652100009],[104.62686230500017,18.316372192000046],[104.62712500000018,18.316377563000046],[104.62775244100001,18.316364746000133],[104.62836264000006,18.317622498000105],[104.62887750200022,18.316877502000196],[104.6293575130002,18.315398315000024],[104.63009808300032,18.314627502000192],[104.63037750200013,18.314872498000213],[104.63087374900002,18.31538900800014],[104.63114828500008,18.314543030000138],[104.63188742100002,18.313108246000255],[104.63185720800018,18.311627899000158],[104.63309661900016,18.311602631000028],[104.63362210100021,18.312107513000058],[104.63364242600014,18.313103516000226],[104.63287750200007,18.31533828700003],[104.63376120000018,18.315854614000116],[104.63413186599999,18.31433410600016],[104.63512750200007,18.313377502000066],[104.63549499500019,18.31299499500021],[104.63587750200011,18.312627502000268],[104.63635751300015,18.31212789900023],[104.63737210100007,18.312107208000114],[104.63738281200025,18.31263220200003],[104.63673980700005,18.313250000000167],[104.6375616460002,18.31403961200013],[104.63705780000018,18.315592316000263],[104.63561044300016,18.315874847000018],[104.63512750200007,18.316377502000122],[104.63462750199997,18.31685788000017],[104.63509320100016,18.316895172000144],[104.63609808300018,18.316377502000122],[104.6371224980002,18.316851563000185],[104.63675528000002,18.318014557000126],[104.63418518100005,18.318452942000164],[104.63332177700013,18.317554291000064],[104.63237750199997,18.317877502000073],[104.63087750200012,18.318170319000146],[104.63112249800017,18.318377502000146],[104.63257232700013,18.31873095700007],[104.63296243300007,18.319870667000046],[104.63250000000008,18.319880096000205],[104.63212500000017,18.3198724370002],[104.63137500000008,18.319887756000128],[104.62987500000017,18.319857147000178],[104.62810818500023,18.31989318800005],[104.62700500500009,18.31874499499999],[104.62675000000021,18.318500000000157],[104.62659487900018,18.320366333000024],[104.62715707400017,18.32085070800005],[104.62710620100009,18.321483978000046],[104.62477325400008,18.321296509000078],[104.6226650090002,18.322947631999995],[104.62335455300021,18.323615692000033],[104.62493374600021,18.322309418000216],[104.62665560900015,18.322447754000024],[104.6271156920001,18.323288635000054],[104.62592262275021,18.32414531725017],[104.62552493300021,18.324430878000157],[104.62525000000008,18.324750000000094],[104.62587976100022,18.324629760999997],[104.62638830600011,18.324360657000213],[104.62691931200018,18.324381713999998],[104.62686056500021,18.325863861000144],[104.6270162660002,18.326120239000048],[104.62759863300019,18.324886292000002],[104.62794369500014,18.324629760999997],[104.62933514400007,18.326131531000186],[104.62963964800022,18.32611947600016],[104.62961044300008,18.32538299600006],[104.63040899700016,18.32434167500014],[104.63140835600026,18.32438128700005],[104.63187942500016,18.32488967900001],[104.6331483760001,18.324839386000022],[104.63308767700019,18.323308044000157],[104.63317532300007,18.322129761000184],[104.6341383060001,18.322639343000247],[104.63504599000007,18.322603363000027],[104.63604034400001,18.324143219000064],[104.6372500000002,18.324095276000193],[104.63794851700007,18.325575378000266],[104.63837023900024,18.325120239000086],[104.63915066500013,18.324397125000118],[104.63912005600017,18.323625000000092],[104.63913052400025,18.323360352000037],[104.6398448790001,18.323388672000164],[104.6406970210002,18.325576996000123],[104.64148129300023,18.324730560000177],[104.64262023900025,18.325129761000156],[104.6436297610002,18.325370239000165],[104.64495492600017,18.325834686000135],[104.64537023900013,18.326512939000025],[104.64387023900028,18.3268702390001],[104.6436297610002,18.32722448700011],[104.64462976100017,18.327870239000063],[104.64537023900013,18.32837976100012],[104.64637976100008,18.32862023900013],[104.64671051000008,18.328977202999994],[104.64590554800012,18.3304984130001],[104.64687500000022,18.329985413000102],[104.64775000000012,18.330448425000142],[104.64851434300024,18.33004397600007],[104.64961169400019,18.328859619000042],[104.65052612300022,18.3288958440002],[104.65112023900028,18.327370239000174],[104.65143048100012,18.326879761],[104.65187023900026,18.327962036000116],[104.6513575440002,18.32991873200018],[104.65074047900012,18.330490479000147],[104.65037976100021,18.330879761000034],[104.65012023900013,18.33112023900013],[104.64962976100006,18.332010773000093],[104.6514530640001,18.331533020000165],[104.65289094525028,18.3302859342503],[104.65337023900028,18.329870239000172],[104.65387976100007,18.329629761000163],[104.65451049800012,18.32929602100009],[104.65512023900013,18.329675323000032],[104.65455395500018,18.330745453000105],[104.65337023900028,18.33112023900013],[104.65262976100021,18.332129761000076],[104.65187023900026,18.333120239000223],[104.65137976100019,18.33387976100019],[104.65075000000022,18.334750000000156],[104.65114111300014,18.334641083000022],[104.65260888700007,18.33335891700017],[104.65408801300018,18.333107635000246],[104.65518560800021,18.33168563800028],[104.65610699500016,18.330974457000053],[104.65651428200019,18.32997934000005],[104.65780200200024,18.330169647000076],[104.65853625500026,18.33112085000026],[104.65986962900016,18.33149215700017],[104.66010888700018,18.33279238900019],[104.65860888700021,18.33310891700009],[104.65690161100017,18.334205475000047],[104.65675000000024,18.334750000000156],[104.65898443600011,18.334890045000193],[104.65936798100014,18.336132019000104],[104.65967919900012,18.33670480300016],[104.66092889400014,18.336256409000185],[104.66228228800011,18.334391570999983],[104.66480932600015,18.33369546500012],[104.66665393100007,18.332086639000053],[104.66917797900012,18.331632019000097],[104.66986798100007,18.332750397000083],[104.66925000000023,18.33375000000011],[104.67024444600023,18.333581055000067],[104.67077551300022,18.332893036000073],[104.67225463900022,18.332287658999988],[104.67260888700022,18.33312158200016],[104.67149932900023,18.33449447600006],[104.67052551300023,18.334893035999997],[104.67014111300003,18.335391083000175],[104.66974359100013,18.335697937000077],[104.66850000000014,18.335514160000145],[104.66798571800021,18.3367706600001],[104.6667777710002,18.336592163000162],[104.66699230999998,18.3380439150002],[104.66660852100026,18.339360168000127],[104.66470214800015,18.33963119500008],[104.66517779500018,18.340419769000135],[104.66460034200023,18.340865509000167],[104.66260888700006,18.341108917000142],[104.66208557100012,18.341424591000234],[104.66141449000028,18.341325409000106],[104.66017327900013,18.340576721000247],[104.6591088870002,18.340141083000262],[104.65889111300001,18.3398589170001],[104.65824999999998,18.339750000000052],[104.65836572300017,18.33988430800015],[104.65863427700006,18.34011569200011],[104.65886572300022,18.34038430800014],[104.6591779790003,18.3406533510001],[104.65973266600028,18.341896484000287],[104.66095141600013,18.341798553000174],[104.66231219500023,18.34229824800005],[104.66264044200008,18.343743195000144],[104.66391198700015,18.344539642000044],[104.66385943600025,18.3451940610001],[104.66287500000013,18.345114960000046],[104.66252270500021,18.345143250000163],[104.66137445100034,18.346476074000037],[104.65923400900007,18.34528182999999],[104.65829266400007,18.345949280000156],[104.65738427700003,18.34561569200008],[104.65651428200019,18.34535376000018],[104.65351214600011,18.345595001000063],[104.65561285400022,18.346392181000212],[104.6568720700001,18.34592974900005],[104.65794390900007,18.346689758000224],[104.65918164100006,18.34659030200008],[104.65986572300008,18.347384308000045],[104.66086608900011,18.348246185000136],[104.66111572300017,18.349884308000227],[104.66128106700003,18.350115692000088],[104.66184710700028,18.34884710700011],[104.6628187260001,18.348010010000124],[104.66488916000017,18.348176361000128],[104.66486120600027,18.34782852200003],[104.66386572300016,18.347384308000045],[104.66338427700018,18.346953522000106],[104.66524401900014,18.346614288000197],[104.66687683100022,18.343937622000155],[104.66788427700001,18.343634308000105],[104.66849902300018,18.343291321000052],[104.66899298100017,18.342717987000043],[104.66879534900013,18.34025866700013],[104.6696342770002,18.33988430800015],[104.66995422400029,18.338821777000177],[104.67135845900012,18.33838430800003],[104.6718657230002,18.339269592000193],[104.67061572300017,18.340865691999994],[104.67038427700018,18.342134308000155],[104.66980633500012,18.343708099000168],[104.66900000000012,18.345000000000212],[104.66848339800018,18.345167633000045],[104.66812750200026,18.346627502000132],[104.66780304000022,18.34757550000006],[104.66962750200017,18.347872498000115],[104.67065972900033,18.348137054000247],[104.67186273200022,18.34811248800017],[104.67262249800021,18.348627502000156],[104.6731275020002,18.348872498000077],[104.67426104700016,18.349456451000165],[104.67512249800009,18.348872498000077],[104.67562750200003,18.348627502000156],[104.67637249800012,18.348122498000194],[104.67837335200014,18.34763473500007],[104.67862249800012,18.347201996000067],[104.67731695600011,18.346778351000097],[104.67687750200005,18.34587249800019],[104.6767413330002,18.34562750200017],[104.67637750200012,18.346377502000152],[104.67609808300008,18.346872498000153],[104.67503643800015,18.346325592000113],[104.67437750200028,18.343622498000286],[104.67411279300015,18.342849091000062],[104.67412854000028,18.34207565300001],[104.67496685800026,18.34137750200007],[104.67538537600015,18.342667236000196],[104.6758997800001,18.343665741000123],[104.67662249800023,18.34360788000005],[104.6759226070001,18.3429354860001],[104.67570127825005,18.341575745000313],[104.67562750200003,18.341122498000104],[104.67536248800022,18.34034829700009],[104.67487249800021,18.33987750200012],[104.67437750200028,18.339338287000004],[104.67488269000003,18.33786239600002],[104.67577002000021,18.3378805240001],[104.67636185743586,18.340308273453033],[104.67662377900032,18.341382690000145],[104.67785772700009,18.341357483000095],[104.67887249800023,18.342127502000125],[104.68083715800023,18.342765045000036],[104.68037164300009,18.344125000000204],[104.68065167200015,18.34494311500012],[104.68061480700024,18.346750000000142],[104.68062780800014,18.34738769500015],[104.68175000000028,18.34736480700022],[104.68237738000013,18.347377594000122],[104.68312249800013,18.346838287000082],[104.68257885700021,18.34525000000029],[104.68288439899996,18.344357330000065],[104.68404522700021,18.344381012000156],[104.6844597170003,18.343103760000176],[104.68603247100012,18.34313586400016],[104.68641723600015,18.345106567000144],[104.68712249800015,18.34437249800007],[104.6877080080001,18.344088440000192],[104.689907471,18.344133331000094],[104.6909124760003,18.34517935200013],[104.69138140900023,18.346145874000072],[104.69187750200004,18.346622498000073],[104.69214923100006,18.346905304000202],[104.69412463400008,18.347863678000095],[104.69437451200017,18.348633667000215],[104.69463140900027,18.348104126000095],[104.69512921100014,18.347625854000142],[104.69487249800014,18.34712750200012],[104.6946275020002,18.346598083000103],[104.695877991,18.345396636999993],[104.69587231400001,18.345117401000152],[104.6949356690001,18.345136505000227],[104.6946275020002,18.34387249800018],[104.69436761500017,18.343113159000055],[104.6944064940001,18.341207184000012],[104.69407885700011,18.34025000000004],[104.69437762500004,18.339377228000117],[104.69437207000001,18.339107513000187],[104.69374499500029,18.338505005000258],[104.6926826170002,18.33739923100015],[104.69186999500013,18.337005005000137],[104.69100567600012,18.336559753000245],[104.69061834700014,18.334575653000215],[104.69063775600031,18.33362500000007],[104.69061737100023,18.332625000000107],[104.69063299600012,18.331857300000095],[104.69179919400025,18.33188110400002],[104.69212249800015,18.33287750200013],[104.69256976300014,18.33337249800023],[104.69287249800024,18.33208828700002],[104.69236761500011,18.33061315900018],[104.69238684100017,18.329669585999994],[104.6948391110001,18.330171875000175],[104.69562249800018,18.330716858000144],[104.69410882600019,18.331208069000198],[104.69412768600014,18.332132599000133],[104.69500000000019,18.332114807000167],[104.69564788800025,18.332128021000102],[104.6956212770003,18.333432739000145],[104.69387249800016,18.334122498000013],[104.69281378200006,18.335989868000155],[104.6930836790003,18.336622498000196],[104.69412249800027,18.33487249800008],[104.69518505900007,18.334613464000057],[104.6960474850001,18.334631073000182],[104.69536315900015,18.338643097000045],[104.69683526600019,18.33861306800013],[104.6971465450001,18.340525299000163],[104.69889233400013,18.341372284000258],[104.69937249800014,18.340872498000024],[104.69965338100022,18.340602630999996],[104.70089282200016,18.340627899000125],[104.70086218300023,18.342127808000157],[104.70125750699995,18.342119751000112],[104.70162933300028,18.34059457400022],[104.70257238800022,18.33876385500008],[104.70346685800027,18.33812750200019],[104.70395440700034,18.339629883000157],[104.70479797400017,18.340872498000024],[104.70532354700023,18.339253021000147],[104.70485766600015,18.3383487240002],[104.70487756300028,18.337375000000193],[104.70487243700009,18.337125000000114],[104.70487756300028,18.336875000000205],[104.70486895800016,18.336453705000082],[104.70588732900003,18.33612750200018],[104.70637249800026,18.337127502000143],[104.7066683350001,18.337372498000164],[104.70662073479642,18.33504145798048],[104.70660388200028,18.334216156000224],[104.70757525600013,18.333877502000178],[104.7090515140001,18.335869019000015],[104.70847833300022,18.33754361000011],[104.70916174300018,18.338122498000047],[104.71013702400003,18.33710739100026],[104.71137414600017,18.337132629000124],[104.71189892600009,18.336332184000057],[104.7116082150001,18.33348757900015],[104.71243524200023,18.33312750200011],[104.71399499500015,18.33575500500018],[104.71437750200019,18.336122498000123],[104.71462249800018,18.33641171300016],[104.71409252900006,18.337960144000107],[104.71338537600005,18.33933276400026],[104.71306085200021,18.340332794000133],[104.71186407500014,18.340624542000214],[104.71137750200003,18.341627502000236],[104.71087249800027,18.342372498000145],[104.71062750200022,18.342877502000107],[104.71028179900011,18.343548584000118],[104.70861303700028,18.343874359000154],[104.70756799300003,18.34546826200014],[104.70808416700018,18.34697631800013],[104.70735382100017,18.348394073000193],[104.70739209000024,18.348872498000077],[104.7082700200003,18.347958771000066],[104.70874499500016,18.346494995000185],[104.70912750200003,18.346127502000243],[104.7094171750002,18.344939117000152],[104.71037750200006,18.344627502000037],[104.71164349400019,18.344113983000184],[104.71321142600024,18.34147271700013],[104.71462750200007,18.341127502000262],[104.71513220200009,18.340602173000136],[104.71637579300031,18.340627563000098],[104.71687249800019,18.340607880000164],[104.7163724980002,18.34012750200003],[104.71612750200009,18.339872498000062],[104.71587249800021,18.33962750200014],[104.7156126100003,18.33935699500013],[104.71562780800016,18.338612487999995],[104.71684777800002,18.338020630000145],[104.71712249800018,18.336697021000234],[104.71587249800021,18.335877502000102],[104.71555590800025,18.335548004000103],[104.71487750200006,18.333715851000036],[104.71667150900018,18.33337750200029],[104.71809600800017,18.33486013800021],[104.7188775020002,18.335372498000055],[104.71962249800006,18.335901917000072],[104.71912042200009,18.33687649500007],[104.71966424600001,18.33714032000013],[104.72040240500016,18.337908600000205],[104.7203720700002,18.33939248700014],[104.71973370400022,18.340005829000262],[104.72015191700021,18.34037249800005],[104.72116076700016,18.33985278300021],[104.72319543500012,18.339894287000178],[104.7236224980002,18.341016052],[104.72285211200025,18.34215258800016],[104.7212047730001,18.342118988000223],[104.72081622300007,18.343316254000072],[104.71987249800029,18.343622498000286],[104.7191226200002,18.344403015000196],[104.71760339400018,18.34437200900021],[104.71687750200007,18.34512750200011],[104.7166018070001,18.34539239499999],[104.71562500000019,18.345372437000123],[104.71488726800007,18.34538751200003],[104.713918457,18.34473080400005],[104.71362750200004,18.34562750200017],[104.71335595700012,18.34642083699991],[104.71339209000027,18.346872498000153],[104.71425708000024,18.34597222900001],[104.71588757300023,18.34663360600011],[104.71587207000019,18.347392792000036],[104.71487268100029,18.347372406000304],[104.71433868400024,18.34764749100006],[104.71383593700031,18.348170746000108],[104.71389209000014,18.348872498000077],[104.71438031000022,18.348364380000234],[104.71620033275016,18.347920692750264],[104.71680700700009,18.347772797000218],[104.71713220200022,18.347102509000095],[104.71711987300003,18.346500000000063],[104.71713049300004,18.34598159800025],[104.71795819100006,18.34537750200009],[104.71887249800002,18.34591171300015],[104.71835247800007,18.347430939000176],[104.71731898475016,18.348423897000004],[104.71697448700027,18.348754883000126],[104.71754797400021,18.350372498000198],[104.71799499500034,18.348994995000268],[104.71861859100014,18.348395874000076],[104.71899511700022,18.347619812000175],[104.71961779800014,18.34763250700007],[104.72041204800016,18.34722335800005],[104.72012249800017,18.346377502000152],[104.71987750200023,18.344783142000125],[104.7211275020002,18.34437750200013],[104.72191497800017,18.344107971000128],[104.7228928220002,18.34412789900017],[104.72286540025178,18.345471600701373],[104.72284411600012,18.34651455700012],[104.72312249800021,18.34537249800003],[104.72338720700029,18.344599091000177],[104.72336761500006,18.34363684100005],[104.7238563840003,18.342208862000206],[104.72495117200017,18.341853607000203],[104.72626001000012,18.341880310000107],[104.72670416300016,18.342795837000182],[104.7278389890001,18.343346375000266],[104.72878503400014,18.34398767100012],[104.72912249800007,18.345392120000056],[104.72862249800019,18.34587249800019],[104.72823999000016,18.346270599000007],[104.72781274400026,18.348459351000088],[104.72710858200017,18.34913586400002],[104.72654583700032,18.35029583700016],[104.72548193400021,18.350811981000064],[104.7251104740001,18.35271478300011],[104.72459808300007,18.353622498000163],[104.72362323000007,18.353120300000185],[104.72324426300028,18.354288086000267],[104.72187249800007,18.354622498000126],[104.72162750200008,18.354758636000113],[104.72237750200023,18.355122498000114],[104.72329223600016,18.355742554000173],[104.72414117400015,18.354597260000176],[104.72562500000006,18.354627563000108],[104.72611889600014,18.354617462000064],[104.72662249800001,18.354911713000163],[104.72512640400001,18.356349152000178],[104.72460308800018,18.357427765000153],[104.72462768600022,18.358632599000103],[104.72590747100006,18.358606476000077],[104.72660968000011,18.35787561000018],[104.7276275020001,18.35762750200007],[104.72879522700018,18.35722781400014],[104.73014526400007,18.358142914000183],[104.7306224980002,18.359642120000146],[104.7300912480002,18.360152496000097],[104.728922058,18.360719727000046],[104.72862750200008,18.36162750200019],[104.72836218300026,18.361882385000143],[104.72716497800022,18.361857971000077],[104.72629266400017,18.362156525000174],[104.72443450900008,18.361839600000067],[104.7233775020002,18.36279800400014],[104.72443103000003,18.36313989300018],[104.72512249800016,18.36388736000012],[104.72386999500023,18.36449499500013],[104.72262237500004,18.365137695000016],[104.72170654300024,18.365119019000062],[104.72037750200022,18.366127502000197],[104.71987249800029,18.366372498000132],[104.71936010700026,18.367153992000127],[104.71886987300016,18.367625000000118],[104.71952002000032,18.368249603000095],[104.72012249800017,18.367622498000173],[104.7211275020002,18.366877501999994],[104.7216109010001,18.366374390000104],[104.72334460400012,18.36609216300012],[104.72462249800006,18.36512249800009],[104.72624542200018,18.36480566400016],[104.72732189900015,18.363353485000275],[104.728229675,18.363664185000218],[104.72950604200011,18.361942383000127],[104.73003088400017,18.36162750200019],[104.73037249800021,18.36337750200012],[104.73128515600033,18.365149170000166],[104.73162249800001,18.365965179000085],[104.73083337400018,18.366622498000126],[104.72937548800016,18.36587146000015],[104.72861315900022,18.366132416000156],[104.72725244100027,18.366104645000078],[104.72676727299998,18.367104736000144],[104.72512249800016,18.367372498000094],[104.72462750200006,18.367627502000147],[104.72410412600007,18.36788140900019],[104.7237500000002,18.368250000000046],[104.72488427700026,18.368365692000026],[104.72537823500008,18.368641296000177],[104.72573138400017,18.36823141500011],[104.7262180180002,18.367812164000057],[104.72736688200021,18.36790448000005],[104.72784527600018,18.36734927400012],[104.72922436500025,18.36793005400004],[104.72978149400015,18.368576721000252],[104.72886572300004,18.36936569200016],[104.7286193240001,18.37071643100019],[104.72786572300018,18.371365692000083],[104.7275482790001,18.371734100000012],[104.72771954300006,18.37211569200015],[104.72886309800023,18.371477692000113],[104.72921392800012,18.369933441000157],[104.73002685500015,18.369570709000158],[104.73097314500009,18.367929291000067],[104.73163427700015,18.367634308000177],[104.73224395800005,18.36729415900018],[104.7333800050001,18.36738543700018],[104.7341157230002,18.36877493300014],[104.73261572300012,18.36911569200008],[104.73204663100009,18.370024292000124],[104.73221539300019,18.372125000000125],[104.73190698200008,18.3759635010002],[104.7304667970001,18.37686554000014],[104.72936572300014,18.37711569200013],[104.7291342770001,18.377884308000233],[104.7281972660002,18.3784711910002],[104.72687237500023,18.378364746000102],[104.72638427700028,18.378434937000137],[104.7268842770001,18.378865692000247],[104.72736572300019,18.379469543000113],[104.72653717000006,18.380954529000064],[104.72533410600008,18.38149133300007],[104.72540344200021,18.382353668000093],[104.72500000000022,18.38300000000011],[104.7253797610002,18.382879761000112],[104.72637023900009,18.382120239000145],[104.72712976100033,18.381629761000156],[104.72749047899995,18.381240479000184],[104.72812152100025,18.380655762000217],[104.72860156300013,18.379139648000177],[104.73005633500028,18.378629761000084],[104.73111169400002,18.379072327000117],[104.7315736080001,18.382170288000026],[104.73014154100011,18.38284613000016],[104.72987023900012,18.383620238999995],[104.72962414600013,18.384653320000126],[104.72862976100018,18.385574677000065],[104.72912023899997,18.385879761000083],[104.73030395500015,18.386254547000178],[104.73062976100007,18.38687023900023],[104.7308702390001,18.388129761000087],[104.73132269300007,18.389420715000227],[104.73037023900011,18.389870239000032],[104.7294298100002,18.390367859000165],[104.72871215800004,18.390396332000222],[104.72717089800008,18.389908356000163],[104.72687023899996,18.389629761000023],[104.72637976100017,18.38887023900024],[104.72612023900021,18.38862976100016],[104.72586584500013,18.38835519400017],[104.72429290799997,18.390052765000036],[104.7226314700001,18.390836884000166],[104.72261010700029,18.391375000000096],[104.72263928200019,18.392110168000173],[104.72212976100016,18.3923797610001],[104.72062023900023,18.39262023900001],[104.71987976100033,18.39287976100026],[104.71887976100012,18.393196380999996],[104.7200941770001,18.393727753000164],[104.72278674300017,18.392679230000184],[104.72389880400013,18.391648834000108],[104.72470513900018,18.390778595000043],[104.72654901100012,18.390132324000135],[104.72887976100017,18.390870239000165],[104.7293416140001,18.391368713000205],[104.72985339400023,18.391389008000104],[104.73084387200024,18.391041840000156],[104.73162023900014,18.391879761000027],[104.73187976100016,18.392120239000036],[104.7321583250002,18.393868774000026],[104.73262023900011,18.393370239000078],[104.73297192400017,18.39304437300021],[104.73237976100015,18.391925323000166],[104.73273107900033,18.390749176000014],[104.73362023899998,18.389925323000142],[104.73337976100007,18.389620239000124],[104.73288128700025,18.38915835600001],[104.73287005600011,18.388875000000013],[104.73289856000017,18.388155731000197],[104.73240356400024,18.38722027600015],[104.73233068800025,18.38538171400026],[104.73337500000005,18.385340332000126],[104.73562023900021,18.385429321000117],[104.73537976100019,18.385120239000116],[104.73411731000019,18.38419424400024],[104.73415637200023,18.383207825000156],[104.73263397200012,18.38272580000016],[104.73261511200016,18.38225000000004],[104.73268432600017,18.380503082000104],[104.73187976100016,18.378544342000126],[104.73264831500003,18.37787976100003],[104.73420739700018,18.378184204000178],[104.73462023900024,18.378629761000084],[104.7348797610002,18.37887023900018],[104.73512023900022,18.379129761000073],[104.73582074000015,18.37977880900013],[104.73668695100017,18.381120239000182],[104.73691833500013,18.37993167100025],[104.73662976100033,18.379620239000246],[104.73562976100007,18.378693695000052],[104.73639923100015,18.37779400600013],[104.73812023899998,18.376440674000065],[104.73781903100021,18.37635244800005],[104.73637500000021,18.37640966800025],[104.73537500000006,18.376370056000084],[104.73391040000021,18.376428101000172],[104.73353234900028,18.375713654000123],[104.73392071500032,18.37198700000016],[104.73343212900014,18.370593079000017],[104.7340930180001,18.36987976100025],[104.7348797610002,18.37012023900016],[104.73532537800011,18.37060116600007],[104.73680633500018,18.37112023900012],[104.73787976100007,18.370379761000137],[104.73800000000008,18.37000000000016],[104.73712805200014,18.369867371000012],[104.73595935100016,18.369937042000274],[104.73541015600014,18.36944635000009],[104.73510449200032,18.368594421000125],[104.73514062500013,18.367988159000134],[104.73435046400019,18.366856964000064],[104.73511743200007,18.366171722000132],[104.73408404500029,18.364838257000102],[104.73445916700021,18.363225952000022],[104.73601220700013,18.36238201900018],[104.73743859900017,18.362682555999996],[104.73734448200022,18.364262329000056],[104.74059942600005,18.36365481600015],[104.74136798100025,18.363117981000144],[104.74227673300012,18.36270086700027],[104.74324139399997,18.36059903000009],[104.74423596200009,18.359485931000194],[104.74463201900014,18.359132019000214],[104.74502850300021,18.358688293000185],[104.74605712900026,18.358129333000292],[104.74744592300024,18.35787008700025],[104.74811798100026,18.3571179810002],[104.7485928340001,18.35669369500026],[104.7493187260001,18.355552277000143],[104.75055212400011,18.354882019000016],[104.75113201900032,18.35561798099998],[104.75196325700009,18.357429108000176],[104.75257879600011,18.358117981000163],[104.75263256800011,18.357627075000124],[104.75261755400012,18.357375000000147],[104.75263891600011,18.357016479000052],[104.7520744630003,18.353394348000123],[104.75138873300014,18.35335345500002],[104.75032592800025,18.354095825000158],[104.74886798100013,18.354367981000124],[104.74802319300031,18.354671082000152],[104.74685601800016,18.35460153200026],[104.74616400100021,18.355376068000126],[104.74550000000008,18.355500000000077],[104.74582904100029,18.356461334000045],[104.7448724980002,18.35787249800009],[104.74409619100007,18.35905651900009],[104.7429337770001,18.35943374600022],[104.74251574700017,18.36072192400013],[104.74084460400016,18.361129303],[104.73952044700005,18.36181143200004],[104.73733172600012,18.361363129000253],[104.73638684100021,18.36138241600017],[104.73562750200009,18.361122498000057],[104.73392071500032,18.360706421000003],[104.7334951170001,18.35988018800012],[104.73387500000021,18.359872437000107],[104.73462249800005,18.359887695000126],[104.73430615200007,18.357931335000075],[104.7334274900002,18.35884585600016],[104.73137780800008,18.358887695000163],[104.73136261000016,18.358143005000002],[104.73162249800001,18.35787249800009],[104.73349749800005,18.35766879275009],[104.73412249800018,18.35760089100009],[104.73312701400025,18.356627594000116],[104.73263684099996,18.356617584000176],[104.73167108200008,18.356948151000083],[104.73032189900019,18.354605560000152],[104.73072668500012,18.35294512900016],[104.7320974730001,18.354371887000084],[104.7325103150001,18.354380310000252],[104.73187750200023,18.353151917000133],[104.73255651900016,18.352377502000095],[104.73403973400016,18.3527167970001],[104.73437750200011,18.353372498000084],[104.73499017300011,18.354635406000128],[104.73600000000008,18.354614807000118],[104.73712780800011,18.354637817000068],[104.73712243700012,18.354375000000076],[104.73713220200014,18.353897491000097],[104.73687500000008,18.353367340000105],[104.73538610799997,18.353397736000048],[104.73512133800031,18.352624176000162],[104.73587249800008,18.35151605200005],[104.73537628200009,18.351121521000096],[104.7339148560001,18.35149606300027],[104.73206158400015,18.350744354000057],[104.73081573500022,18.351588837000037],[104.73000500499998,18.3507449950002],[104.72904235800021,18.349820099000056],[104.72962750200023,18.348377502000247],[104.72992205800008,18.34746972700019],[104.73062896700023,18.347126801000144],[104.73031073000007,18.346196991000127],[104.7310980830002,18.34537750200009],[104.73209527600002,18.34583898900017],[104.73257244900017,18.34633560200014],[104.73462750200011,18.346622498000073],[104.73553509499996,18.347237701000083],[104.73662249800023,18.345804626000174],[104.73611645500031,18.34510733000012],[104.73443640100012,18.34514160200021],[104.73300616500009,18.34467749000018],[104.73161981200022,18.34400491300012],[104.73163519300013,18.343250000000097],[104.73161230500031,18.34212759400023],[104.73212750200011,18.341127502000262],[104.73246814000007,18.339730286000204],[104.7348775020001,18.34012249800024],[104.73633337400011,18.340872498000024],[104.73712249800022,18.339544403000005],[104.73673168900015,18.33847259500014],[104.73612793000026,18.337892487000104],[104.73611230500032,18.33712780800026],[104.73710180700019,18.337107605],[104.7373914180001,18.337385864000026],[104.73809747300018,18.33884127800019],[104.73860791000018,18.339372498000174],[104.7386602780002,18.338718201000034],[104.73812750200008,18.33716171300013],[104.73931793200026,18.337067413000142],[104.73975567600016,18.339309753000222],[104.74056311000024,18.339725708000273],[104.7414470210002,18.338377502000185],[104.74364947500018,18.338624969000236],[104.74437500000008,18.339380096000184],[104.74485412600009,18.338881409000038],[104.74562249800019,18.338508636000114],[104.74500622600007,18.338166199000014],[104.74312719700012,18.33762240600005],[104.74165856900012,18.337652374000044],[104.74124499500019,18.337255005000117],[104.74087750200025,18.336872498000176],[104.74062249800002,18.336627502000255],[104.74037750200009,18.336372498000017],[104.73917150900022,18.336078491000123],[104.73880633500008,18.334580536000175],[104.73694494600002,18.33367749000014],[104.73587811300021,18.332652496000065],[104.735857605,18.331648193000106],[104.73659808300019,18.330877502000106],[104.7371275020001,18.331122498000227],[104.73760791000026,18.331622498000115],[104.7378776250001,18.331377411000176],[104.73782263200027,18.32868460100022],[104.73813702400017,18.328357391000054],[104.73950000000005,18.328385193000045],[104.74062219200007,18.3283623050001],[104.74064801000023,18.329627411000246],[104.73962774700001,18.33060766600026],[104.74021972700027,18.33182794200006],[104.74139117400003,18.33220806900016],[104.74135839800013,18.33381362900022],[104.74170202600007,18.33487249800008],[104.74187762500011,18.33462735000022],[104.74186743200008,18.334129181000122],[104.74262750200009,18.33312750200011],[104.74310998500013,18.332132965000156],[104.7441370240002,18.33211200000021],[104.74510791000003,18.33312249800005],[104.74513684100012,18.332392395000127],[104.74441424600022,18.33164032000016],[104.74287750200008,18.330894775000118],[104.7437990720002,18.330387878000096],[104.74562249800019,18.331127502000285],[104.74699426300018,18.331461914000243],[104.74738177500026,18.33265597500018],[104.74812750200024,18.33337249800023],[104.74837719700011,18.335416046000105],[104.74930487100019,18.33721685800016],[104.74837750200012,18.33810788000008],[104.74883917200012,18.33861596700011],[104.75053332500008,18.338904938000127],[104.75261474600026,18.338862457000076],[104.75287750199996,18.339372498000174],[104.75324133300015,18.34012249800024],[104.75337750200012,18.33987750200012],[104.7537424930002,18.33838024900014],[104.75475000000009,18.338359680000124],[104.75585253900019,18.338382202000034],[104.75637750200028,18.33812750200019],[104.75734686300027,18.33762811300008],[104.75855755600034,18.33760342400008],[104.76110125700015,18.338837494000046],[104.76116235400005,18.341830994000105],[104.76087750200028,18.342127502000125],[104.76049499500007,18.342494995000067],[104.75989251700022,18.344351685000035],[104.75919561800012,18.345076996000103],[104.75792150900011,18.346021515000174],[104.75743304400001,18.347028351000176],[104.75627441400016,18.34740432700002],[104.7557358400002,18.34906411700004],[104.75512750200014,18.349377502000124],[104.75449627700024,18.349683746000053],[104.75370910600012,18.350884369000184],[104.7523953250001,18.350857544000192],[104.75148761000034,18.352619659000055],[104.75260540800016,18.35264245600017],[104.75373394800002,18.351877502000022],[104.75505096400022,18.352238617000154],[104.75537750200013,18.35287249800028],[104.75586267100013,18.353872498000072],[104.75652612300016,18.353556763000142],[104.75612164300034,18.35237500000015],[104.75639202900024,18.35158502200025],[104.7563626100002,18.35014300500022],[104.7567449950001,18.349744995000066],[104.75738250700013,18.349132507000007],[104.7588275150002,18.347628510000177],[104.75960699500004,18.347612610000198],[104.76012249800007,18.348107880000057],[104.75987750200031,18.350127502000177],[104.75962017800018,18.35062704500004],[104.7611972660001,18.350934937000105],[104.76185791000003,18.35162249800007],[104.76237249800013,18.351154877000184],[104.76211578400014,18.350334991000025],[104.76087750200028,18.347931335000197],[104.76206347700017,18.34779040500017],[104.76262750200013,18.348622498000267],[104.7629634400001,18.350000610000166],[104.76475000000013,18.350250000000187],[104.76464111300012,18.349858917000077],[104.76398559600014,18.34935296600004],[104.76339111300015,18.348358917000127],[104.76226304585626,18.347113358164677],[104.76141302500017,18.34617480500016],[104.7620640260001,18.346078613000103],[104.76310888700007,18.346489380000165],[104.76289111300028,18.345858917000143],[104.76258422900028,18.34535015900005],[104.76200433300008,18.343875031000124],[104.76178729200004,18.342406433000022],[104.76255267300016,18.34229333500008],[104.76335888700007,18.342891083000154],[104.76525000000012,18.343000000000202],[104.76491790800017,18.341951019000177],[104.76437976100013,18.341370239000085],[104.76358538800017,18.34063418600003],[104.76436877400013,18.339908295000185],[104.76247747800025,18.339607025000035],[104.76196557600016,18.33852227800017],[104.76037353500013,18.33680407700011],[104.75870043900008,18.335652771000156],[104.75772747800013,18.33561419700007],[104.75612023900013,18.335870239000116],[104.75508593700019,18.33658197000021],[104.75362500000026,18.336639862000112],[104.75289660600012,18.336610992000132],[104.75165319800018,18.337046814000033],[104.7498912350002,18.335908997000132],[104.74986987300022,18.335370758000096],[104.75062023900014,18.334280304000202],[104.75012976100007,18.333620239000112],[104.74966790800013,18.333192291000145],[104.74926355000017,18.332428162000156],[104.75006121800007,18.330379761000046],[104.7506904300001,18.33064590500004],[104.75223303200008,18.331707397000216],[104.75332470700008,18.3311297610002],[104.75535601800024,18.33177044700018],[104.75567749000018,18.333120239000223],[104.7558797610001,18.33287976100023],[104.75621386700024,18.3311297610002],[104.75737976100007,18.33137023900011],[104.75812023900025,18.331879761000167],[104.75962976100007,18.332120239000176],[104.7601250000001,18.332382294000183],[104.76107470700006,18.331879761000167],[104.76337976100021,18.332120239000176],[104.76469354200012,18.332580719000077],[104.76557470700018,18.331629761000187],[104.76752136200022,18.33188909900005],[104.76812976099998,18.333370239000132],[104.76857843000008,18.334787384000236],[104.77002850300008,18.335246490000117],[104.77087023900017,18.336469696000066],[104.77062976100021,18.337379761000236],[104.77037023900019,18.33762023900023],[104.76988928200004,18.338139282000014],[104.76887976100014,18.339074677000042],[104.76912023900016,18.3406297610002],[104.7698702390002,18.341719696000226],[104.76921124300023,18.342942413000145],[104.76812976099998,18.342198212000113],[104.768370239,18.343629761000173],[104.76887976100014,18.34437023900024],[104.76935168500015,18.34537023900012],[104.76964862100019,18.344846466000035],[104.76960046400009,18.34363092000018],[104.77160723900025,18.343551392000165],[104.77163012700018,18.344129242000193],[104.77095697000019,18.34510745200022],[104.77287976100021,18.34537023900012],[104.77312023900018,18.345629761000183],[104.7736011960001,18.34607537800011],[104.7743702390002,18.348269592000108],[104.77412976100024,18.35012976100019],[104.77370599400015,18.351338776000034],[104.7733244630003,18.352794861000163],[104.77516772500016,18.35530786100017],[104.77597845500023,18.35455670200011],[104.7753476560002,18.35336465500015],[104.77585437000019,18.349657196000265],[104.77634423800023,18.349128448000116],[104.77791955600017,18.34862970000006],[104.77652996800012,18.34829870599995],[104.77612023900028,18.347129761000033],[104.7758103030001,18.34550656100012],[104.77412976100024,18.344974487000144],[104.7743702390002,18.34437023900024],[104.77463409400022,18.343871613000104],[104.77342901600034,18.34349005100016],[104.77286987300008,18.342128937000254],[104.77289111300033,18.341593994000135],[104.77188128700018,18.340658356000077],[104.77186114500003,18.340149872000097],[104.7723442380001,18.339628448000127],[104.77343664600008,18.339282593000192],[104.77300634800028,18.338054840000126],[104.77362023900017,18.335712036000174],[104.77335583500016,18.335061340000067],[104.77225592000016,18.334042175000036],[104.77323962400013,18.333577911000162],[104.77282476800016,18.332793823000216],[104.77317944300003,18.33144024700013],[104.7716110230003,18.330610321000123],[104.77071301300012,18.33157955900012],[104.76845575000024,18.32891479500026],[104.76469439700023,18.32840072600017],[104.76288678000006,18.327547668000108],[104.76286114500002,18.326899872000155],[104.76324047900019,18.326490479000213],[104.76537023900019,18.32608386200023],[104.76487976100012,18.32562023900006],[104.76362023900012,18.324879761000076],[104.76331616200005,18.3245515750001],[104.76237878400016,18.324880096000285],[104.76212500000028,18.32487005600008],[104.76112500000025,18.32490966800016],[104.75962500000011,18.32485022000013],[104.7592629390002,18.326370239000127],[104.7551487430002,18.32609863300003],[104.75508264200008,18.324430664000133],[104.75626483200008,18.323154694000166],[104.75765039100023,18.32364032000011],[104.75760211200023,18.322422577000253],[104.75827551300009,18.32137976100003],[104.75912976099997,18.321620239000126],[104.75986547900018,18.322009521000098],[104.76062976100022,18.322370239000094],[104.7613507080001,18.32275174000013],[104.76173706100016,18.321129761000222],[104.76243597400006,18.321391266000006],[104.76357470700017,18.322620239000273],[104.76462023900015,18.32230795300009],[104.76437976100013,18.321620239000126],[104.76412023900016,18.32137976100003],[104.7638797610002,18.321120239000052],[104.76287976100022,18.32019369500013],[104.76367071500019,18.319129761000028],[104.76489758300019,18.31943737799999],[104.76629403650006,18.321258453750104],[104.76675952099995,18.32186547900008],[104.76728442400022,18.322977722000175],[104.76824047900018,18.324009521000022],[104.76900000000026,18.324250000000205],[104.76888427700018,18.323865692000112],[104.76854016100023,18.32324890100014],[104.76788427700032,18.32152664200011],[104.76905792200014,18.321134308000154],[104.7701157230002,18.321884308000122],[104.77059106400029,18.322115692000082],[104.76928576700007,18.320537658999996],[104.76673138400011,18.31976858500022],[104.76616693100024,18.319113434000016],[104.76655792200009,18.318134307999998],[104.76764306600026,18.318903687000244],[104.7683173830001,18.318849487000108],[104.76732788100017,18.31758602900011],[104.76739056400012,18.316805939000133],[104.77032025100024,18.31704135100007],[104.77061572300008,18.317384308000115],[104.77088427700008,18.317615692000075],[104.77111572300007,18.317884308000103],[104.77151379400024,18.318227264000058],[104.77280450400028,18.318803192000104],[104.77386572300011,18.31963430800012],[104.77422607400004,18.31986569200008],[104.77384802200012,18.31883609000016],[104.77388879399999,18.318328522000087],[104.77558514400013,18.317571564000247],[104.77675000000013,18.317665160999994],[104.77855218500022,18.317520355000184],[104.77942456100007,18.318532990000122],[104.78036572300024,18.317865692000254],[104.780796509,18.31763430800011],[104.78111572300011,18.31938430800004],[104.78149914600007,18.3204284360001],[104.78111572300011,18.32111569200012],[104.78087823500013,18.32267413300029],[104.78036572300024,18.323115692000144],[104.77966546600024,18.32392846700006],[104.77865661600006,18.32384741200019],[104.77832708700006,18.32600982700015],[104.77727050800021,18.32750000000007],[104.7778842770002,18.32836569200012],[104.7782096560002,18.329446381000096],[104.77811492900028,18.330625000000182],[104.77814025900014,18.330940063000043],[104.77850000000026,18.331250000000196],[104.77863549800028,18.330880951000125],[104.77861492900016,18.330625000000182],[104.77863507100014,18.330375000000103],[104.77861492900016,18.330125000000194],[104.77863507100014,18.329875000000214],[104.77847924800014,18.32793618800011],[104.78059790000012,18.327549744000194],[104.78011572300008,18.327134308000012],[104.77988427700004,18.32686569200027],[104.77913427700022,18.326219543000178],[104.77950207500001,18.32525982700018],[104.78137811300027,18.323929626000066],[104.78210974100031,18.32455993700009],[104.78216516100011,18.325250000000068],[104.78208264200012,18.32627688600013],[104.78240094000026,18.32836569200012],[104.78434637500018,18.328105988000218],[104.78444030800026,18.326937225000137],[104.78361572300022,18.325884308000155],[104.78338427700024,18.325365692000148],[104.7821342770001,18.323363007000168],[104.78236572300008,18.32261569200007],[104.78308410600013,18.320909821000058],[104.78256127900002,18.319486023000024],[104.78349401900007,18.31818698100018],[104.78613427700017,18.317884308000103],[104.78678045700016,18.317134308000036],[104.78861523400016,18.317631561000056],[104.78903643800018,18.319954865],[104.78811572300006,18.320365692000067],[104.7873842770002,18.32088430800016],[104.78605883800023,18.321126068000183],[104.78636194577658,18.324097484528664],[104.78650103800013,18.32546102900004],[104.78706475800013,18.326115326000178],[104.78736572300008,18.325115692000153],[104.78763842800007,18.324373077000075],[104.78693609600023,18.323114319000197],[104.7880510250001,18.321820221000067],[104.78924523900005,18.321153930999998],[104.78975756800017,18.322855530000112],[104.79038183600014,18.322905670000168],[104.79061572300023,18.32086569200014],[104.7910833130002,18.319592285000198],[104.79063427700018,18.317615692000075],[104.79013427700019,18.31625415000005],[104.79079016100027,18.315384308000105],[104.79334826700008,18.315666962000137],[104.79346344000012,18.317100708000098],[104.79282672100018,18.317649292000013],[104.79291845700024,18.31879119900009],[104.79251513700015,18.31988955700028],[104.79303413743648,18.321613318611156],[104.79333593800013,18.32261569200007],[104.79378253200022,18.322269348000276],[104.79326263400011,18.320853577000022],[104.79463281300016,18.318384308000176],[104.7956315920002,18.318845184000025],[104.79596899400022,18.321423859000134],[104.79648138400015,18.322018585000137],[104.79675000000017,18.32225000000018],[104.7965943079777,18.320376947309995],[104.79655389400003,18.3198907470002],[104.79733837900008,18.319827728000135],[104.79880474900008,18.321040680000223],[104.79950000000017,18.32125000000005],[104.79937976100027,18.320870239000158],[104.79912023900019,18.32062976100015],[104.79762976100025,18.31887023900005],[104.79663970900017,18.318230896000173],[104.796129761,18.316620239000045],[104.79560113500023,18.315852019999994],[104.79564038100003,18.31486172500003],[104.79479614300007,18.314079498000154],[104.79587976100018,18.31337976099998],[104.79675201400008,18.31219052100026],[104.79861145000027,18.311835541000207],[104.79987023900006,18.310870239000266],[104.800468445,18.310629761],[104.80112023900008,18.311406952000183],[104.80062023900021,18.31187023900023],[104.8003611450001,18.31214987200009],[104.8003805540001,18.312639648000214],[104.80089880400007,18.312619110000284],[104.80147149700011,18.311405670000156],[104.80262976100019,18.31112976100016],[104.8029666750003,18.309715240000088],[104.80370288100019,18.308629761000077],[104.80561267100009,18.30964035000021],[104.80613964800003,18.30961947599998],[104.80611511200019,18.309000000000154],[104.80613793900014,18.308423126000122],[104.80787536600027,18.306157471000148],[104.80819500700008,18.30415100100005],[104.80908758500019,18.30511438000009],[104.80982171600013,18.30546081500016],[104.8101202390001,18.306280304000197],[104.80900238000007,18.307904816000047],[104.80800000000019,18.30786508200022],[104.80758068800006,18.30788171400009],[104.80764886500017,18.309602020000142],[104.80712023900023,18.310370239000193],[104.80687976100015,18.311051636000172],[104.80887976100027,18.311370239000155],[104.80941839600015,18.311655243000118],[104.80936865200002,18.312909424000054],[104.80824084500014,18.312864716000092],[104.8077405400002,18.31392471300022],[104.80587023900003,18.31437023900004],[104.80512976100002,18.31462976100002],[104.80368841600003,18.31490493800014],[104.80322039800004,18.316383087000233],[104.8035162960002,18.316870239000224],[104.80412042200018,18.315590149000087],[104.80585284400016,18.315658813000084],[104.80629418900017,18.3151824950002],[104.80787976100001,18.3148797610002],[104.8083702390002,18.31462023900022],[104.80924652100023,18.314379761000126],[104.80987023900022,18.316675322999984],[104.8093550420003,18.317648987000084],[104.80859997600001,18.317619049],[104.8086774290002,18.319572937000103],[104.80712023900023,18.31987023900028],[104.80662976100027,18.320210236000165],[104.80962976100014,18.32062023900008],[104.81104303000009,18.32148556500009],[104.81139300500016,18.32404623400012],[104.81135461400012,18.32501428200011],[104.80912023900007,18.325370239000165],[104.80826696800008,18.325957397000167],[104.8075577390002,18.325582123000103],[104.80711584500014,18.325105194000173],[104.80633514400009,18.325947723000155],[104.80437121600025,18.32586990400003],[104.80362976100017,18.326129761000118],[104.80202154500014,18.326385956000095],[104.80113452100002,18.327759521000146],[104.79935907000024,18.32859744300002],[104.79943316700022,18.33046801800016],[104.79989831500009,18.33087023900022],[104.80045037800008,18.329700378000055],[104.80157434100002,18.329169952000044],[104.80187023900018,18.32762023900017],[104.80229431200027,18.326879761],[104.80420916700015,18.327666290000153],[104.80502447500001,18.328546265000142],[104.80637023900019,18.32762023900017],[104.80737976100002,18.32737976100016],[104.80762023900022,18.32712023900028],[104.80847448700021,18.326879761],[104.80887023900007,18.328129761000042],[104.8091752930001,18.32862023900013],[104.80987023900022,18.327870239000063],[104.81062976100029,18.32762976100024],[104.81087585400005,18.326596680000208],[104.81208355700014,18.325477661000164],[104.81250457800033,18.32458554100016],[104.81441134650012,18.324661117750082],[104.81504693600007,18.324686310000146],[104.81537542700008,18.32640698200005],[104.8156202390002,18.324870239000276],[104.81600000000017,18.324250000000205],[104.81347271700011,18.32412231400012],[104.81233429000017,18.32333892800014],[104.81187976100014,18.32183300800014],[104.81300000000019,18.320205017000006],[104.81031298800028,18.319837769000173],[104.8096768800003,18.31915124500003],[104.81042443800007,18.318064880000122],[104.81128320300016,18.316245148000192],[104.81162023900006,18.31496969600026],[104.8108585210002,18.31386273200016],[104.81202429200007,18.31278259300022],[104.8113685910001,18.31091180400024],[104.81138171400025,18.3105806880002],[104.81262878400022,18.31063009600021],[104.81367675800024,18.31026281700011],[104.81444751000024,18.31067065400019],[104.81435275275018,18.31306088975022],[104.81432116700014,18.31385763500009],[104.81514978000027,18.312574524000055],[104.81563970900018,18.312120575000066],[104.81561846900021,18.31158514400026],[104.81642041000012,18.310842133000165],[104.81751904299998,18.310885651000035],[104.81787963900015,18.311649719000187],[104.81864715600008,18.31082138100014],[104.82036169400018,18.310889343000255],[104.82094226100017,18.310582123000145],[104.82137023900006,18.310120239000113],[104.82204956100011,18.30949081400027],[104.82035955800026,18.30792498800011],[104.81912023900023,18.307629761000115],[104.81861071800009,18.307360168000102],[104.81863397200024,18.306774200000106],[104.81987976100018,18.306379761000073],[104.8201202390002,18.306101715000153],[104.81810119600019,18.305148834000093],[104.81721411100008,18.304191437000014],[104.81883807400007,18.302686737000045],[104.82062091100013,18.303630127000204],[104.82094451900028,18.30361727900012],[104.82058624300012,18.302250000000143],[104.82096850600013,18.300791077000042],[104.82237976100018,18.299879761000142],[104.82267370600024,18.299562531000177],[104.82440838600027,18.29963128700018],[104.82492742900021,18.30019149800009],[104.82552655000015,18.301460968000228],[104.82511987300015,18.302621216000134],[104.82513055400014,18.302889648000047],[104.82579187000024,18.302863434000102],[104.82612023900023,18.30105630500023],[104.82556549100033,18.299473633000105],[104.82593090800017,18.298783081000167],[104.82840240500022,18.29888104200019],[104.8293829350001,18.300399445000238],[104.83014953600016,18.300369080000124],[104.83011084000029,18.29939233400013],[104.8331936650001,18.299129761000174],[104.83462023900009,18.299629761000062],[104.83786468500031,18.30007318100016],[104.84111962900013,18.298932343000175],[104.84187023900009,18.299474487000182],[104.84062023900012,18.299870239000057],[104.8402241210002,18.300297729000178],[104.83868542500008,18.30066424600021],[104.83836334200018,18.301681732000105],[104.83704156500013,18.30290637200018],[104.83587500000019,18.302860138000085],[104.83517559800012,18.302887848000168],[104.83481134000007,18.304417053000037],[104.83289715600026,18.304341187000148],[104.83178814700014,18.30553811600015],[104.82920092800012,18.307935302999994],[104.82825250200008,18.307282654000076],[104.82762976100005,18.307425323000075],[104.82813934300012,18.308388306000168],[104.82811871300012,18.308908356000217],[104.82738818400017,18.30958523599999],[104.82604834000014,18.30855780000016],[104.82512976100023,18.308879761000156],[104.8247500000002,18.309000000000154],[104.82497235100018,18.309277649000038],[104.82538885500017,18.309611176000004],[104.82561114500012,18.30988882400007],[104.82588885500016,18.310111176000163],[104.82625878900015,18.31057318100011],[104.82846752900022,18.309724182000124],[104.82961114500014,18.310638824000122],[104.83000378400018,18.310861176000145],[104.83061114500012,18.309861176000183],[104.83121075399995,18.30963882400016],[104.83161114500032,18.310138824000234],[104.83205383300012,18.310493317000166],[104.83261114500013,18.311266173999982],[104.8312940060002,18.313473755000217],[104.83036474600013,18.313358185000155],[104.82913885500014,18.314388824000076],[104.82803881800018,18.315056976000108],[104.8282186890003,18.316503021000216],[104.82781195100014,18.317194885000262],[104.82711517300024,18.317108246000103],[104.82606817600006,18.317873047000234],[104.82336114500012,18.31811117600013],[104.8214515990002,18.318544922000143],[104.82125000000016,18.31925000000021],[104.82385491900013,18.31941238400006],[104.82432879600023,18.318882019000142],[104.824632019,18.319367981000028],[104.82492285200019,18.32061798100007],[104.82538201900016,18.320382019000178],[104.82609295700021,18.319264252000053],[104.82716363500006,18.31964840700013],[104.82708911100028,18.31839743000019],[104.82852551300019,18.317882018999995],[104.82904711900008,18.318592987000116],[104.82945782500022,18.319922974000022],[104.82986798100026,18.320382019000178],[104.83071826200015,18.321141754000152],[104.83017535400009,18.322654694000093],[104.83011755400022,18.323625000000092],[104.83016265900014,18.324381317000046],[104.82961798100027,18.324867981000168],[104.82901055900018,18.325823059000143],[104.82836798100013,18.32611798100004],[104.82769928000025,18.32686639400005],[104.82619116200024,18.327217285000046],[104.82563201900027,18.32877551300001],[104.82635504200013,18.32986798100025],[104.82663201900019,18.329632019],[104.82690222200009,18.328184601000146],[104.82788201900027,18.327882019000157],[104.82861798100029,18.32736798100008],[104.82913201900001,18.32713201900009],[104.82961798100027,18.326367981000118],[104.83061987300013,18.325472748000024],[104.83097778300007,18.322797058000248],[104.83236547900023,18.322160156000123],[104.83239721700008,18.32162762500012],[104.83161798100011,18.321132019000146],[104.83138201900002,18.32086798100015],[104.83111798100012,18.320632019000158],[104.83088201900014,18.32036798100026],[104.83038537600018,18.319924225000037],[104.83036010700013,18.31950000000002],[104.83045196500026,18.317958251999997],[104.82951562500031,18.31675000000004],[104.83038201900004,18.31563201900026],[104.83101800500017,18.31463201900013],[104.83176489300016,18.315116119000123],[104.83207189600503,18.31708624881709],[104.83218255600016,18.317796387000016],[104.83360668900016,18.318307373000025],[104.83363281300021,18.317868683000142],[104.83318829300006,18.317471497000227],[104.83263201900004,18.316447845],[104.83294696000027,18.313671570000153],[104.83493646200023,18.313246490000054],[104.83619494600018,18.314370911000097],[104.83722625700014,18.316617981000135],[104.83738281300012,18.316380859000134],[104.83736755400022,18.316125000000014],[104.83738244600019,18.315875000000204],[104.83733526600011,18.31508309900005],[104.83772888200028,18.31339114400012],[104.83844598400006,18.31334841900005],[104.83950000000007,18.31400000000005],[104.83931359900029,18.31203179900018],[104.83962976100023,18.31112976100016],[104.83993035900025,18.310180359000114],[104.84103497300018,18.30983062700014],[104.84149047900027,18.308865479000033],[104.84190692100017,18.30807843000011],[104.84184838900015,18.307629761000115],[104.84073443600008,18.30935482800011],[104.83959668000014,18.30962585400016],[104.83901782200016,18.310250580000243],[104.83856213400028,18.312163727000083],[104.83671191400012,18.312749512000153],[104.83548022500028,18.312317810000224],[104.83350085425027,18.309909126500287],[104.83284106400012,18.309106232000147],[104.83288055400013,18.308110352],[104.83340838600017,18.308131287000037],[104.83387731900027,18.30863742100017],[104.83412023900027,18.30787023900011],[104.83438989300012,18.307100830000138],[104.83530596900007,18.307137115000117],[104.83573260500012,18.30848461900014],[104.83657251000014,18.30937023900006],[104.83687023900009,18.30812023900019],[104.83712976100017,18.307379761000036],[104.83737023900025,18.306433807000104],[104.83610388200029,18.304782440000253],[104.83613696299997,18.30394751000017],[104.8374038700002,18.304391541000058],[104.83832037400018,18.30633355700016],[104.83864990200007,18.306638885000012],[104.8391396480001,18.306619476000094],[104.83911987300016,18.306120819000142],[104.83942529300012,18.305629761000006],[104.84080664100028,18.306360687000264],[104.84128588900003,18.304847076000172],[104.84048230000016,18.303679352000287],[104.8401297610001,18.302737061000215],[104.84162976100018,18.30237976100014],[104.84212023900025,18.30212023900006],[104.84289831500016,18.301879761000066],[104.84366998300024,18.30351495400018],[104.84336102300026,18.304396606000026],[104.84338354500014,18.30496606400007],[104.84469647200004,18.304505890000016],[104.84563439900032,18.303860504000085],[104.84626428200019,18.30388546800002],[104.84668634000005,18.30565725700015],[104.84763964800013,18.305619476000132],[104.84761511200023,18.305000000000035],[104.84763787800026,18.304425598000208],[104.84898443600022,18.30410482800005],[104.84981530800022,18.302818146000263],[104.85186706500022,18.30289944500005],[104.85243634000008,18.302017883000218],[104.85329437300018,18.302471924000116],[104.85426928700022,18.30141973900001],[104.85588104200028,18.300378937000048],[104.85580633500021,18.299879761000142],[104.85375000000013,18.300600493999994],[104.8522174070001,18.300063324000135],[104.8517528690002,18.30153048700012],[104.8495986940002,18.301873657000087],[104.84890869100033,18.30261837800016],[104.8482695920001,18.302870239000214],[104.84612976100007,18.30212023900006],[104.84512023900012,18.301879761000066],[104.84430041500005,18.301592407000186],[104.84341564900015,18.29932031200022],[104.84311785900016,18.298070129000152],[104.842359131,18.29663635300018],[104.84298437500016,18.295727783000146],[104.84369146700013,18.29507257100012],[104.84519519000023,18.294362915000022],[104.84569897500032,18.29438287400025],[104.84557208300029,18.29758514400008],[104.84592041000016,18.29790786700005],[104.8468750000001,18.29787005600012],[104.8472272340002,18.297884003000036],[104.84796832299995,18.29903167700023],[104.84911303700008,18.29977087400019],[104.84987023900013,18.29937023900017],[104.85100952100007,18.299009521000073],[104.85245343000017,18.298503448000034],[104.85310003700019,18.297133270000174],[104.85392547600011,18.296600250000125],[104.8544904790003,18.29599047900004],[104.85532074000017,18.295221191000252],[104.85598748800018,18.294188690000084],[104.85658667000021,18.293879761000014],[104.85787707500012,18.29563906900009],[104.85812023900016,18.294806305000208],[104.85744384800014,18.292876556000138],[104.85812976100007,18.291879761000175],[104.85880487100016,18.290834320000002],[104.85947448700014,18.29037976100014],[104.85987567100008,18.291646942000185],[104.86012023900017,18.290620239000148],[104.86042602500018,18.289747864000176],[104.86162023900013,18.29037976100014],[104.86267529300014,18.290620239000148],[104.86362054400027,18.289600037000113],[104.86560284400005,18.289678650000127],[104.86622625700019,18.289005798000147],[104.86662561000023,18.288629761000124],[104.86737023900017,18.289334290000056],[104.86612023900014,18.290870239000043],[104.86587976100012,18.291879761000175],[104.86541931200023,18.292750000000154],[104.8660975340002,18.294031830000065],[104.86637023900013,18.294780304],[104.86553826900021,18.295989319000213],[104.86400378400006,18.295587219000154],[104.86353497300021,18.29658062700001],[104.86222515900019,18.296995331000048],[104.86271368400017,18.297447998000195],[104.86418707300007,18.296842773000037],[104.86525793500019,18.29688522300026],[104.86587023900015,18.29806619300028],[104.86483648700025,18.299414215000255],[104.86387023900014,18.299870239000057],[104.86312976100007,18.30052893100003],[104.86394366500028,18.30087023900002],[104.86506121799997,18.29966409300006],[104.86544366500019,18.299379761000154],[104.86650000000012,18.299750000000145],[104.8663719480002,18.298873596000107],[104.86667993200015,18.29827569600029],[104.86636279300032,18.29734909100027],[104.86638024900023,18.296492493000187],[104.86809735100022,18.29607391400019],[104.86719982900021,18.295211578000163],[104.86687750200028,18.293818665000103],[104.86763439900008,18.29160733000002],[104.86863580300027,18.291627777000116],[104.86924499500012,18.293505005000185],[104.86964984100021,18.29389398200003],[104.87067962600028,18.295464630000225],[104.87112249800012,18.29637750200017],[104.87165191700004,18.29662249800002],[104.87272241200017,18.296071014000034],[104.87664276100034,18.296379089000126],[104.87662219200016,18.29738751200007],[104.87562249800013,18.29787249800006],[104.8751275020002,18.298240631000056],[104.8765086670002,18.298622498000114],[104.87706201200015,18.29748193400016],[104.87887750200017,18.297127502000052],[104.87912249800016,18.2968724980001],[104.88016174300017,18.296627502000078],[104.8816224980001,18.297127502000052],[104.88342211900013,18.297420471000052],[104.8838724980001,18.298411713000263],[104.88322869900023,18.300292542000093],[104.88452412450013,18.298944290250205],[104.88495593300004,18.298494873000124],[104.88537249800012,18.299411713000225],[104.88481701700007,18.301034546000025],[104.88599798600009,18.303326996000266],[104.88637249800016,18.305627502000178],[104.88735772700008,18.306925903000234],[104.88637249800016,18.307872498000123],[104.88612750200016,18.308127502000175],[104.88580297900032,18.308439270000036],[104.8840156250001,18.307827484000043],[104.88362750200022,18.30862750200025],[104.883372498,18.308872498],[104.88312750200001,18.309127502000223],[104.88287249800013,18.309372498000158],[104.8823775020002,18.310127502000185],[104.88187036100018,18.310875641000095],[104.88215191700002,18.311122498000003],[104.88309967000001,18.31013604700027],[104.88468786599995,18.309193268000158],[104.88671050999997,18.30886398300018],[104.8878778080003,18.308887817000112],[104.88786389200013,18.308206421000037],[104.88895117200022,18.307853607000155],[104.89012731900007,18.307877594000104],[104.89111804200016,18.307367218000152],[104.89164251700024,18.30737789900006],[104.89227533000027,18.30803659100029],[104.89262487800013,18.310896790000157],[104.89322558600028,18.31206289700009],[104.89656805400014,18.31260702499999],[104.89687249800014,18.313966858000157],[104.89502026400018,18.314567932000244],[104.89461859100007,18.31539587400009],[104.89384698500018,18.316137177000144],[104.89305377200017,18.31612100200013],[104.89259191900007,18.314226532000234],[104.89172247300027,18.313804718000057],[104.89012475600012,18.314887756000232],[104.88886297600018,18.314862000000147],[104.88788250700017,18.31588250700011],[104.88716339100026,18.316573395000077],[104.8868775020002,18.31691662600015],[104.88762750200002,18.318372497999988],[104.88787249800001,18.319401917000263],[104.88655004900014,18.32067248500013],[104.885622498,18.32112249800015],[104.8849259030001,18.321481354000184],[104.88387310800013,18.321121002000027],[104.88362750200022,18.32170050000029],[104.8841420900001,18.323122498000174],[104.8848808590001,18.322353577000143],[104.88643261700028,18.321600769000028],[104.88761749300008,18.32036749300012],[104.88812750200023,18.319877502000168],[104.88856549100015,18.31942166100012],[104.88806890900011,18.317971007999986],[104.8891275020002,18.317627502000164],[104.8896425780002,18.317362152000058],[104.88962243700021,18.316375000000093],[104.88962793000022,18.316107208000147],[104.89075000000017,18.31613009600008],[104.89162500000018,18.316112244000024],[104.8925075070002,18.316130249000096],[104.89287750200018,18.317647918999995],[104.894142517,18.31762210100017],[104.89462249800002,18.317122498000217],[104.8963775020002,18.316877502000196],[104.89667150900013,18.31567150900007],[104.89787750200017,18.31537750200016],[104.8983825070001,18.31511734000013],[104.89837243700006,18.314625000000163],[104.89837756300025,18.31437500000017],[104.89835461400017,18.313252441000103],[104.8991676640002,18.31285800200007],[104.90012750200017,18.312877594000085],[104.90037249800017,18.311872498000056],[104.90063720700013,18.311099091000102],[104.9006198120002,18.310245300000076],[104.90139251700012,18.309105377000165],[104.90237750200018,18.30862750200025],[104.90291131600011,18.308352509000045],[104.90337249800027,18.307872498000123],[104.90393939200007,18.307327850000178],[104.90643627900019,18.307378815000135],[104.90737249800029,18.309401917000187],[104.9066353760002,18.310832764000182],[104.9062958370001,18.311879181000265],[104.90554626500014,18.312984955000175],[104.90447302200019,18.31401611300005],[104.90387750200003,18.316127502000043],[104.90313037100029,18.317577759000045],[104.90254174800006,18.319391663000033],[104.90292248500023,18.320503967000136],[104.9036275020002,18.321872498000033],[104.9038724980002,18.322627502000245],[104.90462750200018,18.323122498000174],[104.90512616000021,18.32388305700003],[104.90550122100026,18.322344421000096],[104.90737500000003,18.322382660000144],[104.90763140900012,18.321854126000204],[104.90881866500021,18.32071340900015],[104.909685913,18.32116018700016],[104.91204327400018,18.3207580870002],[104.91315814200007,18.321139709000064],[104.91362249800002,18.32216171300017],[104.91311639400018,18.32364032000011],[104.91212249800006,18.324122498000037],[104.9113800050001,18.324505005000248],[104.91060412600015,18.324881409000042],[104.90943261700019,18.326100769000035],[104.90887249800019,18.32637249800004],[104.90849298100014,18.326767487000126],[104.90810968000008,18.33107757600024],[104.90837750200004,18.33212249800019],[104.90863635300005,18.333448547000117],[104.90962750200006,18.335372498000055],[104.90988537600018,18.336167236000094],[104.91082952900021,18.338000000000036],[104.91381787100013,18.3388724980001],[104.91713861100018,18.337867615000178],[104.91775488300007,18.33788018800007],[104.91675622600022,18.339818756000057],[104.91579626499995,18.34123495500009],[104.91486737100016,18.34212741100012],[104.9148872070003,18.34309909100014],[104.91429718000026,18.344822906000132],[104.91032318100022,18.34514691200029],[104.90837500000018,18.345107147000107],[104.90709423800004,18.345133270000233],[104.90562750200021,18.346127502000243],[104.90487249800017,18.346622498000073],[104.90448303200012,18.348220062000095],[104.90487750200006,18.349372498000065],[104.90513635300007,18.350170227000163],[104.90614141800009,18.351135864000128],[104.90670416300011,18.352295837000185],[104.90767059300023,18.352764709000155],[104.90759405500032,18.356516479000078],[104.9079331050003,18.357839417000207],[104.90912750200019,18.35862249800016],[104.90987249800006,18.359127502000106],[104.91066174300019,18.35962249800012],[104.91237500000003,18.35903607200018],[104.9133724980002,18.359377502000186],[104.91423687700015,18.35965799000003],[104.9153379520001,18.36133746300017],[104.91697619600015,18.363236938000043],[104.91737750200022,18.36362249800024],[104.91785968000025,18.3641243900001],[104.91887750200007,18.364372498000122],[104.91962249800022,18.36462750200016],[104.92113250700024,18.365117493000213],[104.92213757300007,18.365635254000054],[104.92212017800014,18.36648587000009],[104.9204387820001,18.367372498000094],[104.91837750200008,18.366122498000053],[104.91558087200016,18.364604919000158],[104.91341046100015,18.36407580600026],[104.91072949200029,18.364130524000174],[104.90962750200006,18.364877502000155],[104.90886999500012,18.365244995000282],[104.90639459200017,18.36712335200008],[104.90536731000029,18.36737374900011],[104.90539239500012,18.36860159300018],[104.90212719700023,18.36892092900004],[104.90058883600003,18.368658541000272],[104.90429487300017,18.371518634000125],[104.9054296870003,18.37125460800013],[104.90663201900028,18.370382019000232],[104.90706170700022,18.369901123000147],[104.90829241900028,18.369827759000117],[104.90869079600029,18.371117981000197],[104.9093820190001,18.370382019000232],[104.91001800500024,18.36938201900027],[104.91063201900013,18.369867981000155],[104.9110898440002,18.37086544800009],[104.91175000000018,18.37090481600015],[104.91300000000021,18.370830292000022],[104.91347058100027,18.371855621000037],[104.9145176390002,18.371286652000123],[104.91706720000022,18.37143859900017],[104.91888201900016,18.370382019000232],[104.91926873800011,18.369949219000134],[104.9206320190003,18.36963201900008],[104.92111798099998,18.36936798100008],[104.92188201900015,18.36913201900019],[104.92261798100023,18.36861798100003],[104.92375183100032,18.368267853000276],[104.92509295700009,18.366537231000166],[104.92517529300025,18.365156616000064],[104.92486798100023,18.364882019000262],[104.92463201900014,18.364617980999995],[104.92436798100024,18.364382019000104],[104.92413201900033,18.36411798100002],[104.92386798100026,18.36388201900003],[104.92347149700012,18.363438293000087],[104.92243499800023,18.362875061000025],[104.92039135700028,18.36260171500024],[104.91807092300022,18.361536713000234],[104.91723785400009,18.36079241900019],[104.91825518800002,18.360325500000016],[104.91863769500023,18.35962158200013],[104.91780627400007,18.35909280400017],[104.9167998660001,18.357966400000052],[104.91454547100025,18.357157501000273],[104.91362500000005,18.357102661000084],[104.91094647200012,18.35726229900014],[104.90963201900016,18.35665899700014],[104.90995367400015,18.354558105000038],[104.9111780400003,18.353996185000184],[104.91086798100022,18.35313201900017],[104.91063201900013,18.352367981000015],[104.90936798099997,18.351382019000155],[104.90813201900013,18.34936798100013],[104.90766015600028,18.348946350000062],[104.90728710900024,18.347906738000205],[104.90963201900016,18.34763201900003],[104.91050000000021,18.347160370000168],[104.91226220700011,18.348117981000087],[104.9140347900001,18.347859772000135],[104.91538201900013,18.346882019000148],[104.91586798100022,18.346117981000162],[104.91688201900027,18.34488201900004],[104.91781469700007,18.343415588000212],[104.91813201900013,18.343132019000024],[104.91908282500012,18.340658783000194],[104.91991906700017,18.340204346000164],[104.92038201900013,18.340617981000108],[104.92082580600007,18.34111462400017],[104.92208075000028,18.341189423000046],[104.92302551300017,18.340132019000222],[104.92363201900028,18.340867981000187],[104.92425549300017,18.34222631800013],[104.92478601100007,18.34282006800005],[104.92605212400022,18.34213201900006],[104.92707147200011,18.342421814000147],[104.92744079600007,18.34361798100008],[104.92788281200015,18.3428807680002],[104.92784191900026,18.342195099000122],[104.92845782500015,18.34122671500012],[104.92955212400008,18.34063201900011],[104.93013201900018,18.340867981000187],[104.9308887330001,18.341396545000137],[104.93229064900012,18.341312958000145],[104.93287066700012,18.34183120700004],[104.93333508300029,18.343335175000135],[104.93481366000023,18.344367981000147],[104.93528961200016,18.344015228000174],[104.93586798100003,18.3433679810001],[104.93613201900015,18.343132019000024],[104.93655627400025,18.342657196000076],[104.93776403799998,18.341889069000032],[104.93832580600011,18.340665192000102],[104.93950000000021,18.340595184000264],[104.94058544900022,18.340659882000296],[104.94138201900032,18.33963201900015],[104.94182580600008,18.338194977000086],[104.94214904800018,18.337833191000172],[104.94330340600013,18.337303375000033],[104.943776611,18.336272278000166],[104.94576886000007,18.33639102200013],[104.94705529800032,18.336091705000143],[104.94663134800012,18.335617188000143],[104.94575000000012,18.335669708000225],[104.9436641240001,18.33554538000024],[104.94293768300017,18.33668765300017],[104.94143792700024,18.33764147900021],[104.94106060800007,18.33886343400006],[104.93843615700027,18.33913690200022],[104.93761798100016,18.33986798100014],[104.9369864500002,18.340860901000042],[104.93662054400014,18.34088272100017],[104.93496752900015,18.340440002000037],[104.93454083300011,18.34227389500016],[104.93291830520283,18.340942625085503],[104.93251214600022,18.340609375000014],[104.93150531000023,18.340669373000097],[104.92953308100019,18.33984661900014],[104.9284478760002,18.338632019000016],[104.92771527100027,18.33915600600021],[104.92727813700006,18.34010842900014],[104.9263330690001,18.340164764000093],[104.92464068600012,18.339770996000013],[104.92388201900016,18.33811798100011],[104.92361798100015,18.33788201900022],[104.92331811500023,18.337546448000168],[104.92140521200011,18.337660461000098],[104.9210527340002,18.3350252380001],[104.91925500500011,18.33363201900002],[104.91798602300011,18.33396957400025],[104.91647973600007,18.334660889000162],[104.91530627400019,18.33540719600009],[104.91423046900033,18.336611267000237],[104.91217358400004,18.336733856000166],[104.91120532200014,18.33403530900027],[104.91088201900013,18.331617981000093],[104.90992047100016,18.32911877400008],[104.91089172400015,18.32803173800002],[104.91205035400034,18.328447479000133],[104.91376825,18.326428040000025],[104.91454779100022,18.324400177000015],[104.9151618650001,18.324118347000137],[104.91504046600019,18.32208154300001],[104.91556250000022,18.32094418300005],[104.91625000000019,18.320000000000178],[104.91479693600004,18.320310455000026],[104.91033490000027,18.318454559000116],[104.90834680200007,18.318336059999993],[104.90645770300014,18.319362610000027],[104.90538549800019,18.319426514000156],[104.90533471700016,18.3185744930001],[104.90671704100012,18.315562744000133],[104.90763281300022,18.31438101200014],[104.90761505100019,18.31408337400002],[104.90813201900013,18.313132019000093],[104.90836798100011,18.312367981000108],[104.90863201900012,18.311632019000143],[104.90886975100008,18.307839752000262],[104.90945074500027,18.30732064800003],[104.90836798100011,18.306632019000162],[104.90737506100024,18.30593847700024],[104.90561798100012,18.30513201900004],[104.90475000000018,18.304660370000093],[104.90388201900029,18.30513201900004],[104.90311798100007,18.305367981000288],[104.90258123800007,18.30565963700026],[104.90173669400028,18.30560931400001],[104.90134057600025,18.306472321000086],[104.90022186300033,18.307471863000018],[104.89897448700006,18.308867981000063],[104.89810827600016,18.30853100600025],[104.89816180400013,18.307632019000124],[104.89765380900022,18.30803994800013],[104.89717260700016,18.30908825700017],[104.89619787600029,18.30961798100013],[104.8961165160002,18.309123322000147],[104.89638269000002,18.308129486000155],[104.8963675540002,18.307875000000152],[104.89639593500013,18.307398590000076],[104.89587500000019,18.30736755400018],[104.89494366500023,18.307423065000066],[104.89440716600026,18.306943695000015],[104.89378485100028,18.305965149000045],[104.89280627400004,18.305342804000162],[104.89238201900011,18.30486798100013],[104.8921179810001,18.304632019000053],[104.89188201900012,18.304367981000055],[104.88966241500017,18.303127411000176],[104.88957348600016,18.30163552900028],[104.89050000000029,18.301580292000068],[104.89161627200028,18.30164682000006],[104.89163586400011,18.301318115000228],[104.89013873300016,18.29998046900012],[104.89011010699997,18.299500000000165],[104.89013244600025,18.29912500000013],[104.89011755400023,18.298875000000052],[104.89013275100015,18.29861996500027],[104.88985449200024,18.297844421000136],[104.8898828120002,18.297368988000144],[104.88911798100023,18.296382019000106],[104.88838201900009,18.29536798100004],[104.8879859620001,18.295014069000075],[104.88720556600018,18.29414068600002],[104.88627545200015,18.293853455000146],[104.88502551300027,18.293174225000172],[104.88384588600022,18.292858276000132],[104.88244787600016,18.293617981000295],[104.88182727100033,18.29317410300007],[104.88242871100002,18.288650879000187],[104.88232562300007,18.28692144800017],[104.88381366000019,18.28588201900014],[104.88436798100017,18.286292847000027],[104.88466198700016,18.287867981000247],[104.88569073500005,18.287352661000142],[104.88560705600034,18.285948547000146],[104.88678961200023,18.285583374000126],[104.8874557500001,18.28413201900021],[104.8880633540002,18.284468323000056],[104.88836798100019,18.285132019000088],[104.88921582000015,18.286226074000098],[104.88908819600024,18.288367981000135],[104.88938201900012,18.288132019000145],[104.88982879600016,18.287632019000256],[104.89070422400013,18.287889160000034],[104.8920255130001,18.289367981000183],[104.89227301000025,18.288819763000035],[104.89161798100022,18.287882019000065],[104.89105358900017,18.286994629000006],[104.88991851800014,18.285980469000123],[104.88973437500007,18.282890808000005],[104.89050000000029,18.28284521500005],[104.89112500000002,18.28288244600003],[104.89245758100023,18.282803040000033],[104.89290588400021,18.28425488300016],[104.8937731930001,18.28378363000016],[104.89486798100009,18.2846320190001],[104.89579638700016,18.285058167000017],[104.8966295170001,18.285640137000115],[104.89732684300017,18.283382019000058],[104.8978820190001,18.28361798100005],[104.89861798100029,18.28413201900021],[104.89913201900012,18.2843679810002],[104.90077246100012,18.28525939900024],[104.90013964800008,18.283495667000054],[104.90009088100007,18.282678040000164],[104.90036798100007,18.282367981000178],[104.90113201900013,18.2821320190002],[104.90274499500012,18.280882019000245],[104.90313201900025,18.281367981000045],[104.90348565700012,18.2828878170002],[104.90411798100021,18.283882019000046],[104.90455078100021,18.28426873800025],[104.9048750000002,18.285662231000074],[104.9051945190001,18.284289001000147],[104.90668756100015,18.283753296000143],[104.9085986330002,18.28532128900011],[104.91011798100013,18.28541180400005],[104.90979547100008,18.284668457000095],[104.9088679810001,18.284382019000205],[104.90788201900025,18.28361798100005],[104.90602770941527,18.28294039316789],[104.90542633100009,18.282720642000143],[104.90602172900006,18.281625000000076],[104.9054543460002,18.28058093300021],[104.90586798100023,18.280117981000174],[104.90626898200028,18.27975964400011],[104.90697387700007,18.27875054900001],[104.90663201900028,18.27836798100016],[104.90563909900013,18.277736450000035],[104.90555993700005,18.276407898000073],[104.90696649199995,18.27590319800005],[104.90814123500022,18.275629883000093],[104.90713122600019,18.274326537999983],[104.90635144000018,18.2728916020001],[104.9069240110002,18.272071960000133],[104.90686010700026,18.271000000000086],[104.9069422000002,18.26962243700015],[104.9065043950001,18.268204590000067],[104.90488018800019,18.267826721000333],[104.9046320190001,18.26386798099999],[104.9039805300001,18.262301575000066],[104.90436798099998,18.261867981000066],[104.90554766800008,18.26081390400016],[104.90588201900013,18.25988201900006],[104.90621307400008,18.257406982000177],[104.90778790300001,18.25731311000014],[104.90811798100023,18.25838201900021],[104.90888201900029,18.259367980999983],[104.90936798099997,18.26013201900014],[104.90981170700005,18.260528503000174],[104.91020379600033,18.26125000000019],[104.90973211700029,18.262117981000145],[104.9106039430001,18.26160363800014],[104.91066027800005,18.260658386000088],[104.91011798100013,18.25988201900006],[104.90974340800014,18.25866906700007],[104.90894659400001,18.258303406000095],[104.90859759500009,18.257542908000147],[104.90684796100012,18.255132019000243],[104.90544525100026,18.256541504000253],[104.90476208500021,18.257519531000256],[104.90436798099998,18.2586179810001],[104.9040974120002,18.260354309000064],[104.90300000000005,18.260419678000147],[104.90188714600006,18.260353394000077],[104.90151129200015,18.262468323000277],[104.90285034200011,18.263082886000134],[104.9033073730001,18.264356689000195],[104.90248010300022,18.264406006000186],[104.90096539300012,18.264082336000143],[104.8991364140002,18.2641913450001],[104.89911755400018,18.263875000000127],[104.89922125200016,18.262134644000284],[104.8974810180002,18.26180981400023],[104.89687841800028,18.26086230500026],[104.89610314900008,18.261283569000028],[104.89461309800006,18.261818237000043],[104.8926345210003,18.26091015600022],[104.89261566200017,18.260593383999947],[104.89361798100006,18.25969787600019],[104.89337866200006,18.25885601800026],[104.89291882300014,18.259370667000127],[104.89168450900004,18.25975183100013],[104.89155950900002,18.261848572000147],[104.89261798100009,18.262132019000063],[104.89413201900012,18.26236798100014],[104.89486999500016,18.262632751000112],[104.89661181600033,18.262528930999963],[104.89671496600008,18.264259399000053],[104.8959459230002,18.265120117000123],[104.89459906000016,18.26537152100005],[104.89489764400017,18.26760400400012],[104.89599011200013,18.267669127999994],[104.8954701540001,18.266220032000007],[104.8962955320001,18.265771484000012],[104.89838201900025,18.26538201900003],[104.90072229000018,18.264882019000055],[104.90113201900013,18.26536798100011],[104.90125000000015,18.26600000000009],[104.9027658690002,18.266164673000134],[104.90312249800004,18.26762750200011],[104.90337750200021,18.268372498000105],[104.90362530500019,18.270147644000176],[104.90414233400017,18.27115124500007],[104.90411224400017,18.272625000000062],[104.90418432599998,18.276155884000175],[104.90382006800016,18.277577087000083],[104.90462249800012,18.27834808300011],[104.90431689500011,18.27994403100017],[104.90266174300015,18.279377502000102],[104.90137249800014,18.279622498000123],[104.9001730960002,18.28003302000016],[104.89894702100017,18.27837902800009],[104.89862249800004,18.27837237500016],[104.89835943600022,18.281867676000175],[104.89775000000029,18.281880127000136],[104.8968776250002,18.28186230500009],[104.89540191700021,18.28262249800011],[104.89467450000026,18.28198468000018],[104.89437500000028,18.281367371000258],[104.89320806900034,18.281391174000092],[104.89287750200018,18.280372498000105],[104.89124353000014,18.27997418200019],[104.88977197300008,18.27856036400017],[104.89024316400017,18.27662750200021],[104.89137750200021,18.276872498000145],[104.89185748300022,18.277372070000084],[104.8923723140002,18.277382568000164],[104.8923778080003,18.27711297600014],[104.8913483902156,18.27612392117331],[104.89037750200018,18.27519110100029],[104.89105401600003,18.275097351000085],[104.89212249800025,18.275463074000143],[104.89137750200021,18.274372498000147],[104.89112249800027,18.274127502000127],[104.8906484990002,18.273634154999982],[104.8891146240002,18.273241028000058],[104.88914788800022,18.27487200900009],[104.88839300500021,18.274887390000032],[104.88765722700018,18.27418048100016],[104.8871275020002,18.2733724980001],[104.88662249800026,18.27262750200019],[104.8854885860002,18.270627501999996],[104.88437249800026,18.271122498000096],[104.8833533330002,18.27164752200011],[104.88137793000001,18.271607178000053],[104.88136731000012,18.27212664800004],[104.88287750200007,18.272372498000223],[104.88461480700013,18.273077209000093],[104.88636822499998,18.27341949500017],[104.886382446,18.274115295000186],[104.88567437700013,18.275860901000016],[104.88709808300027,18.275127502000004],[104.88787249800001,18.276217285000016],[104.8869558110002,18.27733728000014],[104.88489831500013,18.278041504000143],[104.88288775600014,18.27738909900016],[104.88187750200021,18.27662249800015],[104.88084692400022,18.276371277000152],[104.87991247600027,18.275398743000153],[104.87637750200028,18.27532659900004],[104.87719860800016,18.276335083000177],[104.87887249799999,18.276743164000095],[104.87856457500013,18.277854614000134],[104.87673677025023,18.278078003000147],[104.87612750200006,18.278152466000265],[104.87649749800025,18.278869873000204],[104.8773149410001,18.278886536000158],[104.87837750200006,18.278627502000134],[104.88028100600022,18.278139648000007],[104.88232739300022,18.27809790000019],[104.88312750200001,18.27862249800026],[104.883372498,18.278877502000213],[104.885622498,18.279097549000298],[104.88637249800016,18.27917089800006],[104.88586230500024,18.28064227300004],[104.88487249800025,18.28112249800016],[104.88387750200016,18.281877502000015],[104.88301312300004,18.28215795900003],[104.88221814000028,18.283370544000178],[104.88150000000027,18.283385193000143],[104.88087280300013,18.283372375000326],[104.88009906000005,18.283637207000126],[104.87865344200029,18.28360772700009],[104.8786223750001,18.285127380000148],[104.87962249800015,18.286445374000124],[104.87933941700001,18.290122498000088],[104.87862249800023,18.289877502000067],[104.87787371799996,18.28962121600017],[104.87739251700012,18.29012210100005],[104.87640753200034,18.29014218100002],[104.87493176299998,18.28917462200026],[104.87414251700014,18.288416321000042],[104.873627502,18.286911743000175],[104.87412249800022,18.286372498000134],[104.87587249800023,18.285945862000275],[104.87549176000024,18.28544329800026],[104.87355939678164,18.286002516636103],[104.8725551150001,18.28629315200014],[104.87187793000012,18.285642517000042],[104.87186761500024,18.285137817000205],[104.8721224980001,18.284872498000112],[104.87312054400016,18.28421814000015],[104.87314306600015,18.28311547900003],[104.87236315900012,18.28338238500018],[104.87187280300012,18.283372375000326],[104.87057836900013,18.28381549100004],[104.8697098390002,18.2829810180001],[104.86887249800012,18.281877502000015],[104.86857794200009,18.280969727000226],[104.86769555700019,18.280541626000144],[104.86637750200012,18.278804626000138],[104.86666888400006,18.277993347000162],[104.86812750200002,18.2771275020001],[104.8685716550003,18.276665222000048],[104.86963800000032,18.27738800000016],[104.86961767600016,18.27639245600004],[104.87015722700013,18.275569519000072],[104.87087750200013,18.274877502000095],[104.87112249800012,18.274622498000227],[104.8723728640002,18.274015869000124],[104.87329748500034,18.272605591000143],[104.87487255900018,18.272637695000228],[104.87512249800014,18.272122498000144],[104.87562750200019,18.27137750200005],[104.8759583130001,18.27002044700012],[104.87662750200016,18.269377502000125],[104.8771174930001,18.268867493000116],[104.88062750200007,18.268377502000163],[104.881122498,18.268122498000125],[104.8823775020002,18.267877502000005],[104.88288989300023,18.26709600800028],[104.88362249800016,18.266392090000025],[104.88337646500017,18.266372437000086],[104.88239819300011,18.26639239500024],[104.88212249800026,18.26612750200016],[104.8816420900001,18.265627502],[104.88137042200017,18.265874390000008],[104.88212249800026,18.266983948000245],[104.88163604700023,18.26776538100006],[104.87965908099548,18.26725873499437],[104.8791239010001,18.267121582000257],[104.87803607200019,18.267858948000068],[104.87687500000018,18.26788262900017],[104.87636297600014,18.267872192000098],[104.87516174300012,18.269122498000257],[104.87433551000007,18.268866028000176],[104.87268505900025,18.268015808000087],[104.87231738300014,18.268729492000162],[104.87407568400013,18.269582520000128],[104.87462207000013,18.27010748300013],[104.87463623000022,18.27080017100016],[104.87287249800013,18.27137249800026],[104.8723775020002,18.27162750200013],[104.8718541260001,18.271881409000088],[104.87093072500014,18.27284252900003],[104.87003314200032,18.273304871000192],[104.8693732300001,18.27261804200002],[104.86904748500004,18.27461895800029],[104.86814300500006,18.274637390000223],[104.86787249800014,18.27437750200012],[104.8676262820002,18.274121216000054],[104.86669702100025,18.274439270000073],[104.86637249800023,18.274127502000127],[104.86589209000019,18.273627502000053],[104.86586273200012,18.27399432400003],[104.86662005650012,18.27511154200019],[104.86687249800022,18.275483948],[104.86629907200009,18.275939819000158],[104.86500000000015,18.275750000000258],[104.86523815900014,18.277315552000033],[104.8631420290001,18.277706787000156],[104.86422540300012,18.278674805000236],[104.86461798100007,18.279158997000053],[104.86357281500014,18.279638672000132],[104.86258160399998,18.280748108000182],[104.86185125700015,18.28035125700012],[104.86194549600012,18.28193267800023],[104.86086798100015,18.282617981000087],[104.85982318100022,18.283347778000163],[104.85888201900022,18.28186798100002],[104.85861798100015,18.281632019000043],[104.85832580600024,18.281304993000248],[104.85788201900019,18.279867981000194],[104.85704406700015,18.277964050000136],[104.85789367700008,18.276400513000084],[104.85775000000015,18.276000000000067],[104.85674591100016,18.275816833000107],[104.85636615000007,18.274555420000098],[104.8553668820002,18.274635681000078],[104.85488427700014,18.275557922000175],[104.85570019500014,18.27670861800017],[104.85595809333054,18.278679841137958],[104.8561334230001,18.28001995800024],[104.85726446500021,18.282047058000003],[104.85763427700002,18.282365723000083],[104.85786572300034,18.2841694950002],[104.85639282200017,18.284826721000144],[104.85539617900028,18.283235535000287],[104.85501861600014,18.281981384000076],[104.85452050800015,18.280625000000114],[104.85496795700013,18.279406555000108],[104.85485144000026,18.27795709200018],[104.85434210200012,18.27656994600015],[104.8532922360001,18.276101501000127],[104.85270526100001,18.276148682000112],[104.85347338900019,18.27752539100007],[104.85336261000018,18.278904114000014],[104.85273553500016,18.278853760000118],[104.85176715100002,18.277729736000012],[104.85138427700028,18.27807336400012],[104.8523842770002,18.279865723000086],[104.85261572300018,18.28038427700018],[104.85412072800008,18.282306091000038],[104.8543657230002,18.283384277000067],[104.85495300300002,18.284778931000176],[104.85485974100024,18.285940063000155],[104.85411468500021,18.286581970000057],[104.85286572300006,18.286865723000176],[104.85197442600017,18.287362976000026],[104.85163427700016,18.285865723000043],[104.85136572300016,18.285134277000097],[104.85113427700006,18.283711243000297],[104.85180780000022,18.281250244000248],[104.85133593800006,18.28088427700017],[104.850884277,18.282384277000205],[104.8505579220002,18.28266546600001],[104.8506752320001,18.28412500000016],[104.85061261000001,18.28490411400024],[104.84982849100012,18.28484112500017],[104.84938427700015,18.28336572300013],[104.84911230500009,18.28262500000004],[104.84938427700015,18.28188427700013],[104.84950000000023,18.281500000000037],[104.84867401100027,18.281338745000113],[104.84826348900023,18.279654785000048],[104.84865869100017,18.277725281000087],[104.84818225100005,18.2771275020001],[104.8478775020001,18.27837750200014],[104.8476124880003,18.279151733000262],[104.84694708300012,18.279791016000033],[104.84637750200014,18.28212750200018],[104.84610693400012,18.28265271000012],[104.84417309600028,18.28261322000013],[104.84378698700013,18.284591063999997],[104.8422734380002,18.283811340000142],[104.84175000000008,18.284890320000073],[104.84082751500014,18.284871460000105],[104.83945166000004,18.283439453000014],[104.8401798100002,18.282025940000125],[104.84262750200023,18.281627502000106],[104.84348492400008,18.28104626500007],[104.84449499500019,18.279994995000123],[104.84489263900022,18.279612976000053],[104.84485968000016,18.278000000000347],[104.84487793000025,18.277107483000222],[104.84561200000022,18.276402161000036],[104.84609808300021,18.275627502000162],[104.84512750200011,18.276127502000136],[104.84327594000021,18.27664971900009],[104.84279357900007,18.27813610800007],[104.84198248300024,18.278119568000122],[104.84124755900015,18.276604614000178],[104.84010748300014,18.27662793000016],[104.8391418460001,18.27763299600001],[104.83862274200013,18.277622375000107],[104.83737750200012,18.27812750200006],[104.83624499500021,18.278494995000273],[104.83587750200022,18.278877502000213],[104.83561218300028,18.279132384999983],[104.83510748300014,18.279122070000113],[104.83430548100026,18.278287354000142],[104.83324133300013,18.27787750199998],[104.83287750200012,18.278627502000134],[104.83237133800017,18.27937420700019],[104.8326420290002,18.28016497800016],[104.8326217650002,18.281158081000086],[104.83074249300003,18.281119751000105],[104.83037750200023,18.279622498000123],[104.8300947270001,18.278796448000165],[104.82895660399996,18.27918597400007],[104.82737377900011,18.27837060500029],[104.82712750199997,18.278732055999996],[104.82884899900003,18.27975402800027],[104.82912249800015,18.28089209000028],[104.82861218300027,18.281382384999986],[104.82812262000019,18.281372375000046],[104.82712750199997,18.28212750200018],[104.82615771500022,18.28244220000002],[104.82586834700018,18.283924377000176],[104.82588519300006,18.284750000000003],[104.82587219200005,18.285387695000196],[104.8248723140002,18.285367310000098],[104.82488690200003,18.286082214000103],[104.82665930200025,18.287396057000095],[104.82858581500031,18.28802124000022],[104.82913140900021,18.289145874000198],[104.83012127700013,18.290096893000182],[104.83044195600021,18.291412445000233],[104.83219366500012,18.29349911500013],[104.8318647460001,18.29413754300012],[104.83110199000001,18.294121979000153],[104.82947308300007,18.29301782200001],[104.82893017600011,18.293582886000053],[104.82858825700006,18.293872498000127],[104.82711242700017,18.293367340000245],[104.82712756300018,18.292625000000015],[104.82712188700006,18.292347504000148],[104.82624499500005,18.29150500500016],[104.82586761500019,18.291112213000176],[104.82587762500012,18.29062277200009],[104.8256163940001,18.289859680000276],[104.82460412600008,18.28936859100014],[104.82347497600009,18.288193359000076],[104.82312750200006,18.287122498000116],[104.82287249800007,18.286877501999996],[104.82253546100017,18.286526733000287],[104.82312750200006,18.28537750200023],[104.82349499500017,18.28461999500027],[104.82388250700009,18.283867798000287],[104.82386865200019,18.28318859900004],[104.82273394800026,18.282877502000147],[104.82113085900014,18.283964171999997],[104.81987249800031,18.284372498000124],[104.81908795200022,18.284776672000078],[104.81957702600008,18.286205383000166],[104.81862249800017,18.287122498000116],[104.81836761500014,18.287387817000038],[104.81840216100002,18.289079651000037],[104.81806805400012,18.289728210000234],[104.81736749300015,18.28936737100004],[104.81739032000027,18.288250000000147],[104.81737243700022,18.287375000000125],[104.81737811300016,18.28709747300026],[104.81832592800023,18.286186890000153],[104.81717633100024,18.285813843000014],[104.81661822500016,18.284093994000173],[104.81574499500019,18.28325500500013],[104.81530950900023,18.282801758000105],[104.81308886700018,18.28364209000017],[104.81164172400022,18.28361261000005],[104.81091400100016,18.28398748800025],[104.81185888700017,18.285821594000126],[104.81212249800032,18.28654138200008],[104.81021911600013,18.286872498000122],[104.80984057600008,18.284933350000173],[104.80876989700019,18.284627501999992],[104.80607605000014,18.285646973000055],[104.80438220200026,18.285612366000223],[104.80412750200023,18.28587750199995],[104.8036686400001,18.286318359000276],[104.80187750200022,18.284872498000112],[104.80135791000006,18.284627501999992],[104.80054962200015,18.28546875000015],[104.79841973900031,18.28437152100004],[104.79700488300031,18.28440039100012],[104.79662500000015,18.28361737100026],[104.7962231450002,18.284445679000143],[104.79537750200015,18.28387249800005],[104.79486267100006,18.28362750200003],[104.79425500500022,18.28488000500002],[104.79383282500001,18.28569952400005],[104.79211761500014,18.28511236600015],[104.79111242700012,18.28513293500025],[104.79112756300012,18.285875000000004],[104.79112158200022,18.28616827400012],[104.78815124500014,18.286107666000163],[104.78753167700015,18.286426880000022],[104.78712750200017,18.287558411000205],[104.78964721700018,18.287910156000265],[104.78962164300023,18.28916320800012],[104.78762335200017,18.28912243700003],[104.78510577400013,18.289379700000183],[104.7844258420001,18.290087372000286],[104.7851622920002,18.291173798000116],[104.7851218870002,18.29315298500019],[104.78360748300017,18.293122101000023],[104.7826909790002,18.292168182000154],[104.78228692600013,18.291877502000162],[104.78263720700019,18.292900909000025],[104.78262207000014,18.293642487000184],[104.78211218300007,18.294132385000125],[104.78038702400025,18.294097198000244],[104.77964514200013,18.294869324000175],[104.7790980830001,18.29512249800017],[104.77837628200015,18.294371216000087],[104.77761633300022,18.29463131700011],[104.7771275020003,18.294122498000107],[104.7767013550002,18.293877502000186],[104.7773174440002,18.295677521000172],[104.778475891,18.29643701200021],[104.7793826290002,18.2968724980001],[104.77937243700032,18.29637500000014],[104.77938140900008,18.295937012000238],[104.78008563200015,18.295127502000227],[104.78146440452369,18.296284924428605],[104.78187249800024,18.296627502000078],[104.7830259400001,18.297383728000113],[104.78362249800014,18.2986373600001],[104.78230425999996,18.299276886000087],[104.78083825700017,18.299622498000176],[104.7798574830002,18.29860168500008],[104.77937585400034,18.297117401000108],[104.77887750200014,18.29787750200012],[104.77834698500013,18.298387177000194],[104.77753247100023,18.298370575000234],[104.7769291990002,18.29651144400006],[104.77510766600025,18.295627716000226],[104.77431304900014,18.29645480300009],[104.77287750200017,18.295872498000136],[104.77166925000014,18.295577942000094],[104.77012750200012,18.29614791900009],[104.77208502200031,18.296107971000083],[104.7730301510002,18.296431458000015],[104.77253106700013,18.29788967900015],[104.77337719700014,18.29787240600014],[104.77413684100011,18.298132416000072],[104.7746425170001,18.29812210100002],[104.77512249800023,18.297622498000152],[104.77630297900018,18.29737750200023],[104.77723706100014,18.298802246000164],[104.7791317140001,18.29917211900012],[104.77911737100018,18.299875000000014],[104.78011413600021,18.300358582000058],[104.7803724980001,18.300627502000197],[104.78070538300008,18.300947327000188],[104.78212249800023,18.300372498000144],[104.78337750200015,18.300127502000123],[104.78387249800025,18.299872498000155],[104.78468780500029,18.29947695900003],[104.7861420900002,18.29912750200016],[104.78664239500009,18.29964819300025],[104.78660241700007,18.301606354000086],[104.78732965100014,18.302372498000153],[104.7876224980001,18.300872498000118],[104.78788360600018,18.300109680000062],[104.7888775020003,18.299627502000234],[104.78937249800012,18.299372497999997],[104.78990191700015,18.29912750200016],[104.79090271000027,18.299643066],[104.7908475950002,18.302343811000185],[104.79137750200007,18.303372498000115],[104.79162249800012,18.30389477500026],[104.79012249800027,18.304622498000157],[104.78939184600014,18.305382996000105],[104.78884686300015,18.305371887000163],[104.7878386840002,18.304852509000185],[104.78737750200034,18.304372498000163],[104.78610546900026,18.303150360000217],[104.78368121300022,18.302854126000128],[104.78172491500007,18.30206060800002],[104.77757983400002,18.301481934000094],[104.77637420700015,18.302299225000226],[104.77512750200012,18.30187249800018],[104.77428314200031,18.30162750200006],[104.77382543900009,18.303037964000055],[104.77253314200019,18.30362249800011],[104.7718149410002,18.301409302000124],[104.77046014400017,18.300521057000182],[104.76986261000022,18.301143005000128],[104.76989147900022,18.302557983000142],[104.77062750200017,18.304372498000163],[104.7708724980001,18.30514212000007],[104.77036218300023,18.305632385000138],[104.76974249300011,18.305619751000066],[104.7692791750001,18.303719208000118],[104.76762249800024,18.302127501999962],[104.76712750200014,18.301372498000106],[104.76679943800033,18.301127502000085],[104.76709048450024,18.303119186250143],[104.76718750000012,18.303783081000248],[104.76787750200012,18.305122498000046],[104.76829425000014,18.306832062000097],[104.76784808300008,18.307622498000228],[104.76683868400013,18.307102509000188],[104.76617877200025,18.306415649000115],[104.76587750200017,18.30487249800015],[104.76562249800023,18.30462750200013],[104.7653474730001,18.304341278000066],[104.76440533400014,18.302399231000052],[104.76412249800009,18.302127501999962],[104.76387738000025,18.301872406000072],[104.76359191900016,18.301878235000203],[104.76365417500026,18.304930191250236],[104.7636749270001,18.305947510000095],[104.76437750200031,18.306622497999996],[104.76462249800008,18.306877502000134],[104.76487750200013,18.307122498000155],[104.7652713010003,18.307934173999982],[104.76502484100016,18.309122498000164],[104.76304345700018,18.307619019000114],[104.76260211200034,18.30762802100024],[104.76264721700014,18.309839203000223],[104.76236474600015,18.310387543000118],[104.76162280300005,18.310372406000198],[104.76083502200024,18.31064202900022],[104.75978753700016,18.310620667000222],[104.76041247600008,18.308794861000052],[104.76187500000012,18.307389709000148],[104.76212249800025,18.30618875100008],[104.76090795900015,18.303381714000082],[104.76062750200012,18.301372498000106],[104.76045202600025,18.301127502000085],[104.76012750200013,18.302127501999962],[104.75976867700027,18.302824097000126],[104.76012750200013,18.303872498000004],[104.76037249800007,18.30462750200013],[104.76064202900014,18.305414978000186],[104.7606220700001,18.306392792000167],[104.75945477300016,18.306368988000244],[104.75912750200015,18.307377502000108],[104.75892602500008,18.307872498000123],[104.7567136230002,18.306086609000147],[104.75713104200017,18.30486721800007],[104.75658355700008,18.304878387000016],[104.75612750200011,18.30594601400024],[104.75755487100005,18.308716858000082],[104.75662713600033,18.309608246000124],[104.7562919310001,18.31064117400014],[104.75510998500019,18.310617035000277],[104.75460968000013,18.309585785000124],[104.75362786900016,18.308642456000143],[104.75337750200012,18.307945374000028],[104.75437750200015,18.306627502000055],[104.75462249800009,18.30441436800008],[104.75310571300011,18.302607544000068],[104.75195544399995,18.302631012000134],[104.75263751200018,18.303637268000088],[104.75262207000006,18.304392792000073],[104.75095788600012,18.304358826000097],[104.75062750200013,18.30441171300012],[104.75126971400024,18.305028747500245],[104.75191192600008,18.30564578200027],[104.75180395500021,18.306372498000087],[104.74994795249998,18.305416389750093],[104.74932928500007,18.305097687000128],[104.74887750200011,18.305151917000174],[104.74937750199993,18.306122498000008],[104.74966247600022,18.306709961000124],[104.75012249800008,18.308127502000175],[104.75062750200013,18.308872498],[104.75087249800006,18.309266052000055],[104.7499229740001,18.310666840000223],[104.75164032,18.311500000000237],[104.75162231400012,18.312382599000074],[104.74993103000023,18.31234808300016],[104.74912750200028,18.311122498000003],[104.74870520000033,18.310716766],[104.74837750200012,18.309372498000158],[104.74812249800019,18.30862750200025],[104.7478071900002,18.30765576200004],[104.74630413800006,18.307377502000108],[104.74581109600032,18.30939990200021],[104.74512750200009,18.30931866500005],[104.74553189075019,18.30734435300012],[104.74566668700018,18.306686249000023],[104.74425000000011,18.307171143000176],[104.74321661400015,18.306817413000132],[104.74262750200009,18.30691171300012],[104.74362750200024,18.307872498000123],[104.7438923950003,18.308148193000108],[104.74387219200023,18.309137695000175],[104.74309747300023,18.309121887000117],[104.74237750200027,18.30837249800001],[104.74178314200029,18.308127502000175],[104.74137750200012,18.309377502000032],[104.74087133800006,18.310124176000173],[104.74133905000022,18.311490570000075],[104.7403626710001,18.312122498000136],[104.73941766400023,18.31017468300027],[104.74012750200026,18.309127502000223],[104.74108184800016,18.307519836000253],[104.73935699500001,18.305862610000176],[104.73861419700009,18.30587777700019],[104.73807794200016,18.307530273000054],[104.73729766800014,18.30790881300011],[104.73763238500024,18.30888684100003],[104.7376223140001,18.309382599000187],[104.73643780500007,18.30935842900024],[104.73562487800015,18.308118500000134],[104.73462677000023,18.30979986600026],[104.73362536600027,18.30912103300004],[104.73311779800017,18.30938250700028],[104.73261743200018,18.309372284000133],[104.73262756300008,18.30887500000003],[104.73262243700012,18.30862500000012],[104.73262756300008,18.30837500000004],[104.73261737100026,18.307875000000152],[104.73262756300008,18.30737500000008],[104.73262176500006,18.3070918880001],[104.7296250000002,18.30715307600019],[104.72802197300015,18.30712036100006],[104.72863244600003,18.305615295000152],[104.7286171870002,18.30486807300005],[104.72912762500007,18.303877319000136],[104.72911871300013,18.303440521000056],[104.72712249800023,18.3028775020002],[104.72637750200008,18.302372498000153],[104.72560791000015,18.302127501999962],[104.72511261000031,18.30264300500025],[104.7251521610003,18.304579681000163],[104.72479333500027,18.305276123000056],[104.72329565400017,18.305641235000067],[104.722267517,18.30562027000029],[104.72183276400008,18.303393433000068],[104.7211275020002,18.30412750200024],[104.72086218300015,18.30438238500018],[104.7203474730002,18.30437188700003],[104.71950500500006,18.303494995000122],[104.71837249800004,18.30312750200018],[104.71725500500011,18.30274499500007],[104.71462249800018,18.302377502000127],[104.7123233640003,18.30204153400004],[104.71182354700014,18.30101135300025],[104.71014147900027,18.301877899000175],[104.70962585400022,18.3018673710001],[104.7090544430001,18.3027389530001],[104.70787249800017,18.30312249800012],[104.70736779800009,18.30338250700005],[104.7060093380002,18.30335479700007],[104.7041271360001,18.302872406000034],[104.7033750000002,18.30288775600016],[104.70261743200032,18.302872284000117],[104.70263610800018,18.301956421000185],[104.70148669400012,18.301583435000055],[104.70062750200023,18.301877502000238],[104.69937249800014,18.30212249800016],[104.69847430400009,18.302429932000024],[104.69786749300013,18.302117340000095],[104.69789764400016,18.30064181500022],[104.69711700400032,18.299891815000066],[104.69713769500007,18.29887918100013],[104.69577862500026,18.297988129000117],[104.6945000000002,18.298250000000024],[104.69436468500024,18.297280579000287]],[[104.66983856200025,18.344843475000047],[104.67061798100016,18.34361798100008],[104.67151623500021,18.3424588930001],[104.67191680900012,18.342100952000067],[104.67257983400029,18.340656402999997],[104.6728522340002,18.34038201900003],[104.67336798100015,18.341277740000336],[104.67240631484313,18.34304741592578],[104.67194677700016,18.34389306600029],[104.67274096700012,18.343845734000183],[104.67336798100015,18.34505557300011],[104.67302551300023,18.34661798100015],[104.67150116000013,18.346071014000103],[104.67011315900024,18.34714663700001],[104.66917846700025,18.347090942000108],[104.66900000000012,18.345000000000212],[104.66983856200025,18.344843475000047]],[[104.69435864300019,18.300205963000124],[104.69282580600029,18.300114624000216],[104.69227612300025,18.299499451000116],[104.69300964400011,18.29844934100018],[104.6945000000002,18.298250000000024],[104.69435864300019,18.300205963000124]],[[104.64039276099996,18.311984253000247],[104.64126101700006,18.31263012700022],[104.64059549000032,18.31310662800003],[104.63902999900009,18.31283712800021],[104.63864337200019,18.310732239000217],[104.6395000000002,18.310500000000005],[104.63960662800022,18.310643372000143],[104.63996618700011,18.310910828000075],[104.64039276099996,18.311984253000247]],[[104.73750000000021,18.311250000000157],[104.73775891100021,18.311923523000104],[104.73760748300023,18.313140594000274],[104.73584497100015,18.313861176000117],[104.73538885500031,18.31293960600007],[104.73599188200004,18.311370728000114],[104.73750000000021,18.311250000000157]],[[104.77619183300013,18.312217102000147],[104.7776320190001,18.311882019000052],[104.77850000000026,18.311570587000034],[104.77937500000027,18.311884552000166],[104.78077551300012,18.311382019000163],[104.78146368400016,18.311649719000187],[104.7822863160001,18.312570496000177],[104.78425000000013,18.311500000000237],[104.7843679810002,18.311632019000143],[104.78516015599999,18.312339844000277],[104.78586798100022,18.313132019000093],[104.78626898200017,18.31349035600026],[104.7871179810002,18.31470575],[104.78637640400021,18.314974762000062],[104.78523754900019,18.314566131999996],[104.78378210400021,18.314652893000158],[104.7822351070001,18.314292969000135],[104.78142419400027,18.3133853760001],[104.78111999500024,18.31336724900028],[104.78037500000013,18.31363455200001],[104.77937500000027,18.31327575700017],[104.7781663820002,18.313709412000165],[104.7761687620002,18.313590363000174],[104.77519787600014,18.314117981000138],[104.77464227300018,18.31329953000018],[104.77619183300013,18.312217102000147]],[[104.64538958700015,18.31627072100018],[104.64736798100014,18.31673101800007],[104.64685128800019,18.317609192000077],[104.64416058300034,18.31788958700018],[104.6437960820002,18.31984243800011],[104.64275000000012,18.31990481600012],[104.64193789700019,18.31985638400002],[104.64135266100007,18.320125000000047],[104.64139068600022,18.320763306000188],[104.6406179810003,18.321117981000143],[104.64020272800022,18.321582733000128],[104.63848043800019,18.322299072000163],[104.63764584400033,18.320763184000086],[104.63889846800012,18.319643951000117],[104.638840912,18.31867804000005],[104.63911798100011,18.318367981000065],[104.64013201900005,18.318132019000174],[104.64057284500021,18.317638672000115],[104.64114733900013,18.317375000000055],[104.64108831800004,18.31638464400001],[104.64159442100018,18.316354462000263],[104.64249618500017,18.316678040000127],[104.6429665530002,18.315653198000064],[104.64413201900018,18.315382019000097],[104.64459405500011,18.314375336000197],[104.64500000000012,18.31425000000013],[104.64513201900004,18.31461798100011],[104.64538958700015,18.31627072100018]],[[104.63151059000009,18.32216290300026],[104.63029269400008,18.32310296600015],[104.62857342500021,18.32284890700018],[104.62866012600009,18.322262329000054],[104.62949707000016,18.321616333000065],[104.63125000000034,18.321500000000214],[104.63151059000009,18.32216290300026]],[[104.79888201899999,18.308882019000166],[104.79911798100008,18.30843521100023],[104.79834118700003,18.306567596000065],[104.79838537600014,18.30582577500006],[104.79888201899999,18.30538201900012],[104.79911798100008,18.305117981000123],[104.79964306600007,18.304648773000025],[104.79936724900008,18.303880035000276],[104.7993964230001,18.303391052000137],[104.80075000000019,18.30325000000002],[104.80138201900016,18.304617981000135],[104.80161798100008,18.306382019000168],[104.80218866000021,18.307432220000194],[104.80211535600009,18.308661682000135],[104.80128082300016,18.308611938000112],[104.80063201900012,18.30963201900005],[104.79996136500026,18.31023126200016],[104.79788201900013,18.309775513000105],[104.79888201899999,18.308882019000166]],[[104.81632440200033,18.299298676000106],[104.81881286600012,18.299397308000195],[104.81985668900015,18.298904694000015],[104.82024047900009,18.298490479000208],[104.82100000000034,18.298250000000024],[104.82123999000012,18.29893475300011],[104.82062976100022,18.299879761000142],[104.8191564330003,18.300831177000163],[104.81869226100017,18.30133212300005],[104.8176803590001,18.301867584000036],[104.81613751200027,18.300684448000112],[104.8161021120001,18.30157800300023],[104.81655249000013,18.302863007000056],[104.81518866000008,18.302917053000087],[104.81487976100018,18.301620239000172],[104.81428021200023,18.300487213000125],[104.8149279790002,18.2997881160001],[104.81632440200033,18.299298676000106]],[[104.78600000000014,18.297551117000197],[104.78472979700021,18.297738800000005],[104.78341369600022,18.29667511000011],[104.78210888700025,18.296141083000066],[104.78157763699997,18.295820618000107],[104.78170971700015,18.29492672700013],[104.78339111300019,18.294641083000116],[104.78425000000013,18.294250000000005],[104.78435888700025,18.294391083000136],[104.78520098900017,18.295041107000003],[104.78601178000011,18.29639669799998],[104.78745098900018,18.296985748000054],[104.78733819600009,18.29774887100004],[104.78600000000014,18.297551117000197]],[[104.79039044200013,18.294758606000258],[104.79035266100013,18.294125000000136],[104.79046716300016,18.292203339000125],[104.79013201900014,18.291117981000113],[104.7897804570002,18.29013809200022],[104.79050000000015,18.290095184000137],[104.79136346400017,18.290146667000045],[104.79250000000033,18.28925000000001],[104.79263201900008,18.289617981000177],[104.79300653100015,18.291227478000025],[104.7940195310002,18.292361267000132],[104.79475000000033,18.292404816000186],[104.7957381590002,18.292345917000105],[104.79736291500015,18.293797668000053],[104.7974562380002,18.295362701000144],[104.79618219000028,18.295438629000117],[104.79513201900014,18.294867981000067],[104.79378900100025,18.29455551100014],[104.7933679810001,18.293382019000035],[104.79307375307528,18.292429200134364],[104.79290478500016,18.2918820190001],[104.79214990200032,18.29221380600019],[104.79288201900013,18.292867981000228],[104.79332580600018,18.294775208000118],[104.7938679810002,18.295382019000314],[104.79413201900022,18.29561798100012],[104.79460388200008,18.29614608800003],[104.7956170040002,18.29705127000014],[104.79350109900011,18.297617981000045],[104.79278320300014,18.29706698600002],[104.79202813700019,18.296221862999914],[104.79039044200013,18.294758606000258]],[[104.80091333000021,18.29520517000016],[104.80057379200016,18.294258911000114],[104.80107580600017,18.293165192000217],[104.80225000000016,18.29309518400011],[104.80335052500007,18.293160797000127],[104.80342956500002,18.29183450300016],[104.80142865000025,18.291953766000077],[104.80088201900023,18.290947845000076],[104.80218548600013,18.28939239500025],[104.80413201900015,18.289132019000107],[104.80504803500011,18.28880334500009],[104.80711590600006,18.288926636000085],[104.80838201899999,18.288632019000218],[104.80904376200013,18.287891418000044],[104.81100000000018,18.28774999999999],[104.81137683100027,18.288397217000067],[104.81307135000011,18.288296265000056],[104.81374139400006,18.289529297000215],[104.81436798100012,18.291275513000187],[104.81399127200015,18.292243927000285],[104.81236798100022,18.292867981000228],[104.8117570800002,18.29319992099998],[104.80990838600027,18.2930897520002],[104.8087942500002,18.29386798100019],[104.8081179810001,18.293632019000214],[104.80676269500023,18.293068329000022],[104.80419329800017,18.294863098000192],[104.8033679810002,18.29511798100023],[104.80197448700008,18.29561798100012],[104.80091333000021,18.29520517000016]],[[104.82037976100005,18.288651611000148],[104.82275000000007,18.288500000000127],[104.82287023900008,18.288629761000124],[104.82314923100014,18.288888306000104],[104.82311865200009,18.289659424000234],[104.82212091100016,18.289619873000248],[104.8207150270002,18.29036380000015],[104.82037976100005,18.288651611000148]],[[104.81494830300008,18.28687707500015],[104.81625000000017,18.286750000000197],[104.81636114500012,18.286888855000228],[104.81650506600013,18.28804571500021],[104.81512780800008,18.289148621000066],[104.81451422100017,18.288787903000056],[104.81494830300008,18.28687707500015]],[[104.78909491000033,18.295742126000178],[104.78633624300025,18.295353760000197],[104.7853888550001,18.29343960600019],[104.78666650400012,18.292416473000088],[104.78730584700028,18.291618103000104],[104.78825000000015,18.291500000000013],[104.78844220000022,18.292],[104.78801898200024,18.29310098300006],[104.78919372600015,18.294947449000063],[104.78909491000033,18.295742126000178]],[[104.84532232700016,18.285161438000117],[104.84781555200013,18.284727539000187],[104.84812420700027,18.283300903000097],[104.84849999999997,18.283000000000158],[104.84861114500015,18.28313885500019],[104.84888885500018,18.283361145000114],[104.84955584700006,18.284944152999998],[104.85105590800018,18.286145325000078],[104.85136114500014,18.28693981900018],[104.85028601100007,18.287392822000186],[104.84961157200021,18.288235046000054],[104.84861261000006,18.287851074000088],[104.84833966100032,18.289726685000105],[104.84729986600027,18.289326965000072],[104.84491564900023,18.28781012000016],[104.84463885500028,18.28693963600017],[104.84532232700016,18.285161438000117]],[[104.83589111300014,18.280719971000067],[104.8365000000002,18.280249999999995],[104.8371913450001,18.281261780000136],[104.83825994900022,18.28208660899999],[104.83808288600025,18.283285034000215],[104.83682342500029,18.283098937999995],[104.83691510000025,18.282478515999998],[104.83610888700017,18.281391112999998],[104.83589111300014,18.280719971000067]],[[104.91622851600007,18.37036569200022],[104.91470935100008,18.369518097000167],[104.91159991500021,18.370196320000147],[104.91088427700024,18.36936569200016],[104.90985711700031,18.36872235100013],[104.90989239500013,18.368283203000132],[104.9110104370001,18.366706390000047],[104.9119454350002,18.36590081800027],[104.91375000000019,18.365750000000133],[104.91386572300027,18.365884308000062],[104.91438427700027,18.366115692000022],[104.91499902300026,18.36645867900016],[104.91536572300018,18.366884308000195],[104.91576861600007,18.36723141500005],[104.91611572300027,18.367634308000177],[104.9163842770001,18.367865692000038],[104.91686572300003,18.368824585000155],[104.91622851600007,18.37036569200022]],[[104.71488201900027,18.329617981000084],[104.71521655300032,18.330346802000165],[104.71638201900029,18.33061798100013],[104.71661798100021,18.33088201900013],[104.71688201900011,18.33111798100002],[104.71720428500029,18.331478638000107],[104.71799292000006,18.331050079000093],[104.71951470900015,18.331140778000048],[104.71986798100014,18.332577606000186],[104.71727551300015,18.332867981000135],[104.71638201900029,18.331867981000087],[104.71588946500023,18.331427856000175],[104.71461798099998,18.331132019000208],[104.71353363000006,18.33074295000017],[104.71313201900014,18.32986798100025],[104.71261718800028,18.32913092000028],[104.71267431600009,18.32817251600021],[104.71063739000013,18.327792328000015],[104.71125128200006,18.326662537000146],[104.71350000000021,18.32650000000021],[104.71364550800016,18.326905579000098],[104.71357543900004,18.328082001000098],[104.71488201900027,18.329617981000084]],[[104.70536163300008,18.329769012000142],[104.70466864000005,18.32925351000003],[104.70457861300022,18.328730438000193],[104.70485662800033,18.32835662800008],[104.70560662800008,18.32805859400011],[104.70539337200015,18.32785662800019],[104.70439337200028,18.327459258999994],[104.70506189000005,18.326950438999987],[104.70612500000018,18.326767395000118],[104.70687786900024,18.326897003000184],[104.70750000000018,18.32675000000019],[104.70785662800009,18.32763723800015],[104.70713488800007,18.329349976000017],[104.70536163300008,18.329769012000142]],[[104.68937023900034,18.330015137000174],[104.68880633500012,18.33087023900022],[104.68737976100024,18.330370239000246],[104.68589971900016,18.32990164200001],[104.68512976100024,18.328463867000153],[104.68625000000029,18.32825000000014],[104.68639331100016,18.32840469400014],[104.68754132100017,18.328946472000126],[104.68887976100027,18.329370239000284],[104.68937023900034,18.330015137000174]],[[104.73362835700024,18.33866458100013],[104.73316296400017,18.339108917000132],[104.73185137900012,18.33740969800013],[104.73192858900009,18.336887329000163],[104.733364136,18.336299805000138],[104.73364105200014,18.334669556000165],[104.73425000000023,18.33450000000026],[104.73435888700001,18.334641083000022],[104.73533569300028,18.335395050000244],[104.73560888700015,18.33644961500019],[104.73460888700018,18.33685891700013],[104.73362835700024,18.33866458100013]],[[104.72887121600016,18.33969668600018],[104.72973504600012,18.340388428000125],[104.72936114500001,18.341361176000234],[104.72909375000009,18.343499268000215],[104.72781507875024,18.342892021500106],[104.7273888550001,18.342689606000093],[104.72798541300014,18.34113757300011],[104.72785980200015,18.34012771600014],[104.72573461900006,18.339342041000137],[104.72509008800003,18.338280884],[104.72516644300023,18.337666809000183],[104.72750000000022,18.337000000000074],[104.72791259800007,18.337729828000064],[104.72862878400011,18.338303314000086],[104.72887121600016,18.33969668600018]],[[104.72965600600017,18.351730102999994],[104.7296145020002,18.352426514000157],[104.72837500000023,18.352352661000168],[104.72719348100017,18.352423065000224],[104.72660400400017,18.352102722000012],[104.72665747100021,18.351205475000114],[104.72950000000023,18.35100000000017],[104.72965600600017,18.351730102999994]],[[104.69998010300023,18.33635891700014],[104.69964111300018,18.33505038500023],[104.7006411130001,18.334641083000022],[104.70110888700017,18.33435891700013],[104.7017500000002,18.334250000000083],[104.70189935300024,18.33462994400017],[104.70082354700023,18.336080963000143],[104.69998010300023,18.33635891700014]],[[104.6768543700002,18.332387634],[104.67631158400016,18.333708557000236],[104.6749323120001,18.333289581000116],[104.67375000000024,18.333523193000076],[104.67276245100012,18.333328064000185],[104.67330194100018,18.332015259000187],[104.67514563000023,18.331645630000168],[104.67585437000034,18.331104370000148],[104.67625000000012,18.331000000000216],[104.67664563000008,18.331604370000036],[104.6768543700002,18.332387634]],[[104.68626861600032,18.338018585000057],[104.68559710700018,18.33859710700014],[104.68513427700023,18.339134308000098],[104.68412902800011,18.33976394700005],[104.68389822375016,18.34152775575022],[104.68382128900012,18.342115692000036],[104.68311572300021,18.341884308000175],[104.68213427700019,18.341115692000074],[104.6806157230001,18.340884308000213],[104.68013427700006,18.340615692000185],[104.67871496600023,18.340356812000167],[104.67815289300009,18.33909710700013],[104.67698736600019,18.338092986999996],[104.67869207800018,18.336884308000094],[104.67963427700019,18.33711569200014],[104.68050366200018,18.337434967000178],[104.68162500000025,18.3373448790001],[104.68261633300008,18.33742453000029],[104.68319207800019,18.336134308000027],[104.68363427700004,18.336365692000257],[104.68449102800022,18.336973145000158],[104.68488427700007,18.336634308000015],[104.68565533400002,18.335296936000205],[104.6861342770001,18.334884307999985],[104.6863657230002,18.334615692000142],[104.68700000000004,18.33450000000026],[104.68735986300018,18.335479980000073],[104.6866496580001,18.336752930000145],[104.68626861600032,18.338018585000057]],[[104.68600000000018,18.339750000000052],[104.68651843300009,18.340860229000256],[104.68631103500016,18.34178524800005],[104.68555658000011,18.342306152000262],[104.68473638900016,18.341118225000017],[104.68498474100014,18.340010559000035],[104.68600000000018,18.339750000000052]],[[104.68729870600018,18.3384656370001],[104.6885892940002,18.33798272700011],[104.68885211200009,18.337602112000155],[104.68975000000003,18.33750000000005],[104.68985211199995,18.337647888000035],[104.6901478880001,18.33785211200005],[104.69078692600013,18.33877767900016],[104.69053302,18.339910247999995],[104.68935211200008,18.340352112000133],[104.68878192100007,18.340723419000128],[104.68776892100007,18.34029794300018],[104.68729870600018,18.3384656370001]]]]},"properties":{"id":"7406"}}]}