{"type":"FeatureCollection","features":[{"type":"Feature","geometry":{"type":"MultiPolygon","coordinates":[[[[103.25960353485917,16.960044304111108],[103.26579947638598,16.95084497562813],[103.2675914170978,16.950364040799016],[103.26986056857348,16.948850640191253],[103.27237196180275,16.949869520399815],[103.27299587673335,16.94985677083379],[103.27415662977157,16.9458840603302],[103.27522732204548,16.94447319878509],[103.27772243923337,16.945741644965636],[103.27893256293115,16.9470014105906],[103.27930284287893,16.94835123697966],[103.27823133680263,16.94993191189276],[103.2794167751708,16.95041395399349],[103.28145697699367,16.948865831163644],[103.2809692382784,16.947919108073137],[103.28101236978867,16.945804578993403],[103.27952473958024,16.943961588541953],[103.28071343315676,16.942035861545506],[103.28069824218463,16.94065266927136],[103.28332655164635,16.938127441406678],[103.28166286892073,16.935113932291898],[103.2824310980873,16.933621961806168],[103.28451714409445,16.93415662977482],[103.28658772786164,16.933447808160082],[103.28802029079563,16.933477105035152],[103.28887695312201,16.934784071181028],[103.28945149739278,16.93714057074682],[103.29005886501423,16.93819173177127],[103.29263617621254,16.93438368055584],[103.29110568576104,16.93236653645876],[103.29058919270565,16.931302354601186],[103.28876085069155,16.93070909288241],[103.28679172091753,16.92901068793462],[103.28681179470195,16.928028971354507],[103.28965630425049,16.92763183593796],[103.29148980034407,16.927669270833846],[103.29245605468444,16.92701443142404],[103.29291395399022,16.925136176215602],[103.29335123697629,16.92430826822944],[103.29478759765325,16.92528184678855],[103.29728190103882,16.926265733507222],[103.29932779947623,16.92625325520865],[103.30021213107321,16.928076171875503],[103.30086751301783,16.92846950954896],[103.30124728732326,16.926525065104656],[103.30264160155937,16.924863823785046],[103.30295925563954,16.92356119791698],[103.30508924695894,16.922721082899514],[103.30596950954563,16.923235134548946],[103.30541259765354,16.9248619249134],[103.30573513454587,16.92541395399327],[103.3078903537295,16.923235948351035],[103.31041666666388,16.923753255208837],[103.31225396050078,16.923377007378875],[103.31421657985803,16.9250246853301],[103.31592176649022,16.923869086371894],[103.31804796006642,16.924413791233107],[103.31887261284422,16.925272081163612],[103.31845920138599,16.927696126302536],[103.31848090277506,16.930430772569835],[103.31937065971928,16.930412597656712],[103.32015543619505,16.92646267361144],[103.32161865234102,16.925056966146172],[103.32460286458056,16.924586588541928],[103.32634955511853,16.92640462239605],[103.32835449218456,16.924721679687835],[103.32983452690681,16.926207953559285],[103.33126410589969,16.925123155382124],[103.33291937933731,16.924586046007192],[103.33433024088251,16.92319715711841],[103.33625081379913,16.924499240451922],[103.33800482855591,16.9238989257815],[103.34082845051788,16.921913791233024],[103.34227539062229,16.9215304904516],[103.34291395399,16.922005208333672],[103.34180284287888,16.92346950954888],[103.34153049044832,16.925141601562885],[103.34069173176803,16.926247287326632],[103.33986382378194,16.930154622396444],[103.34156005859066,16.931266547309207],[103.34360758463262,16.93331895616346],[103.34430284287916,16.932735731337075],[103.34235839843458,16.93041937934082],[103.34151421440683,16.928997395833605],[103.34153103298311,16.92816894531306],[103.34433810763588,16.923713650173937],[103.34641710069141,16.92270507812539],[103.34951280381651,16.923232964410204],[103.349023980032,16.92514024522616],[103.3511105685736,16.927809516059497],[103.35152506510119,16.927320421007394],[103.35096923827834,16.925696885850954],[103.35095784504918,16.92401448567746],[103.35226860893803,16.922754991319863],[103.3526361762122,16.92124728732682],[103.3531643337644,16.920221625434337],[103.35601833767058,16.916530490451606],[103.35848605685507,16.91763590494817],[103.35989718966724,16.915092502170452],[103.36243679470206,16.913860405816436],[103.36579644096938,16.910141601562927],[103.36626790364298,16.91159450954885],[103.36709906683726,16.912358398437874],[103.36839219834783,16.9103857421878],[103.37066541883362,16.90948920355939],[103.37096950954552,16.907759874132353],[103.37013590494499,16.90653049045173],[103.37013590494499,16.90541422526077],[103.37078233506654,16.904115668403264],[103.37156385633395,16.903736436632215],[103.37238661024023,16.903753255208613],[103.37435302734073,16.905086263021005],[103.37625542534411,16.905550130208695],[103.37835394964983,16.907142198350897],[103.3793028428789,16.90822428385451],[103.3784749348927,16.909863823784903],[103.37801133897287,16.91030924479209],[103.37879069010117,16.91096950954892],[103.38075846353863,16.910295952691243],[103.38152506510139,16.910713433159927],[103.38080457899,16.911405436198265],[103.37845838758395,16.912186957465522],[103.3768028428789,16.914858398437957],[103.37596896701078,16.917065158420357],[103.37599121093476,16.918149956597603],[103.37548068576089,16.919641655816505],[103.37458034938939,16.920969509548982],[103.3745930989555,16.921595594618637],[103.37653971353879,16.92235839843785],[103.37737386067451,16.919788140191443],[103.37736762152477,16.91829833984427],[103.37851426866015,16.915470920139498],[103.38028564452819,16.914309624566457],[103.38101752386834,16.917311469184497],[103.3816297743027,16.918191731771046],[103.38258219400748,16.916739095052407],[103.38300808376474,16.913253851996828],[103.38387152777469,16.91157769097245],[103.38541965060497,16.9123752170141],[103.38680257161175,16.912347005208858],[103.3879359266464,16.912930772569965],[103.3887261284693,16.914559733073162],[103.38902506510121,16.91791937934049],[103.3901584201358,16.91932345920175],[103.39014241536168,16.92073106553849],[103.39140082464993,16.92152506510449],[103.39180284287895,16.919820421007145],[103.39031873914612,16.916068250868292],[103.39094319661152,16.915419379340577],[103.39346950954584,16.91764187283009],[103.39376980251419,16.917635633680803],[103.39373779296588,16.916070149739753],[103.39496799044841,16.914448784722566],[103.39836127386852,16.917023654514267],[103.3998583984347,16.91592041015653],[103.39765923393807,16.913754069010764],[103.39615180121243,16.913159722222446],[103.39403293185481,16.913202853732997],[103.39319715711528,16.912616916232963],[103.39506727430253,16.911709526910258],[103.39422553168126,16.910900878906673],[103.39219618055287,16.91152506510487],[103.39014160155952,16.910691731771152],[103.38791937933743,16.91013617621546],[103.38487982855614,16.909764811198244],[103.38384087456294,16.9081800672746],[103.38347493489297,16.90716145833366],[103.38459879556993,16.905680609809323],[103.38597493489297,16.905708550347484],[103.38683024088274,16.904818522136082],[103.38680962456314,16.903130425347598],[103.38928955077827,16.900748155382203],[103.39044759114321,16.897631022135755],[103.3918695746498,16.897642957899777],[103.39575656466721,16.90168863932334],[103.39876763237547,16.902650010851048],[103.39949842664643,16.90415581597253],[103.40088161892064,16.902716200087184],[103.40034912109101,16.90168240017387],[103.39739990234071,16.900725368923887],[103.394851074216,16.899105631510807],[103.39487494574402,16.897935384114845],[103.3945789930527,16.89736111111155],[103.39488091362549,16.89677544487907],[103.39765326605587,16.895430230035288],[103.3976521809864,16.892686903212237],[103.3973575846326,16.8912497287329],[103.39765272352142,16.89009819878507],[103.39938286675036,16.88843614366354],[103.40261583116043,16.887086046007468],[103.4046880425316,16.89083957248296],[103.40541395399006,16.89025173611148],[103.40455132378187,16.888125000000343],[103.4073830837643,16.884841851128996],[103.40852430555239,16.884864908854595],[103.40902506510125,16.88425374349005],[103.40734700520531,16.88264160156281],[103.40736816405965,16.88159369574673],[103.40877983940689,16.880697157118604],[103.4105254448755,16.882513834635816],[103.41124728732328,16.881883680555873],[103.40969373914643,16.879836425781463],[103.40900878905947,16.878424750434448],[103.40903483072614,16.877160644531827],[103.41164605034439,16.875321994358202],[103.41408908419842,16.87658040364599],[103.41458062065666,16.87770155164985],[103.41291937933724,16.88115315755246],[103.41575330945906,16.884858398437586],[103.4165250651013,16.883579644097566],[103.41481391058724,16.881055501302697],[103.41519721136845,16.880311686198255],[103.41704752603866,16.878533799913583],[103.4177937825493,16.87739583333368],[103.41718153211505,16.875007324219453],[103.41546983506638,16.87388509114622],[103.41469997829583,16.872298177083763],[103.41426649305274,16.87052001953154],[103.41462646484084,16.869468044705087],[103.41763617621214,16.86846950954883],[103.41986382378187,16.868197157118274],[103.42041395398999,16.867724338107934],[103.4153146701357,16.86585991753506],[103.41458604600413,16.865195583767687],[103.41597493489306,16.863474934896132],[103.41627929687209,16.862226291233],[103.41874728732355,16.860620930990123],[103.41667317708081,16.858628200955366],[103.4111905924448,16.85761664496563],[103.40890896267055,16.85524197048653],[103.40735839843458,16.854863823785294],[103.40625271267075,16.853781195746876],[103.40880072699352,16.852336697049154],[103.41116400824367,16.852354329427286],[103.41162814669852,16.8495019531252],[103.4109849717851,16.84636067708361],[103.41290554470189,16.843981662326684],[103.41235677083014,16.842916395399655],[103.41409667968455,16.840321723090554],[103.41648735893821,16.83973904079899],[103.41708062065666,16.83763617621564],[103.41765299478865,16.836791720920345],[103.41896538628171,16.83681857638922],[103.42244818793111,16.833894856771067],[103.42377305772297,16.833474934896202],[103.42647569444145,16.835525987413632],[103.42680284287897,16.834890136719125],[103.42429796006658,16.832042643229414],[103.4243004014726,16.830578342014206],[103.42105794270535,16.8312424045144],[103.41958604600384,16.830167914496897],[103.42184651692415,16.82759819878494],[103.42466389973654,16.825628526476052],[103.42573513454548,16.825141601562763],[103.42762939452822,16.825789930555928],[103.42846950954575,16.824831000434486],[103.42586235893808,16.823566080729677],[103.42541937933728,16.82260904947934],[103.4268755425318,16.819112141927377],[103.42382975260134,16.81516655815993],[103.42153917100407,16.812965766059193],[103.4207934570284,16.81142876519138],[103.41932834201086,16.810717773437986],[103.41791937933729,16.80958062066],[103.41625271267068,16.808648003472527],[103.4177069769934,16.808175998264545],[103.42266113280962,16.808197699653235],[103.42627170138601,16.814330512153376],[103.43073323567401,16.81436008029536],[103.43156114366045,16.81606635199698],[103.43210150824368,16.81828260633729],[103.43207519530952,16.8195673285595],[103.43266330294844,16.821599663628703],[103.43327907985818,16.822795138889177],[103.4345806206567,16.821775716146334],[103.43359836154221,16.81986924913221],[103.43409776475394,16.818899739583657],[103.43604899088237,16.819301215277946],[103.43735839843507,16.82006076388933],[103.43610378688956,16.82171413845512],[103.43873236761854,16.8242393663198],[103.43985839843444,16.827363823785177],[103.44111897786175,16.829442816840853],[103.44058485242758,16.831003960503807],[103.44181939018804,16.831802842882283],[103.44334391275757,16.82909206814267],[103.44449842664633,16.82968695746554],[103.44486870659435,16.83158420138919],[103.44720675997982,16.833830566406746],[103.44958062065675,16.835060763889217],[103.4475870768201,16.837913953993663],[103.44625271267049,16.836525065104425],[103.44562093098662,16.836218532986422],[103.44458604600422,16.83627983941018],[103.44514729817436,16.83736924913235],[103.44515380859096,16.8398925781253],[103.44597630255427,16.84027341006889],[103.44519667918203,16.84089710876637],[103.44091349897852,16.839367401550902],[103.43897586983863,16.839775323475052],[103.43897586983863,16.84140701117174],[103.43775210406628,16.845690191375226],[103.43816002599053,16.84660801570466],[103.43958775272486,16.844670386564673],[103.44111745994044,16.843956523197775],[103.44234122571308,16.84405850367881],[103.4408115184975,16.84803574243901],[103.441933303789,16.84895356676843],[103.4427491476371,16.851707039756363],[103.44142340138373,16.853542688415033],[103.44305508908056,16.853440707933913],[103.44336103052345,16.855276356592853],[103.44468677677699,16.853746649377285],[103.4483580740941,16.85252288360502],[103.44968382034747,16.85323674697193],[103.45019372275314,16.855786258998037],[103.45202937141156,16.857519927175687],[103.45253927381654,16.85996745872032],[103.45141748852521,16.86068132208767],[103.44876599601858,16.863332814594642],[103.4469303473596,16.86435261940484],[103.44458479629597,16.864964502291244],[103.44356499148549,16.867004111911996],[103.44468677677699,16.867310053355297],[103.44723628880266,16.867106092392945],[103.44978580082855,16.867717975279348],[103.45029570323399,16.869247682494645],[103.44886797649949,16.873938784622553],[103.4494798593856,16.87444868702748],[103.45039768371501,16.876182355205202],[103.45039768371501,16.877508101458872],[103.44968382034747,16.879037808674255],[103.45090758612005,16.879547711079354],[103.45141748852521,16.876998199053773],[103.45162144948765,16.873020960293132],[103.45213135189258,16.87149125307765],[103.45264125429756,16.870981350672736],[103.45284521525983,16.869757584900015],[103.45141748852521,16.867921936241245],[103.45131550804402,16.86527044373436],[103.45182541044957,16.86343479507586],[103.45253927381654,16.86261895122739],[103.45406898103218,16.86435261940484],[103.45478284439955,16.866596189987845],[103.456210571134,16.867921936241245],[103.45804621979258,16.868023916722194],[103.45957592700816,16.868533819127563],[103.45988186845145,16.873428882217098],[103.46110563422363,16.87536651135717],[103.46345118528765,16.87628433568615],[103.46538881442731,16.876386316167455],[103.4663066387566,16.875570472318984],[103.46916209222579,16.8748566089519],[103.46957001414975,16.875672452800103],[103.46946803366879,16.876896218572654],[103.47018189703633,16.878731867231153],[103.47048783847927,16.880771476852075],[103.46559277538935,16.879853652522655],[103.46671456068057,16.88179128166236],[103.4703858579982,16.88270910599161],[103.4717116042518,16.88342296935896],[103.47364923339134,16.88648238378991],[103.47579082349338,16.885462578979713],[103.47854429648103,16.890051700626316],[103.48078786706387,16.89239725169027],[103.48088984754483,16.88872595437283],[103.48058390610183,16.88740020811916],[103.4789522184054,16.88566653994188],[103.4789522184054,16.884034852245193],[103.47823835503786,16.88250514502981],[103.47466903820171,16.882811086472557],[103.47385319435321,16.881587320700106],[103.47548488204993,16.880771476852075],[103.47762647215168,16.880567515889737],[103.47466903820171,16.877916023382753],[103.47395517483446,16.87444868702748],[103.47191556521372,16.872816999330965],[103.47222150665678,16.87118531163445],[103.47191556521372,16.86985956538105],[103.47007991655474,16.870063526343046],[103.46804030693417,16.869247682494645],[103.46814228741519,16.870063526343046],[103.46681654116182,16.87189917500163],[103.46457297057916,16.87189917500163],[103.46447099009814,16.870879370191247],[103.46538881442731,16.868839760570765],[103.46763238501032,16.867310053355297],[103.46671456068057,16.867615994798044],[103.46447099009814,16.866494209506726],[103.46304326336369,16.867615994798044],[103.46110563422363,16.86669817046898],[103.46171751711009,16.866086287582746],[103.46171751711009,16.864556580367093],[103.46102631607195,16.8646812231773],[103.45812553794443,16.86685680677263],[103.45776294067875,16.864318625911224],[103.45558735708315,16.862143042315992],[103.45576865571624,16.860692653252116],[103.45758164204554,16.857791875125088],[103.45431826665262,16.85470979836505],[103.4530491762221,16.851083825705686],[103.45141748852521,16.84890824211027],[103.44887930766382,16.84890824211027],[103.44634112680271,16.846913957147862],[103.44507203637173,16.844919672185355],[103.44452814047284,16.843287984488754],[103.448154113132,16.842200192690697],[103.44748354109342,16.839182618516332],[103.44781141492754,16.838867458767723],[103.45099256727141,16.842178276910303],[103.45235839843443,16.840675455729652],[103.45076036241008,16.83914008246566],[103.45014160155952,16.838153754340524],[103.4515283203095,16.83682128906294],[103.45180664062198,16.83511230468777],[103.45255723741028,16.833655327691574],[103.45203450520538,16.83315294053844],[103.44908393011852,16.833187120225972],[103.448197157115,16.832482096354425],[103.44985839843477,16.831505805122035],[103.4476304795975,16.830408257378764],[103.44764214409437,16.82983886718786],[103.44938666449369,16.828992513021277],[103.45257432725387,16.82905761718787],[103.45504774305269,16.8311338975699],[103.45625271267076,16.831525065104444],[103.45710503471915,16.832102864583717],[103.45905273437191,16.835198838976126],[103.4595806206568,16.837363823785253],[103.4619818793374,16.84043565538242],[103.46235839843459,16.842363823785064],[103.46329155815684,16.84509060329897],[103.46404215494479,16.846547309028168],[103.46517008463249,16.846524251302483],[103.46513264973677,16.84469943576417],[103.46395833333023,16.84276529947961],[103.46436659070875,16.841972927517617],[103.46391628688954,16.840657552083613],[103.46427056206298,16.839863823785066],[103.46680664062197,16.842051323785142],[103.46735839843464,16.841571451823327],[103.46526367187195,16.83907633463579],[103.46457546657709,16.837331271701814],[103.46460042317423,16.836111111111478],[103.46134901258372,16.834170464410093],[103.46062717013572,16.83161946614618],[103.45788085937212,16.82928005642397],[103.45963812933749,16.827591688368656],[103.46172471787887,16.82657931857692],[103.4612093098929,16.825697157118455],[103.45905463324365,16.82643473307344],[103.45819715711534,16.825354003906483],[103.45903591579562,16.822903374566494],[103.45902452256647,16.822347005208613],[103.45818060980602,16.822364095052293],[103.45761203341729,16.8235362413199],[103.45632080077868,16.824776746962186],[103.45374728732358,16.82513617621558],[103.45261501735823,16.82552354600729],[103.45093478732329,16.82484212239632],[103.44920355902494,16.824877387153123],[103.445803765188,16.82604112413236],[103.44450276692405,16.825371093750505],[103.44359998914629,16.8230824110245],[103.44189860025747,16.821966688368647],[103.4429478624102,16.82095865885465],[103.44375271267106,16.82097520616341],[103.44541395399048,16.8194870334206],[103.44493923610847,16.81819715711856],[103.44343858506639,16.8193359375002],[103.44177490234094,16.819302029080305],[103.44091444227146,16.818406304253728],[103.44141357421583,16.816459147135703],[103.44038411458072,16.81510253906289],[103.43705322265308,16.813435601128802],[103.43509331596945,16.808947211371958],[103.43283799912919,16.808057725694667],[103.43197998046574,16.806289062500284],[103.4304326714379,16.805911729601135],[103.42930826822615,16.80509819878509],[103.43000840928514,16.803052842882224],[103.42955186631664,16.802613932292118],[103.4270472547714,16.80262966579889],[103.42619222004916,16.801739637587218],[103.42654649522277,16.800357530382186],[103.42651692708037,16.798916829427384],[103.42964192708038,16.797058919271166],[103.43098605685478,16.79708631727459],[103.4315991210909,16.7983501519102],[103.43111870659433,16.801167263455127],[103.43231526692429,16.801802842882267],[103.43380208333028,16.799298231337076],[103.43436984591753,16.79930962456619],[103.43527669270551,16.801609157986405],[103.43457845051776,16.802639160156545],[103.43732991536163,16.805720214844186],[103.43902506510128,16.8042428927955],[103.43839463975385,16.801165907118573],[103.43910780164643,16.79908257378517],[103.44063205294842,16.800669216580374],[103.44126980251471,16.80096950954926],[103.44125298393797,16.79956949869836],[103.44244222004917,16.79899251302109],[103.44432508680248,16.79903103298635],[103.44595920138605,16.800731879340773],[103.44624728732347,16.800103081597385],[103.44457031249712,16.795642632378787],[103.4445879448754,16.79477891710127],[103.4459920247368,16.79205322265645],[103.4482031249971,16.79098036024331],[103.44819010416396,16.79033664279561],[103.44594156900737,16.788412000868362],[103.44539279513626,16.786720920139402],[103.44542426214994,16.785189887153237],[103.44680826822608,16.783474934896134],[103.44814941405988,16.78115125868105],[103.44910129122977,16.780419379340543],[103.45101942274007,16.782415907118306],[103.45206000433726,16.78456054687547],[103.4535970052057,16.786464843750508],[103.45432996961549,16.787975260416914],[103.45429172091715,16.789849175347783],[103.45681586371236,16.793480631510675],[103.45738661023998,16.793468967014277],[103.45733289930277,16.790837402344195],[103.45600151909443,16.786236707899675],[103.45569715711511,16.783747287326705],[103.4553428819415,16.7827115885421],[103.45399875216717,16.780940212673897],[103.45586669921587,16.779145507813084],[103.45710639105616,16.77875271267382],[103.45934190537932,16.780449218750334],[103.46027777777479,16.782378200955137],[103.46262369791364,16.782330186632308],[103.46319173176786,16.783219129774693],[103.46207411024008,16.78486789279556],[103.46276041666366,16.786200086805877],[103.46493977864307,16.78530463324701],[103.46655056423324,16.784004448785055],[103.4680870225665,16.783259006076776],[103.46868435329546,16.78141845703179],[103.46988362629915,16.779838053385703],[103.47096950954565,16.77992377387197],[103.47009982638602,16.78246446397587],[103.47041341145544,16.78488661024342],[103.46926974826133,16.78657389322946],[103.46931857638614,16.788970540364886],[103.46901665581319,16.79074055989618],[103.46846842447613,16.79180474175375],[103.46933024088244,16.79497639973995],[103.47038655598655,16.79336507161497],[103.4712548828098,16.78869954427141],[103.47209743923318,16.78706407335129],[103.47324191622945,16.78650878906288],[103.4743212890597,16.78653103298646],[103.47588921440703,16.788921983507407],[103.47721761067416,16.793923882378778],[103.47541395399023,16.798469509548994],[103.47483235676773,16.80053141276082],[103.47486952039637,16.80235026041713],[103.47425238715007,16.803871256510902],[103.47516601562208,16.804314507378734],[103.47652506510136,16.80574055989615],[103.47560872395556,16.80751925998301],[103.47625840928518,16.808477647569717],[103.4762418619762,16.809287380642942],[103.4767982313339,16.811458333333704],[103.47774820963244,16.81263617621542],[103.47861056857349,16.809978569878737],[103.47954562716714,16.80908040364615],[103.48369222004911,16.81261854383702],[103.48430284287909,16.81287597656292],[103.48360270182016,16.81083062066004],[103.48408827039626,16.810364040799072],[103.4877940538166,16.81040500217061],[103.48819173176796,16.809569498698337],[103.48655517577814,16.808775770399606],[103.4853314887122,16.80784695095541],[103.48290364583065,16.808678114149856],[103.48145128037916,16.80757595486149],[103.48089680989293,16.80473551432324],[103.47901285806975,16.804015842014294],[103.47822943793122,16.80160129123321],[103.4792081705701,16.800157606337038],[103.48041693793104,16.800977105035102],[103.48096950954553,16.800537651910105],[103.4793082682261,16.797891981337074],[103.4804193793374,16.796252712673862],[103.48070746527472,16.795364854600933],[103.48072102864305,16.792585991753725],[103.481763780379,16.7915842013892],[103.48604193793088,16.794613172743553],[103.49287217881655,16.794324544271504],[103.49376953124695,16.794017198350872],[103.49374674478898,16.79289686414964],[103.48831705728892,16.792962239583602],[103.48734402126436,16.79262939453163],[103.48664415147292,16.791186523437744],[103.48432373046577,16.79043348524327],[103.4834505208303,16.789841579861317],[103.48229383680265,16.78782443576432],[103.48278889973662,16.786377766927416],[103.48126274956306,16.78491129557321],[103.4809068467853,16.78381537543447],[103.4795787217852,16.78338433159759],[103.47753933376444,16.781696234809274],[103.47821451822611,16.780386013455015],[103.47987928602149,16.78041992187545],[103.48105441622974,16.779814724392836],[103.48404188367758,16.779857855903373],[103.48402262369515,16.778917643229605],[103.48080756293112,16.777874348958548],[103.47986192491024,16.778197970920658],[103.47845377603889,16.777909613715522],[103.47732367621254,16.77618598090322],[103.47680826822622,16.774561360677325],[103.47902506510135,16.773259819878902],[103.47649224175055,16.769921875000534],[103.47681966145532,16.76928629557331],[103.47840494791379,16.76851725260454],[103.48108723958026,16.768142903646208],[103.48265435112549,16.766028917101195],[103.48262993706308,16.76483615451427],[103.47951253254936,16.763323838976234],[103.479881184893,16.762608235677476],[103.48398952907709,16.762597113715643],[103.48541395399022,16.76394965277825],[103.4841305881047,16.76564073350748],[103.48493896484084,16.767209743923914],[103.48629692925047,16.767650553385735],[103.48891737195876,16.76900037977471],[103.48937744140332,16.771357150608054],[103.49279215494502,16.77458062066009],[103.49347303602136,16.77178846571239],[103.49405924478864,16.771225043402964],[103.49552029079578,16.771254882812656],[103.4971801757782,16.773593207465495],[103.49997070312199,16.77289333767405],[103.50126953124706,16.77291992187547],[103.5025887044242,16.77429280598986],[103.50350667317392,16.77459092881992],[103.50543023003203,16.777111002604414],[103.5054066297715,16.77826388888944],[103.50205268011868,16.781486545139288],[103.50260389539633,16.78235839843782],[103.50518581813944,16.7801312934033],[103.50581868489272,16.78014431423651],[103.50738037109093,16.782113986545497],[103.50735215928543,16.78349962022618],[103.50793050129917,16.784580620660236],[103.50920708550066,16.782021484375306],[103.507677951386,16.780126953125475],[103.50736382378173,16.778148328993296],[103.50826470268831,16.77639973958385],[103.51240152994515,16.77849717881965],[103.5131092664902,16.779233940972546],[103.51227132161173,16.780860460069633],[103.51358642577807,16.782593587239944],[103.51307617187203,16.784084472656488],[103.51348361544834,16.78487494574685],[103.51509440103874,16.784842122396057],[103.51616102430259,16.785207248264086],[103.51652506510109,16.78712944878525],[103.51528944227161,16.789576280382406],[103.51652506510109,16.79264160156285],[103.51722927517082,16.79368055555581],[103.51867187499695,16.791808268229573],[103.51930284287883,16.793752712674134],[103.5198914930526,16.7946213107643],[103.51985270181987,16.796523166232788],[103.52078423393814,16.79775065104205],[103.52040825737558,16.798480360243744],[103.52041965060468,16.799041612413546],[103.52252685546577,16.800093858507452],[103.52319173176787,16.799704318576644],[103.5223415798583,16.798450520833683],[103.5223752170111,16.796802842882272],[103.5215136718721,16.79597493489611],[103.52154134114281,16.794612087673926],[103.52117133246244,16.79353135850714],[103.52257025824375,16.792187228733],[103.5211355251707,16.789402126736405],[103.52159613714983,16.786701660156453],[103.52318115234087,16.785179036458572],[103.52346950954572,16.78451171875028],[103.51999159070905,16.781434733073368],[103.51890814886863,16.782169053819615],[103.51809054904211,16.781747775607926],[103.51708604600404,16.780653754340477],[103.51775227864269,16.778707411024726],[103.51566840277493,16.776225043402945],[103.51345838758382,16.775152723524542],[103.5123583984346,16.774007975260815],[103.51056667751462,16.774044596354614],[103.50918511284422,16.77310818142412],[103.51016303168117,16.77149549696206],[103.51324625650753,16.76999972873314],[103.51606309678547,16.769205186632504],[103.51733208550067,16.769858669705044],[103.5199671766463,16.77055175781301],[103.5212472873234,16.769580620660008],[103.52469265407697,16.769308268229267],[103.52590440537884,16.772963867187826],[103.5251201714382,16.774897460938007],[103.52996527777483,16.77932318793445],[103.5329275173581,16.779262695312866],[103.53346950954571,16.778238118489938],[103.53165554470215,16.776077473958736],[103.53125271267058,16.773191731771206],[103.52930284287916,16.770974934896074],[103.52818115234064,16.76926405164963],[103.52819851345188,16.768415527344047],[103.5299018012125,16.767641601562815],[103.53149902343452,16.76930392795171],[103.5349424913164,16.77142008463582],[103.53690836588245,16.769769694010847],[103.53878689235816,16.773001030816445],[103.54143636067411,16.775546875000444],[103.54265272352134,16.77513047960096],[103.54319173176802,16.77346950954906],[103.5437082248238,16.77297309027803],[103.54501708984125,16.773860405816407],[103.54448459201095,16.775416666667084],[103.54508843315668,16.777180989583826],[103.54233778211514,16.779823676215486],[103.54265326605596,16.78043619791694],[103.54428683810457,16.780402832031513],[103.5454090711776,16.780980902778154],[103.5467540147541,16.78097954644133],[103.5459692382785,16.782914225260612],[103.54598008897258,16.78343451605933],[103.54766954209785,16.785447048611317],[103.54762315537917,16.787717556423928],[103.54700710720184,16.789517415364827],[103.54899848090005,16.789906412761],[103.54934217664649,16.79236897786491],[103.55026448567403,16.7923499891496],[103.55136691622991,16.789554578993446],[103.55454915364308,16.789619411892673],[103.55709174261878,16.791241590712218],[103.55821750216754,16.792413465712272],[103.55882812499718,16.794917805990096],[103.56171956379902,16.79820475260445],[103.56241400824373,16.79819064670187],[103.56601508246243,16.794499240451785],[103.56719862195897,16.794904242621982],[103.56763617621235,16.796252712673862],[103.56980441622986,16.799580620660123],[103.57272488063941,16.797302246094304],[103.57205430772277,16.795342610677253],[103.56966824001418,16.794401584201765],[103.56845296223676,16.791498480903385],[103.56846842447615,16.78926188151067],[103.56791259765308,16.787638075087116],[103.5684849717853,16.786808268229407],[103.57020643445921,16.79081759982661],[103.57153049044851,16.791247287326954],[103.57304904513572,16.7924731445315],[103.57463840060464,16.79206570095519],[103.57589789496242,16.790754665798843],[103.57422037760134,16.787498101128648],[103.57628065320912,16.7851093207468],[103.57623480902467,16.782862413194692],[103.57563123914636,16.781690809462262],[103.57486382378184,16.78208604600735],[103.57305881076118,16.78243842230954],[103.57223795572608,16.78201578776057],[103.57177246093434,16.780581054688056],[103.56708604600377,16.77536485460125],[103.56876410590004,16.773752712673826],[103.5687467447888,16.772896864149686],[103.56736572265353,16.772925075955385],[103.56625271267077,16.772080349392724],[103.56595838758395,16.772086317274827],[103.56539957682,16.773238118489942],[103.56326687282674,16.77528700086846],[103.56200358072616,16.777415364583774],[103.56036376952821,16.77699517144127],[103.55838080511845,16.77767388237885],[103.55636610242757,16.777632649739957],[103.55510850694142,16.776780327691185],[103.55403049044864,16.77513617621578],[103.55086805555274,16.77163709852472],[103.5495065646671,16.77074435763933],[103.54791422525741,16.768315700955114],[103.545682779945,16.76723307291705],[103.54570122612566,16.766336263021117],[103.54876329209779,16.767369249132244],[103.55104356553554,16.767322862413522],[103.55152506510117,16.76613878038225],[103.54946261935461,16.763420681424165],[103.54988118489294,16.762608235677476],[103.55384575737551,16.762689073350927],[103.55513888888575,16.762357584635694],[103.55661973741027,16.762737087673926],[103.55884168836516,16.76228217230917],[103.56084092881648,16.763798828125317],[103.56315185546569,16.767871365017825],[103.56526855468454,16.76819173177104],[103.56569173176811,16.766648763021294],[103.56485839843444,16.76541937934067],[103.56458089192418,16.763998752170366],[103.56400851779236,16.762887369792054],[103.56403103298325,16.76178005642386],[103.56626980251443,16.761802300347455],[103.56625732421585,16.759357910156567],[103.56754204643804,16.757919379340507],[103.56985839843438,16.759863823785068],[103.57130533853868,16.760434570312796],[103.57238606770554,16.761559244791954],[103.57235297308748,16.76317165798646],[103.57281304253169,16.765416666666937],[103.57228217230605,16.768008355035292],[103.57351453992769,16.76963270399348],[103.57588433159444,16.770782335069853],[103.57676730685469,16.772602539062817],[103.58163736978881,16.775213487413666],[103.5831467013862,16.77775607638938],[103.58263427734104,16.77875054253508],[103.58348985459773,16.779877929687785],[103.58569661458026,16.780594075521265],[103.58683024088245,16.78212320963597],[103.58680040147269,16.783586697049188],[103.58541368272259,16.785413953993242],[103.5854606119764,16.787710232205356],[103.58419379339998,16.788540852864983],[103.58513617621239,16.79146077473976],[103.5823258463511,16.79465549045183],[103.58238172742787,16.797403157552694],[103.58361870659425,16.79819173177124],[103.5840250651012,16.796525065104518],[103.58460503471909,16.79566948784756],[103.58690836588252,16.795683865017594],[103.589811469181,16.792662217882423],[103.5906917317678,16.794073893229537],[103.5893082682264,16.79683539496544],[103.58987521701087,16.7979359266498],[103.59204237195868,16.79898735894116],[103.59417995876433,16.800830891927347],[103.59539306640337,16.799622395833566],[103.59739393445867,16.800434027777982],[103.59794162326111,16.801003689236524],[103.59790852864293,16.802620713976225],[103.5990513780354,16.808108452691144],[103.60037462022277,16.809025065104763],[103.6006939019068,16.805107421875462],[103.60126871744515,16.803428005642544],[103.60336181640324,16.800669759114925],[103.60430718315664,16.79872124566006],[103.60677734374727,16.796251085069855],[103.60847428765018,16.795992991858967],[103.60986242158108,16.79770774553819],[103.60976044110018,16.799543394197045],[103.61159608975882,16.799951316121195],[103.6112901483157,16.795974077360555],[103.61312579697423,16.796585960246688],[103.61485946515202,16.795260213993558],[103.61659313332959,16.795260213993558],[103.61669511381072,16.79801368698149],[103.61781689910194,16.79944141371574],[103.61873472343112,16.799135472272994],[103.61893868439344,16.79801368698149],[103.61863274295044,16.793424565334618],[103.61893868439344,16.792098819081033],[103.61955056727967,16.791282975233088],[103.62148819641928,16.791588916675934],[103.62413968892636,16.79281268244857],[103.6230179036348,16.790671092346685],[103.62526147421781,16.788427521764035],[103.62638325950903,16.785062165889713],[103.62526147421781,16.784654243965377],[103.62434364988835,16.785470087813863],[103.62332384507786,16.78740771695348],[103.62179413786234,16.784756224446426],[103.62006046968477,16.78383840011726],[103.61934660631769,16.782410673382643],[103.61955056727967,16.781288888091325],[103.62118225497616,16.779351258951692],[103.62434364988835,16.779453239432726],[103.6257713766228,16.777821551736125],[103.6251594937369,16.776189864039523],[103.62281394267288,16.77455817634292],[103.62271196219186,16.7733344105703],[103.62362978652098,16.77078489854462],[103.62067235257089,16.770376976620568],[103.61995848920392,16.769663113253117],[103.62220205978636,16.767725484113413],[103.62210007930551,16.76660369882191],[103.62016245016562,16.76609379641681],[103.61465550418976,16.768133406037734],[103.6101683630242,16.767827464594262],[103.60772083147933,16.768439347480665],[103.60282576838969,16.770580937582366],[103.59847489170878,16.770430415718508],[103.59902533636867,16.769901529948214],[103.59935899522273,16.767510308160084],[103.60013617621237,16.765950249566316],[103.59644558376434,16.763914388021092],[103.59412082248,16.76511203342048],[103.59199707030959,16.763397623698296],[103.59288981119496,16.76119683159756],[103.59191569010116,16.76026123046917],[103.59017144096916,16.759695095486535],[103.58944932725407,16.75753607855934],[103.58843153211504,16.756252712674055],[103.58663818359096,16.756866590712136],[103.58576850043127,16.75641845703157],[103.58755126952857,16.754705674913666],[103.58984700520526,16.754257541232917],[103.59096950954583,16.754346245660017],[103.59006890190679,16.75703233506985],[103.59115939669877,16.758079969618564],[103.593469509546,16.757080620660034],[103.59486382378182,16.756808268229648],[103.59612114800049,16.75585449218768],[103.59680284287916,16.756449652778002],[103.59567491319157,16.757935926649893],[103.59570068359082,16.759189453125586],[103.59667724609099,16.76063015408029],[103.59765814886887,16.76012478298661],[103.59868923610819,16.757999403212295],[103.60071397569155,16.754839409722663],[103.60232096353869,16.754059516059243],[103.60263617621271,16.7518028428822],[103.60593641492764,16.748256022135763],[103.60658854166363,16.747261555990065],[103.6079302300316,16.743721245660197],[103.60790445963252,16.742454155816475],[103.60678385416375,16.7432139756946],[103.60622314452868,16.744369574652993],[103.60457438150743,16.745953504774633],[103.60460367838235,16.747379828559232],[103.60345811631649,16.74848036024359],[103.60264350043101,16.748463812934375],[103.60088351779225,16.74979926215306],[103.60014160155961,16.7485850694449],[103.60154649522283,16.7450816514761],[103.6015245225664,16.74401367187535],[103.59990559895553,16.744046766493412],[103.5982679578963,16.74375705295172],[103.5970657009519,16.75047173394144],[103.59595811631644,16.751535915799195],[103.59421142577847,16.751500379774754],[103.59261962890335,16.750680338542153],[103.59207628037896,16.74956027560792],[103.5914713541637,16.74897894965308],[103.5898600260389,16.749309082031857],[103.58819173176843,16.748474934896038],[103.58791937933725,16.748148328993537],[103.58987006293117,16.74432888454909],[103.5898575846326,16.743718804253746],[103.58923312716726,16.742506239149677],[103.58591715494501,16.741787923177384],[103.5839822048583,16.73986382378503],[103.58264160155952,16.740796440972503],[103.58485839843465,16.742619086371832],[103.58378499348649,16.743747287326528],[103.58099527994526,16.74134114583373],[103.57986382378184,16.74202663845523],[103.5815250651012,16.744357367621788],[103.5795239257782,16.74627983941022],[103.57790283202823,16.746247016059428],[103.57720269096913,16.744803602430977],[103.57437282985794,16.746070421007417],[103.57332248263603,16.744977213541887],[103.5721034071154,16.74624620225724],[103.57138129339992,16.746525065104464],[103.57088921440683,16.74450683593774],[103.56991780598682,16.743474934896057],[103.56735514322614,16.74554361979206],[103.56737494574364,16.746509060330325],[103.56706624348689,16.747108561198118],[103.56569173176811,16.74708034939279],[103.5632999674448,16.748570149740047],[103.55906548393821,16.749297688802386],[103.55687554253197,16.747459309896115],[103.55653049044847,16.74569173177119],[103.55476969400743,16.74364990234423],[103.55378336588265,16.74415798611129],[103.5519596354138,16.743417968750563],[103.55153049044836,16.742053493923933],[103.55214436848647,16.740861816406465],[103.55179904513594,16.739852701823196],[103.55060465494515,16.739877115885875],[103.54949435763595,16.738197157118307],[103.54875271267068,16.739505208333824],[103.54986382378198,16.74096950954886],[103.55013617621259,16.743197157118203],[103.55158528645555,16.744923773871875],[103.55483886718437,16.745841200087128],[103.55514133029223,16.747390136719062],[103.55581271701087,16.748693305121762],[103.55541368272284,16.74985866970526],[103.55541178385133,16.752186957465725],[103.55236382378209,16.754586046007233],[103.55114067925066,16.755136176215473],[103.54930826822633,16.75402479383699],[103.54852756076096,16.754040798611385],[103.54536322699349,16.756824273003787],[103.54407090928535,16.756797960069633],[103.54275878905966,16.754587673611596],[103.54348605685479,16.753175726997043],[103.54346652560477,16.752216796875516],[103.54172905815679,16.753084309896124],[103.54039957681996,16.752629394531724],[103.53985405815692,16.75150472005258],[103.53930284287904,16.75097493489622],[103.53886528862543,16.74962700737879],[103.53763617621249,16.74903049045173],[103.53612331813937,16.74780951605939],[103.53486924912912,16.748659667969065],[103.53812499999734,16.752630208333557],[103.53846950954576,16.753984103732904],[103.53671522352144,16.756073676215763],[103.53300944010121,16.758174641927567],[103.53251329209783,16.759703776042016],[103.5296459960908,16.75779324001796],[103.52835069444157,16.755205349392696],[103.52902506510114,16.753001573351227],[103.52579508463256,16.75409206814267],[103.52763617621227,16.75664469401059],[103.52651231553531,16.75961398654546],[103.52441840277484,16.760969509548914],[103.52160780164658,16.759863823785068],[103.52038465711499,16.76172960069485],[103.51864746093483,16.76229329427119],[103.51625027126434,16.761802300347455],[103.51330186631665,16.762071397569642],[103.51204725477155,16.761220974392785],[103.51041097004898,16.75901367187531],[103.50952392577867,16.759031846788616],[103.5100683593719,16.761689453125214],[103.50956353081304,16.76266899956633],[103.50785807291376,16.763496636284955],[103.50650227864296,16.763468967014177],[103.50467556423328,16.762230631510874],[103.50092041015333,16.76348524305584],[103.49980143228882,16.76346245659761],[103.49726209852165,16.762154405382176],[103.4938937716984,16.761606174045497],[103.49317518445892,16.761235894097553],[103.49207194010111,16.75901394314276],[103.49097574869498,16.759036187066542],[103.48755099826084,16.756292588976038],[103.48384385850406,16.755930175781472],[103.48084228515339,16.752301432292057],[103.48013590494494,16.748752170139156],[103.4801567925318,16.74773763020879],[103.48099989149026,16.74649359809048],[103.48468098958031,16.7444137912329],[103.48884657117756,16.74327989366347],[103.49252251518809,16.744222005208684],[103.49291395399027,16.743593207465565],[103.49179985893815,16.741949598524528],[103.49180202907709,16.739829915364865],[103.49010769313949,16.739864637587303],[103.48738389756667,16.74122667100748],[103.48574435763598,16.74254991319468],[103.48119818793091,16.743747287326528],[103.47898708767062,16.743180609809528],[103.47812662760137,16.742284884982865],[103.47680962456295,16.736741536458652],[103.47960910372964,16.734052191840817],[103.484484592011,16.73352240668453],[103.4895808919243,16.7348640950524],[103.49096950954586,16.73427571614627],[103.49040662977129,16.733183051215647],[103.4859795464379,16.73246256510444],[103.48469373914625,16.732022298177426],[103.48389268662905,16.732434895833563],[103.47647488063953,16.73235731336858],[103.4749465603268,16.730766330295467],[103.47458604600413,16.727080620660203],[103.47374620225403,16.72513916015673],[103.47430284287876,16.722592773437995],[103.4733205837646,16.720686306423957],[103.47404161241028,16.719286838108147],[103.47401719834787,16.718099229601236],[103.47291937933724,16.718474934896292],[103.47054796006663,16.71874728732685],[103.47014160155939,16.71708062066031],[103.46944254556988,16.716049262153362],[103.4676231553793,16.71569715711854],[103.46623182508412,16.717819552951838],[103.4651025390597,16.71705403645862],[103.46517333984073,16.7099815538198],[103.46478678385117,16.708473307291953],[103.46571912977132,16.70764160156287],[103.46971625433733,16.710351019965472],[103.47207329643803,16.710734863281544],[103.47374728732333,16.712086046007514],[103.47517035589973,16.712659233941437],[103.47596950954565,16.711789822048814],[103.47386800129928,16.71041205512178],[103.47347493489278,16.709531521267778],[103.47547688801782,16.707608235677426],[103.4773657226531,16.706995442708617],[103.48195773654223,16.704028320312744],[103.48235839843451,16.703168945312783],[103.47961724175056,16.70317518446207],[103.4731694878445,16.705980088976062],[103.47261664496241,16.705968967014215],[103.47160427517073,16.70388183593772],[103.47004774305256,16.70286159939296],[103.46893093532682,16.701699218750463],[103.46847493489278,16.7005916341149],[103.4699237738686,16.699308268229515],[103.47314751518829,16.699968532986517],[103.47346950954577,16.699289822049025],[103.47163981119516,16.698090277778263],[103.47323052300035,16.69337754991342],[103.47382622612585,16.69222140842048],[103.47522325303501,16.691808268229536],[103.47846978081284,16.692919650607934],[103.47904188367792,16.692907986111535],[103.47902072482341,16.691882866753787],[103.47718343098668,16.690678168402926],[103.47267903645539,16.690646972656594],[103.47123372395541,16.69171603732653],[103.46940890841714,16.69109157986142],[103.46677571614296,16.692080620660008],[103.46557969834768,16.6914645724831],[103.46606635199376,16.69051974826405],[103.46412353515322,16.688267144097566],[103.46249186197636,16.6891078016495],[103.46113525390311,16.688409016927494],[103.46158881293096,16.687528483073137],[103.46115370008388,16.68625705295186],[103.45932047525756,16.683986273871795],[103.4601646592852,16.683175184462115],[103.46177137586525,16.683208007812823],[103.4637841796845,16.68262532552116],[103.4674831814207,16.68265001085095],[103.4694444444414,16.68413818359403],[103.47160454643804,16.683760036892608],[103.4739710828965,16.68497938368077],[103.4752262369764,16.68454969618078],[103.47569173176791,16.683299153646104],[103.47138454860797,16.682308213975958],[103.46716606987562,16.680199652778313],[103.46535508897304,16.678991970486464],[103.46457519530932,16.678180338542134],[103.46458875867765,16.67751274956622],[103.46708604600391,16.676808268229664],[103.46946533202836,16.67475613064269],[103.47121880425053,16.675205620660165],[103.47304036458038,16.674832356771205],[103.47513075086502,16.674875217014304],[103.47543592664621,16.674557562934368],[103.47544297959777,16.672041558159975],[103.4779730902749,16.67081434461862],[103.4805775282089,16.67306070963572],[103.48096950954553,16.672598198785124],[103.48034695095205,16.670779622396267],[103.48126383463236,16.66957139757004],[103.48124240451082,16.66852050781287],[103.4784415690074,16.669024251302275],[103.47762505425064,16.66817437066007],[103.47765163845204,16.666879069010562],[103.48030002169824,16.665011664496873],[103.48140570746247,16.666162651910255],[103.4824281141463,16.663570421007165],[103.48352593315659,16.663037923177697],[103.48523654513585,16.664197319878824],[103.48934516058742,16.66544135199686],[103.49144504122958,16.665398491753862],[103.49334499782688,16.666931966146223],[103.49402506510128,16.66628499348988],[103.49195502386854,16.663884819878902],[103.48986382378197,16.662996690538435],[103.49203640407691,16.66157226562521],[103.49464572482341,16.66376302083374],[103.49557834201087,16.663743760851077],[103.49694308810498,16.662818739149785],[103.49735839843473,16.661497938368328],[103.4967890082435,16.660393066406584],[103.49335883246246,16.65927978515664],[103.4929193793374,16.65862467447947],[103.49599148220184,16.657624782986588],[103.49702067056987,16.655503472222463],[103.49633002386881,16.654308268229713],[103.49528184678556,16.655906846788483],[103.49201850043087,16.656885579427424],[103.48731065537922,16.660861002604648],[103.48560845268807,16.661247287326987],[103.48403049044842,16.660402832031693],[103.48569308810497,16.659596354166936],[103.48596950954564,16.65892578125046],[103.48429741753208,16.657624782986588],[103.48493353949377,16.65521620008714],[103.48438557942436,16.65458604600721],[103.48347493489317,16.655974934896435],[103.48178385416387,16.657102864583592],[103.48086181640335,16.65900309244843],[103.47955105251427,16.66073052300365],[103.4772501627576,16.660683593750377],[103.47511555989306,16.66377278645868],[103.47428846570901,16.66544162326423],[103.4724595811604,16.666640896267523],[103.4699400499101,16.669263237847503],[103.46823649088245,16.67027452256977],[103.46566569010113,16.6709857855907],[103.46471110025752,16.670966254340655],[103.46424940320875,16.670014377170602],[103.46470024956321,16.66869710286487],[103.4668193901878,16.6662396918406],[103.46680040147285,16.66529730902819],[103.46350477430238,16.664495713975995],[103.46509575737551,16.660774197048838],[103.46450981987559,16.65986382378513],[103.46259494357358,16.661857096354353],[103.46148166232345,16.662358398437746],[103.45985270181976,16.661519368489834],[103.45987928602145,16.660223795573245],[103.4553957790769,16.658958333333615],[103.45245985242778,16.659580620660265],[103.45125271267077,16.6585701497399],[103.45449028862552,16.65600341796896],[103.45717068142054,16.651961263021306],[103.45825954860837,16.6509152560766],[103.45934136284424,16.65041937934049],[103.46247775607364,16.6516916232643],[103.46650336371252,16.654514973958598],[103.46766384548337,16.65372829861151],[103.46763563367747,16.652338867187908],[103.46523735893814,16.651175401475868],[103.46262858072632,16.647910156250376],[103.46375895181998,16.646824273003773],[103.46375515407672,16.64529730902815],[103.46640163845191,16.64478054470517],[103.46988091362576,16.645135633680994],[103.46985514322617,16.643880479601123],[103.46667534721931,16.64310546875025],[103.46602620442408,16.641104329427563],[103.46681749131662,16.639568413628922],[103.46872260199339,16.638950195312916],[103.46817464192426,16.63788655598991],[103.46577880859073,16.636724175347766],[103.46541937933742,16.63592610677121],[103.46634711371254,16.634125434028206],[103.469068467879,16.633752712673797],[103.4709220377575,16.635681694878798],[103.47265597872959,16.63625949435817],[103.47354600694135,16.638094075520968],[103.47654324001459,16.640702582465735],[103.47710883246239,16.64069118923652],[103.47706380208027,16.638493923611435],[103.47766818576079,16.63760253906277],[103.47978651258373,16.63764594184059],[103.48374321831292,16.641058213976194],[103.48715983072626,16.64153537326409],[103.48961208767062,16.64237467447974],[103.49056396484085,16.642355143229523],[103.49180284287908,16.640942382812952],[103.491163736976,16.639701605903028],[103.48448567708036,16.638712293837074],[103.4828811306397,16.637885742187805],[103.4819954427052,16.63606011284766],[103.47878553602132,16.63445421006962],[103.48045735676774,16.63291937934062],[103.48241780598644,16.633590494792102],[103.48320827907699,16.633183051215525],[103.4831914605007,16.632347276476153],[103.48119574652478,16.631379123264153],[103.47829833984085,16.63221761067753],[103.4770564778618,16.631792534722564],[103.47612874348661,16.629880642361414],[103.47666178385154,16.627278917100938],[103.47508978949392,16.626516384548907],[103.47341118706325,16.62476915147593],[103.46941758897273,16.626093750000308],[103.46768256293106,16.627899576823225],[103.46704725477147,16.628208007812773],[103.4660495334173,16.62818739149337],[103.46469048393803,16.62611463758735],[103.46279459635119,16.62676350911478],[103.45890001084766,16.62273247612862],[103.45773735893798,16.621970214844126],[103.4558783637124,16.62003526475739],[103.4563715277749,16.619077690972503],[103.46163709852155,16.621391059028028],[103.46458604600426,16.621802842882147],[103.46672743055254,16.622636176215693],[103.4682427300319,16.621486273871852],[103.47063096787898,16.621535101996784],[103.47307508680277,16.623017306857932],[103.47430284287876,16.62271701388913],[103.47310465494516,16.621138237847774],[103.47354410806989,16.62028537326428],[103.47490180121244,16.61986382378504],[103.47624348958041,16.621260308160032],[103.47765001084778,16.620125054253762],[103.4793272569415,16.62015923394121],[103.47985839843469,16.61955349392386],[103.47829155815683,16.61606011284735],[103.47563530815668,16.615397949219343],[103.47230821397287,16.61542046441012],[103.47023383246213,16.617531195746764],[103.4682858615424,16.61703206380237],[103.46664577907708,16.617846950955055],[103.46500813801768,16.617003309462035],[103.46357720268807,16.617740614149653],[103.46191379122976,16.61731418185795],[103.46010498046579,16.615941569010744],[103.45901123046579,16.614273274740015],[103.45737874348643,16.612705078125487],[103.45707546657681,16.61177029079883],[103.45708007812189,16.61012071397623],[103.45769748263584,16.608921983507216],[103.46196641709756,16.610901963976218],[103.46332221136865,16.61020345052104],[103.465462782115,16.60986382378489],[103.46780788845186,16.61107204861156],[103.4684695095456,16.610496690538383],[103.46597493489307,16.60874728732658],[103.46373399522284,16.60818684895868],[103.46299343532681,16.606660698784978],[103.46254475911158,16.604361436632217],[103.45997205945909,16.60340060763923],[103.45620686848665,16.602875162760867],[103.45297390407686,16.602903645833663],[103.4512516276013,16.603197428385627],[103.44304199218473,16.602945421007107],[103.44093370225411,16.60348551432331],[103.4380249023408,16.6034841579864],[103.43569715711502,16.60537299262195],[103.4376348198754,16.60768093533028],[103.43561821831318,16.609618326823195],[103.43333740234064,16.612295735677648],[103.43254665798312,16.612679578993436],[103.43014431423322,16.61263047960115],[103.42848822699355,16.61375325520875],[103.42567572699377,16.614863552517775],[103.424835340709,16.61571370442745],[103.42043023003183,16.615713975694902],[103.41924235025729,16.615101996528367],[103.41535481770543,16.606693793403224],[103.4143028428791,16.605141601562835],[103.41403049044848,16.604302842882277],[103.41206895616043,16.602072753906754],[103.41140570746225,16.6000287543407],[103.41029703775743,16.60078016493081],[103.40937472872977,16.600304904514545],[103.40809895833033,16.601633029514204],[103.40851969400754,16.603687065972636],[103.40783908419834,16.604690755208722],[103.40691541883396,16.604214952257195],[103.40649088541372,16.602473415798855],[103.40575113932002,16.60125271267414],[103.40402804904241,16.60264377170158],[103.40303032768801,16.601967230903355],[103.40252902560476,16.598887803819792],[103.4029383680527,16.59729003906294],[103.40515652126462,16.59641520182349],[103.40514946831294,16.59420789930593],[103.4030186631916,16.59337754991357],[103.40230848524035,16.59046413845509],[103.40139431423327,16.589115668403025],[103.40014160155951,16.590419379340545],[103.39952473958047,16.590718858507245],[103.39790907117757,16.590685763889184],[103.39626030815683,16.591535101996755],[103.39537082247963,16.59123046875031],[103.39439073350431,16.590210503472377],[103.3955555555527,16.587777777778243],[103.39202311197621,16.589046495226142],[103.39081054687219,16.589021538628742],[103.38937147352155,16.58804633246571],[103.38731363931973,16.58932454427118],[103.38571316188941,16.58929172092047],[103.38512505425066,16.589594726562737],[103.38514187282695,16.590427246094094],[103.3879456922713,16.590974663628955],[103.38905300563997,16.591544867621863],[103.38902425129922,16.592947319878945],[103.38749186197649,16.594419759114913],[103.39080132378214,16.59574164496574],[103.39220431857339,16.595382215712092],[103.39485839843454,16.59653049045191],[103.39660807291355,16.596872016059436],[103.39712483723659,16.59740993923637],[103.39707736544844,16.599735785590553],[103.39847493489296,16.600413953993595],[103.3990524631046,16.601014811198198],[103.39902370876453,16.602425401476026],[103.39653049044844,16.603535970052334],[103.39868570963236,16.60438585069481],[103.40062364366023,16.60585639105949],[103.40010606553531,16.606860894097665],[103.39831542968463,16.60763617621572],[103.39655815971915,16.606445041232988],[103.39510823567414,16.607954101562754],[103.39371175129926,16.61046630859404],[103.39197211371246,16.611247287326833],[103.39001491970188,16.6097620985245],[103.38875271267099,16.60763617621572],[103.38739312065692,16.605951605902973],[103.3867003038163,16.606308322482974],[103.38735839843471,16.610853949653034],[103.38557020398994,16.611247287326833],[103.38260253905955,16.608995225694727],[103.38180826822614,16.607358398437697],[103.37956570095216,16.60484727647595],[103.37848822699348,16.60486924913218],[103.37651177300066,16.604297417535093],[103.37582790798322,16.604311252170575],[103.3763045247367,16.605236545139476],[103.37878824869492,16.60671088324672],[103.37980278862554,16.6082584635421],[103.38071885850391,16.61103217230948],[103.38069118923332,16.61238091362864],[103.37931369357344,16.612352701823227],[103.37774848089984,16.613128797743457],[103.37571261935446,16.612080078125288],[103.37503173827824,16.61209391276077],[103.37415418836522,16.61343234592063],[103.37243923610814,16.614025065104414],[103.37079644096926,16.61277859158001],[103.36971110025755,16.61002685546913],[103.36813286675047,16.608991970486358],[103.36729736327837,16.608122558594275],[103.36736870659425,16.60463433159751],[103.3687733289901,16.60289388020881],[103.36975287543132,16.600875108507367],[103.37016737195862,16.59917453342048],[103.37013183593464,16.59742838541723],[103.36915907117762,16.596808268229495],[103.3684857855873,16.599570312500575],[103.36790635850392,16.600425075955158],[103.36710150824362,16.600408528646213],[103.36430202907698,16.597908257378677],[103.36217475043148,16.59795166015668],[103.36108262803523,16.59757785373317],[103.35830132378183,16.59870415581632],[103.35875840928529,16.599591742621897],[103.36137342664651,16.599594455295616],[103.36180284287892,16.601074218750142],[103.3604755316812,16.60194444444467],[103.3609836154483,16.602930501302623],[103.36371310763596,16.602924533420335],[103.36485839843462,16.60436821831624],[103.36425944010122,16.60729166666701],[103.36263047959793,16.609309895833647],[103.36264214409422,16.60988661024348],[103.36456461588253,16.609847276476117],[103.36533881293107,16.610246039497042],[103.3662472873232,16.612468804253737],[103.36564263237571,16.613469509549077],[103.36337212456309,16.612887641059686],[103.36129801432017,16.612929958767594],[103.35980957030947,16.612625054253783],[103.35822347004913,16.611807996962185],[103.35676405164642,16.61152289496559],[103.35395534938968,16.609619140625554],[103.35290283202815,16.610714518229642],[103.35293023003172,16.612051866319874],[103.35187635633392,16.613191731771224],[103.34732231987559,16.611225857205255],[103.34456000433741,16.607248535156558],[103.34458685980601,16.605941569010582],[103.34542507595185,16.605136176215638],[103.34541069878188,16.60443332248309],[103.34400851779245,16.60373589409747],[103.34322021484061,16.60211073133719],[103.3414035373236,16.600024956597423],[103.34041937933753,16.600724283854504],[103.34131239149005,16.602498101129],[103.34122016058743,16.607019314236453],[103.34235975477131,16.609828830295356],[103.34248209635129,16.61069173177114],[103.34125271267081,16.609858398438135],[103.33955349392059,16.609586046007394],[103.3383943684868,16.610183105469275],[103.33615071614301,16.609723578559326],[103.33417182074365,16.608222113715584],[103.33346082898996,16.606756456163538],[103.33154568142064,16.604916449653004],[103.33079155815679,16.603004557291953],[103.3298310004312,16.602081434462136],[103.32930826822664,16.60093153211831],[103.32997422959775,16.598986002604633],[103.33096950954572,16.597342122396142],[103.32986273871254,16.59627875434076],[103.32929199218452,16.595102810330317],[103.32932481553533,16.593495822482822],[103.32896077473683,16.59291937934053],[103.32697618272275,16.596123318142617],[103.32736924912925,16.597657063802515],[103.32734754774023,16.598716634114723],[103.32593261718475,16.602455512153185],[103.32682508680276,16.603771701389448],[103.32829345702837,16.604484320746934],[103.32973361544842,16.606719563802372],[103.32954264322612,16.607913953993574],[103.3239675564208,16.60205268012207],[103.32235839843472,16.601530490451907],[103.3195003255178,16.59973280164955],[103.31800645616025,16.596653374566444],[103.31580512152462,16.59323269314281],[103.3174793836778,16.590228949653138],[103.31726589626462,16.589030490451663],[103.31448947482332,16.591920030382283],[103.31347493489281,16.59409044053851],[103.31513617621223,16.597679578993294],[103.31387179904218,16.598894314236716],[103.31515896267061,16.60013075086846],[103.31513210720178,16.601438530816168],[103.31263617621252,16.599863823785185],[103.31069715711513,16.598191731771266],[103.30979302300042,16.597898220486655],[103.3074115668376,16.597946777344205],[103.30606418185462,16.59725287543432],[103.3038305664032,16.594927842882143],[103.30313395181994,16.592070312500226],[103.30216932508384,16.59209011501754],[103.30151991102119,16.5951510959206],[103.29919596353878,16.595717773437784],[103.29675103081289,16.59566786024331],[103.29388047959785,16.593489583333707],[103.29291937933769,16.594624023437873],[103.29405381944164,16.59571397569468],[103.29835991753183,16.597223578559266],[103.30046468098678,16.59679226345527],[103.30146538628165,16.596812879774774],[103.30185818142061,16.59842475043439],[103.30265842013611,16.599605034722373],[103.30375271267084,16.60013617621574],[103.30402506510111,16.600652940538538],[103.29723307291377,16.601538628472653],[103.29680826822599,16.602274305555724],[103.30013888888598,16.60301540798652],[103.3028038194415,16.602363823784998],[103.30593912760108,16.60354790581617],[103.31062744140323,16.602457139757362],[103.31154161241042,16.602928059896257],[103.31153483072623,16.60451063368089],[103.3149343532958,16.60401394314259],[103.31683892143812,16.60336181640669],[103.32014160155941,16.604025065104608],[103.32182481553505,16.604892035590765],[103.32180013020528,16.606098904080355],[103.3149498155353,16.607302788628672],[103.3137415907087,16.607925075955322],[103.31376383463262,16.609009060330123],[103.31322808159419,16.610048828125272],[103.30986029730619,16.611254069010855],[103.30846706813921,16.610309787326713],[103.30597249348662,16.611253797743217],[103.30479302300037,16.610850151910014],[103.30375271267084,16.611692708333763],[103.30589680989297,16.612733018663462],[103.3085834418371,16.61208604600712],[103.31044325086506,16.613497178819856],[103.31253445095209,16.613454589843954],[103.31598632812214,16.61066813151065],[103.31807345919859,16.60930826822964],[103.31963080511863,16.610364040799013],[103.32220377603866,16.611006673177428],[103.32476752386859,16.610954318576873],[103.32572455511857,16.6124140082468],[103.32569118923314,16.614053276910013],[103.32423611110815,16.616199815538366],[103.32510118272276,16.617030707465545],[103.32783148871235,16.614739040798796],[103.3299018012124,16.613752712673843],[103.33323432074351,16.61486300998297],[103.33437282985804,16.616047905816416],[103.33542995876459,16.615686306423854],[103.33717746310478,16.615721842448195],[103.3400368923582,16.617164442274813],[103.34242350260146,16.616675618489893],[103.34412245008403,16.61711100260443],[103.34578342013575,16.617966579861303],[103.34624728732334,16.62052788628496],[103.34456570095207,16.622744140625187],[103.34458631727162,16.623751085069642],[103.34512342664655,16.624302842882415],[103.34874728732345,16.62096950954897],[103.34963514539638,16.6206971571184],[103.35148518879922,16.622622884114932],[103.35210313584756,16.622913953993532],[103.35207817925041,16.621692165799104],[103.3508132595459,16.619606119792138],[103.35135742187205,16.618549533420506],[103.35528835720189,16.617843153212306],[103.36108072916377,16.61792182074666],[103.36152506510123,16.61933539496559],[103.36075819227156,16.620823838976037],[103.36430284287891,16.622086046007453],[103.36821017794855,16.622916124132274],[103.36884548610814,16.623577473958548],[103.36837348089969,16.625882703993412],[103.36877577039652,16.626269259983033],[103.37117431640323,16.62622043185793],[103.37212537977129,16.626545952691416],[103.37263617621247,16.627690700955156],[103.37169379339977,16.631367187500672],[103.36999782985819,16.630932617187867],[103.36396240234077,16.630690375434185],[103.36179741753173,16.62957492404533],[103.36110270181993,16.629589301215546],[103.36058268228876,16.63172227647631],[103.35874728732378,16.632080620660147],[103.35700059678541,16.633490397135716],[103.3543508572017,16.633436414930955],[103.35264729817405,16.634313964844054],[103.3503870985214,16.634864908854638],[103.34986382378176,16.635430501302366],[103.35118977864303,16.636073676215787],[103.35554389105616,16.635076226128902],[103.35737440320875,16.63570258246547],[103.35874728732378,16.635789659288648],[103.3570583767333,16.639068196614986],[103.3558376736083,16.640240885417228],[103.35367350260108,16.641659613715618],[103.35294243706292,16.643167046441206],[103.35208062065661,16.644302842882183],[103.35180826822634,16.644988878038333],[103.35260389539658,16.646247287326574],[103.35537841796608,16.643854166666983],[103.35598931206314,16.642595214843922],[103.3586471896671,16.640041775174083],[103.36000705294859,16.63938205295173],[103.36128200954576,16.63743706597269],[103.36271755642079,16.63697129991337],[103.3649197048583,16.63519368489615],[103.36774793836494,16.63486382378518],[103.36846950954546,16.636193305122035],[103.36588487412885,16.639421929253814],[103.36625840928505,16.64014729817758],[103.36891167534444,16.640145128038483],[103.3701692708307,16.640997450087156],[103.37145589192417,16.64296006944477],[103.37092719183752,16.645023057726036],[103.37254421657681,16.647026095920367],[103.37374728732348,16.646328125000466],[103.37256917317396,16.64477593315999],[103.37305013020548,16.643371039496984],[103.37468044704585,16.642301974826765],[103.3757386610213,16.6394542100696],[103.37784478081304,16.638073187934467],[103.37884955511859,16.636387803819886],[103.38031060112544,16.637496202257367],[103.38168240017055,16.637026638455296],[103.38208062065681,16.634580620659875],[103.38331190320892,16.63305528428853],[103.38465142143812,16.632620442708543],[103.38623725043115,16.632652723524615],[103.38680284287912,16.63224989149333],[103.38538601345184,16.630382758246995],[103.383525390622,16.629162868923927],[103.38206542968467,16.626153700086974],[103.38210394964986,16.624269476996716],[103.38331325954564,16.623107638889124],[103.38435736761872,16.62264160156289],[103.38691704643813,16.62329779730942],[103.3876361762124,16.622870551215627],[103.38661295572646,16.620884331597523],[103.39063286675062,16.61745985243097],[103.3915470377573,16.61793077256995],[103.39210232204593,16.619075249566237],[103.39208034938932,16.620141601562807],[103.3928366427921,16.62124728732681],[103.39395480685474,16.61954155816001],[103.3944897460909,16.61789306640651],[103.39694498697602,16.615862087673847],[103.3984982638859,16.61626030816022],[103.39921495225408,16.617006022135854],[103.39873860676792,16.61793050130231],[103.39711263020538,16.617897406684335],[103.39647406683744,16.618226453993387],[103.39681884765352,16.61990912543459],[103.39679090711516,16.621273328993325],[103.3950773111952,16.622396918403282],[103.3932033962644,16.62434733072942],[103.39383490668106,16.62557318793459],[103.39622450086509,16.625083821614936],[103.40156060112562,16.62603922526101],[103.4022485351534,16.628159450955224],[103.4017933485213,16.62904324001768],[103.40265299478861,16.629869249132398],[103.40355116102117,16.62985107421909],[103.40488091362576,16.626497667101134],[103.4087974717851,16.624286566840738],[103.41035183376451,16.62431830512172],[103.4121031358479,16.625647515191375],[103.41496934678545,16.626206868490087],[103.41648898654225,16.625423990885736],[103.41929036458046,16.624633789062912],[103.42100857204579,16.625937771267886],[103.42211914062224,16.624243977864836],[103.42328287760111,16.623125813802517],[103.42548068576085,16.623878038194803],[103.42655273437188,16.624605034722762],[103.42652370876445,16.626036512587092],[103.42452826605589,16.62682345920163],[103.42403049044847,16.627390950521175],[103.42488118489288,16.62820827908031],[103.42758165147282,16.62821316189296],[103.42934190537929,16.629548882378828],[103.43102620442434,16.62701036241357],[103.43267171223701,16.626252712673903],[103.43319173176783,16.627407226562838],[103.43223714192428,16.629260525173947],[103.43414740668086,16.630013834635875],[103.43541612412932,16.630976833767505],[103.43599745008399,16.630677354601062],[103.43594889322642,16.628307020399617],[103.43712619357339,16.626755642361317],[103.43846950954557,16.626835394965568],[103.43763102213236,16.628497178819742],[103.4376429578966,16.629093153212153],[103.4387730577229,16.631286349826695],[103.44069688584781,16.631247016059334],[103.44411404079554,16.632394205729355],[103.44461697048294,16.63445800781281],[103.44457194010127,16.636675075955296],[103.43831054687203,16.637957628038322],[103.43642957899024,16.63938476562545],[103.43593234591711,16.64294704861156],[103.43430284287902,16.642913682726032],[103.4326014539902,16.644204644097613],[103.43067274305261,16.642897135416916],[103.43000271267047,16.641516384548964],[103.42929361978864,16.641530761718997],[103.42875271267073,16.643197157118536],[103.42716986761869,16.645082736545433],[103.42874728732332,16.647375217014186],[103.42769070095179,16.64735378689268],[103.42603325737556,16.64511773003497],[103.42442437065685,16.645132921007274],[103.42211100260104,16.643265245226033],[103.42387830945901,16.640657823351006],[103.42346381293103,16.63985270182333],[103.42073187933718,16.639842122396217],[103.41930582681996,16.64042046440997],[103.41834879556998,16.640092773438013],[103.41764160155961,16.637913682726136],[103.41681749131655,16.63793050130245],[103.41567491319157,16.637063802083745],[103.41571261935488,16.635221625434298],[103.41391221787879,16.632991265191308],[103.4125303819416,16.632320692274646],[103.4098592122364,16.632375217014484],[103.40541937933759,16.63653049045182],[103.40443739149012,16.63700683593781],[103.40325629339995,16.63880859375027],[103.40124620225404,16.637074924045763],[103.40048312716746,16.637090386284896],[103.40154134114303,16.63988715277813],[103.40151855468454,16.64100884331637],[103.39937825520533,16.640965169271098],[103.39736219617791,16.639435492621928],[103.39631374782684,16.639975585937776],[103.39767225477127,16.641979709201834],[103.39763590494519,16.643761121962243],[103.39485568576092,16.64443901909773],[103.39275092230608,16.64728244357663],[103.39230278862536,16.64866346571212],[103.39270155164647,16.64930284288218],[103.39488661023998,16.64702826605938],[103.39723714192402,16.647509765625188],[103.39962863497979,16.646691351997035],[103.40139594183725,16.648032497830087],[103.40346516926783,16.646295301649587],[103.40597222221928,16.6468088107641],[103.40758436414617,16.646478678385776],[103.40944580077829,16.647437608507317],[103.41013617621243,16.648414713542238],[103.40722656249724,16.651672634549072],[103.40539713541355,16.65237548828162],[103.40544623480619,16.654785427517623],[103.40506944444186,16.655886501736617],[103.40258897569154,16.66085693359409],[103.40208604600403,16.66291937934055],[103.40068739149015,16.664652235243224],[103.40069769964984,16.665152994791896],[103.40163601345174,16.665133734809316],[103.40433620876425,16.662323676215493],[103.40599772135116,16.659274902344094],[103.40765218098673,16.65930853949689],[103.40933946397277,16.65755262586852],[103.4120144314206,16.656900499132263],[103.41294731987537,16.657381184896266],[103.41290907117744,16.659254557291874],[103.4112201605873,16.661597493490078],[103.41124213324392,16.664832085503875],[103.40930284287899,16.667080620660244],[103.4085820855004,16.668566080729505],[103.40763617621238,16.66902506510482],[103.40533745659442,16.671007486979647],[103.40263671874729,16.670952419705173],[103.400571560327,16.672016059027925],[103.39708062065668,16.672635904948123],[103.39664198133389,16.674435763889292],[103.395253906247,16.676483289930815],[103.39341552734103,16.67585394965296],[103.39263047959795,16.676258409288522],[103.39248209635142,16.677636176215557],[103.3912445746499,16.676797146267916],[103.39063015407689,16.676809624566488],[103.38973958333023,16.67906792534744],[103.38735351562227,16.679019097222422],[103.38591796874701,16.67975857204904],[103.38443549261868,16.679251302083813],[103.38347493489297,16.679624023437853],[103.38640407985812,16.682561306423935],[103.3893367512994,16.68180908203165],[103.3911667209172,16.682751736111697],[103.39180284287895,16.683949652778082],[103.39008843315676,16.68620903862886],[103.38563639322635,16.68716227213592],[103.38453884548292,16.68678656684078],[103.38343451605598,16.68680908203173],[103.38026475694167,16.68809488932331],[103.37727294921584,16.687342936198377],[103.37620171440685,16.687364908854605],[103.3728705512124,16.689025065104502],[103.37055555555267,16.687832573785215],[103.36872504340008,16.68875786675386],[103.36792209201096,16.688741590712013],[103.36706949869475,16.689319661458654],[103.36708713107359,16.690180664062808],[103.36873806423338,16.691766764323532],[103.37042100694148,16.69040825737882],[103.37203884548322,16.690397677951708],[103.3729985894071,16.69072618272611],[103.37538682725395,16.690377332899843],[103.37681749131647,16.689291720920593],[103.37781277126433,16.689312065972643],[103.38101291232331,16.690413953993286],[103.38275444878175,16.689817708333692],[103.3857858615423,16.690438639323332],[103.38624728732353,16.691733669705386],[103.38401204426802,16.69655300564264],[103.3823744032089,16.696519639757383],[103.3814363606742,16.69684054904532],[103.3784114583303,16.69677870008728],[103.37595947265342,16.698265787760732],[103.37597547742766,16.699041883680792],[103.37716389973653,16.69901774088582],[103.37938368055259,16.6984486219621],[103.38366644964972,16.698743218316352],[103.38819173176799,16.69458062066009],[103.38922661675068,16.693901909722783],[103.39125813801789,16.69459743923649],[103.3923478190076,16.694575195312908],[103.39338975694139,16.694931640625185],[103.39402506510154,16.694426540799142],[103.39208604600398,16.691279025607983],[103.39432671440662,16.688731825087345],[103.3957790798581,16.686422526041937],[103.3968131510388,16.68207194010465],[103.39958604600426,16.681530490451806],[103.40102294921556,16.68094780815987],[103.40353515624705,16.680999077691425],[103.40402506510114,16.68155761718768],[103.40262424044855,16.684277072482942],[103.40264512803529,16.685304361979618],[103.40541937933759,16.685691731771144],[103.40703504774004,16.686346842448316],[103.40735839843458,16.685751139323273],[103.40596923827829,16.684030490451704],[103.40598117404218,16.683447265625233],[103.4076863606742,16.682619900173876],[103.40978162977135,16.682662760416875],[103.41165934244506,16.68218153211852],[103.41266330294823,16.68065049913217],[103.41349690754933,16.679863823785084],[103.41525851779195,16.681057942708733],[103.41688503688934,16.680219997830278],[103.42011583116047,16.681030815972676],[103.42096950954559,16.681638997396206],[103.41944525824354,16.68364800347237],[103.41651394313939,16.684872504340717],[103.41654730902499,16.686506076389293],[103.41540771484065,16.688187120225948],[103.41591552734067,16.689025065104502],[103.4178379991292,16.687473144531737],[103.4193101670979,16.68699544270875],[103.4214664713513,16.685533854167005],[103.42394856770542,16.685049099392543],[103.42506998697607,16.684471571180808],[103.42541395398999,16.6823583984377],[103.4260020616289,16.681530490451806],[103.42712375216709,16.682108289930824],[103.42780897352142,16.682821723090484],[103.42733127169848,16.684686143663527],[103.42739095051789,16.685691731771144],[103.42977973089975,16.684460991753696],[103.43014919704578,16.682569715712404],[103.43130181206308,16.681530490451806],[103.43408718532683,16.682244466146187],[103.43508897569157,16.682760416667165],[103.43420844183728,16.68446967230952],[103.42876763237555,16.689794921875276],[103.42847493489305,16.690697157118237],[103.42762885199355,16.691812337239995],[103.42892985025762,16.693062065972683],[103.42841959635129,16.695053168403078],[103.42877983940676,16.69569173177122],[103.43000813801822,16.695058865017728],[103.43127495659448,16.695711534288435],[103.43351372612548,16.698795301649554],[103.43345404730601,16.701720920139238],[103.43206515841732,16.703770073785208],[103.43211317274032,16.704580620660067],[103.43384277343452,16.70368950737887],[103.43431043836515,16.701771647135885],[103.4351361762123,16.70016845703148],[103.43541395398987,16.698784993490065],[103.43155544704561,16.693832465278007],[103.43068684895516,16.692042100694835],[103.43069824218449,16.691474880642573],[103.4327734374971,16.689481336805898],[103.43457275390332,16.688301595052366],[103.43680935329567,16.687865125868555],[103.44007595485826,16.68488688151102],[103.44138509114296,16.682681477864918],[103.44334988063932,16.682043999566318],[103.44375759548305,16.680371636285315],[103.44631483289638,16.674461263021342],[103.44793077256654,16.672908528646317],[103.44924994574367,16.672935384115092],[103.44985839843477,16.67641493055585],[103.44896077473655,16.678627929687792],[103.44961859808754,16.67994222005261],[103.44957953558722,16.68184733072937],[103.44790771484074,16.68345350477452],[103.44792616102157,16.68436035156303],[103.44646674261847,16.687193739149535],[103.44793023003169,16.69045274522618],[103.44791069878201,16.69140001085097],[103.44355767143819,16.693592393663778],[103.44473632812216,16.69472493489603],[103.44679361978862,16.694020724826572],[103.44979736327835,16.694890136719096],[103.45013617621245,16.696144476996963],[103.44631130642043,16.699402669271166],[103.44739854600394,16.700447048611508],[103.45009901258399,16.700391981337035],[103.45073079426786,16.700717502170434],[103.45068847655969,16.70279785156275],[103.44900309244511,16.704885525173893],[103.4478805881046,16.70543023003492],[103.44687825520523,16.705409613715602],[103.4454120551184,16.704297146267933],[103.44484727647287,16.70430853949678],[103.44319715711535,16.70701877170184],[103.44597493489309,16.707358398438004],[103.45005425346952,16.708754611545615],[103.45101399739289,16.708735080295398],[103.45180474175052,16.707912055121696],[103.45261555989273,16.708329806857833],[103.45083767360816,16.711781141493518],[103.4495206705698,16.712358398437985],[103.4470982530353,16.709836968316225],[103.44515760633377,16.71115261501795],[103.44626681857355,16.71278889974006],[103.44623833550045,16.71417860243085],[103.4425895182263,16.715534396701656],[103.4396432834171,16.715103895399494],[103.43679144964997,16.71598063151059],[103.43680881076088,16.716819661458686],[103.43983452690676,16.716757812500376],[103.44460367838244,16.717454698350906],[103.44513617621217,16.718394097222486],[103.44234700520533,16.71931396484412],[103.44236436631664,16.72015869140651],[103.44379828558735,16.720142686632116],[103.44594319661175,16.7212475585943],[103.4480186631915,16.721652832031594],[103.4500621202225,16.72336832682315],[103.44934380425062,16.724762098524764],[103.4481426323753,16.725151909722484],[103.44683430989281,16.725125325521248],[103.44505262586509,16.725735134548955],[103.44026475694139,16.725740017361332],[103.43930826822637,16.726279839409997],[103.4401763237818,16.72711371527835],[103.44353895399004,16.72708740234404],[103.44796196831302,16.728479817708646],[103.44981065537914,16.728442111545647],[103.45042507595204,16.728758409288673],[103.45041286892067,16.729354383680814],[103.44675238714998,16.729865451389145],[103.44147894964996,16.735180392795698],[103.43895616319159,16.735128851996947],[103.43514133029205,16.734024793837207],[103.43323296440698,16.734014485677378],[103.42890245225405,16.734654134114876],[103.42713080511848,16.735855034722547],[103.42440456813935,16.73686821831619],[103.42213324652536,16.738038194444798],[103.42276041666386,16.739255642361314],[103.424636230466,16.738289388021315],[103.42763644747967,16.73763590494832],[103.42807834201116,16.737645128038352],[103.42970404730599,16.73874701605935],[103.4329823133651,16.737328830295596],[103.43874403211507,16.737674967448314],[103.43818983289614,16.738750542535172],[103.43961398654201,16.740447048611514],[103.43957980685488,16.74211452908041],[103.43898057725389,16.74327799479201],[103.43790825737548,16.744308268229773],[103.43792344834779,16.745052625868226],[103.43989881727114,16.744376627604552],[103.44180582682029,16.745977647569774],[103.44235839843444,16.74537055121553],[103.44124131944173,16.743202039930765],[103.44126003688942,16.74228054470521],[103.44185682508393,16.73995225694493],[103.44669704860794,16.736239149305973],[103.4474028862816,16.736253797743288],[103.449232313365,16.738158094618584],[103.44978705511872,16.739858398438102],[103.45071397569134,16.736759711371874],[103.45175374348653,16.735760633680982],[103.45324028862578,16.7362695312504],[103.454327528209,16.73735839843785],[103.45602050780971,16.734241265191116],[103.45959988063956,16.734314507378897],[103.46047987195877,16.736086968316485],[103.46131998697635,16.735654025608127],[103.4612402343719,16.73174587673641],[103.45974012586507,16.72836588541705],[103.46042697482338,16.727352701823307],[103.46110649956304,16.72736680772597],[103.46329047308743,16.731391330295395],[103.46711778428525,16.735259602865128],[103.46706380208039,16.73789496527796],[103.46765299478872,16.738763834635748],[103.46905843098662,16.738753526476003],[103.46988037109097,16.73960910373323],[103.46985731336528,16.740736219618654],[103.46683268228864,16.743750000000432],[103.464014214407,16.744056260850897],[103.46403211805264,16.74493787977454],[103.46721272786161,16.746119791666985],[103.4694444444414,16.74566270616367],[103.4711466471326,16.74601128472257],[103.47237141926811,16.748202853732934],[103.47319254557024,16.748186035156536],[103.47346950954577,16.748518337674213],[103.47245090060491,16.75049587673668],[103.47208604600397,16.752363823785274],[103.4712253146673,16.754353298611477],[103.4687193467852,16.754302029080108],[103.46637125650736,16.751858181423955],[103.4656697591117,16.751530490451813],[103.46392035589977,16.75271647135473],[103.46432264539655,16.753497178819885],[103.46614447699383,16.7546915690109],[103.46654595268816,16.7563381618925],[103.4664919704833,16.758981662326704],[103.46733154296558,16.760220540364898],[103.46679144965,16.761269259983166],[103.46463270399002,16.762316623264425],[103.4642605251706,16.764602322048887],[103.46312445746233,16.76457899305592],[103.46236382378166,16.76544650607663],[103.46298665364284,16.766655815972584],[103.46683024088273,16.765974934896093],[103.46865044487569,16.76720893012191],[103.46778157551788,16.769351128472707],[103.46333523220196,16.77440565321227],[103.46236382378166,16.773747287326643],[103.46057481553524,16.77304172092036],[103.45929714626433,16.772072211371807],[103.45932535807,16.77069715711859],[103.45735324435483,16.7687247721356],[103.45736545138604,16.768126627604545],[103.45964572482333,16.766773003472466],[103.46013617621216,16.76622802734424],[103.45844916449366,16.765409613715732],[103.457908528643,16.764847005208836],[103.4579199218721,16.764280056424028],[103.45904730902473,16.762617187500226],[103.45902452256647,16.761505533854645],[103.45680799695899,16.76041368272594],[103.45522108289632,16.76044623480955],[103.45286078558709,16.75846489800381],[103.45234700520538,16.75847547743102],[103.45236490885142,16.759349229600915],[103.45303493923316,16.761306694878968],[103.4525507269939,16.762246093750278],[103.45009277343453,16.76263617621572],[103.44846408419843,16.761797146267796],[103.44761393228876,16.761814507379015],[103.44654568142053,16.762926432292048],[103.44467827690667,16.762287326389355],[103.44403049044845,16.762757975260698],[103.44708143445902,16.764864637587067],[103.44937093098676,16.76458740234395],[103.45321940103864,16.766827256944765],[103.45318929036173,16.768308919271107],[103.45178304036156,16.770162217882486],[103.44875542534456,16.77168077257008],[103.44657307942416,16.770024685330284],[103.4454025607611,16.770425075955217],[103.44540527343489,16.772224663628847],[103.44457519530945,16.771797146267872],[103.44401936848689,16.771808539497073],[103.44403130425044,16.772392306858194],[103.44484809027475,16.77397813585111],[103.44150119357366,16.774302842882236],[103.4381746419244,16.772363823785042],[103.43820366753167,16.77378146701416],[103.43989284938951,16.776007758247033],[103.440691731768,16.777668728298934],[103.43970703124702,16.778614637587168],[103.4358517795109,16.77784233940993],[103.43431369357333,16.776241319444622],[103.43373019747978,16.776253255208914],[103.43374701605595,16.778480631510803],[103.43312906900749,16.77846815321223],[103.42958279079542,16.776674533420604],[103.42875271267073,16.777054307725933],[103.43100043402481,16.77960937500032],[103.43215304904211,16.780168728299103],[103.43490478515363,16.780142686632246],[103.43702012803564,16.78086669921919],[103.43821370442404,16.78210910373295],[103.43819064669864,16.783238118489834],[103.43760579426814,16.784947374132102],[103.43569173176817,16.785413953993242],[103.43458604600389,16.786252712673885],[103.43220431857353,16.786525065104726],[103.42910074869499,16.784421115451906],[103.42791937933728,16.783191731771282],[103.42674506293102,16.78242160373304],[103.42501573350378,16.77998291015672],[103.42199869791384,16.779003906250153],[103.4206803385388,16.779031032986566],[103.42069742838251,16.779874945746684],[103.42281928168123,16.780934787326785],[103.42346950954553,16.782962782118446],[103.42253092447638,16.784784613715573],[103.42474012586538,16.786907280816337],[103.42848849826109,16.78860107421903],[103.42930284287903,16.789907226562903],[103.42840006510127,16.791659613715538],[103.42597629122989,16.79244628906271],[103.42315266926786,16.79180935329903],[103.42180284287915,16.793214246962393],[103.4206713867159,16.79319118923661],[103.41890407985815,16.793796115451784],[103.41932264539648,16.79460828993082],[103.42097493489271,16.795691731771342],[103.42124728732361,16.796851671007104],[103.42034912109094,16.798595377604528],[103.41857394747964,16.799171278212185],[103.41443033853878,16.8036138237852],[103.41306694878196,16.803146972656506],[103.41264160155961,16.801742892795588],[103.41360270182,16.798935546875413],[103.41272677951079,16.79764350043429],[103.41234809027483,16.796475965712062],[103.4123516167505,16.793147243923798],[103.41122422959788,16.79206407335137],[103.40999484591705,16.79208902994843],[103.4068622504312,16.790298394097803],[103.40534722221915,16.79081705729189],[103.40246093749712,16.792750922309338],[103.40293674044855,16.793208279080105],[103.40378119574368,16.793190917968985],[103.40632893879891,16.792086046007412],[103.41051893445868,16.794207899305903],[103.41096950954582,16.795851236979672],[103.40950330945876,16.7983680555557],[103.40820800780935,16.801651746962406],[103.40786946614267,16.804767523871675],[103.40699761284421,16.805136176215527],[103.40458604600386,16.803747016059205],[103.40239935980597,16.804391276042082],[103.40429796006654,16.80621554904549],[103.40469319661199,16.807433539496827],[103.40422661675055,16.80833930121561],[103.39710313584791,16.8053111436637],[103.3954066297712,16.805891927083636],[103.3954196506048,16.80653889973989],[103.39884223089987,16.807491319444765],[103.40044433593468,16.810450846354627],[103.4030395507784,16.811738281250285],[103.40559841579588,16.812154947916966],[103.40618435329563,16.81336263020866],[103.40541232638591,16.8148611111113],[103.40580620659446,16.81562554253506],[103.40822998046579,16.81601996527806],[103.40900499131638,16.817617458767728],[103.40970947265347,16.818469509549217],[103.41013916015336,16.81539143880258],[103.41083062065687,16.814049479167167],[103.41283718532722,16.815572102864778],[103.41412326388595,16.816910807291904],[103.41365749782685,16.8191845703128],[103.41260715060449,16.82073459201419],[103.41120307074337,16.82355495876793],[103.40997151692412,16.82313340928843],[103.40666286892062,16.824458007812808],[103.40455457899,16.823736436632217],[103.40356146918103,16.823756781684438],[103.40442409938933,16.825029025607805],[103.40683539496231,16.825980088976138],[103.4076464843723,16.825963541667008],[103.40893066405951,16.82662489149365],[103.41156656900742,16.8273684353302],[103.41294433593472,16.82807807074684],[103.41374728732345,16.829090440538394],[103.41263617621215,16.83124728732686],[103.4123163519935,16.83353705512205],[103.40923339843474,16.83490261501761],[103.40863661024,16.837958713107852],[103.40774956596951,16.839267306858105],[103.40841335720208,16.840555555555866],[103.40699625650777,16.84375189887193],[103.40818793402494,16.847690429687987],[103.40760308159437,16.849399414062802],[103.40504855685472,16.8485251193579],[103.40206814235805,16.84903374566032],[103.40111653645525,16.85099500868084],[103.3996015082437,16.850964084201948],[103.3984714084173,16.851253797743553],[103.39787543402488,16.850946723090914],[103.39678846570891,16.84870632595519],[103.39595214843447,16.847902832031707],[103.3948320855005,16.847925889757207],[103.393059624563,16.850629069010623],[103.39179714626428,16.85124159071208],[103.39117051866018,16.851893988715602],[103.38958604600398,16.85069173177139],[103.38816948784407,16.850004340278232],[103.38734727647252,16.850428059896117],[103.38736707899031,16.851400010851037],[103.38857123480605,16.85198432074688],[103.38965332030969,16.85415581597256],[103.3929603407087,16.853476019965427],[103.39656168619499,16.854588216146098],[103.39894639756645,16.855816786024633],[103.3993611653614,16.857940538195024],[103.40153049044872,16.858469509549124],[103.40252766926798,16.85898328993092],[103.40384358723671,16.860990125868256],[103.40486355251451,16.86096923828167],[103.4062676323758,16.86153889973994],[103.40701361761862,16.86307644314276],[103.4061165364553,16.864817708333632],[103.40686821831306,16.86541395399341],[103.40932562933742,16.86290283203158],[103.41016113280986,16.86291992187526],[103.41110161675053,16.86485866970517],[103.40846462673309,16.870980631510932],[103.4078683810732,16.870968424479457],[103.40624186197627,16.870130479601173],[103.40562662760121,16.870143229167198],[103.40343532985841,16.873834364149673],[103.40111762152506,16.876061469184194],[103.40189941405939,16.877214898003842],[103.40319715711527,16.877636176215802],[103.40430284287916,16.878693305121914],[103.40275092230624,16.880615776909977],[103.40236382378183,16.881808268229534],[103.40122070312182,16.883224555121743],[103.3992594401013,16.884858398437586],[103.39760877820888,16.88400797526073],[103.39637613931976,16.881467556423928],[103.39460367838231,16.88089246961846],[103.3923985460041,16.877529025608126],[103.39208604600398,16.876247287326848],[103.39116156683716,16.87514160156283],[103.3887361653614,16.87709960937542],[103.38875488280965,16.87801947699697],[103.39030273437228,16.878521592882365],[103.38975504557007,16.881195746528363],[103.38877902560486,16.881525065104498],[103.38625027126434,16.879300672743256],[103.38541937933755,16.87990180121551],[103.38604600694148,16.881732855903195],[103.38746934678514,16.883608669705183],[103.38875271267099,16.884025065104666],[103.39216742621224,16.887028808594167],[103.39486382378155,16.887358398438025],[103.39591417100436,16.888070203993408],[103.39372531466731,16.89319173177111],[103.39146918402471,16.891781141493283],[103.38908772786189,16.891829969618385],[103.3875933159695,16.891318359375234],[103.38664116753196,16.893280978733017],[103.38748046874727,16.89573296441027],[103.38600287543127,16.89768039279531],[103.38514160155952,16.899863823785097],[103.38392198350417,16.901663411458642],[103.37898166232347,16.90374728732678],[103.37726616753193,16.902863498264225],[103.37802354600379,16.90099609375035],[103.37735351562193,16.898704427083786],[103.37598144530935,16.897386338976062],[103.37375271267078,16.899308268229404],[103.3723198784696,16.900158962673984],[103.36831922742752,16.903609483507225],[103.36752685546614,16.906050889757367],[103.36622531466733,16.90766330295189],[103.36508029513615,16.908218858507126],[103.36345567491017,16.908185492622053],[103.36224392360819,16.90568820529562],[103.36156684027489,16.905702039931],[103.36228678385103,16.90992350260447],[103.36012234157701,16.91293321397616],[103.35561713324356,16.914323730469036],[103.35431098089967,16.914297146267884],[103.3534505208302,16.914880642361382],[103.35062961154208,16.919427897135705],[103.34892550997981,16.919980740017834],[103.34720187716718,16.919539116753924],[103.3453648545977,16.920151909722833],[103.34368435329557,16.9201177300353],[103.34264160155973,16.919580620660014],[103.34095838758387,16.919308268229457],[103.34037977430276,16.920501030816368],[103.33898464626449,16.921841634114784],[103.33435845268812,16.921786838108304],[103.33097167968467,16.922364366319783],[103.32963650173306,16.92202229817734],[103.32878417968467,16.922909613715817],[103.32702067057008,16.92346950954888],[103.32417426214985,16.922886555990132],[103.32012803819165,16.923630913628855],[103.31770616319127,16.92238308376764],[103.31736382378173,16.92093153211853],[103.3186962890596,16.91612141927139],[103.31807291666374,16.914911024305894],[103.31705268011845,16.91543674045198],[103.3168400065073,16.920851779514365],[103.31651638454551,16.922114257812808],[103.31402560763584,16.922086317274562],[103.3101361762123,16.9215304904516],[103.308079698348,16.92093532986145],[103.30647976345168,16.92126329210086],[103.29898518879921,16.921518283420752],[103.29786919487557,16.920943467882196],[103.29790825737544,16.91764702690992],[103.29861111110822,16.915388183594146],[103.29798746744498,16.913752712673855],[103.29558403862566,16.91521023220524],[103.29611952039633,16.916250000000304],[103.29568603515324,16.91709147135458],[103.29628065320892,16.917663031684313],[103.29626898871223,16.920927734375525],[103.29593207464993,16.921912163629017],[103.29286702473686,16.92241129557341],[103.29105170355606,16.92203938802119],[103.28588568793103,16.924066840278115],[103.28379503037908,16.926242947048905],[103.28259819878176,16.926525065104656],[103.28082112629889,16.925916883680856],[103.28014160155968,16.926193305121885],[103.28156331379924,16.927954644097625],[103.28377875433719,16.92902940538248],[103.28541395399023,16.930713433160335],[103.28469346787912,16.93140543619822],[103.28336263020535,16.931837565104658],[103.28132514105639,16.931490071614945],[103.27873372395558,16.933769531250306],[103.27700466579583,16.933734266493403],[103.27538791232328,16.933180881076808],[103.27437310112575,16.933201497396297],[103.27599365234093,16.93576388888907],[103.27791395398995,16.937679578993396],[103.27650390624714,16.939034288194833],[103.27554334852132,16.941014268663565],[103.27350721570875,16.942223036024714],[103.27048990885149,16.942714029948178],[103.26862630208021,16.942332356771203],[103.26533582898995,16.942356499566344],[103.26403049044839,16.940098198785122],[103.26467881944146,16.938204481337024],[103.26204074435455,16.93566975911496],[103.26028401692409,16.935705566406753],[103.25875271267077,16.936279839410048],[103.2606575520804,16.938110080295374],[103.26099121093458,16.938797471788433],[103.26096842447615,16.939902886284997],[103.2597951931393,16.941030002170336],[103.25725151909413,16.940393337674095],[103.25350151909444,16.94043592664964],[103.2529166666636,16.940134548611482],[103.25233615451103,16.940433756510828],[103.25094021267077,16.942562934028317],[103.2495046657958,16.943028700087012],[103.24676052517086,16.945243869358137],[103.24629900776219,16.946665816327553],[103.245824838755,16.946809503905484],[103.24546224148892,16.94862249023508],[103.24364925515962,16.950435476564493],[103.24038587976642,16.952067164261194],[103.23657860847433,16.95134196972947],[103.23113964948553,16.94699080253865],[103.22860146862413,16.944090024411437],[103.22479419733193,16.943546128512367],[103.22261861373678,16.94572171210804],[103.21863004381149,16.945177816208883],[103.20974641079695,16.94662820527276],[103.2068456326696,16.950072879298858],[103.20775212583439,16.95134196972947],[103.20920251489801,16.959319109579397],[103.20883991763216,16.959863005478297],[103.20575784087194,16.959500408212477],[103.20321966001094,16.956599630085094],[103.19886849281946,16.954424046489592],[103.19687420785706,16.956780928717905],[103.19741810375595,16.960044304111108],[103.19651161059144,16.96638975626452],[103.1945173256291,16.966933652163775],[103.19034745707094,16.969471833024997],[103.18907836664013,16.9743668961148],[103.19705550649022,16.97382300021573],[103.19959368735127,16.972916507051025],[103.20902121626526,16.970922222088788],[103.21572926568447,16.970559624822528],[103.21971783560937,16.970015728923713],[103.22515679459818,16.968202742594116],[103.229870559055,16.967296249429324],[103.23349653171411,16.966933652163775],[103.23947938660146,16.965483263099898],[103.24818172098324,16.964395471302282],[103.25561496493461,16.962219887706695],[103.25960353485917,16.960044304111108]],[[103.41346950954582,16.82513617621558],[103.41456407334763,16.82293077256982],[103.41653049044871,16.82236382378511],[103.41798990885135,16.82125651041717],[103.42111111110816,16.821111111111335],[103.42164442274029,16.82199055989642],[103.4210777452229,16.8237367078995],[103.41962158202838,16.82274956597263],[103.41634847004937,16.824082302517667],[103.41322428385112,16.825691731771357],[103.41346950954582,16.82513617621558]],[[103.43495713975412,16.787627495660004],[103.43638888888617,16.787500000000378],[103.43697889539638,16.78839301215332],[103.43663194444164,16.7899408637158],[103.4354777018199,16.789456108941422],[103.43477511935455,16.788438856337137],[103.43495713975412,16.787627495660004]],[[103.43578450520536,16.67317437066005],[103.43510579426803,16.673201226128924],[103.43301052517054,16.672092556423905],[103.4323776584175,16.672067599826576],[103.43206705728866,16.672654079861246],[103.43346164279208,16.67528971354207],[103.43349962022293,16.676243489583584],[103.43246663411159,16.676284450955123],[103.42930338541387,16.675655924479457],[103.42726752386844,16.67194769965323],[103.42486192491029,16.671243489583603],[103.42299831813952,16.671633300781494],[103.42235568576129,16.670699869792102],[103.42207926431999,16.66925075954893],[103.4199018012122,16.667233072917114],[103.42126491970183,16.666511773003805],[103.42204589843467,16.666542697483138],[103.425031467011,16.663865017361417],[103.4258333333303,16.663611111111706],[103.42652072482358,16.664268391927337],[103.42656304253174,16.665336100260646],[103.42571017794833,16.667769911024592],[103.42668185763588,16.668284233941648],[103.42795084635114,16.667612847222443],[103.42952962239323,16.66767523871549],[103.42993923610808,16.6655303276914],[103.43096082899021,16.6649899631081],[103.43102376301815,16.66657769097266],[103.42986653645559,16.66939507378531],[103.43086425780982,16.669966634114772],[103.43442681206304,16.666817220052252],[103.43539415147276,16.666778971354532],[103.43665879991025,16.667748752170453],[103.43840793185487,16.66654513888932],[103.4403578016464,16.666205783420438],[103.44124457464991,16.6670274522575],[103.44064643011879,16.66800944010454],[103.4384811740425,16.669499511718897],[103.43683783636871,16.6700198025177],[103.43683159721925,16.672044270833894],[103.43578450520536,16.67317437066005]],[[103.40823215060485,16.63591552734418],[103.40972222221947,16.634722222222706],[103.41056749131653,16.635454372830324],[103.41038058810457,16.636956651476154],[103.40892035589982,16.636774902344058],[103.40823215060485,16.63591552734418]],[[103.41838731553517,16.621217447917118],[103.41737141926777,16.62015923394121],[103.41861111110816,16.619444444444724],[103.42256564669864,16.62094211154563],[103.42290635850398,16.62215549045179],[103.42104682074356,16.622906358507166],[103.41838731553517,16.621217447917118]],[[103.42334960937197,16.619597439236586],[103.42348985459753,16.618470323351062],[103.42509548610823,16.61656032986147],[103.42666666666392,16.61611111111145],[103.42724392360813,16.61662868923652],[103.42891899956291,16.61656602647595],[103.42977403428509,16.61763373480933],[103.42910590277464,16.618770616319864],[103.42737928602142,16.620152994791738],[103.4256176757784,16.620895453559356],[103.42487657334763,16.621821017795284],[103.4241625976534,16.622067871094245],[103.42334960937197,16.619597439236586]],[[103.40666286892062,16.619055447049007],[103.40613552517081,16.62033908420166],[103.40550564235812,16.62079047309051],[103.40460611978861,16.620203450521018],[103.4052943250837,16.6191197374135],[103.4049834526883,16.617546929253976],[103.40548231336518,16.61676106770871],[103.40666666666382,16.61611111111145],[103.40705702039659,16.61706081814269],[103.40666286892062,16.619055447049007]],[[103.57449896918112,16.757211642795397],[103.57286756727152,16.756720648871834],[103.57293131510139,16.755927463107838],[103.57416666666379,16.755555555555787],[103.57633951822655,16.757943793402916],[103.57679524739305,16.759132758247105],[103.57621663411166,16.76016981336825],[103.57562201605626,16.76012179904542],[103.5749945746501,16.759393717448106],[103.57449896918112,16.757211642795397]],[[103.53510633680244,16.766234537760894],[103.53218017577822,16.76651991102476],[103.53181342230599,16.764626736111296],[103.53472222221936,16.764444444445004],[103.53588297525758,16.76554063585101],[103.53510633680244,16.766234537760894]]]]},"properties":{"id":"350"}}]}