{"type":"FeatureCollection","features":[{"type":"Feature","geometry":{"type":"MultiPolygon","coordinates":[[[[102.14302702927094,18.959414334378963],[102.14383860112915,18.958942725783132],[102.1473389662244,18.958942731038135],[102.14787849367437,18.95867521526185],[102.14815048281847,18.958135694028286],[102.14841802378342,18.95786815615324],[102.14922963559869,18.957868151607983],[102.1494971792047,18.958403192044912],[102.15003671729082,18.95867521201893],[102.15030426286424,18.958675257078355],[102.1508438049207,18.958675229832593],[102.15111580142204,18.957328585709973],[102.15111580142204,18.957056543466663],[102.1508438049207,18.956789030538147],[102.15030426286424,18.956517012459415],[102.14976472346675,18.95597749678639],[102.14976472346675,18.955170376044506],[102.15003671729082,18.95517039743335],[102.15030426286424,18.95490286200186],[102.15057625802692,18.954363259165305],[102.1508438049207,18.953823684203442],[102.1508438049207,18.95301665955438],[102.15057625802692,18.95247707949899],[102.15030426286424,18.95193752566537],[102.15003671729082,18.951665525463284],[102.14869010149224,18.950590892448446],[102.14841802378342,18.95031883145728],[102.14815048281847,18.94977933451416],[102.14815048281847,18.949244261890357],[102.14841802378342,18.94924422806905],[102.14841802378342,18.948432660190193],[102.14815048281847,18.947358005301382],[102.14761095402989,18.94635572226109],[102.1473389662244,18.945119513682826],[102.14707142789135,18.944120753069768],[102.14599229637409,18.942774112091314],[102.14572476132892,18.942506558998915],[102.14545277822177,18.94169496008338],[102.14545277822177,18.940620282691853],[102.14572476132892,18.94008080098402],[102.14599229637409,18.939808744197236],[102.14707142789135,18.939269250245232],[102.1479587729664,18.939269216793235],[102.14869010149224,18.9395412207581],[102.14895764378676,18.93954119326959],[102.14895764378676,18.939269251089797],[102.14869010149224,18.939001705102925],[102.14787849367437,18.939001664076983],[102.14707254107921,18.93900169073673],[102.1468038902141,18.93900169962322],[102.14653190442104,18.938734085625327],[102.14626428082866,18.938462081317624],[102.14599229637409,18.937922611629503],[102.14545277822177,18.936843465927637],[102.14437811133135,18.934422210781037],[102.1432990063594,18.933071087793323],[102.1432990063594,18.931456914895932],[102.1435665354758,18.930645361336374],[102.1435665354758,18.92957070921433],[102.1435665354758,18.92847916649643],[102.14410613156579,18.92795204165931],[102.14464564308881,18.92768451370175],[102.14464564308881,18.924447138050553],[102.14464564308881,18.92337250658069],[102.14464564308881,18.921486358678834],[102.14464564308881,18.92121433689036],[102.14464564308881,18.92094677319774],[102.14437811133135,18.920674757814183],[102.14383860112915,18.920407230719036],[102.1419523861949,18.919595642170137],[102.14141280072275,18.919328109792914],[102.14087330513607,18.919060569187067],[102.14033372499088,18.91852100870615],[102.13979414749585,18.917441946826116],[102.13979414749585,18.916362773447645],[102.1389870540896,18.914476644257476],[102.13844748324195,18.91366951080451],[102.13790800227983,18.912050854370563],[102.13790800227983,18.91097623761506],[102.13764039977113,18.910436649466064],[102.13736843675034,18.910164642283945],[102.13629376202672,18.910164708956742],[102.13629376202672,18.91043664004266],[102.13494269256952,18.910436644821687],[102.13440758994207,18.909897117596387],[102.1341355477347,18.908818049679766],[102.1341355477347,18.908010903847995],[102.13440758994207,18.907471400643402],[102.13467509731927,18.907199402166142],[102.13602180235645,18.907199342769303],[102.13602180235645,18.906664311540197],[102.13440758994207,18.906664258288046],[102.13198182421971,18.905852750057477],[102.1314422879303,18.905585164832388],[102.13117025310717,18.905313146986444],[102.13036313612915,18.90423856682044],[102.13036313612915,18.903966546504833],[102.13063072082414,18.90342698940148],[102.13117025310717,18.90315945705126],[102.1314422879303,18.90288743661921],[102.131709788049,18.90261990550843],[102.13198182421971,18.90154074841631],[102.13251691497126,18.900733667101363],[102.13332849608238,18.899654544989517],[102.13359600081824,18.89938701676239],[102.1341355477347,18.898847471570846],[102.13440758994207,18.898575454615127],[102.13548224613348,18.897500849753598],[102.13548224613348,18.896149709203755],[102.13575420446526,18.89534259584582],[102.13602180235645,18.8950750658133],[102.13764039977113,18.89399592926553],[102.13764039977113,18.892649356181735],[102.13736843675034,18.891570244714885],[102.1368288738797,18.891030664524664],[102.13656127401205,18.890763092334126],[102.13575420446526,18.890763121017315],[102.13548224613348,18.890491108301674],[102.13548224613348,18.890223559413386],[102.13575420446526,18.889416463204498],[102.13602180235645,18.88914448415757],[102.13629376202672,18.88914449041009],[102.13629376202672,18.88833739135343],[102.13602180235645,18.888337384490384],[102.13575420446526,18.888604904722214],[102.13548224613348,18.88887690250803],[102.1352146495627,18.88941642898787],[102.13467509731927,18.88941648206017],[102.13440758994207,18.889144441110403],[102.13440758994207,18.8883373378048],[102.13467509731927,18.887797819580655],[102.13494269256952,18.88725829672981],[102.13494269256952,18.886451198661533],[102.13494269256952,18.88563964471561],[102.13386804168712,18.883485880408188],[102.13359600081824,18.883218326058213],[102.13251691497126,18.882946307826813],[102.13251691497126,18.88213921352235],[102.13305645656968,18.88132762989609],[102.13117025310717,18.880520590676284],[102.13063072082414,18.87998097899144],[102.13036313612915,18.879441477664358],[102.13036313612915,18.878366841721203],[102.13063072082414,18.878366796338028],[102.13063072082414,18.877287706709353],[102.13036313612915,18.876748207223912],[102.13009563930731,18.876480612898902],[102.12928408219935,18.875129518423677],[102.12901650079229,18.873515300843977],[102.12820495169726,18.87243619969874],[102.12766988205604,18.870282475582002],[102.12739785662009,18.869470909634487],[102.1263187447581,18.867856748900266],[102.12497207205124,18.86597051896419],[102.12470458842549,18.865698542702063],[102.12443257037395,18.865158967964817],[102.12443257037395,18.864351893683903],[102.12443257037395,18.863812270150035],[102.12443257037395,18.863272736546648],[102.12443257037395,18.86192613466278],[102.12443257037395,18.861118978203947],[102.12443257037395,18.860579448490242],[102.12470458842549,18.860307497695388],[102.12497207205124,18.85923279476465],[102.12470458842549,18.85869328388877],[102.12470458842549,18.858153668924757],[102.12497207205124,18.85707460554478],[102.12524409145041,18.856807027685974],[102.1260512578356,18.856807028943464],[102.12685834295931,18.85707456331491],[102.12713027983929,18.857074609793912],[102.12739785662009,18.856535066416555],[102.12713027983929,18.85626746989064],[102.1263187447581,18.855995503375468],[102.12497207205124,18.85518841775766],[102.12443257037395,18.854648862909045],[102.12443257037395,18.853841722170714],[102.12362550317144,18.853841789328726],[102.1233579356252,18.85410933647414],[102.12308592093316,18.854648898482367],[102.12308592093316,18.85518842166529],[102.12281835471643,18.85545597025711],[102.12254634135414,18.855455920804758],[102.12200685166002,18.854920900544045],[102.12200685166002,18.853569773118537],[102.12173928809344,18.85276264082421],[102.12147172517362,18.852495119469452],[102.12119971517095,18.85249515458456],[102.12119971517095,18.852223075591183],[102.12147172517362,18.851955597759655],[102.12227877646691,18.851683557277156],[102.1233579356252,18.851416017273223],[102.1242439705421,18.85141599771181],[102.12497207205124,18.851683599848172],[102.12524409145041,18.85168355881318],[102.12524409145041,18.85141602994851],[102.12497207205124,18.851148452763212],[102.1241650008603,18.851148427475707],[102.1233556909149,18.85114843342481],[102.12308592093316,18.851148435407765],[102.12200685166002,18.85006939878869],[102.12173928809344,18.84979733151819],[102.12173928809344,18.84899028437512],[102.12093215358047,18.848722713199862],[102.12066014492504,18.848722744514987],[102.1203925846464,18.84899028132095],[102.12012057733821,18.84925784285734],[102.11985310559757,18.849257842866493],[102.11958109962816,18.848990252224482],[102.11931354199922,18.84764359811271],[102.11931354199922,18.84737161037016],[102.11958109962816,18.84710407696886],[102.12012057733821,18.84683652094806],[102.12066014492504,18.84683648715358],[102.1233579356252,18.846296963700908],[102.1233579356252,18.846024980009958],[102.12119971517095,18.845757424429152],[102.12093215358047,18.845757429387945],[102.12066014492504,18.84602498667539],[102.12012057733821,18.84602493010854],[102.11877398106915,18.845217850671034],[102.11877398106915,18.844945864293976],[102.1190459850263,18.844678310456132],[102.11985310559757,18.84467828173679],[102.12066014492504,18.844410727342066],[102.12119971517095,18.844138800541074],[102.12147172517362,18.843871245508367],[102.12147172517362,18.84359917301886],[102.12119971517095,18.843331675316648],[102.12093215358047,18.843331678460714],[102.12093215358047,18.843599204729315],[102.12012057733821,18.84359917194078],[102.11931354199922,18.84333166640546],[102.11877398106915,18.84279208865871],[102.11877398106915,18.842524561357067],[102.1190459850263,18.842252553806716],[102.11931354199922,18.84198502816686],[102.11958109962816,18.841445430315744],[102.1190459850263,18.841173444414736],[102.11877398106915,18.840905940603903],[102.11823442280692,18.840098834118436],[102.11823442280692,18.839559236357303],[102.11850642542564,18.839287233756764],[102.11931354199922,18.838212577223842],[102.11958109962816,18.83794060001864],[102.12066014492504,18.83794056677199],[102.12066014492504,18.838212635740064],[102.12093215358047,18.838480134978468],[102.12173928809344,18.838480199666364],[102.12254634135414,18.83821265541313],[102.12254634135414,18.8379405878824],[102.1233579356252,18.837940620958335],[102.12443257037395,18.83821265244883],[102.12497207205124,18.838480142120133],[102.12524409145041,18.838747719817377],[102.12524409145041,18.83928721668873],[102.12578368435155,18.840098829114794],[102.1260512578356,18.84036634023782],[102.1263187447581,18.840366336312073],[102.1265907675079,18.840098781818497],[102.12793737293978,18.84063390336432],[102.12847697914518,18.840633941201432],[102.12955611232437,18.840366321058852],[102.12982360782567,18.840098793856072],[102.1314422879303,18.839019741300575],[102.131709788049,18.83901972920927],[102.13198182421971,18.839287290179897],[102.13198182421971,18.840098839436408],[102.131709788049,18.84009879420627],[102.1314422879303,18.840905902236997],[102.1314422879303,18.842524554916082],[102.131709788049,18.842524540201723],[102.13198182421971,18.841985003023055],[102.13198182421971,18.841173449634027],[102.13251691497126,18.840633925534945],[102.13305645656968,18.840633864224785],[102.13332849608238,18.84090587889895],[102.13332849608238,18.841445455881868],[102.13359600081824,18.84171304336178],[102.13440758994207,18.841713016529113],[102.13548224613348,18.8414454758515],[102.13575420446526,18.840633886476056],[102.13575420446526,18.84036637340374],[102.13494269256952,18.840098795778346],[102.13359600081824,18.840098771901097],[102.13332849608238,18.83982681643495],[102.13332849608238,18.83955930213206],[102.13359600081824,18.839287226291532],[102.13386804168712,18.83901966623725],[102.13440758994207,18.83901969186634],[102.1352146495627,18.839287299216934],[102.13575420446526,18.83928723067541],[102.13575420446526,18.838747660492558],[102.13548224613348,18.838480192255233],[102.13494269256952,18.838480169500713],[102.13467509731927,18.83821259096814],[102.13467509731927,18.83740105194336],[102.13494269256952,18.83686146115309],[102.13386804168712,18.83605438865075],[102.13332849608238,18.836054445846514],[102.13305645656968,18.835786888083007],[102.13305645656968,18.835247318924146],[102.13332849608238,18.834707797555765],[102.13359600081824,18.834435728902022],[102.13386804168712,18.834168176025187],[102.13440758994207,18.833900699559152],[102.13467509731927,18.833628631085176],[102.13467509731927,18.83282155907675],[102.13440758994207,18.83254951703097],[102.1341355477347,18.83254955939566],[102.1341355477347,18.831474891526128],[102.1341355477347,18.830663366029995],[102.1341355477347,18.83012380596216],[102.13440758994207,18.82985625895131],[102.13548224613348,18.829856267916583],[102.13575420446526,18.829316674539314],[102.13602180235645,18.82797004297518],[102.13602180235645,18.827430489680793],[102.13602180235645,18.826890937176685],[102.13629376202672,18.826623398834627],[102.13656127401205,18.826623387740398],[102.1368288738797,18.826890961943192],[102.13736843675034,18.827430546157828],[102.13710083556217,18.828777172583585],[102.13710083556217,18.829049133187922],[102.13710083556217,18.829588687219157],[102.13736843675034,18.83012376429825],[102.13764039977113,18.830395774229274],[102.13817996663911,18.83039579990296],[102.13871953617522,18.83039582372639],[102.13952662760525,18.83066332978298],[102.13979414749585,18.830935359252152],[102.13979414749585,18.83120286248807],[102.13952662760525,18.83120288251152],[102.13952662760525,18.831742436021756],[102.13979414749585,18.83201000856249],[102.14006620377975,18.832282006680572],[102.14087330513607,18.83254959106118],[102.14302702927094,18.832549572609892],[102.1432990063594,18.83282156839232],[102.1432990063594,18.833361118578537],[102.14302702927094,18.83362867379101],[102.14121102885119,18.833628647703975],[102.14006620377975,18.834435771554126],[102.13979414749585,18.834707787862897],[102.13952662760525,18.83551487568151],[102.1392545726687,18.83686146895947],[102.1392545726687,18.83740103112028],[102.13952662760525,18.837401065346327],[102.14006620377975,18.8371334773273],[102.14033372499088,18.83686148786896],[102.14033372499088,18.836321928115737],[102.1406056953779,18.83605437155589],[102.14302702927094,18.836054389926446],[102.14430902652921,18.835786872086118],[102.14410613156579,18.834707783353437],[102.14437811133135,18.833089078626017],[102.14464564308881,18.83282154795552],[102.14518524449701,18.83282154591643],[102.1468038902141,18.83362867395276],[102.14761095402989,18.83416817873804],[102.14841802378342,18.83470776686032],[102.14869010149224,18.83497528658029],[102.14869010149224,18.836054377745157],[102.14841802378342,18.836321947995387],[102.14761095402989,18.836321909152232],[102.14707142789135,18.83686146866299],[102.1468038902141,18.837401056084587],[102.1468038902141,18.838212567611976],[102.14653190442104,18.838480133469275],[102.14572476132892,18.839019739441085],[102.1449177114192,18.83901969285445],[102.14518524449701,18.8400987713172],[102.14545277822177,18.840366329781475],[102.14545277822177,18.840633924735315],[102.14545277822177,18.84144544639568],[102.14464564308881,18.842524531811463],[102.14437811133135,18.842792076729054],[102.1435665354758,18.842792151783243],[102.1432990063594,18.84252458876456],[102.14302702927094,18.842524559236892],[102.1419523861949,18.842792144174567],[102.14168032523074,18.843059628635558],[102.14168032523074,18.84333168537775],[102.1419523861949,18.843599221465],[102.14275950147518,18.8435991780852],[102.14302702927094,18.843871199406934],[102.1435665354758,18.844945867464943],[102.1435665354758,18.845485434880942],[102.1432990063594,18.845757440149825],[102.14179438712043,18.845757423310047],[102.14141280072275,18.84575741903933],[102.14087330513607,18.846024935013148],[102.1406056953779,18.846296944279374],[102.1406056953779,18.84656454712939],[102.14141280072275,18.846564503983274],[102.14141280072275,18.84629699087499],[102.1419523861949,18.84629697961911],[102.14221991202331,18.84656454582678],[102.14221991202331,18.846836515585238],[102.1419523861949,18.847371577806157],[102.14141280072275,18.847911164859426],[102.14006620377975,18.848450702226742],[102.1392545726687,18.84818316834938],[102.1389870540896,18.848586179844133],[102.1389870540896,18.848989159547514],[102.13764039977113,18.849257763051227],[102.13710083556217,18.848990245684917],[102.1368288738797,18.84899029947603],[102.1368288738797,18.84925781794722],[102.13710083556217,18.84952982871357],[102.13790800227983,18.850069373752447],[102.1392545726687,18.850336941200027],[102.1392545726687,18.850069334621793],[102.1392545726687,18.849257780083192],[102.13952662760525,18.848990288839815],[102.14033372499088,18.84899024576565],[102.1406056953779,18.849257790692405],[102.14087330513607,18.849257838743114],[102.14249188710878,18.848450714695346],[102.14275950147518,18.847911187209633],[102.14302702927094,18.847643636318054],[102.1435665354758,18.84764362322072],[102.14383860112915,18.847911154456895],[102.14383860112915,18.848722695664733],[102.14437811133135,18.849257792758394],[102.14464564308881,18.849529810001698],[102.14545277822177,18.850876484945346],[102.14545277822177,18.851415968970713],[102.1449177114192,18.85195554366301],[102.14410613156579,18.85195555314938],[102.14249188710878,18.85168353573536],[102.14087330513607,18.852762656517783],[102.14087330513607,18.853302239313038],[102.14087330513607,18.854381318126087],[102.14087330513607,18.85518842297678],[102.14168032523074,18.85518845387881],[102.14168032523074,18.854920845638887],[102.14168032523074,18.854109286033776],[102.14221991202331,18.854109262075696],[102.1432990063594,18.85410930347902],[102.1432990063594,18.852762627295746],[102.1435665354758,18.852495157917275],[102.14437811133135,18.852495149994184],[102.14518524449701,18.852495074077495],[102.1468038902141,18.852223098031004],[102.14841802378342,18.85249507728453],[102.14869010149224,18.85276268541662],[102.14922963559869,18.853841786319308],[102.15003671729082,18.854648860321774],[102.15057625802692,18.854648901716217],[102.15165089849765,18.854648826203828],[102.15354155505307,18.85464884160102],[102.15515578788617,18.854648860582458],[102.15542779509516,18.854920825498738],[102.15542779509516,18.855455932474086],[102.15542779509516,18.856807029733844],[102.15542779509516,18.857074629044646],[102.15704196846869,18.85734658957732],[102.15731398035783,18.857614181845037],[102.15731398035783,18.858153746862598],[102.15704196846869,18.85869323056457],[102.156774406447,18.858960811046614],[102.15623483519525,18.85896079746405],[102.15596282598293,18.859767883548955],[102.15542779509516,18.86165852271293],[102.15623483519525,18.86165855907673],[102.15650239590539,18.861658576944222],[102.15704196846869,18.862465669622864],[102.15704196846869,18.863544726121773],[102.15704196846869,18.863812329052607],[102.156774406447,18.864351888491612],[102.156774406447,18.86489137490652],[102.15812103433692,18.86489139703194],[102.15812103433692,18.86461942620484],[102.15785355691887,18.86327274828747],[102.15758154370016,18.86219361651891],[102.15731398035783,18.861926088462397],[102.15704196846869,18.861926097966617],[102.156774406447,18.86165856858095],[102.156774406447,18.860039947378723],[102.15758154370016,18.858693241775512],[102.15785355691887,18.85842126727411],[102.15866061487745,18.857881735090203],[102.15866061487745,18.857074575424164],[102.15946767876508,18.855995485876306],[102.15973969667291,18.855727970504148],[102.16000726592617,18.854648872736647],[102.16000726592617,18.854109316854988],[102.15973969667291,18.854109299310792],[102.15946767876508,18.854648863762492],[102.15946767876508,18.85518842124314],[102.15920019806785,18.85545599315506],[102.1589281814984,18.855727964548194],[102.15731398035783,18.85626754578051],[102.15650239590539,18.856267534255068],[102.15596282598293,18.855727951343113],[102.15569535382875,18.855455956369013],[102.15569535382875,18.85492084979805],[102.15596282598293,18.854648825026985],[102.15650239590539,18.85464884604768],[102.15650239590539,18.854109284874966],[102.15623483519525,18.85356978969257],[102.15596282598293,18.853302194576912],[102.15461622460234,18.85330219940984],[102.15461622460234,18.853569796816032],[102.15380910918745,18.853569739611387],[102.15300199971026,18.85330216879548],[102.15246244702658,18.853034624021333],[102.1519228970021,18.8527626197678],[102.14976472346675,18.851148471151618],[102.14761095402989,18.85006937168636],[102.14626428082866,18.849529823341513],[102.14599229637409,18.849257835410313],[102.14572476132892,18.847911140820514],[102.14518524449701,18.846836482554053],[102.14518524449701,18.84602494851488],[102.14518524449701,18.844138744863486],[102.14545277822177,18.843871197196975],[102.1468038902141,18.843871180560242],[102.14761095402989,18.843871206512546],[102.14787849367437,18.8441387589221],[102.14787849367437,18.844410722607805],[102.14815048281847,18.844410742298905],[102.14815048281847,18.843599220279188],[102.14787849367437,18.84279213604472],[102.1473389662244,18.8427920674944],[102.14707142789135,18.842524602868224],[102.1468038902141,18.841984996375302],[102.1468038902141,18.84117347660144],[102.14707142789135,18.84009878270774],[102.1473389662244,18.839826782254107],[102.14787849367437,18.83928721344573],[102.14815048281847,18.83901973420386],[102.14869010149224,18.839019710775844],[102.15003671729082,18.839019715680635],[102.15030426286424,18.839287262269153],[102.15030426286424,18.839559220555984],[102.15003671729082,18.839826766533534],[102.1494971792047,18.840905892912545],[102.14922963559869,18.841445489712413],[102.14976472346675,18.841985042971018],[102.15057625802692,18.84305968155526],[102.15111580142204,18.84387125269498],[102.15138334963629,18.84413879650768],[102.15246244702658,18.844678274442543],[102.15407666397752,18.844678349541667],[102.15461622460234,18.843871251895436],[102.15488823047284,18.84333162321441],[102.15569535382875,18.841712973230315],[102.156774406447,18.84063388768878],[102.15704196846869,18.83982679445333],[102.15731398035783,18.83928726332023],[102.15758154370016,18.839019711189025],[102.15812103433692,18.839019666857283],[102.15838859964649,18.839287282768666],[102.15838859964649,18.84063394247704],[102.15838859964649,18.840905895972497],[102.15785355691887,18.84252454046205],[102.15812103433692,18.843871248113572],[102.15785355691887,18.844678346819663],[102.15785355691887,18.844945846462366],[102.15785355691887,18.845757438541597],[102.15866061487745,18.845757409193695],[102.15866061487745,18.84494581895602],[102.1589281814984,18.844678346361817],[102.15920019806785,18.844678346720997],[102.15946767876508,18.844945876430216],[102.15973969667291,18.845757374294152],[102.16000726592617,18.846564530214124],[102.16000726592617,18.847371574949605],[102.16000726592617,18.847911121066545],[102.1605468557461,18.847911138368076],[102.16108636097172,18.847371615059473],[102.16270053040168,18.84683651636665],[102.16324013346266,18.84683652602355],[102.16351216072215,18.847104014230695],[102.16377965193843,18.847371622434466],[102.16377965193843,18.847643576382353],[102.16351216072215,18.847911141350323],[102.16297255632267,18.847911134244796],[102.16297255632267,18.848722721158737],[102.16297255632267,18.848990219885295],[102.16324013346266,18.850069323707416],[102.16351216072215,18.850876446039308],[102.16405168053646,18.850876452561025],[102.16458675350154,18.851416027379102],[102.16458675350154,18.852223072285383],[102.1648587840937,18.853302238657292],[102.16512627858882,18.855188398686337],[102.16620542398525,18.857614168630903],[102.1667449570406,18.858421298293123],[102.16755208040556,18.860039938260954],[102.16809162007272,18.86138652609499],[102.16863116239873,18.86138659012697],[102.16917070737489,18.861118971062282],[102.16971025500104,18.860846983400563],[102.17159651130251,18.860039922450667],[102.17186402221895,18.85950037533648],[102.17213598359612,18.85815367161061],[102.17375022825999,18.857346642012004],[102.17402219430815,18.857074570429674],[102.17428979838863,18.856807065361266],[102.1745617657667,18.856807035608966],[102.17482928390544,18.857074616405242],[102.17509688995355,18.85734664754544],[102.17509688995355,18.85815368152801],[102.17536885933433,18.858693277007518],[102.17563637944076,18.858960766624904],[102.17617595882226,18.85896080838758],[102.17644801813364,18.859232809856394],[102.17644801813364,18.85976789151698],[102.17644801813364,18.86057947360713],[102.17644801813364,18.8613866006463],[102.17617595882226,18.86165859764135],[102.17536885933433,18.86219365571236],[102.17509688995355,18.8621936909622],[102.17482928390544,18.861926116750524],[102.1745617657667,18.86165853612478],[102.1745617657667,18.861049911433426],[102.1745617657667,18.8608470365361],[102.17428979838863,18.86084698022958],[102.17375022825999,18.861926114459735],[102.17348271275299,18.86246566726031],[102.17348271275299,18.86354476324017],[102.1745617657667,18.864891448873664],[102.17509688995355,18.86569847284008],[102.17536885933433,18.867045126017757],[102.17536885933433,18.867584677362785],[102.17509688995355,18.867856676774664],[102.1745617657667,18.86812430041161],[102.17428979838863,18.869203359488807],[102.17348271275299,18.870282453555177],[102.1732106607898,18.870550003952573],[102.17294314659475,18.8713570828061],[102.17294314659475,18.872436206022925],[102.1732106607898,18.873782827391125],[102.17375022825999,18.875401547883968],[102.17563637944076,18.875401509822325],[102.17563637944076,18.8748619476345],[102.17509688995355,18.874861922293093],[102.17482928390544,18.874594437679335],[102.17428979838863,18.874054846098502],[102.17402219430815,18.87378290248128],[102.17402219430815,18.873515305155905],[102.17428979838863,18.872975722288814],[102.1745617657667,18.87270371604994],[102.17536885933433,18.87270372391032],[102.17590843740456,18.872703745811208],[102.17887372099185,18.87324328125615],[102.17968084622535,18.87324326570628],[102.1804878901253,18.87216869505248],[102.18075996010876,18.87189667822271],[102.18129947738973,18.87162909803706],[102.18183454712081,18.871629133538434],[102.1821065331745,18.87189666933817],[102.18237415692832,18.872168682170795],[102.18399274048201,18.87378287223507],[102.18459811258938,18.874322386976218],[102.18479990329192,18.875129513653718],[102.18453236088956,18.877555252507406],[102.1842602815727,18.8778272814196],[102.18318567085427,18.87782727046934],[102.18291368213241,18.877555280741532],[102.18237415692832,18.878029034229172],[102.18291368213241,18.879713505588555],[102.18318567085427,18.880253001166267],[102.18345320998654,18.880520559944955],[102.18372074976591,18.880520523015306],[102.18372074976591,18.87951055891601],[102.1842602815727,18.878634338794583],[102.18533944038975,18.878094844357634],[102.18614652581894,18.878094790305937],[102.18641852253572,18.87836677194892],[102.18668606952846,18.878634322858346],[102.18749761526377,18.879713423033337],[102.18776516487938,18.880253019743407],[102.18776516487938,18.881060074396473],[102.18749761526377,18.881327622089714],[102.18749761526377,18.882406729918415],[102.18776516487938,18.882678734935766],[102.1880327151512,18.883218332822494],[102.1880327151512,18.883753431317615],[102.18776516487938,18.884025440134593],[102.18749761526377,18.884292992157967],[102.18722561587899,18.88456493906314],[102.18641852253572,18.88456492417808],[102.18614652581894,18.884292942786615],[102.18587898013769,18.88402539077221],[102.18507189667602,18.883218300626922],[102.18479990329192,18.883218279597344],[102.18453236088956,18.88348582760517],[102.1842602815727,18.883485900755105],[102.18372074976591,18.88294635656942],[102.18345320998654,18.882678798545243],[102.18318567085427,18.8824067828741],[102.18318567085427,18.881867222051767],[102.18183454712081,18.88106015142685],[102.18156701193178,18.8807925886956],[102.18129947738973,18.88052056831728],[102.18129947738973,18.879713500198733],[102.18102749333028,18.879173909722866],[102.18075996010876,18.878906344934407],[102.17994837682389,18.87890640550782],[102.17994837682389,18.87971347495599],[102.17968084622535,18.88025297874438],[102.17940877891905,18.880520549946738],[102.17860174294216,18.880520574794062],[102.17860174294216,18.88267875360252],[102.17887372099185,18.883485865765678],[102.17940877891905,18.883753403011625],[102.18022035821528,18.884025391203423],[102.18129947738973,18.884292970634206],[102.18156701193178,18.884564990904877],[102.1821065331745,18.88563965570212],[102.18237415692832,18.886179178912045],[102.18291368213241,18.887525808984833],[102.18345320998654,18.88860492609321],[102.18372074976591,18.888604883090906],[102.18372074976591,18.887258235402072],[102.18345320998654,18.886451199703444],[102.18291368213241,18.88563959545209],[102.18291368213241,18.885104486599488],[102.18318567085427,18.8848325430899],[102.18345320998654,18.884832503375364],[102.1842602815727,18.884025462269065],[102.18453236088956,18.883753424149035],[102.18507189667602,18.88375340356869],[102.18587898013769,18.884564950615328],[102.18668606952846,18.884832474835875],[102.1880327151512,18.884832544482308],[102.18830471653015,18.88483246952697],[102.1885722681042,18.884832510220548],[102.18884427081284,18.885104485530377],[102.18911182370752,18.885372030205502],[102.18938382775454,18.88591159858268],[102.18938382775454,18.886451155820865],[102.18938382775454,18.88671875082852],[102.18938382775454,18.886990713831395],[102.18938382775454,18.887525815659316],[102.18938382775454,18.88806537521519],[102.18938382775454,18.88833733918831],[102.18938382775454,18.889144496626358],[102.18884427081284,18.889684013754575],[102.18830471653015,18.88968405628988],[102.1880327151512,18.889416447681626],[102.1880327151512,18.890763086800604],[102.1880327151512,18.89130265302181],[102.1885722681042,18.893728389746542],[102.18884427081284,18.893728396205475],[102.18911182370752,18.892916893571496],[102.18938382775454,18.89210973421089],[102.18965138195179,18.891837801112814],[102.1901909428461,18.891837750672536],[102.19073050638124,18.890763119463458],[102.19099806385745,18.89049109792616],[102.19153754409186,18.890491139805633],[102.19288424906645,18.891030704877096],[102.19315626243761,18.891302669146512],[102.19342373853553,18.89157020874623],[102.19342373853553,18.89183780435573],[102.19315626243761,18.89210973524402],[102.19234467497589,18.892377302808214],[102.19180955413074,18.89264929955175],[102.19180955413074,18.89318886275484],[102.19207711422976,18.893456399812152],[102.19261668700878,18.893456427713744],[102.19288424906645,18.893188857409783],[102.19477037932532,18.892649315937135],[102.19504239735014,18.892649312469686],[102.19558198466373,18.892649331370208],[102.19612148734714,18.8929168594086],[102.19665662915011,18.892377346017213],[102.19719613710654,18.89022361152486],[102.19719613710654,18.889618254980505],[102.19773573496659,18.88887693701234],[102.19854727488965,18.88806535848839],[102.19881485135622,18.88779779038525],[102.1990823411983,18.887797816678884],[102.19935436987683,18.888065397897577],[102.19962194830177,18.88833737345894],[102.19962194830177,18.889684054080092],[102.19989389103844,18.889951550488675],[102.201508106651,18.889951602734797],[102.20178014131258,18.89022354549857],[102.20258725997931,18.891570239495508],[102.20258725997931,18.892109784839903],[102.20231967435907,18.892649320060315],[102.20204763835895,18.89291683692383],[102.201508106651,18.892916834920456],[102.20096857758406,18.892649329483802],[102.20096857758406,18.892377282101933],[102.20070099588949,18.89210976685571],[102.19962194830177,18.8921097492578],[102.19935436987683,18.892377324430655],[102.19935436987683,18.892649283912164],[102.19962194830177,18.892916891577173],[102.19989389103844,18.892916883408503],[102.20016147077504,18.89318885933207],[102.20043350211276,18.893728396996124],[102.20070099588949,18.894263510466104],[102.20070099588949,18.89507511184287],[102.20043350211276,18.8956146473777],[102.19989389103844,18.896961266068928],[102.19962194830177,18.898575493404195],[102.19962194830177,18.899115053238432],[102.19962194830177,18.899387017355338],[102.19962194830177,18.899654524687634],[102.19989389103844,18.899926566661378],[102.20096857758406,18.901001243675594],[102.20178014131258,18.90100121374381],[102.20312679696943,18.900461636033114],[102.20366633660055,18.898847502535673],[102.20339429728571,18.896149675606623],[102.20312679696943,18.895342610802842],[102.20285921003759,18.895075101000174],[102.20204763835895,18.894263524704314],[102.20204763835895,18.893188883874032],[102.20231967435907,18.89291682061021],[102.20285921003759,18.892916819828784],[102.20312679696943,18.892916829593418],[102.20447346908352,18.892916828075343],[102.20474542378608,18.892649314598643],[102.2050130152991,18.892109778902167],[102.2050130152991,18.891837734996813],[102.20474542378608,18.891030688383978],[102.20393383821951,18.89076312382005],[102.20312679696943,18.88941643711746],[102.20231967435907,18.888876878307386],[102.20124061091602,18.888337319299595],[102.19962194830177,18.886718742456296],[102.19935436987683,18.886451134521806],[102.19746816112311,18.886179180349203],[102.19665662915011,18.886179154181335],[102.19558198466373,18.8859116576469],[102.19530996530054,18.88563961007665],[102.19530996530054,18.884564973477566],[102.19504239735014,18.884292987145358],[102.19477037932532,18.88402539500332],[102.19450289994873,18.88402544765337],[102.19423533395664,18.88429291698681],[102.193963317926,18.884293001814953],[102.19315626243761,18.884025424782422],[102.19288424906645,18.88375337106767],[102.19180955413074,18.882946296696787],[102.19153754409186,18.882946287156685],[102.19126998530422,18.882678748338463],[102.19073050638124,18.882139233051618],[102.19073050638124,18.881599684033176],[102.19126998530422,18.879441466040333],[102.19180955413074,18.87755530282209],[102.19180955413074,18.87728771615069],[102.19099806385745,18.876748187901327],[102.1901909428461,18.875669091301432],[102.18992338733702,18.874861919175842],[102.18884427081284,18.872975757152474],[102.18776516487938,18.871357081925822],[102.18749761526377,18.87054999534675],[102.18749761526377,18.870010458069217],[102.18776516487938,18.869742926931536],[102.18830471653015,18.869470875938774],[102.1885722681042,18.868663811108078],[102.18830471653015,18.867317199333726],[102.18810182958637,18.867045154346116],[102.18776516487938,18.86704516702575],[102.18749761526377,18.867787605236046],[102.18722561587899,18.86866377417833],[102.18695806757458,18.868931392353502],[102.18614652581894,18.868931367407328],[102.18533944038975,18.86866381533892],[102.18507189667602,18.86839180397091],[102.18453236088956,18.86704513995052],[102.18453236088956,18.866777644449215],[102.18479990329192,18.866505574978007],[102.18507189667602,18.866238024903907],[102.18614652581894,18.866238057854076],[102.18641852253572,18.865698467665908],[102.18641852253572,18.86515893574223],[102.18641852253572,18.864619404600333],[102.18668606952846,18.86435188239213],[102.18749761526377,18.864351825834078],[102.18992338733702,18.86435186274589],[102.19045849901048,18.86381226675435],[102.19099806385745,18.862733212195764],[102.19153754409186,18.86219368705467],[102.19315626243761,18.86138655434715],[102.19369575323643,18.8613865437201],[102.19423533395664,18.861658555546313],[102.19477037932532,18.862193625295262],[102.19530996530054,18.863005235673285],[102.19530996530054,18.86381232526169],[102.19504239735014,18.864079854925976],[102.19477037932532,18.864351868225683],[102.19477037932532,18.864891386341995],[102.19504239735014,18.865430922532752],[102.19530996530054,18.865430966280684],[102.19612148734714,18.86543095754901],[102.19612148734714,18.864891440708107],[102.19584955392568,18.86381229778216],[102.19584955392568,18.86300520941562],[102.19530996530054,18.861926118169933],[102.19450289994873,18.860846971039877],[102.193963317926,18.860579505407387],[102.19315626243761,18.860579465118107],[102.19288424906645,18.860847014778756],[102.19261668700878,18.86138656889969],[102.19234467497589,18.861658575830262],[102.19207711422976,18.86165852418607],[102.19180955413074,18.861386529283905],[102.19180955413074,18.859500405034765],[102.19153754409186,18.85923280362219],[102.19099806385745,18.85923280356819],[102.19073050638124,18.859500322398645],[102.18965138195179,18.859767902817808],[102.18911182370752,18.86111897736835],[102.18830471653015,18.861658531489383],[102.18776516487938,18.861386583865766],[102.18776516487938,18.86273321265398],[102.18749761526377,18.863005190209563],[102.18722561587899,18.863272737894107],[102.18668606952846,18.86327273489374],[102.18561143511235,18.86407989796426],[102.18533944038975,18.864079863280367],[102.18479990329192,18.863544779715085],[102.18479990329192,18.863272741056107],[102.18507189667602,18.863005195761303],[102.18561143511235,18.863005204717425],[102.18561143511235,18.86192614697879],[102.18561143511235,18.860847003235364],[102.18533944038975,18.859500334930317],[102.18507189667602,18.85923278002329],[102.18507189667602,18.858693255394044],[102.18533944038975,18.8584212864982],[102.18561143511235,18.85842123637225],[102.18614652581894,18.85869322194081],[102.18641852253572,18.8589608367743],[102.18641852253572,18.859500359750726],[102.18668606952846,18.8597679113429],[102.18695806757458,18.859767946987986],[102.18722561587899,18.859232854152168],[102.18722561587899,18.858153723066167],[102.18614652581894,18.858153699728035],[102.18587898013769,18.85788169010263],[102.18587898013769,18.8570745919711],[102.18641852253572,18.856535087661783],[102.18722561587899,18.856535076854968],[102.18776516487938,18.85653508820073],[102.18776516487938,18.85626751351309],[102.18776516487938,18.855455966547098],[102.18776516487938,18.854920818914223],[102.18776516487938,18.854648877928938],[102.18776516487938,18.85410927487665],[102.1880327151512,18.853841766798922],[102.1885722681042,18.853841779438326],[102.18884427081284,18.854109299337793],[102.18884427081284,18.854648900755038],[102.1885722681042,18.854648864472054],[102.18830471653015,18.85492083084361],[102.18830471653015,18.85545597765919],[102.18884427081284,18.855727927672447],[102.18911182370752,18.85572798927909],[102.18938382775454,18.85545599433189],[102.18965138195179,18.85518839359308],[102.18965138195179,18.854920821294627],[102.1901909428461,18.853841717095037],[102.1901909428461,18.85356977875111],[102.18965138195179,18.851955523361212],[102.18938382775454,18.851955548972285],[102.1885722681042,18.852223068925582],[102.18749761526377,18.85303464002017],[102.18641852253572,18.852762662419735],[102.18561143511235,18.85249508693245],[102.18533944038975,18.852223102352085],[102.18533944038975,18.851683588268813],[102.18561143511235,18.851683543281325],[102.18587898013769,18.851416040817952],[102.18587898013769,18.850876439589356],[102.18587898013769,18.850608867551585],[102.18561143511235,18.85033694623945],[102.18561143511235,18.85006937439033],[102.18587898013769,18.849797328616518],[102.18668606952846,18.848990257048357],[102.18695806757458,18.848722731031373],[102.18749761526377,18.84872275511522],[102.18749761526377,18.848990235453016],[102.18830471653015,18.84899023618958],[102.1885722681042,18.848722735109718],[102.18884427081284,18.848450751140234],[102.18911182370752,18.848183161216767],[102.18911182370752,18.847911137047532],[102.1901909428461,18.84791117100393],[102.19045849901048,18.84818317019092],[102.19045849901048,18.84872267145512],[102.19073050638124,18.848990276021013],[102.19099806385745,18.848722683501393],[102.19126998530422,18.848722725866082],[102.19153754409186,18.848990265896745],[102.19153754409186,18.850336924805575],[102.19126998530422,18.850876455570358],[102.19099806385745,18.85168357711187],[102.19126998530422,18.85141604863348],[102.19153754409186,18.85141602021976],[102.19180955413074,18.85168353286096],[102.19234467497589,18.852223065925486],[102.19234467497589,18.852762659311637],[102.19207711422976,18.85303462643779],[102.19207711422976,18.853569764889926],[102.19234467497589,18.854648835798017],[102.19234467497589,18.856267539707858],[102.19207711422976,18.856535055475177],[102.19153754409186,18.85653505896066],[102.19126998530422,18.85626751917229],[102.19099806385745,18.85626748256611],[102.19073050638124,18.856535086170624],[102.19073050638124,18.857074599112863],[102.19099806385745,18.858153683908682],[102.19126998530422,18.85815371906874],[102.19261668700878,18.857346588391508],[102.19342373853553,18.857074611213136],[102.19423533395664,18.85707462549638],[102.19450289994873,18.85734661451444],[102.19450289994873,18.85788166637805],[102.19450289994873,18.858153693700416],[102.19477037932532,18.858960829938255],[102.19530996530054,18.858960811657496],[102.19530996530054,18.858153732552438],[102.19530996530054,18.85734665519017],[102.19530996530054,18.857074629062495],[102.19504239735014,18.856807098554086],[102.19423308778218,18.856807047134325],[102.19369575323643,18.855188366490765],[102.19315626243761,18.853302192816358],[102.19315626243761,18.852495121068344],[102.19342373853553,18.85195559215427],[102.19342373853553,18.851416001561617],[102.19315626243761,18.85114846047074],[102.19288424906645,18.850876494674097],[102.19234467497589,18.85087649237434],[102.19207711422976,18.850608954373698],[102.19207711422976,18.850069363700214],[102.19234467497589,18.849529834561608],[102.19261668700878,18.849257845732012],[102.19288424906645,18.849257816635642],[102.19369575323643,18.84952978980745],[102.19477037932532,18.849529819820333],[102.19665662915011,18.849257842048914],[102.19773573496659,18.848990263848606],[102.19800776032153,18.84872272698901],[102.19962194830177,18.848722718086705],[102.19989389103844,18.84925777688531],[102.20043350211276,18.849529772191588],[102.20016147077504,18.848990264360822],[102.20043350211276,18.848183149835123],[102.20124061091602,18.848183180773134],[102.201508106651,18.848450702110128],[102.20178014131258,18.849257764138088],[102.20393383821951,18.850608939919837],[102.20420587887273,18.852223128762333],[102.20555256416506,18.853034682151275],[102.20582007035628,18.853034633938734],[102.20582007035628,18.852762618986205],[102.20555256416506,18.85222309362031],[102.20528052018793,18.851955526020234],[102.20447346908352,18.8508764608615],[102.20420587887273,18.85006938035498],[102.20393383821951,18.84925778144877],[102.20366633660055,18.848722708770964],[102.20339429728571,18.848450680002557],[102.20312679696943,18.84845072064232],[102.20312679696943,18.84872273449882],[102.20258725997931,18.848722669245333],[102.20231967435907,18.848450700007987],[102.20231967435907,18.847911127983494],[102.20312679696943,18.84683646687833],[102.20339429728571,18.84656450430684],[102.20474542378608,18.846564470583957],[102.20528052018793,18.846297004286754],[102.20528052018793,18.84521787623717],[102.20447346908352,18.844945843318314],[102.20231967435907,18.845485380820364],[102.20231967435907,18.846024949323393],[102.20231967435907,18.8465645186169],[102.20178014131258,18.84710401820999],[102.20070099588949,18.847104055714837],[102.20043350211276,18.84683653235662],[102.20016147077504,18.845757454199386],[102.20016147077504,18.845217882803738],[102.20070099588949,18.84467830279337],[102.20124061091602,18.844678285761304],[102.20178014131258,18.844410717002432],[102.20204763835895,18.844138759299398],[102.20204763835895,18.843871204248757],[102.19962194830177,18.843871192238268],[102.19835998545156,18.844678324519734],[102.19854727488965,18.8449458665758],[102.19935436987683,18.84521783959474],[102.19962194830177,18.84548535988982],[102.19962194830177,18.84575737425827],[102.19935436987683,18.8460249706403],[102.19773573496659,18.847643633245852],[102.19530996530054,18.84764359183346],[102.19477037932532,18.847911156208653],[102.19477037932532,18.848450739668607],[102.19450289994873,18.848722696931276],[102.19369575323643,18.84872272746499],[102.19288424906645,18.848450663913653],[102.19234467497589,18.84791115992782],[102.19234467497589,18.846296948761918],[102.19207711422976,18.84575739030214],[102.19207711422976,18.8444107500154],[102.19234467497589,18.8441387956632],[102.19315626243761,18.84413875586793],[102.19342373853553,18.84441075357273],[102.19423533395664,18.845217848470128],[102.19477037932532,18.8454854467478],[102.19530996530054,18.84548544888574],[102.19558198466373,18.845485391348646],[102.19584955392568,18.845217888481244],[102.19584955392568,18.844945871633257],[102.19584955392568,18.84441075124606],[102.19558198466373,18.84441078176191],[102.19558198466373,18.844945813413247],[102.19530996530054,18.844945870537245],[102.19450289994873,18.844945890893058],[102.19423533395664,18.844678268890988],[102.19342373853553,18.843599245342247],[102.19342373853553,18.84305966687687],[102.19369575323643,18.842524582691908],[102.193963317926,18.842252540493547],[102.19450289994873,18.841712975431136],[102.19584955392568,18.840633914197966],[102.1962530915379,18.840633905443994],[102.19665662915011,18.840633896689837],[102.19746816112311,18.840905949937422],[102.19881485135622,18.841173475846844],[102.19935436987683,18.840905921442967],[102.19935436987683,18.840366355877578],[102.19773573496659,18.840098795257433],[102.19692865183688,18.840366373277973],[102.19621022139305,18.84036636245294],[102.19584955392568,18.840366357018453],[102.19477037932532,18.840366339105927],[102.19369575323643,18.840098811975082],[102.19369575323643,18.84063392937064],[102.193963317926,18.84090592005066],[102.193963317926,18.84117347903603],[102.19369575323643,18.841445430504393],[102.19342373853553,18.841713041466136],[102.19288424906645,18.841985038120043],[102.19180955413074,18.84198497820246],[102.19153754409186,18.842252588113226],[102.19099806385745,18.842792143321205],[102.19073050638124,18.843331657368154],[102.19045849901048,18.843599179091328],[102.18965138195179,18.843599177222956],[102.18938382775454,18.843331632395063],[102.18938382775454,18.8425245737357],[102.18965138195179,18.841713042508232],[102.18992338733702,18.84117341663891],[102.1901909428461,18.840366346067825],[102.18965138195179,18.84009884608389],[102.18938382775454,18.839826844749894],[102.18938382775454,18.83928726565587],[102.18965138195179,18.839019688695288],[102.18992338733702,18.83901973503039],[102.1901909428461,18.838747701581468],[102.19045849901048,18.83821256496192],[102.19045849901048,18.83794063825988],[102.1880327151512,18.837940608139533],[102.18749761526377,18.837940632349145],[102.18749761526377,18.838747685304],[102.18776516487938,18.839019691300493],[102.1885722681042,18.839019713237164],[102.18884427081284,18.839287233774527],[102.18938382775454,18.8406338975432],[102.18938382775454,18.841443202860006],[102.18911182370752,18.84171301521762],[102.1885722681042,18.841712986076217],[102.1880327151512,18.841713044206074],[102.18749761526377,18.841985005807672],[102.18749761526377,18.84225257042533],[102.18776516487938,18.842524576367822],[102.1880327151512,18.842792125193128],[102.18830471653015,18.842792082325644],[102.1885722681042,18.843059629821454],[102.1885722681042,18.843871237055225],[102.18830471653015,18.844138731002573],[102.18749761526377,18.8441387192796],[102.18695806757458,18.844138777391592],[102.18722561587899,18.844138761778837],[102.18749761526377,18.844410741921692],[102.18776516487938,18.844678291348842],[102.18776516487938,18.84602494890133],[102.18749761526377,18.846296990866023],[102.18722561587899,18.846564513810975],[102.18695806757458,18.8465645312381],[102.18641852253572,18.8465645020339],[102.18587898013769,18.847371635469102],[102.18587898013769,18.848183169113028],[102.18533944038975,18.848722736789526],[102.18507189667602,18.84899023478812],[102.18479990329192,18.84925775934103],[102.1842602815727,18.84925782168405],[102.18399274048201,18.84899026379479],[102.18345320998654,18.847643632625903],[102.18291368213241,18.847643593010304],[102.18237415692832,18.847643640674747],[102.1821065331745,18.84737162728561],[102.1821065331745,18.847104054933155],[102.18237415692832,18.846564528462366],[102.18291368213241,18.84602497288624],[102.1842602815727,18.84575738429247],[102.18453236088956,18.845757429064378],[102.18507189667602,18.844945846659897],[102.18507189667602,18.844410799225187],[102.18507189667602,18.84387120693478],[102.18533944038975,18.843331692770775],[102.18641852253572,18.842252589954867],[102.18668606952846,18.84198501144911],[102.18668606952846,18.841445425132505],[102.18614652581894,18.841445476381466],[102.18507189667602,18.84171302389521],[102.1826461443205,18.841984966560318],[102.18156701193178,18.842252526758315],[102.18102749333028,18.842252561639825],[102.18075996010876,18.841984995593705],[102.18075996010876,18.841173463836455],[102.18129947738973,18.840633927358382],[102.18129947738973,18.840366359255242],[102.18102749333028,18.84009882002384],[102.17994837682389,18.840098794332036],[102.17994837682389,18.84063393237099],[102.17968084622535,18.84090586985276],[102.17887372099185,18.84090590137467],[102.17860174294216,18.84063389961844],[102.17806215163986,18.84009878675019],[102.17752265024998,18.840098806324576],[102.17698751425038,18.839559294603944],[102.17698751425038,18.838480189587045],[102.17725503830005,18.838212625625133],[102.17752265024998,18.837401094370662],[102.17752265024998,18.837133525764457],[102.17644801813364,18.836861504389077],[102.17590843740456,18.836593949850382],[102.17563637944076,18.83571664043869],[102.17536885933433,18.83524729235198],[102.17509688995355,18.83497528169336],[102.1745617657667,18.834975263134154],[102.1745617657667,18.83551485837998],[102.17536885933433,18.836511181720965],[102.17590843740456,18.837401026098874],[102.17590843740456,18.837940622844826],[102.17563637944076,18.838212584302624],[102.17402219430815,18.83848016146075],[102.17348271275299,18.83848016471282],[102.1732106607898,18.838212611764035],[102.1732106607898,18.83740107108636],[102.17348271275299,18.836593970511814],[102.17348271275299,18.836054372058868],[102.17267554579271,18.83524728588408],[102.17186402221895,18.835247294490003],[102.17159651130251,18.835514848947795],[102.17132446401078,18.835786891729953],[102.1707893582034,18.836321917964653],[102.1707893582034,18.83794063992184],[102.1707893582034,18.83848015605298],[102.17105695440583,18.8400988075103],[102.17186402221895,18.840098817984682],[102.17213598359612,18.84036637995237],[102.17240358307723,18.84063387230961],[102.17240358307723,18.84144542189874],[102.17213598359612,18.8417129917444],[102.17159651130251,18.84225251380458],[102.17159651130251,18.84252454718157],[102.17213598359612,18.8433316419802],[102.17213598359612,18.84441077576102],[102.17213598359612,18.844678353656064],[102.17213598359612,18.84602498107897],[102.17186402221895,18.846296945213652],[102.17105695440583,18.84656452881275],[102.17105695440583,18.847643586111104],[102.17132446401078,18.847911175791836],[102.17159651130251,18.847911152202173],[102.17159651130251,18.848450681601463],[102.17132446401078,18.848722743724608],[102.17051740016811,18.84872274997676],[102.16943829963392,18.847643618558394],[102.16943829963392,18.846836505416206],[102.16917070737489,18.846296967770357],[102.16863116239873,18.84548540316152],[102.16809162007272,18.84548540423053],[102.16728449274606,18.845485392300773],[102.16701254337974,18.84521781851143],[102.1667449570406,18.844945856325765],[102.1667449570406,18.84467827419998],[102.16701254337974,18.84441079427546],[102.16701254337974,18.843599225956694],[102.16701254337974,18.842524535736942],[102.16701254337974,18.84225258799661],[102.16701254337974,18.841985008017545],[102.16647745859288,18.841984972426374],[102.16647745859288,18.843119440179095],[102.16647745859288,18.84359919278181],[102.16620542398525,18.843871242687698],[102.16566589358868,18.843871232994914],[102.16458675350154,18.84305964112228],[102.16431926030876,18.842792123899684],[102.16405168053646,18.842252572644185],[102.16189344271774,18.842524535611176],[102.1605468557461,18.841985007451598],[102.16027483584375,18.841712965774235],[102.15973969667291,18.84036634315744],[102.15973969667291,18.83982680758656],[102.16000726592617,18.83955925235641],[102.1608143397311,18.839287275654],[102.16108636097172,18.839287276848694],[102.16135393352138,18.839559253074952],[102.16135393352138,18.840098785824893],[102.16216546663534,18.840098814732784],[102.16270053040168,18.83982682946062],[102.16297255632267,18.83955924571781],[102.16297255632267,18.838747678818166],[102.16243304181737,18.838747739409612],[102.16216546663534,18.83848013339751],[102.16216546663534,18.838212641642002],[102.16243304181737,18.83794062976179],[102.16324013346266,18.837673014847383],[102.16405168053646,18.83767303952426],[102.16431926030876,18.837940640928053],[102.1648587840937,18.837940575081433],[102.16620542398525,18.838212580385942],[102.16647745859288,18.83848015072587],[102.1667449570406,18.83848017424377],[102.16701254337974,18.837673092848092],[102.16647745859288,18.836861495998818],[102.1648587840937,18.83470771936649],[102.16458675350154,18.834435777366096],[102.16458675350154,18.834168201205046],[102.1648587840937,18.833900624001814],[102.16593783961352,18.833900677218182],[102.16647745859288,18.834168180723296],[102.16755208040556,18.834435732567187],[102.16809162007272,18.835247295864363],[102.16782411834598,18.835514846728856],[102.16782411834598,18.836822479671582],[102.16782411834598,18.837133489472606],[102.16836365936055,18.837401077410632],[102.16863116239873,18.83740109853001],[102.16863116239873,18.836861491570176],[102.16836365936055,18.836593984094094],[102.16809162007272,18.836593993454613],[102.16809162007272,18.835786901288174],[102.16863116239873,18.835247310264407],[102.16943829963392,18.83497530873271],[102.16971025500104,18.834707731314083],[102.16971025500104,18.83443579136184],[102.16943829963392,18.833089110992404],[102.16917070737489,18.832821522021234],[102.16863116239873,18.83228199465215],[102.16836365936055,18.832549541662914],[102.16728449274606,18.832549595894108],[102.1667449570406,18.832549572798456],[102.16647745859288,18.832281971448666],[102.16647745859288,18.831742457832746],[102.1667449570406,18.8314749138044],[102.16809162007272,18.830663355447783],[102.16889875333723,18.830663307612454],[102.16943829963392,18.8309353526855],[102.16971025500104,18.83120292103129],[102.16997784857134,18.831474876129022],[102.17024980527717,18.83201001327872],[102.17105695440583,18.833628653210596],[102.17186402221895,18.833628678309537],[102.17186402221895,18.8330890817342],[102.17213598359612,18.831742493810367],[102.17267554579271,18.831202907017698],[102.17267554579271,18.830663315203452],[102.1732106607898,18.830123845568878],[102.17348271275299,18.82985626589553],[102.17509688995355,18.82985621497005],[102.17563637944076,18.829588743777023],[102.17671554086272,18.829049152663373],[102.17752265024998,18.82904915905044],[102.17752265024998,18.828777140082465],[102.17725503830005,18.82850957082043],[102.17617595882226,18.828509573281835],[102.17590843740456,18.82850964747378],[102.1745617657667,18.828509629202003],[102.17348271275299,18.828509613166915],[102.17240358307723,18.829588685287632],[102.17186402221895,18.830395834542088],[102.17159651130251,18.83039581367416],[102.17132446401078,18.830123799224793],[102.17132446401078,18.829518496161924],[102.17132446401078,18.82931672847421],[102.17159651130251,18.828509561567927],[102.17159651130251,18.828237627607322],[102.17132446401078,18.828237636195396],[102.1707893582034,18.828777185806786],[102.1707893582034,18.82958871309056],[102.17105695440583,18.829588730185407],[102.17105695376884,18.8298562988179],[102.1707893582034,18.830123760552354],[102.16943829963392,18.83012381937401],[102.16917070737489,18.82985623032212],[102.16917070737489,18.829049155286512],[102.16943829963392,18.828237557242375],[102.16997784857134,18.827698075184145],[102.17024980527717,18.827430508042184],[102.17051740016811,18.827162961031505],[102.17051740016811,18.82689093811088],[102.17024980527717,18.82689091806948],[102.16943829963392,18.827430486347993],[102.16917070737489,18.827698032730012],[102.16917070737489,18.828237625514333],[102.16889875333723,18.828509649297303],[102.16863116239873,18.82850962771971],[102.16836365936055,18.828237574382257],[102.16836365936055,18.827430501062352],[102.16863116239873,18.827162961588485],[102.16836365936055,18.82662342949419],[102.16755208040556,18.826351377189866],[102.16755208040556,18.826890970450336],[102.16809162007272,18.82743050343396],[102.16809162007272,18.827970097458007],[102.16782411834598,18.828237637605554],[102.16709366344375,18.828237602655193],[102.1667449570406,18.828237585970413],[102.1667449570406,18.8279700159179],[102.16566589358868,18.82797003944485],[102.16566589358868,18.828237610314844],[102.16593783961352,18.82850964467096],[102.16694782946294,18.828509642643155],[102.16728449274606,18.828509641967074],[102.16755208040556,18.828777146550266],[102.16755208040556,18.829588681191453],[102.16728449274606,18.829856228947747],[102.16647745859288,18.829856260927684],[102.16593783961352,18.830123808764895],[102.16539831052862,18.830663379396896],[102.1648587840937,18.831742465872622],[102.16458675350154,18.832010039877716],[102.16377965193843,18.832009979475103],[102.16351216072215,18.83234778025684],[102.16324013346266,18.832821584193724],[102.16270053040168,18.832821553354492],[102.16243304181737,18.832549574595063],[102.16243304181737,18.831742478458025],[102.16162595610078,18.831742495526058],[102.16108636097172,18.83254955670057],[102.1608143397311,18.83390063314667],[102.1605468557461,18.834168175081942],[102.16027483584375,18.83416816906329],[102.16000726592617,18.83390064677417],[102.15920019806785,18.834168236257284],[102.15758154370016,18.834975298455944],[102.15569535382875,18.835514820228724],[102.15488823047284,18.835514816949654],[102.15380910918745,18.835247297454472],[102.15354155505307,18.83497530257044],[102.15354155505307,18.83416818105583],[102.15380910918745,18.833900640054836],[102.15461622460234,18.833361118623486],[102.15542779509516,18.833361102777403],[102.15569535382875,18.833628636304198],[102.15866061487745,18.833089138004652],[102.1589281814984,18.832549557796682],[102.1589281814984,18.832010032385753],[102.15920019806785,18.831474885696124],[102.15946767876508,18.831742415764708],[102.15973969667291,18.831742425035344],[102.16000726592617,18.831474881689545],[102.16108636097172,18.83039584029136],[102.1608143397311,18.830123799638073],[102.16027483584375,18.83039578376031],[102.15946767876508,18.830395792437997],[102.15920019806785,18.830123805683726],[102.15920019806785,18.82985622860633],[102.15946767876508,18.82958869429777],[102.15973969667291,18.829316672284577],[102.16027483584375,18.82931674405988],[102.1605468557461,18.82904917829238],[102.16108636097172,18.82823759068664],[102.16108636097172,18.82716292720106],[102.16108636097172,18.826351383190485],[102.16189344271774,18.825544297249294],[102.16243304181737,18.825544341850687],[102.16270053040168,18.82581186414869],[102.16377965193843,18.827162997817638],[102.16405168053646,18.82716291397786],[102.16405168053646,18.826623404152684],[102.16377965193843,18.82581186175922],[102.16324013346266,18.82473716649116],[102.16297255632267,18.82473722158487],[102.16189344271774,18.82500478653506],[102.16108636097172,18.825004785609664],[102.1608143397311,18.824737201381737],[102.16027483584375,18.823925692881602],[102.16027483584375,18.823386092955616],[102.1605468557461,18.823118536009517],[102.16135393352138,18.82311854396856],[102.16135393352138,18.82257903598513],[102.1608143397311,18.82231150192817],[102.1605468557461,18.822311456203764],[102.16027483584375,18.822579011955185],[102.16000726592617,18.822850998996884],[102.1589281814984,18.82419765354004],[102.1589281814984,18.82500474112507],[102.15973969667291,18.825811815244435],[102.15973969667291,18.826351419518403],[102.15946767876508,18.82662343709407],[102.15812103433692,18.82662337144498],[102.15785355691887,18.82689098923416],[102.15785355691887,18.827430508805847],[102.15812103433692,18.82769804227891],[102.15812103433692,18.828509595982354],[102.15758154370016,18.8298562480189],[102.15731398035783,18.830395822019483],[102.156774406447,18.830935382617284],[102.15650239590539,18.831202947477692],[102.15569535382875,18.831202932871065],[102.15542779509516,18.830935399272235],[102.15542779509516,18.830123834133232],[102.15488823047284,18.828980028555506],[102.15461622460234,18.82904915419938],[102.15434866850049,18.82931668883161],[102.15407666397752,18.830395815937948],[102.15380910918745,18.830663352034165],[102.15326955253326,18.83093532438849],[102.15246244702658,18.83120288120901],[102.15165089849765,18.831202876843165],[102.15138334963629,18.830935333335816],[102.15138334963629,18.83039579888795],[102.15165089849765,18.829856226019075],[102.1519228970021,18.829856250255688],[102.15219044718393,18.829588717150855],[102.15246244702658,18.829049120656435],[102.15246244702658,18.828777171730124],[102.15219044718393,18.828777147610225],[102.1508438049207,18.82904916188906],[102.15057625802692,18.829316692918738],[102.15030426286424,18.829588706038678],[102.15030426286424,18.830123784187137],[102.15030426286424,18.83039582487632],[102.15003671729082,18.83093539867022],[102.14976472346675,18.831202867779126],[102.14922963559869,18.831202941306273],[102.14895764378676,18.83093532790994],[102.14869010149224,18.830123782884442],[102.14869010149224,18.82904916577874],[102.14895764378676,18.82877718018328],[102.15030426286424,18.82769806714427],[102.15057625802692,18.82743051357589],[102.15111580142204,18.826623394522798],[102.15138334963629,18.826351410238814],[102.15219044718393,18.82635136307715],[102.15219044718393,18.82662339955334],[102.15354155505307,18.826623395897244],[102.15542779509516,18.826623383796885],[102.15623483519525,18.825811856279515],[102.15785355691887,18.824197681540397],[102.15812103433692,18.82392561112603],[102.15838859964649,18.82257896599728],[102.15838859964649,18.822311482910848],[102.15812103433692,18.8223114387944],[102.15731173493586,18.82257897654796],[102.15731398035783,18.82285101523864],[102.15758154370016,18.823118544408743],[102.15758154370016,18.823386117812007],[102.15731398035783,18.82365810352435],[102.15623483519525,18.824465242376377],[102.15596282598293,18.824465221508532],[102.15569535382875,18.82419768266341],[102.15542779509516,18.823658116864266],[102.15542779509516,18.822311418645185],[102.15569535382875,18.822311467351923],[102.15569535382875,18.821232348312193],[102.15515578788617,18.820964789542558],[102.15488823047284,18.820964828053263],[102.15407666397752,18.82285102993498],[102.15407666397752,18.823386092677183],[102.15407666397752,18.82446522290084],[102.15380910918745,18.824737206915444],[102.15354155505307,18.825004734423587],[102.1519228970021,18.825004768451933],[102.15165089849765,18.82473725063639],[102.15165089849765,18.824465215139412],[102.1519228970021,18.82419766504755],[102.15239333531545,18.823658110445848],[102.1519228970021,18.822851040786645],[102.15165089849765,18.821232357735582],[102.15165089849765,18.820964781448765],[102.15057625802692,18.820964844842862],[102.15030426286424,18.821232388808326],[102.15030426286424,18.821771911506133],[102.15030426286424,18.822311434985536],[102.14922963559869,18.82311850945537],[102.14895764378676,18.823658092052824],[102.14922963559869,18.82392561657882],[102.14922963559869,18.824465233968084],[102.14895764378676,18.824737238517983],[102.14869010149224,18.82500476140015],[102.14727544303375,18.825004774585338],[102.1468038902141,18.82500477898013],[102.14545277822177,18.824465189609256],[102.14437811133135,18.82419764281414],[102.14410613156579,18.824197690352904],[102.14410613156579,18.82446518549486],[102.14464564308881,18.825004739606996],[102.14707142789135,18.82554428429566],[102.14787849367437,18.825811843532477],[102.14815048281847,18.826083827394214],[102.14841802378342,18.82635137894144],[102.14841802378342,18.82662341829213],[102.14815048281847,18.827162983390508],[102.14787849367437,18.82743053417417],[102.1473389662244,18.82769802665736],[102.1468038902141,18.827698086682673],[102.14545277822177,18.827162960330824],[102.14518524449701,18.82689094475853],[102.14275950147518,18.826623418930026],[102.14221991202331,18.82608386130576],[102.1419523861949,18.82581183775629],[102.1419523861949,18.825544340036146],[102.14221991202331,18.82527673364673],[102.14275950147518,18.82365813607929],[102.14275950147518,18.823386094608523],[102.14249188710878,18.82285103948405],[102.14221991202331,18.822850993607148],[102.14141280072275,18.822850987408813],[102.13979414749585,18.821232369386706],[102.13952662760525,18.82096479660332],[102.13952662760525,18.82069284379628],[102.13979414749585,18.820425246866165],[102.13952662760525,18.81988572185074],[102.1392545726687,18.820153259087732],[102.13817996663911,18.82015324104944],[102.13710083556217,18.819885748854034],[102.13656127401205,18.81961366023954],[102.13629376202672,18.819346168628016],[102.13629376202672,18.818806628350146],[102.13602180235645,18.81826702878324],[102.13494269256952,18.81799951584557],[102.13332849608238,18.81718791074067],[102.13305645656968,18.816920441452353],[102.13278895315423,18.816652852068017],[102.13278895315423,18.81611331045157],[102.13305645656968,18.815841269897035],[102.13366514540778,18.81584129585619],[102.13386804168712,18.815841304509178],[102.13386804168712,18.81557371883511],[102.13332849608238,18.81530179162094],[102.1314422879303,18.81476668437621],[102.13090275430906,18.81449465724259],[102.13063072082414,18.814227092714717],[102.13036313612915,18.81395513538908],[102.12928408219935,18.813415525186343],[102.12793737293978,18.81314803728465],[102.12713027983929,18.81260848576882],[102.12685834295931,18.812340906122202],[102.1265907675079,18.811801351130057],[102.1265907675079,18.811261807294755],[102.1260512578356,18.81045467051787],[102.12578368435155,18.810182701891407],[102.12578368435155,18.809915114294796],[102.1260512578356,18.809375585964602],[102.1263187447581,18.809103561768367],[102.12685834295931,18.80910356352004],[102.12739785662009,18.80937561172827],[102.12766988205604,18.80964318441289],[102.12766988205604,18.809915138055345],[102.12793737293978,18.80991515411725],[102.12820495169726,18.80883608752127],[102.12820495169726,18.808564045942575],[102.12820495169726,18.80802896606066],[102.1265907675079,18.806949852770202],[102.1260512578356,18.806410303625825],[102.12497207205124,18.80614278831672],[102.12443257037395,18.806142769919163],[102.12362550317144,18.80641031609443],[102.12308592093316,18.806410299206064],[102.12281835471643,18.806142780079213],[102.12281835471643,18.805331195599692],[102.12173928809344,18.804524106280752],[102.12119971517095,18.803984538828786],[102.12093215358047,18.803177474564038],[102.12093215358047,18.802637934878845],[102.12066014492504,18.80236588851234],[102.11931354199922,18.802365873600266],[102.1190459850263,18.80236593209864],[102.11877398106915,18.80263787998294],[102.11850642542564,18.80290543634507],[102.11850642542564,18.80317748109472],[102.1190459850263,18.80317742941473],[102.11931354199922,18.803444957830237],[102.11958109962816,18.803717031541538],[102.11958109962816,18.803984530115045],[102.11931354199922,18.80506367926624],[102.11850642542564,18.80614279975228],[102.11823442280692,18.80641029590933],[102.11796686848388,18.806410266453696],[102.11742731421023,18.806142728210574],[102.11715976186358,18.80587073834785],[102.11634821367582,18.80479167865994],[102.1158086674063,18.803984583034847],[102.11554111902106,18.803444998658563],[102.11500157674888,18.80317744799187],[102.11365495644063,18.803717033993976],[102.11311533629348,18.80371698456871],[102.11284779452004,18.80344498409697],[102.11284779452004,18.802098377991143],[102.11311533629348,18.80129127874592],[102.11338287872294,18.800751682871365],[102.11419449205638,18.7999401604922],[102.11554111902106,18.799672634834394],[102.11554111902106,18.79805392018052],[102.1158086674063,18.797246834356216],[102.11608066397022,18.79697926509428],[102.11662021157841,18.79697932019677],[102.11688776260453,18.79724685464008],[102.11688776260453,18.797786392465696],[102.11662021157841,18.79778644341819],[102.11662021157841,18.798593479287348],[102.11688776260453,18.7994050107213],[102.11877398106915,18.80021213045697],[102.11931354199922,18.800413930252788],[102.12012057733821,18.79940503738335],[102.12012057733821,18.797786433734373],[102.11985310559757,18.797786395331315],[102.11985310559757,18.798053978499212],[102.11931354199922,18.79805393609891],[102.11877398106915,18.797518813214324],[102.11877398106915,18.796979278622743],[102.1190459850263,18.796979289833857],[102.11931354199922,18.796707284969457],[102.11931354199922,18.79616775238098],[102.11769486721286,18.795628160458904],[102.11715976186358,18.795360678028032],[102.11688776260453,18.79509307891503],[102.11688776260453,18.794821128075498],[102.11715976186358,18.79482105505133],[102.11715976186358,18.794281522013975],[102.11688776260453,18.793741972842582],[102.11662021157841,18.793474438345356],[102.11608066397022,18.79293493442222],[102.1158086674063,18.792667332569366],[102.11554111902106,18.79266737787154],[102.11554111902106,18.79320691096271],[102.1152691238045,18.793474474071274],[102.11446203713561,18.79347445313158],[102.11284779452004,18.793206908627255],[102.11257580601384,18.79293493114342],[102.11230826556076,18.792667386090997],[102.1117687392697,18.79239535681039],[102.11095939044318,18.7926673289941],[102.11149675345862,18.793206910980828],[102.1117687392697,18.793474434347942],[102.11203627840226,18.793741980711758],[102.11203627840226,18.79455356391587],[102.1117687392697,18.794821101916412],[102.11095714398337,18.79482109542161],[102.11068960750092,18.79455354644344],[102.10988255472554,18.793742005514403],[102.10934295323645,18.793742017291123],[102.10907097347095,18.794281531275544],[102.10940872521596,18.794821080285004],[102.10988255472554,18.795093137988403],[102.11042207167415,18.795628215570645],[102.11068960750092,18.79590022203412],[102.11068960750092,18.796439767198848],[102.11042207167415,18.796707306708598],[102.11015008922286,18.79670728038805],[102.11015008922286,18.79643978009848],[102.109610486413,18.796439796852283],[102.10934295323645,18.797246883709633],[102.10934295323645,18.797786432889993],[102.109610486413,18.798053985119864],[102.10988255472554,18.798865514146343],[102.10988255472554,18.799133016412185],[102.109610486413,18.79940504540521],[102.10934295323645,18.799405085200576],[102.10907097347095,18.799405059068675],[102.10745672345317,18.799405076738367],[102.10611010911853,18.799405038317715],[102.10583813742014,18.79913304417913],[102.10583813742014,18.79859348774049],[102.1050310333599,18.79832593018331],[102.10341239615875,18.79832592507202],[102.1017981427544,18.797786413396423],[102.10152618181749,18.797518865487348],[102.10125858129416,18.797246842216424],[102.10125858129416,18.796707281672624],[102.10098662170472,18.796167768514735],[102.1004470642691,18.79562819328322],[102.09991195636852,18.795360645069067],[102.09937240425083,18.795093117776304],[102.0985609012753,18.795093137143823],[102.09802580264537,18.794553526644606],[102.09802580264537,18.793742000887974],[102.09721422251383,18.79347441905857],[102.0969466325815,18.79347443907305],[102.0969466325815,18.793742036173697],[102.09721422251383,18.79509310699639],[102.09748617267977,18.795093067749022],[102.09748617267977,18.796167739202716],[102.09721422251383,18.79643974601659],[102.0969466325815,18.79643976824086],[102.09640709516046,18.796439739746233],[102.09613514768941,18.796167721443155],[102.09586756040702,18.7956281745804],[102.09559997378952,18.795093084260174],[102.09452091496397,18.795093101292153],[102.09398138956217,18.794821094271683],[102.0937138075802,18.794553509486875],[102.0937138075802,18.794014030716497],[102.09398138956217,18.794014015804606],[102.09424888501863,18.79374203893167],[102.09424888501863,18.793474439818496],[102.09398138956217,18.793474449089118],[102.09317428618479,18.79374201950108],[102.09263468026691,18.794014037283333],[102.0920951642166,18.794553560708735],[102.09182314033487,18.794821108510078],[102.0912880748256,18.795093096306445],[102.09074847826841,18.795093141240287],[102.09047654493682,18.794821108869428],[102.09047654493682,18.79401402252394],[102.09020897156952,18.793741972096953],[102.08993695240403,18.79374200345721],[102.08993695240403,18.79475534226873],[102.09020897156952,18.795360692796393],[102.09074847826841,18.795360655004316],[102.09101605295623,18.79562815788975],[102.09101605295623,18.79590021807249],[102.09074847826841,18.796167743712445],[102.09020897156952,18.796439754775093],[102.08966938036619,18.796439798029027],[102.08912987902133,18.79616777173065],[102.08886230896874,18.79590017510597],[102.08886230896874,18.796707269239988],[102.08912987902133,18.797246839323975],[102.08912987902133,18.797786418885096],[102.08886230896874,18.79832591999653],[102.08859029317173,18.798593470232277],[102.08832272443968,18.798593479403962],[102.08805079717175,18.798325987343276],[102.08697608519512,18.797246873477903],[102.08643659720812,18.797246812033194],[102.08616458747488,18.796979320969314],[102.08562501633074,18.79643976754906],[102.08562501633074,18.794553593371504],[102.08589702471662,18.794281505790323],[102.08616458747488,18.794013987561513],[102.08724365060343,18.793206933510632],[102.08832272443968,18.791048675021457],[102.08886230896874,18.789430025953706],[102.08912987902133,18.789162512063726],[102.08993695240403,18.78916248284159],[102.09020897156952,18.78943005391818],[102.09020897156952,18.789969620319155],[102.09047654493682,18.790241581606338],[102.0912880748256,18.790241609157547],[102.09155565084333,18.79050911077644],[102.09155565084333,18.7915882435244],[102.0912880748256,18.791588252516505],[102.0912880748256,18.792395331675564],[102.09155565084333,18.792395322081546],[102.09263468026691,18.792127823283323],[102.09263468026691,18.79104869218817],[102.0920951642166,18.790781131217642],[102.09182314033487,18.790509107830005],[102.09182314033487,18.78996963219491],[102.0920951642166,18.789702091625117],[102.09317428618479,18.789702012573244],[102.09344177964684,18.78808341557192],[102.09263468026691,18.788355424514577],[102.09236274222806,18.78862295792503],[102.0920951642166,18.788622966072552],[102.09182314033487,18.788355399649404],[102.09155565084333,18.788083435972496],[102.09047654493682,18.786736776461836],[102.08912987902133,18.78619717745218],[102.08859029317173,18.78592969297317],[102.08805079717175,18.7853900563957],[102.08805079717175,18.78458298545665],[102.08832272443968,18.78431100534071],[102.08912987902133,18.784310985460877],[102.08940189617456,18.784583015604],[102.08966938036619,18.784850527598422],[102.09047654493682,18.78592961885326],[102.0912880748256,18.785929656142187],[102.09182314033487,18.784583031369337],[102.09182314033487,18.784310980232704],[102.0912880748256,18.784043476862138],[102.09074847826841,18.784043416055127],[102.09074847826841,18.784311010865267],[102.09047654493682,18.784311030322854],[102.09020897156952,18.78404343685112],[102.08993695240403,18.783231851069075],[102.08993695240403,18.78269684030343],[102.09020897156952,18.782424766358545],[102.09047654493682,18.78215726154167],[102.09074847826841,18.782157243719126],[102.0912880748256,18.78242481123837],[102.09155565084333,18.782424809073618],[102.09155565084333,18.781617663439377],[102.09182314033487,18.781345707326366],[102.09290225959901,18.781345655259926],[102.09317428618479,18.781617676060478],[102.09344177964684,18.781885268005084],[102.09398138956217,18.782157281385622],[102.0945867215892,18.781345657550816],[102.09452091496397,18.78107815459343],[102.09379453577978,18.781078136568382],[102.09344177964684,18.78107812781458],[102.09317428618479,18.78080616812639],[102.09317428618479,18.779999029723783],[102.09344177964684,18.779731531365655],[102.09344177964684,18.779459485079983],[102.09263468026691,18.779191920614906],[102.09236274222806,18.779191939443578],[102.09236274222806,18.779731487447094],[102.0920951642166,18.779999079616047],[102.09182314033487,18.780271062597606],[102.09047654493682,18.780806103932846],[102.08966938036619,18.78080612283337],[102.08912987902133,18.780271037534547],[102.08912987902133,18.779999076714645],[102.08940189617456,18.77973146451299],[102.08993695240403,18.77973147584092],[102.09020897156952,18.779459495500348],[102.09047654493682,18.779191905927547],[102.09074847826841,18.778384839219328],[102.09101605295623,18.77649415339684],[102.08940189617456,18.776494161822896],[102.08940189617456,18.777573259518718],[102.08966938036619,18.777845317590263],[102.08993695240403,18.77784532158786],[102.08993695240403,18.778384871235133],[102.08886230896874,18.779191926651407],[102.08832272443968,18.779459532439247],[102.08751121667618,18.77945946525415],[102.08724365060343,18.77919195363684],[102.08697608519512,18.77919194607321],[102.08643659720812,18.779459451976948],[102.08589702471662,18.779731508808936],[102.08562501633074,18.77999902843007],[102.0850898941292,18.78053856867197],[102.08481788776444,18.78080617784626],[102.08427832331293,18.780806179157736],[102.08401085238043,18.780538564827225],[102.08347129192654,18.778919966855653],[102.08347129192654,18.778384863662254],[102.08373884871091,18.778112825156043],[102.08401085238043,18.777845310197236],[102.08427832331293,18.77784532949292],[102.08427832331293,18.77811283542374],[102.0850898941292,18.778112827464597],[102.08535745490204,18.777845333903784],[102.08562501633074,18.777573294427157],[102.08562501633074,18.77676623537255],[102.08589702471662,18.77649417453415],[102.08616458747488,18.77622668259906],[102.08670407410526,18.776226687396118],[102.08724365060343,18.77487999380338],[102.08697608519512,18.774072932988048],[102.08616458747488,18.77353338693409],[102.08562501633074,18.773261334378134],[102.08455032832117,18.772993793224188],[102.08427832331293,18.772721840066865],[102.08427832331293,18.77245424897589],[102.08455032832117,18.77164719340668],[102.08481788776444,18.77137516394629],[102.08481788776444,18.770835617029817],[102.08455032832117,18.770835599126443],[102.08401085238043,18.771107625829032],[102.08373884871091,18.77137513072664],[102.08347129192654,18.772721803379767],[102.08293173414941,18.77380089386199],[102.08212462557955,18.774879969944067],[102.08158507449494,18.77568710620892],[102.08158507449494,18.775959069517143],[102.08185262663514,18.775959088633414],[102.08239217905813,18.775687051070264],[102.08266417935019,18.775419541061098],[102.08266417935019,18.77514757898362],[102.08319928961325,18.774340466065965],[102.08347129192654,18.774340461026355],[102.08373884871091,18.774607981905135],[102.08455032832117,18.7756870969922],[102.08481788776444,18.775959072140296],[102.08481788776444,18.77649416975514],[102.08455032832117,18.77676620686006],[102.08427832331293,18.777033720732007],[102.08373884871091,18.777305760666593],[102.08293173414941,18.777305737202695],[102.08158507449494,18.777845257825447],[102.08212240351807,18.778112877469397],[102.08239217905813,18.778112883447733],[102.08266417935019,18.77838484124952],[102.08266417935019,18.778919945637426],[102.08239217905813,18.779191917865987],[102.08158507449494,18.77919198087399],[102.08104552607833,18.779999043413994],[102.08104552607833,18.7802710103514],[102.08131307689794,18.780271027185933],[102.08158507449494,18.779999054382458],[102.08239217905813,18.77973148083541],[102.08293173414941,18.77973148759959],[102.08319928961325,18.779999009745012],[102.08319928961325,18.781078136465254],[102.08347129192654,18.78134572437638],[102.08427832331293,18.781617707196204],[102.08535745490204,18.781617700279156],[102.08535745490204,18.78107813896264],[102.08562501633074,18.78080618379296],[102.08616458747488,18.78053858222752],[102.0877832297783,18.780538560254797],[102.08832272443968,18.781078109102708],[102.08832272443968,18.781617665972547],[102.08805079717175,18.7818852742393],[102.0877832297783,18.781885270053138],[102.08724365060343,18.782424842823062],[102.08697608519512,18.783231906234633],[102.08670407410526,18.783503889126223],[102.08589702471662,18.78350388907249],[102.08589702471662,18.78323192339238],[102.08562501633074,18.782964341518124],[102.0850898941292,18.782696817162915],[102.08455032832117,18.782696822256355],[102.08427832331293,18.783231854671342],[102.08427832331293,18.78350391071268],[102.08589702471662,18.78458302008815],[102.08643659720812,18.785118113443275],[102.08643659720812,18.785929646206753],[102.08616458747488,18.786469232433745],[102.08589702471662,18.786736739523207],[102.0850898941292,18.787008717195675],[102.08455032832117,18.78700872875683],[102.08427832331293,18.786736775725174],[102.08401085238043,18.786469161448665],[102.08373884871091,18.78539012465879],[102.08319928961325,18.784310989656092],[102.08319928961325,18.785201022933663],[102.08319928961325,18.786469182720708],[102.08293173414941,18.787276260316574],[102.08266417935019,18.787543854650735],[102.08185262663514,18.787543871413234],[102.08158507449494,18.78727625691201],[102.08158507449494,18.786197196119204],[102.08104552607833,18.78565761987268],[102.08050598034757,18.78539010127571],[102.07996643729385,18.785390094708873],[102.07996643729385,18.785657609389418],[102.08023843152225,18.78700872632251],[102.08104552607833,18.78781583384111],[102.08185262663514,18.788355419933268],[102.08212462557955,18.78862292186649],[102.08293173414941,18.789702077117255],[102.08347129192654,18.79131625394936],[102.08347129192654,18.792395324219484],[102.08319928961325,18.792667317477623],[102.08239217905813,18.792667325733333],[102.08185262663514,18.792395360978517],[102.08158507449494,18.79212783567111],[102.08131307689794,18.791855786196336],[102.08131307689794,18.791316203652713],[102.08104552607833,18.79050918440244],[102.08050598034757,18.789702088148516],[102.0794268969261,18.78808343106779],[102.07915935075076,18.787815810637625],[102.07888727205395,18.786469237356386],[102.07861972720801,18.784311000471888],[102.07565446086826,18.78269678962947],[102.07538692398177,18.782696764997624],[102.07511494190757,18.78296436787454],[102.0748473191866,18.783231864921106],[102.07404027067841,18.782424800746142],[102.07268918831241,18.780806167380845],[102.07268918831241,18.780538561701192],[102.07268918831241,18.780271045367925],[102.07268918831241,18.779731467028313],[102.07296116431385,18.779191988060333],[102.07296116431385,18.77838480784105],[102.07215404264676,18.778919946463787],[102.07161454108618,18.778919901602166],[102.0713424812898,18.778652379178126],[102.0713424812898,18.777305708905686],[102.07161454108618,18.776494169404742],[102.07242157156534,18.77541956423758],[102.07268918831241,18.775147534867173],[102.07322869521798,18.775147581723473],[102.07404027067841,18.775147542520784],[102.0745797842944,18.774879984640577],[102.0745797842944,18.77460801684954],[102.07404027067841,18.774607973811342],[102.07376829197298,18.774340451612105],[102.07350067256678,18.774072912075184],[102.07350067256678,18.77353334415612],[102.07376829197298,18.773261316591473],[102.07430780424116,18.772993763651755],[102.07511494190757,18.77191470829372],[102.07478156921624,18.771647133836993],[102.07376829197298,18.768949354682704],[102.07376829197298,18.76868184768277],[102.07404027067841,18.76840981049692],[102.0759264442901,18.767870256942018],[102.07646605445697,18.7673352006138],[102.07673359399362,18.76679568180569],[102.07700113419517,18.76625607500742],[102.07700113419517,18.765984115507877],[102.07673359399362,18.7651770275006],[102.07673359399362,18.763762349739537],[102.07646605445697,18.762483705425012],[102.07646605445697,18.761944159209307],[102.07673359399362,18.760597520287874],[102.07700113419517,18.76032551470483],[102.07646605445697,18.75978598241292],[102.07619398250611,18.759785970043268],[102.07565446086826,18.76005795527938],[102.07538692398177,18.760325502361994],[102.07538692398177,18.760597458825217],[102.07565446086826,18.761137045312523],[102.0759264442901,18.762483656332023],[102.0759264442901,18.7635583850536],[102.0759264442901,18.76463748471646],[102.0759264442901,18.765177035756224],[102.0759264442901,18.765716587595335],[102.07565446086826,18.766256126148647],[102.07538692398177,18.76652368242995],[102.07511494190757,18.766795628930737],[102.0748473191866,18.76706319117696],[102.07430780424116,18.767063226885014],[102.07404027067841,18.766795682937484],[102.07322869521798,18.765448994941167],[102.07296116431385,18.76544904250703],[102.07242157156534,18.765716580624556],[102.07215404264676,18.766523602587682],[102.07215404264676,18.766795655296306],[102.07268918831241,18.766795643914662],[102.07268918831241,18.76652368075014],[102.07322869521798,18.76652365139317],[102.07350067256678,18.76679563201209],[102.07350067256678,18.76840985114565],[102.07322869521798,18.768681887801606],[102.07268918831241,18.76868183126159],[102.07268918831241,18.768949428200685],[102.07268918831241,18.769760955897823],[102.07242157156534,18.770028520228067],[102.07188206866627,18.770296061471626],[102.07161454108618,18.770296021218144],[102.0713424812898,18.770028498623574],[102.0713424812898,18.76922142428866],[102.07107495503018,18.768681817975605],[102.06972826803988,18.768409866462108],[102.06837723933936,18.76787031852166],[102.06784211493695,18.76760271712665],[102.06810963322826,18.767063199405484],[102.06810963322826,18.766795689594034],[102.06784211493695,18.766523673509795],[102.06730254764656,18.765984124140886],[102.06676298303327,18.765716538933646],[102.06595590745863,18.76571658651754],[102.06568394901913,18.765448955056186],[102.06514439245493,18.76436991738595],[102.06514439245493,18.763558295599196],[102.06568394901913,18.763023272966777],[102.06703058582039,18.762211698871738],[102.06837723933936,18.761944135646473],[102.06891672481098,18.76167216554697],[102.06918877852596,18.761404594883473],[102.0694563001322,18.761137052103805],[102.0694563001322,18.760597497380857],[102.06918877852596,18.760325484647367],[102.06918877852596,18.760057980620886],[102.06918877852596,18.75951842711075],[102.06918877852596,18.758978874409294],[102.06918877852596,18.758171730742376],[102.06864920453424,18.757092637232617],[102.06810963322826,18.75709264246106],[102.06810963322826,18.759246396392797],[102.06837723933936,18.75978591031415],[102.06837723933936,18.760057960813086],[102.06837723933936,18.760597516344447],[102.06837723933936,18.761137072675268],[102.06810963322826,18.761404620108095],[102.0668976785004,18.761404620482367],[102.06595590745863,18.761404620772808],[102.06568394901913,18.761137078379406],[102.06460483857634,18.76275122350107],[102.06460483857634,18.763830354713008],[102.06460483857634,18.76409786494662],[102.06460483857634,18.765512526706445],[102.06487679431208,18.765984113971854],[102.06487679431208,18.76679565265522],[102.06460483857634,18.767063221477173],[102.06406528737497,18.767063227819293],[102.06353018424463,18.766795607982246],[102.06433617499331,18.767335188571877],[102.06514439245493,18.767870296728333],[102.06649102256367,18.768142292456943],[102.06730254764656,18.76868187293448],[102.06730254764656,18.768949384740168],[102.06730254764656,18.76976092460046],[102.06703058582039,18.771107556703612],[102.06730254764656,18.770028526336517],[102.06784211493695,18.76922142228537],[102.06810963322826,18.768949412156815],[102.06891672481098,18.768949435441215],[102.06918877852596,18.769221421063676],[102.0694563001322,18.770028455666107],[102.0694563001322,18.770835625177696],[102.06999587813928,18.7716471327344],[102.07053537165999,18.771647194053443],[102.07080298375374,18.77191465170867],[102.0713424812898,18.77272179019245],[102.0713424812898,18.77353332936991],[102.07107495503018,18.773800892325795],[102.0702678473946,18.77460797790762],[102.0694563001322,18.774607996466727],[102.06918877852596,18.77434044072446],[102.06784211493695,18.773800884303938],[102.06757006459955,18.77380314107178],[102.06676298303327,18.774340426773662],[102.06649102256367,18.7746080087108],[102.06649102256367,18.77487998261047],[102.06676298303327,18.774880005993452],[102.06784211493695,18.774880038710037],[102.0694563001322,18.775147572048553],[102.06972826803988,18.775419561973976],[102.06972826803988,18.776494169287858],[102.0694563001322,18.77676621445967],[102.06918877852596,18.77676617489807],[102.06918877852596,18.776494201618362],[102.06891672481098,18.776226673157723],[102.06837723933936,18.776226613168475],[102.06784211493695,18.776494230059072],[102.06703058582039,18.777303524874327],[102.06649102256367,18.77757325733576],[102.06622342109691,18.777305789197186],[102.06595590745863,18.77730574455086],[102.06595590745863,18.777845329385187],[102.06622342109691,18.778112892996717],[102.06703276600913,18.77811284617222],[102.06730254764656,18.7781128305639],[102.06730254764656,18.77784531201179],[102.06837723933936,18.777845265236493],[102.06864920453424,18.778112889825735],[102.06972826803988,18.779459495769828],[102.06972826803988,18.77999907814292],[102.06918877852596,18.780538610569565],[102.06891672481098,18.780538601334825],[102.06864920453424,18.78027104432583],[102.06837723933936,18.779459467356205],[102.06810963322826,18.77919191469502],[102.06757006459955,18.778919974895445],[102.06703058582039,18.77891991434015],[102.06595590745863,18.77919193267033],[102.06595590745863,18.77945945321666],[102.06696588759965,18.779459502513944],[102.06891672481098,18.781617683372943],[102.06891672481098,18.782157270165527],[102.06837723933936,18.782696807470046],[102.06784211493695,18.782964349593968],[102.06757006459955,18.782964339865217],[102.06730254764656,18.782696779586303],[102.06703058582039,18.782696763039453],[102.06622342109691,18.782964378690252],[102.06622342109691,18.78350388237091],[102.06730254764656,18.783771415637474],[102.06810963322826,18.783771409807557],[102.06837723933936,18.783503918393293],[102.06837723933936,18.78323185032363],[102.06864920453424,18.782964342811667],[102.0694563001322,18.782424833867125],[102.0702678473946,18.782424797673755],[102.07053537165999,18.782696807892194],[102.07053537165999,18.783771434286464],[102.07107495503018,18.784043447181872],[102.07215404264676,18.784043428577732],[102.07242157156534,18.78404345769205],[102.07296116431385,18.78431100534071],[102.07322869521798,18.784583008956332],[102.07350067256678,18.785390116978178],[102.07350067256678,18.785657636473616],[102.07322869521798,18.785929609941988],[102.07215404264676,18.785929619113674],[102.07080298375374,18.785390135384603],[102.06891672481098,18.784850580607923],[102.06837723933936,18.785118056454195],[102.06810963322826,18.7853900966404],[102.06703058582039,18.785929686792784],[102.06487679431208,18.785929646880533],[102.06460483857634,18.78565764500759],[102.06433724176313,18.78511809979784],[102.06379769190013,18.784850516827746],[102.06353018424463,18.78485056281248],[102.06325814472305,18.785118073782556],[102.06325814472305,18.785390057985722],[102.06191146758752,18.785390074712424],[102.06137192979801,18.785118113676873],[102.06110442812528,18.784850538288453],[102.06056489435096,18.78404342788602],[102.06056489435096,18.783503914925845],[102.06083239468538,18.78323189034343],[102.06029286225865,18.782424779554916],[102.05948574767925,18.781345724457296],[102.05921825066875,18.781078144433465],[102.05894622196305,18.78107811839118],[102.05867863911843,18.78134568635967],[102.05840661176032,18.782157247195727],[102.05813911740867,18.78242481056469],[102.05705999489251,18.782424828863384],[102.05679241671041,18.782157248605884],[102.05571339476037,18.781078127994164],[102.05544137484944,18.78080610901722],[102.05436672420959,18.780271022002793],[102.0538271368151,18.77973150130792],[102.05355512163803,18.77945947764192],[102.05328763926096,18.779191972277133],[102.05302007039418,18.778919925443276],[102.05302007039418,18.778384866114692],[102.05274805724733,18.778112840436265],[102.05140142355415,18.77784530461868],[102.05086185092804,18.777845287604563],[102.04897567746909,18.77838485264911],[102.04816856005087,18.778652382088694],[102.04628234636542,18.7789199376425],[102.04574279925126,18.778919904719046],[102.04547080438513,18.778652407582882],[102.04520325483205,18.778112806408203],[102.04439616554899,18.77622666565688],[102.04331709282675,18.774956473047567],[102.04304501690555,18.774880025882084],[102.04304501690555,18.775147560271563],[102.04277747335337,18.775419561722444],[102.0422379437205,18.775959129120494],[102.04143087654509,18.775959085480466],[102.04143087654509,18.776226621864097],[102.04197040215334,18.776494209748208],[102.04304501690555,18.776494239203842],[102.04304501690555,18.7762266146686],[102.04376941099977,18.776226611792055],[102.04412417406073,18.776494234110416],[102.04466371310806,18.777033713428608],[102.04466371310806,18.777305705635854],[102.04439616554899,18.778112871913407],[102.04385662784026,18.77838482494505],[102.04385662784026,18.7786523613197],[102.04412417406073,18.77919196718352],[102.04439616554899,18.779459467634737],[102.04520325483205,18.77999901823422],[102.04547080438513,18.779999090431843],[102.04601035014267,18.77973149775964],[102.04601035014267,18.779459504761917],[102.04681745147198,18.779191982356096],[102.04708944971574,18.7791919416086],[102.04735700393113,18.779459456414642],[102.04735700393113,18.780469465506116],[102.04762900354038,18.780538557146613],[102.04843611693408,18.78027102445506],[102.04870811925619,18.77999907787327],[102.05005471945125,18.779459487424504],[102.05059428805296,18.778919983690102],[102.05086185092804,18.778652427022436],[102.05140142355415,18.77838482291476],[102.05194099886651,18.778384837269954],[102.05220847791057,18.77865243507138],[102.05220847791057,18.77945948411879],[102.05248048971012,18.77973151112664],[102.05274805724733,18.77999901278143],[102.05490622713566,18.781345694947476],[102.056252904388,18.782157250824724],[102.05679241671041,18.782424778135436],[102.05759959838488,18.783231863133466],[102.05759959838488,18.784310987077887],[102.0573320188731,18.78485054681336],[102.05679241671041,18.786736746655805],[102.05652048124969,18.7870087946753],[102.056252904388,18.78727627994479],[102.05598088312937,18.78727634261128],[102.05571339476037,18.787008754089456],[102.05463429640898,18.78781583163132],[102.05436672420959,18.78889492798848],[102.0538271368151,18.789430011239247],[102.05166898842353,18.789702019526345],[102.05140142355415,18.789969593279906],[102.05032228099671,18.790781129564735],[102.04870811925619,18.791048723494598],[102.04574279925126,18.791048698745954],[102.04520325483205,18.790781137658627],[102.04466371310806,18.79078111878492],[102.04385662784026,18.790781120734295],[102.04385662784026,18.791316211863304],[102.04412417406073,18.791316277952475],[102.04412417406073,18.79212783074837],[102.04358463771743,18.792667361333386],[102.04277747335337,18.79293491529708],[102.04250993045687,18.793206942960765],[102.04250993045687,18.793474491202275],[102.04277747335337,18.794553578279846],[102.04250993045687,18.795093068620332],[102.04250993045687,18.795628168058684],[102.04304501690555,18.79562820880645],[102.04331709282675,18.79509305825387],[102.04466371310806,18.79239530615429],[102.04493126132232,18.791855821356393],[102.04520325483205,18.791588229241256],[102.04574279925126,18.791588245051457],[102.04601035014267,18.79185576304677],[102.04601035014267,18.79212776529708],[102.04843611693408,18.79212777219601],[102.04870811925619,18.792934894743738],[102.04897567746909,18.79293486224263],[102.04978271375145,18.792667381626302],[102.05032228099671,18.792395380750435],[102.05059428805296,18.792127782526777],[102.05140142355415,18.79131620663513],[102.05166898842353,18.791048720044998],[102.05194099886651,18.79078112250407],[102.05248048971012,18.790781122126774],[102.05302007039418,18.791048742044822],[102.05328763926096,18.791316242280388],[102.05355512163803,18.79125046107066],[102.05490622713566,18.789969613446885],[102.0551738006645,18.789430042815056],[102.05544137484944,18.78916246625859],[102.05571339476037,18.788894956959354],[102.05705999489251,18.788355365558274],[102.05840661176032,18.788355379194655],[102.05948574767925,18.78862295514014],[102.06110442812528,18.788894952584442],[102.06271860022312,18.788894971637646],[102.06487679431208,18.789430058167227],[102.06514439245493,18.7894300008099],[102.06541634954678,18.789162487252284],[102.06595590745863,18.78889491548408],[102.06676298303327,18.788622920896245],[102.06757006459955,18.7886229069546],[102.06864920453424,18.788894964819463],[102.0702678473946,18.788894978958908],[102.07107495503018,18.789162470318985],[102.07188206866627,18.789430045680675],[102.0748473191866,18.790509179219114],[102.07511494190757,18.790781172531254],[102.07511494190757,18.791316217226296],[102.07430780424116,18.79212776065289],[102.07350067256678,18.792667323298744],[102.07296116431385,18.792934918028052],[102.07215404264676,18.792934880119176],[102.07107495503018,18.792127799657777],[102.07080298375374,18.792127796756006],[102.06810963322826,18.793473320097817],[102.06649102256367,18.79455356828153],[102.06588571740522,18.794553584572583],[102.06568394901913,18.794553590002906],[102.06541634954678,18.794014041711975],[102.06514439245493,18.793741952109386],[102.06487679431208,18.793742012673917],[102.06460483857634,18.794013989897067],[102.06460483857634,18.79428152232829],[102.06622342109691,18.79509306340131],[102.06676298303327,18.795093096800457],[102.06757006459955,18.79509306835095],[102.06810963322826,18.794755341300885],[102.06837723933936,18.794281525328557],[102.06864920453424,18.794014001368694],[102.0694563001322,18.793741979723663],[102.07107495503018,18.79401403763363],[102.07161454108618,18.794281583252],[102.07188206866627,18.79455359019147],[102.07188206866627,18.795360630327522],[102.07188206866627,18.795628158329933],[102.07188206866627,18.79590023299353],[102.07268918831241,18.796167704294206],[102.07322869521798,18.796167719619447],[102.07322869521798,18.794553554456584],[102.07350067256678,18.794281568052426],[102.07430780424116,18.794281506895217],[102.07538692398177,18.794821120385734],[102.07565446086826,18.795360643065592],[102.07565446086826,18.79562816826528],[102.07565446086826,18.796439748738322],[102.07565446086826,18.798053911332133],[102.07538692398177,18.798325971937203],[102.0748473191866,18.798865486370417],[102.07404027067841,18.798865465745138],[102.07376829197298,18.798593486761362],[102.07350067256678,18.798865462933435],[102.07376829197298,18.799405078067963],[102.07376829197298,18.799672607615463],[102.07350067256678,18.799940128045094],[102.07161454108618,18.80021216184413],[102.07107495503018,18.801291286435415],[102.07107495503018,18.801830809906036],[102.0713424812898,18.801830827638597],[102.07215404264676,18.801558837380725],[102.07242157156534,18.80101924327586],[102.07268918831241,18.80075172228935],[102.07322869521798,18.80075173074249],[102.07350067256678,18.80101925367839],[102.07376829197298,18.801291250287264],[102.07376829197298,18.8021813223165],[102.0748473191866,18.802098393810482],[102.0748473191866,18.80128905023912],[102.07511494190757,18.80075165659558],[102.07673359399362,18.79940509243204],[102.07700113419517,18.799405013200655],[102.0778126506722,18.799672610355316],[102.07808019352379,18.799940144780678],[102.07835218302696,18.799940129212956],[102.07835218302696,18.798112634546698],[102.07835218302696,18.796439748352142],[102.07861972720801,18.796167776896212],[102.07915935075076,18.796167766215163],[102.07996643729385,18.79643974646565],[102.08023843152225,18.796707252863754],[102.08050598034757,18.7972468505438],[102.08050598034757,18.798325947215375],[102.08050598034757,18.798865541311358],[102.08104552607833,18.799405030753633],[102.08212462557955,18.79913301220799],[102.08239217905813,18.799133013160116],[102.08266417935019,18.79940505986812],[102.08266417935019,18.799940105937438],[102.08293173414941,18.800212174887747],[102.08347129192654,18.80075174147747],[102.08427832331293,18.8007517152286],[102.08455032832117,18.80101921085557],[102.08455032832117,18.80263790008712],[102.08562501633074,18.802637940367603],[102.08589702471662,18.80290543261694],[102.08616458747488,18.803177493617156],[102.08643659720812,18.803716964832674],[102.08643659720812,18.804252100724725],[102.08616458747488,18.80452411464411],[102.08535745490204,18.804524075585306],[102.08535745490204,18.804252093861493],[102.0850898941292,18.80398457727661],[102.08427832331293,18.80371702962813],[102.08373884871091,18.803716968650505],[102.08373884871091,18.80398458307988],[102.0850898941292,18.805063680020936],[102.08535745490204,18.80533119659667],[102.08535745490204,18.806142776647476],[102.0850898941292,18.80641031199815],[102.0850898941292,18.80694982197609],[102.0850898941292,18.80829646086137],[102.08589702471662,18.80829649282336],[102.08616458747488,18.808564007368986],[102.08616458747488,18.809375592747003],[102.08562501633074,18.810182683494034],[102.08535745490204,18.810454682375592],[102.0850898941292,18.810722224077537],[102.08259618227973,18.81072225422045],[102.08131307689794,18.810722242223378],[102.08023843152225,18.811261809396896],[102.0796988897981,18.81126184073902],[102.0794268969261,18.811261778054686],[102.07888727205395,18.8109898206841],[102.07861972720801,18.81072228839666],[102.0778126506722,18.810722224562397],[102.07754066251644,18.811261774991266],[102.07754066251644,18.811529310386874],[102.07888727205395,18.812068873490944],[102.0807779759235,18.812068922305315],[102.08104552607833,18.81180138274175],[102.08158507449494,18.811529356003277],[102.08212462557955,18.81152931779802],[102.08293173414941,18.811529357710086],[102.08319928961325,18.811801336819897],[102.08319928961325,18.812876010824795],[102.08293173414941,18.813415544167597],[102.08266417935019,18.81368754530415],[102.08266417935019,18.814227069600946],[102.08293173414941,18.815573732040107],[102.08293173414941,18.815841266555353],[102.08373884871091,18.81584129264249],[102.08401085238043,18.81503419730481],[102.08401085238043,18.81449467384344],[102.08347129192654,18.81395511034414],[102.08373884871091,18.812875965064606],[102.08401085238043,18.8123408670007],[102.08427832331293,18.812068872287284],[102.08455032832117,18.812068925979446],[102.08481788776444,18.81234090110968],[102.08562501633074,18.812608455540555],[102.08589702471662,18.812340887392395],[102.08643659720812,18.812068935627366],[102.08724365060343,18.812068868756768],[102.08751121667618,18.812608455181206],[102.08751121667618,18.812875984135843],[102.08724365060343,18.813687594567767],[102.08724365060343,18.8147666302078],[102.08751121667618,18.81592436190587],[102.08886230896874,18.815841286974134],[102.08886230896874,18.814494634587206],[102.08912987902133,18.814227083731595],[102.08993695240403,18.81422708734266],[102.09074847826841,18.81422715264118],[102.0912880748256,18.81395509454265],[102.09236274222806,18.812875953647065],[102.09263468026691,18.812875998455056],[102.09290225959901,18.81314804286329],[102.0937138075802,18.814766618412975],[102.0937138075802,18.81584126963672],[102.09344177964684,18.81611330797213],[102.09317428618479,18.81611333273881],[102.09290225959901,18.815841312432255],[102.09074847826841,18.816652827624722],[102.09020897156952,18.817459944980072],[102.08940189617456,18.81853907937206],[102.08859029317173,18.818539022571443],[102.08859029317173,18.81880664417828],[102.08886230896874,18.819078586007862],[102.08940189617456,18.819346132910894],[102.08993695240403,18.819346174377102],[102.09074847826841,18.8193461389657],[102.09155565084333,18.818267080975446],[102.09290225959901,18.81772746865262],[102.0950604430428,18.817727485963047],[102.09586756040702,18.817727540436977],[102.09613514768941,18.817999487719447],[102.09613514768941,18.8185390872502],[102.09586756040702,18.818806562009613],[102.09452091496397,18.81907858330416],[102.09236274222806,18.819613716132793],[102.0920951642166,18.81988573537015],[102.0912880748256,18.820964797178235],[102.09101605295623,18.821771906233025],[102.0912880748256,18.82311852166339],[102.0912880748256,18.823658135962404],[102.09155565084333,18.82365810308417],[102.09236274222806,18.82285101675663],[102.09236274222806,18.821771883676305],[102.09263468026691,18.821499932773804],[102.09344177964684,18.821499902078358],[102.0937138075802,18.821771920938502],[102.09398138956217,18.822039416125477],[102.09452091496397,18.822311491561535],[102.09532802833954,18.822311449358665],[102.09559997378952,18.822039494773065],[102.09559997378952,18.820964831116683],[102.09586756040702,18.820692806983246],[102.0966746837631,18.820153248775085],[102.09775376394154,18.819078579108947],[102.09802580264537,18.818806621289212],[102.09883285480109,18.81853904985327],[102.09991195636852,18.818539021942712],[102.10017955358606,18.818806591177648],[102.10017955358606,18.819078572452312],[102.09937240425083,18.819885664591922],[102.09910044936865,18.820153251496905],[102.0985609012753,18.820692775919653],[102.09829330803737,18.82123232959134],[102.09829330803737,18.821499856776285],[102.09883285480109,18.82149993029445],[102.09964000013903,18.821232341601828],[102.09991195636852,18.82042524430598],[102.1004470642691,18.819885741748152],[102.10071902250209,18.819613696666224],[102.10152618181749,18.819346194454653],[102.1023377068826,18.819346194104256],[102.10260522286538,18.819613673956923],[102.10287282670376,18.81988569380526],[102.10287282670376,18.82042528596972],[102.10260522286538,18.820692769945666],[102.1023377068826,18.820692813702664],[102.10206574460713,18.821499910522533],[102.10206574460713,18.822311488498286],[102.10314479100018,18.82311855281695],[102.10341239615875,18.82338611405696],[102.10341239615875,18.82365809625692],[102.10314479100018,18.82392567463691],[102.10125858129416,18.82392563732978],[102.10098662170472,18.82365808886391],[102.10071902250209,18.823386064407075],[102.10071902250209,18.82285101110621],[102.1004470642691,18.82285098783106],[102.09910044936865,18.8228509830968],[102.09721422251383,18.82285098649257],[102.0969466325815,18.822851028398958],[102.09559997378952,18.82365813757943],[102.09452091496397,18.823658062148027],[102.09424888501863,18.823658123619666],[102.09424888501863,18.824197645113713],[102.09478849893148,18.82446516555241],[102.0950604430428,18.824465197388633],[102.09559997378952,18.82527678749166],[102.09586756040702,18.825811810115027],[102.09586756040702,18.826623411563915],[102.09532802833954,18.827698016506275],[102.0950604430428,18.827970050512093],[102.09424888501863,18.827970038510585],[102.0937138075802,18.827430496741357],[102.09317428618479,18.82716296842453],[102.09290225959901,18.827162941070938],[102.09290225959901,18.827698012266296],[102.09317428618479,18.827970032339067],[102.0937138075802,18.828237560027077],[102.0937138075802,18.829049171671628],[102.09344177964684,18.829316683145137],[102.09236274222806,18.829316699045222],[102.08940189617456,18.829588725388362],[102.08886230896874,18.82985626677562],[102.08832272443968,18.830123807309704],[102.08751121667618,18.830123765394262],[102.08724365060343,18.829856254549767],[102.08697608519512,18.828509574117348],[102.08697608519512,18.82743049747802],[102.08724365060343,18.826351396440685],[102.08751121667618,18.825544295344955],[102.0877832297783,18.825276795298137],[102.0877832297783,18.825004710923807],[102.08616458747488,18.823386063670426],[102.08455032832117,18.823386066123035],[102.08373884871091,18.82365807577544],[102.08266417935019,18.823658085450376],[102.08266417935019,18.823386087547675],[102.08239217905813,18.82311858791431],[102.08185262663514,18.822851014672608],[102.08104552607833,18.82285099464916],[102.0807779759235,18.823184321607457],[102.08050598034757,18.823658129081338],[102.0796988897981,18.823658103955566],[102.07888727205395,18.8233861027294],[102.07835218302696,18.82231149454404],[102.07808019352379,18.8220394374963],[102.07646605445697,18.821771896270675],[102.07565446086826,18.82177187487295],[102.07538692398177,18.822039423931955],[102.07404027067841,18.822039491862498],[102.07376829197298,18.821771881708997],[102.07376829197298,18.82149987846178],[102.07350067256678,18.82123233953584],[102.07322869521798,18.82096481717477],[102.07242157156534,18.820964843513252],[102.07061208459803,18.821499899776114],[102.07080298375374,18.821771912359495],[102.07107495503018,18.822039440685487],[102.07161454108618,18.822311422328198],[102.07242157156534,18.82257903918301],[102.07296116431385,18.822579010131577],[102.07322869521798,18.8223114625999],[102.07350067256678,18.822311438497934],[102.07404027067841,18.822311495298536],[102.07430780424116,18.822579038572385],[102.07430780424116,18.823118588417273],[102.07404027067841,18.823386138167805],[102.07404027067841,18.823658142592123],[102.0745797842944,18.823658112067392],[102.07511494190757,18.823386093377948],[102.07538692398177,18.8231185195973],[102.07565446086826,18.822850968957354],[102.07565446086826,18.822578966338696],[102.0759264442901,18.822579026993026],[102.07619398250611,18.822851023251616],[102.07673359399362,18.823658072253906],[102.07700113419517,18.8247372488308],[102.07700113419517,18.825004794413204],[102.07673359399362,18.825276717971093],[102.07673359399362,18.825544264137392],[102.07835218302696,18.825544309098134],[102.07861972720801,18.82554429681818],[102.0794268969261,18.825276773388197],[102.08050598034757,18.825004757088124],[102.0807779759235,18.825004718361768],[102.08158507449494,18.825004734935803],[102.08373884871091,18.825004780830554],[102.08401085238043,18.82527673459886],[102.08427832331293,18.825544348291587],[102.08427832331293,18.82581188904105],[102.08401085238043,18.82608381497046],[102.08320151370722,18.826083846494583],[102.08293173414941,18.826083857002715],[102.08293173414941,18.826351399144656],[102.08319928961325,18.8266233781645],[102.08347129192654,18.826890964835897],[102.08401085238043,18.82689098625174],[102.08427832331293,18.827162968316884],[102.08455032832117,18.82904917935251],[102.08481788776444,18.829588697450887],[102.08481788776444,18.83039578542227],[102.08455032832117,18.830663355905997],[102.08427832331293,18.83093531832489],[102.08347129192654,18.830935323193884],[102.08239217905813,18.830935376086785],[102.0807779759235,18.83093537371508],[102.08023843152225,18.830935347268678],[102.07915935075076,18.830663372066667],[102.07888727205395,18.830395780544393],[102.07861972720801,18.830395796893626],[102.07861972720801,18.830935351679372],[102.07888727205395,18.83147489010682],[102.07915935075076,18.831742481584143],[102.0796988897981,18.831742421370095],[102.0794268969261,18.832821575183516],[102.0794268969261,18.83390069018975],[102.08104552607833,18.833628663163964],[102.08131307689794,18.833361091683074],[102.08158507449494,18.832549575062245],[102.08185262663514,18.8322820046414],[102.08239217905813,18.83228202353304],[102.08373884871091,18.833089126012112],[102.08401085238043,18.83336107960065],[102.08427832331293,18.83362869313173],[102.08427832331293,18.833900697349364],[102.08401085238043,18.834168177606415],[102.08401085238043,18.83443572478771],[102.08427832331293,18.835247348505632],[102.08455032832117,18.835247295514165],[102.08455032832117,18.83390583468507],[102.08589702471662,18.832281984833514],[102.08616458747488,18.832010042249323],[102.08643659720812,18.832009988440277],[102.08670407410526,18.83228196449565],[102.08670407410526,18.83308914325086],[102.08670407410526,18.833628689834896],[102.08643659720812,18.833900629616338],[102.08643659720812,18.834707723346057],[102.08670407410526,18.83524733428537],[102.08697608519512,18.835247277098674],[102.08697608519512,18.834638613620115],[102.08724365060343,18.83416823660758],[102.08886230896874,18.833628685280488],[102.08966938036619,18.833361104313425],[102.09182314033487,18.833361089967298],[102.0920951642166,18.83336111449141],[102.09263468026691,18.83308910481192],[102.09317428618479,18.83254954940641],[102.09398138956217,18.83174241901642],[102.09424888501863,18.83147493277677],[102.09478849893148,18.8314749103278],[102.0950604430428,18.83174247386765],[102.0950604430428,18.833089076784475],[102.09478849893148,18.834435749446385],[102.09452091496397,18.834707792920625],[102.09263468026691,18.834975261355495],[102.09101605295623,18.83605327771096],[102.09047654493682,18.836321946207747],[102.09020897156952,18.836054442756364],[102.08993695240403,18.835786873063114],[102.08940189617456,18.83551485434667],[102.08886230896874,18.835514864371902],[102.08886230896874,18.83578686650533],[102.08912987902133,18.836054373253646],[102.09020897156952,18.836861532712916],[102.09020897156952,18.83713353481056],[102.08993695240403,18.837401054782063],[102.08886230896874,18.83740105304834],[102.08859029317173,18.837133480076204],[102.08832272443968,18.837401064052614],[102.08805079717175,18.838747680084893],[102.08751121667618,18.840098804635616],[102.08724365060343,18.840098842867974],[102.08724365060343,18.840366391926963],[102.08724365060343,18.840633941165464],[102.08724365060343,18.84171296628618],[102.08670407410526,18.84252454603164],[102.08643659720812,18.8427921303943],[102.08616458747488,18.842792103211522],[102.08589702471662,18.84252458936649],[102.08589702471662,18.8417130197182],[102.08481788776444,18.84144548063051],[102.08455032832117,18.841445426138634],[102.08347129192654,18.84144542312025],[102.08212462557955,18.841713002766866],[102.08131307689794,18.842252527926178],[102.08131307689794,18.8425245407047],[102.08158507449494,18.84279213149938],[102.08212462557955,18.843059690331884],[102.08212462557955,18.843599169129163],[102.08185262663514,18.843871237603224],[102.0807779759235,18.843871205632183],[102.08050598034757,18.844138726250463],[102.08050598034757,18.844410741023296],[102.08131307689794,18.84494582877457],[102.08239217905813,18.84548540068225],[102.08266417935019,18.84548543235674],[102.08266417935019,18.84521787621017],[102.08266417935019,18.843599170099324],[102.08293173414941,18.8425245512599],[102.08319928961325,18.842252596359884],[102.08373884871091,18.841713032087767],[102.08481788776444,18.841713032456184],[102.0850898941292,18.84198498317005],[102.08535745490204,18.844410751398826],[102.08481788776444,18.845217881114948],[102.08481788776444,18.847104051124376],[102.0850898941292,18.847371633070665],[102.08562501633074,18.847371641793288],[102.08589702471662,18.847643590351268],[102.08616458747488,18.8479111932282],[102.08643659720812,18.84845069589376],[102.08670407410526,18.84952979708376],[102.08670407410526,18.850608938778876],[102.08805079717175,18.850608928556127],[102.08832272443968,18.85114843270388],[102.08832272443968,18.85303470350432],[102.08886230896874,18.853569783520882],[102.08912987902133,18.853841747628834],[102.08912987902133,18.854920894516326],[102.08912987902133,18.85572793865886],[102.08912987902133,18.856535073701934],[102.08859029317173,18.857881742114984],[102.08832272443968,18.858153725168307],[102.08751121667618,18.859232821579283],[102.08535745490204,18.86219362939154],[102.0850898941292,18.863812277956512],[102.0850898941292,18.864079845619372],[102.08535745490204,18.86407988236047],[102.08589702471662,18.863812274435062],[102.08616458747488,18.8635447433154],[102.08616458747488,18.862733217693673],[102.08589702471662,18.862733181329602],[102.08589702471662,18.86192611480098],[102.08616458747488,18.86165858643041],[102.08670407410526,18.86138652948162],[102.08751121667618,18.861386523103604],[102.0877832297783,18.86111897015492],[102.0877832297783,18.860847037856644],[102.0877832297783,18.860579474505343],[102.0877832297783,18.86003989047056],[102.08805079717175,18.859767905162414],[102.08912987902133,18.859232787919453],[102.08940189617456,18.85923279753159],[102.08966938036619,18.85950039721942],[102.08993695240403,18.85976790138953],[102.09020897156952,18.85976790919581],[102.09020897156952,18.85950034841393],[102.09020897156952,18.858693298549127],[102.09020897156952,18.858421280695012],[102.08993695240403,18.85842127186457],[102.08966938036619,18.858153678509808],[102.08966938036619,18.857074613054778],[102.08993695240403,18.85680708815147],[102.09020897156952,18.856807098194636],[102.09047654493682,18.85707460111597],[102.09074847826841,18.85707461574063],[102.09074847826841,18.85626748315896],[102.09047654493682,18.85518841034653],[102.09020897156952,18.854648892266],[102.08940189617456,18.853034632708074],[102.08940189617456,18.852762618366256],[102.08966938036619,18.85249510572507],[102.09020897156952,18.852223143261227],[102.09101605295623,18.850336892583],[102.09074847826841,18.84925781565643],[102.08966938036619,18.849257789497628],[102.08805079717175,18.848990223253708],[102.0877832297783,18.84872271416984],[102.0877832297783,18.84791113525999],[102.08805079717175,18.847371614134076],[102.08832272443968,18.847104087012113],[102.08805079717175,18.84656449650926],[102.0877832297783,18.846296987371574],[102.0877832297783,18.846024976722006],[102.0877832297783,18.845217861414795],[102.0877832297783,18.844945851555806],[102.08805079717175,18.844410794634726],[102.08832272443968,18.843871174056375],[102.08859029317173,18.843599212068597],[102.08966938036619,18.842524607817765],[102.09074847826841,18.84171300633308],[102.09263468026691,18.84144542975885],[102.09344177964684,18.841984992009642],[102.09424888501863,18.841445452890483],[102.09452091496397,18.840905920886073],[102.09452091496397,18.840098831818764],[102.09424888501863,18.83982681537499],[102.09344177964684,18.839287256762447],[102.09344177964684,18.839019713102516],[102.0937138075802,18.83874772971683],[102.09424888501863,18.838747727623755],[102.09452091496397,18.83901974409426],[102.09478849893148,18.838747694251154],[102.09478849893148,18.838212609904545],[102.0950604430428,18.837673090638305],[102.09532802833954,18.83740104226861],[102.09586756040702,18.837401012929504],[102.0966746837631,18.83767301665314],[102.0969466325815,18.83686150114616],[102.0985609012753,18.836861500589094],[102.09937240425083,18.836593938459842],[102.09964000013903,18.836054439854863],[102.09964000013903,18.83578681399898],[102.0985609012753,18.83578689188282],[102.09748617267977,18.836321931960384],[102.0966746837631,18.836321945632918],[102.09640709516046,18.836054368196173],[102.09613514768941,18.835247272580062],[102.09613514768941,18.834975276348388],[102.09640709516046,18.834707759557006],[102.0969466325815,18.8347077305594],[102.09721422251383,18.8341682365986],[102.09775376394154,18.832821519748563],[102.09775376394154,18.83254952651734],[102.09748617267977,18.830935360752463],[102.09802580264537,18.829588744046504],[102.09829330803737,18.829316710552902],[102.0985609012753,18.829049128884975],[102.09883285480109,18.829049150731848],[102.09910044936865,18.829316722392676],[102.09910044936865,18.829588712219163],[102.09910044936865,18.8298562448568],[102.10017955358606,18.829856270243255],[102.1004470642691,18.829588691683583],[102.10152618181749,18.82958870863483],[102.1017981427544,18.82985625556468],[102.10206574460713,18.830123819948838],[102.10206574460713,18.831202859110334],[102.1017981427544,18.831474904668497],[102.10071902250209,18.831474895263042],[102.10071902250209,18.832282040771517],[102.10071902250209,18.832549574154967],[102.10071902250209,18.832821565131283],[102.10152618181749,18.833089089801177],[102.10206574460713,18.83336112516332],[102.1023377068826,18.833628670628926],[102.1023377068826,18.83443572804866],[102.10260522286538,18.83443576319077],[102.10287282670376,18.833089124511986],[102.10287282670376,18.832281982084595],[102.10341239615875,18.82985624239548],[102.1036843618028,18.82931673965824],[102.10395188109166,18.829049158547463],[102.10422393527344,18.829049165347712],[102.10449145589158,18.82931672952519],[102.10449145589158,18.830395848196503],[102.10449145589158,18.830663377393606],[102.10449145589158,18.830935364130127],[102.10449145589158,18.8317424999817],[102.10449145589158,18.832282017882633],[102.10449145589158,18.834168197189413],[102.1050310333599,18.8341682303914],[102.10637763436321,18.833900706413218],[102.10637763436321,18.83308911275303],[102.10637763436321,18.832821583205543],[102.10611010911853,18.832549566384557],[102.10611010911853,18.831202917725577],[102.10637763436321,18.83093533153024],[102.10664969459972,18.830663347605622],[102.10745672345317,18.83012381385825],[102.10772433919394,18.82985622223721],[102.10772433919394,18.82877711487569],[102.10718474839464,18.82850964611727],[102.10637763436321,18.828509579111838],[102.10611010911853,18.828237562245917],[102.10611010911853,18.827698052672545],[102.10637763436321,18.827430471624652],[102.10691722116488,18.82743050849143],[102.10799631559965,18.827970088717436],[102.10826384547065,18.82823764368736],[102.10988255472554,18.82985511147932],[102.11015008922286,18.829856273504205],[102.11122912844704,18.829856234472402],[102.11149675345862,18.82958872878396],[102.1117687392697,18.82931665846843],[102.1117687392697,18.828777155829954],[102.11203627840226,18.82850956778428],[102.11230826556076,18.828237587704137],[102.11257580601384,18.82823761049444],[102.11311533629348,18.828509609007753],[102.11338287925994,18.828777150891156],[102.11338287872294,18.82904913004377],[102.11311533629348,18.829316720164684],[102.11257580601384,18.829856293051492],[102.11230826556076,18.831202891952856],[102.11203627840226,18.831474876470523],[102.11122912844704,18.83147493018072],[102.11122912844704,18.83120294816044],[102.11042207167415,18.831202902256436],[102.10988255472554,18.831474949575423],[102.10988255472554,18.83174247553849],[102.11015008922286,18.832549535590175],[102.11095714398337,18.83282156307436],[102.11122912844704,18.83308908654911],[102.11122912844704,18.833361069961782],[102.11015008922286,18.834168247944376],[102.10934295323645,18.834435737202313],[102.10934295323645,18.83470772303164],[102.11015008922286,18.834707760877635],[102.11149675345862,18.834707721342596],[102.11257580601384,18.83282151892203],[102.11365495644063,18.830663344542202],[102.11419449205638,18.830123767181803],[102.11446203713561,18.83012378536388],[102.1147340303489,18.83039584659751],[102.11500157674888,18.83093536378871],[102.1152691238045,18.830935379994415],[102.11554111902106,18.83066339314101],[102.1158086674063,18.830395798717333],[102.1158086674063,18.82958869126152],[102.11688776260453,18.828777142912116],[102.11688776260453,18.828509624323942],[102.11662021157841,18.82823763331183],[102.11634821367582,18.82797003387536],[102.1158086674063,18.827970024469806],[102.11554111902106,18.827698030798587],[102.11554111902106,18.82743051198588],[102.1158086674063,18.82716292231403],[102.11608066397022,18.82689094057237],[102.11634821367582,18.826623440318954],[102.11662021157841,18.82662343323112],[102.11688776260453,18.826890967126687],[102.11715976186358,18.82743053981571],[102.11742731421023,18.827698072372613],[102.11796686848388,18.827698076621658],[102.11931354199922,18.827162970355957],[102.11931354199922,18.826623393067507],[102.11931354199922,18.826351420740096],[102.12012057733821,18.826083834068612],[102.12119971517095,18.82581185660281],[102.12119971517095,18.82446520000272],[102.12147172517362,18.824197674102535],[102.12227877646691,18.8239256273407],[102.12389298414715,18.82392563174224],[102.12497207205124,18.82446517591896],[102.12524409145041,18.824737211128337],[102.12524409145041,18.825276776720898],[102.12551166361388,18.8255442895328],[102.12578368435155,18.825811866358563],[102.1265907675079,18.826083817656496],[102.12713027983929,18.826083887752162],[102.12739785662009,18.826083886934583],[102.12766988205604,18.82608386113496],[102.12793737293978,18.825811810600243],[102.12793737293978,18.82554430239665],[102.12766988205604,18.825276789809365],[102.12739785662009,18.825276725849236],[102.12739785662009,18.824737252630612],[102.12766988205604,18.82446517413142],[102.12793737293978,18.82446517932361],[102.12847697914518,18.824737205486983],[102.12874447200554,18.825004716115927],[102.12955611232437,18.826083866264455],[102.12955611232437,18.82662342733832],[102.12928408219935,18.82689096478208],[102.12847697914518,18.827430470878852],[102.12739785662009,18.827698036107492],[102.12739785662009,18.827970092427364],[102.12847697914518,18.8279700355461],[102.12982360782567,18.82743049712772],[102.13009563930731,18.827162958354535],[102.13090275430906,18.827162918064985],[102.13117025310717,18.827430511833114],[102.13117025310717,18.827970072439967],[102.13090275430906,18.828237583104794],[102.13009563930731,18.82958871972906],[102.12982360782567,18.829856262104514],[102.12928408219935,18.829856296069877],[102.12901650079229,18.829856213784055],[102.12820495169726,18.8298562750403],[102.12820495169726,18.830935323912428],[102.12820495169726,18.831474894095365],[102.12820495169726,18.832010008014493],[102.12847697914518,18.832282034995515],[102.12901650079229,18.83254951240481],[102.12928408219935,18.83336113331093],[102.12928408219935,18.833628646158814],[102.12901650079229,18.833900626139837],[102.12847697914518,18.833900663428935],[102.12820495169726,18.833628636484065],[102.12793737293978,18.832821557127374],[102.12793737293978,18.832010014635244],[102.12713027983929,18.831202875998684],[102.12685834295931,18.829856244048386],[102.1265907675079,18.82931667651542],[102.1260512578356,18.82931669856916],[102.12578368435155,18.8301237839174],[102.12551166361388,18.830395779915563],[102.12470458842549,18.830395799804194],[102.12389298414715,18.83012378497753],[102.1233579356252,18.829588745259315],[102.1233579356252,18.82904917053085],[102.12362550317144,18.829049173908416],[102.12362550317144,18.828237629925027],[102.12281835471643,18.828237641001323],[102.12200685166002,18.82850963825689],[102.12200685166002,18.82904912509413],[102.12227877646691,18.83012380849543],[102.12254634135414,18.83093536348335],[102.12443257037395,18.831742489803617],[102.12497207205124,18.831742469645604],[102.12524409145041,18.832010047585328],[102.12551166361388,18.83254953221261],[102.12578368435155,18.83390063069433],[102.1260512578356,18.834168231127776],[102.1265907675079,18.83443571719708],[102.1265907675079,18.834707779086543],[102.1263187447581,18.83497532559406],[102.12524409145041,18.835514855595363],[102.12497207205124,18.835514884350317],[102.12470458842549,18.83524727558938],[102.12470458842549,18.834168203612634],[102.12443257037395,18.833900624415165],[102.12362550317144,18.833900646657554],[102.12119971517095,18.83147487453003],[102.12093215358047,18.831202894162644],[102.1203925846464,18.83066332380919],[102.11850642542564,18.83039580894915],[102.11796686848388,18.83039581060204],[102.11796686848388,18.83066332975598],[102.11823442280692,18.831202925918134],[102.1190459850263,18.831202907367995],[102.12012057733821,18.83174241606119],[102.12012057733821,18.832281999592993],[102.12147172517362,18.833361119548883],[102.12173928809344,18.833628643058802],[102.12227877646691,18.834168210691146],[102.12227877646691,18.83443572935127],[102.12200685166002,18.834707722654258],[102.12012057733821,18.834707772923906],[102.11850642542564,18.83416818884436],[102.11823442280692,18.83390068343445],[102.11769486721286,18.83336109989358],[102.11662021157841,18.83416819426118],[102.11662021157841,18.834435717152047],[102.11763020425761,18.834435717832562],[102.11850642542564,18.83497530021677],[102.11877398106915,18.835247286503858],[102.11877398106915,18.835514897708336],[102.11850642542564,18.835786870556845],[102.11823442280692,18.836054410713274],[102.11715976186358,18.836861521501973],[102.11688776260453,18.83740104400225],[102.11662021157841,18.837673017865853],[102.11608066397022,18.837940638960475],[102.1158086674063,18.837940564553236],[102.11554111902106,18.837673028277166],[102.1152691238045,18.837401058375377],[102.11500157674888,18.837401046993634],[102.11446203713561,18.83767303128677],[102.11446203713561,18.837940647458566],[102.1152691238045,18.838480168162235],[102.1158086674063,18.838480163607827],[102.11634821367582,18.838747683390693],[102.11662021157841,18.839019739719447],[102.11662021157841,18.84009885015334],[102.11634821367582,18.840366394828465],[102.1158086674063,18.84063393204751],[102.11500157674888,18.840633930879733],[102.11500157674888,18.840905916960324],[102.1152691238045,18.84117345447602],[102.11608066397022,18.841713032016102],[102.11634821367582,18.841985024187196],[102.11634821367582,18.84252453915971],[102.11608066397022,18.842792151900213],[102.1158086674063,18.84333168727322],[102.1158086674063,18.843871205012405],[102.11554111902106,18.844138730059328],[102.11446203713561,18.844945894675007],[102.11311533629348,18.845217899575204],[102.11311533629348,18.845485433039386],[102.11365495644063,18.845757410271588],[102.1147340303489,18.84575738847863],[102.1147340303489,18.845485398642992],[102.1152691238045,18.845485409790967],[102.11554111902106,18.84575737948653],[102.11554111902106,18.846296990300075],[102.11500157674888,18.847371595583937],[102.11554111902106,18.848450716491953],[102.1158086674063,18.849257778026086],[102.11608066397022,18.849529835423937],[102.11634821367582,18.849797370064778],[102.11662021157841,18.850069336957617],[102.11715976186358,18.85033693339355],[102.11742731421023,18.850608922789007],[102.11742731421023,18.851148448640018],[102.11715976186358,18.851415985894945],[102.11688776260453,18.85141601272771],[102.11715976186358,18.851955602466916],[102.11742731421023,18.852223134394805],[102.11742731421023,18.852762662590436],[102.11715976186358,18.853302195717774],[102.11662021157841,18.853841758184117],[102.11634821367582,18.854109323161055],[102.1158086674063,18.854381348408452],[102.11500157674888,18.855188452172086],[102.11634821367582,18.85545592723676],[102.11662021157841,18.855455987423824],[102.11688776260453,18.855188444770107],[102.11742731421023,18.854648877811968],[102.11769486721286,18.85438133556245],[102.11823442280692,18.854381298740535],[102.1190459850263,18.854381316868427],[102.11931354199922,18.854648844107288],[102.11958109962816,18.854920828121877],[102.12012057733821,18.855727942512758],[102.12147172517362,18.857074577697105],[102.12173928809344,18.8573466454973],[102.12227877646691,18.858153749207204],[102.12254634135414,18.85950032808522],[102.12281835471643,18.8611190577318],[102.12308592093316,18.86138657552044],[102.1233579356252,18.86138653038907],[102.1233579356252,18.86320585248444],[102.1233579356252,18.863812293182818],[102.1233579356252,18.86407983233339],[102.1233579356252,18.8654309926642],[102.12362550317144,18.866777586409157],[102.1241650008603,18.866777605426392],[102.12443257037395,18.86704511973842],[102.12497207205124,18.868931383163698],[102.12497207205124,18.86920338230594],[102.12497207205124,18.86974292364394],[102.12524409145041,18.870817584668018],[102.12578368435155,18.87135712874597],[102.1265907675079,18.872168642258444],[102.1265907675079,18.872436184966432],[102.1263187447581,18.872703787178736],[102.12524409145041,18.8727037606334],[102.12497207205124,18.873515277110428],[102.12497207205124,18.87378282198327],[102.12551166361388,18.873782820096864],[102.1260512578356,18.873515272286554],[102.1260512578356,18.873243270835687],[102.1263187447581,18.8732433315258],[102.1265907675079,18.8735152728256],[102.12713027983929,18.87432244859812],[102.12739785662009,18.87486195678825],[102.12773559966482,18.87620859743666],[102.12874447200554,18.8772877166447],[102.12874447200554,18.879173906668697],[102.12901650079229,18.880520573931634],[102.12901650079229,18.8807925784009],[102.12874447200554,18.88106010615178],[102.12793737293978,18.881599632371135],[102.12713027983929,18.88159969092314],[102.12685834295931,18.88159966303948],[102.1265907675079,18.882139171948324],[102.1265907675079,18.88240672174379],[102.12713027983929,18.882406796196236],[102.12820495169726,18.882139232135373],[102.12982360782567,18.882139250425098],[102.13009563930731,18.882406725031657],[102.13063072082414,18.882946275352793],[102.13198182421971,18.88563961912257],[102.13251691497126,18.886718714285138],[102.13251691497126,18.887797825248924],[102.13198182421971,18.888337398638797],[102.13198182421971,18.890223537773096],[102.13224932565893,18.890763136171955],[102.13251691497126,18.89103062979582],[102.1341355477347,18.892109776710228],[102.13440758994207,18.892377329281615],[102.13440758994207,18.89318889892084],[102.1341355477347,18.89345645020775],[102.13278895315423,18.893456435987304],[102.13251691497126,18.89372844379824],[102.13251691497126,18.894263551159682],[102.13224932565893,18.894535534401655],[102.13198182421971,18.894803054283287],[102.131709788049,18.89507506329788],[102.13036313612915,18.895882166864084],[102.12982360782567,18.896421696056876],[102.12766988205604,18.895614622359673],[102.12713027983929,18.895342647957023],[102.12685834295931,18.895075071742156],[102.12685834295931,18.89480305534333],[102.1260512578356,18.894535489926128],[102.12470458842549,18.894535510937587],[102.12409588521686,18.894535520599007],[102.12389298414715,18.894535523819542],[102.12389298414715,18.89480308441287],[102.1241650008603,18.894803101678434],[102.1241650008603,18.895075030958694],[102.1241650008603,18.89588217172384],[102.1241650008603,18.8961497330628],[102.12497207205124,18.896421675826744],[102.12524409145041,18.896421689984138],[102.12524409145041,18.896149671393374],[102.12551166361388,18.89588215029015],[102.12659076715985,18.895882167902897],[102.12713027983929,18.89614969345608],[102.12739785662009,18.896421746425204],[102.12766988205604,18.897500820486243],[102.12820495169726,18.898040381749027],[102.12847697914518,18.89830794872907],[102.12901650079229,18.898307903597967],[102.12955611232437,18.898040381182994],[102.13063072082414,18.897500823765043],[102.13117025310717,18.89722884673064],[102.13117025310717,18.89696128984724],[102.13090275430906,18.8969612551454],[102.13090275430906,18.896421683758987],[102.13117025310717,18.89614970478391],[102.13278895315423,18.895342596411766],[102.13332849608238,18.895342630053662],[102.13359600081824,18.895614584342965],[102.13359600081824,18.898040409300236],[102.13332849608238,18.898307935568923],[102.13278895315423,18.8985754630054],[102.13251691497126,18.898847478388944],[102.131709788049,18.900733703168697],[102.12982360782567,18.902619877723552],[102.12846453316334,18.90315944322667],[102.12820495169726,18.904238528713947],[102.12874447200554,18.90423856475418],[102.13009563930731,18.905313157309124],[102.13090275430906,18.90639228808071],[102.131709788049,18.90827847963166],[102.13198182421971,18.908550495266923],[102.13278895315423,18.90855044019125],[102.13305645656968,18.9088180266739],[102.13332849608238,18.910164664095035],[102.13359600081824,18.910704182516966],[102.13386804168712,18.910976193337063],[102.13467509731927,18.911243782128636],[102.13575420446526,18.91178328266487],[102.13602180235645,18.912050855969454],[102.13629376202672,18.912322866430273],[102.13656127401205,18.912590444145465],[102.1368288738797,18.912862384187505],[102.1368288738797,18.913669534241492],[102.13736843675034,18.915016175058227],[102.13764039977113,18.915288182024597],[102.13790800227983,18.915555750541188],[102.13817996663911,18.915555733473056],[102.13844748324195,18.915823306409223],[102.13844748324195,18.91798148297184],[102.13871953617522,18.919060549406353],[102.13952662760525,18.920135254690493],[102.1406056953779,18.920674795192994],[102.1419523861949,18.92175390810607],[102.14302702927094,18.922021428203337],[102.1432990063594,18.922293420715945],[102.14383860112915,18.924986691883987],[102.14383860112915,18.925526284282128],[102.1435665354758,18.925798261038352],[102.1432990063594,18.925798269042346],[102.14302702927094,18.92579830279189],[102.14302702927094,18.926872945939778],[102.14302702927094,18.92741245306098],[102.14302702927094,18.92795205011228],[102.1432990063594,18.928491612129662],[102.1432990063594,18.929583231278244],[102.1432990063594,18.930645283802747],[102.14302702927094,18.930917350956264],[102.14275950147518,18.93118484476888],[102.14249188710878,18.93118486118108],[102.14249188710878,18.933610584889294],[102.14302702927094,18.935496859076366],[102.1432990063594,18.935768850924077],[102.1435665354758,18.93576883547324],[102.1435665354758,18.93549680271603],[102.14383860112915,18.935496844065526],[102.14410613156579,18.935768860239648],[102.14464564308881,18.93684346599069],[102.1449177114192,18.937922541812284],[102.1449177114192,18.939541192721677],[102.1449177114192,18.939808769197327],[102.1449177114192,18.941966952793692],[102.14518524449701,18.942506544203738],[102.14626428082866,18.943853199420403],[102.14707142789135,18.94600691033206],[102.1473389662244,18.947552726437138],[102.14761095402989,18.950590911600585],[102.14787849367437,18.951130410807494],[102.14841802378342,18.951665478148954],[102.14922963559869,18.95220510941742],[102.1494971792047,18.952477111586745],[102.1494971792047,18.953016644902817],[102.14922963559869,18.95328417683986],[102.14869010149224,18.95382372603798],[102.14761095402989,18.95624949746464],[102.1473389662244,18.957056601138575],[102.14707142789135,18.957328595106546],[102.14653190442104,18.957596105744372],[102.14437811133135,18.95759612238119],[102.1435665354758,18.957868149469874],[102.14302702927094,18.95813565180748],[102.14275950147518,18.958403184867365],[102.14249188710878,18.959214823874575],[102.14221991202331,18.96110095980211],[102.14221991202331,18.961368553246658],[102.14275950147518,18.961368544092835],[102.14302702927094,18.96082895572809],[102.14302702927094,18.959414334378963]],[[102.1139225001995,18.820153212653764],[102.11311533629348,18.8188065842607],[102.11257580601384,18.81826706391638],[102.11257580601384,18.81772748950243],[102.11284779452004,18.817187922472797],[102.11311533629348,18.81692043958381],[102.11365495644063,18.816920379998578],[102.1139225001995,18.816380838525745],[102.11446203713561,18.814494657530005],[102.11608066397022,18.813415539289906],[102.11634821367582,18.812608408504758],[102.11662021157841,18.812340904981426],[102.11715976186358,18.812340935120076],[102.11877398106915,18.812875960483296],[102.12012057733821,18.81341558560699],[102.1203925846464,18.813415582022657],[102.12066014492504,18.813148008349927],[102.12093215358047,18.812876042867615],[102.12173928809344,18.81260848350503],[102.12200685166002,18.812608412780634],[102.12227877646691,18.812876004437726],[102.12254634135414,18.813147981661047],[102.12254634135414,18.81341557402763],[102.1227837989812,18.813687529065845],[102.12362550317144,18.813687548070916],[102.1241650008603,18.81395506028099],[102.12470458842549,18.814227110330492],[102.12497207205124,18.814494630418977],[102.12497207205124,18.815301773358215],[102.12470458842549,18.815301756281215],[102.12470458842549,18.816380862277327],[102.12497207205124,18.817187936486476],[102.12524409145041,18.8177274761985],[102.12524409145041,18.818539082552007],[102.12524409145041,18.8188065876832],[102.12524409145041,18.8198857023212],[102.12524409145041,18.820153297562456],[102.12497207205124,18.82096483782705],[102.12497207205124,18.821232344925562],[102.12470458842549,18.821499928902057],[102.12362550317144,18.821499940400415],[102.12227877646691,18.822311471592087],[102.12147172517362,18.822039489167494],[102.1203925846464,18.821771885589897],[102.11985310559757,18.821771875016665],[102.11958109962816,18.822039484864447],[102.11958109962816,18.822578965907397],[102.11931354199922,18.82285100949825],[102.1190459850263,18.82285099414618],[102.11877398106915,18.822579032616346],[102.11823442280692,18.82203945121377],[102.11742731421023,18.821232335098045],[102.11715976186358,18.821232315326228],[102.1158086674063,18.8209647680998],[102.11419449205638,18.82042527545049],[102.1139225001995,18.820153212653764]],[[102.13332849608238,18.822579002289416],[102.13305645656968,18.822311444040693],[102.13305645656968,18.821499936232186],[102.13278895315423,18.8212323469467],[102.13251691497126,18.821232377911628],[102.13224932565893,18.821499885675124],[102.13224932565893,18.82177193373937],[102.13090275430906,18.821771901274317],[102.13036313612915,18.821499882989187],[102.13009563930731,18.821232376249938],[102.13009563930731,18.82042523185541],[102.12982360782567,18.819346155126198],[102.12955611232437,18.819078647012674],[102.12874447200554,18.817999501490746],[102.12874447200554,18.81718799339474],[102.12901650079229,18.816920381750336],[102.12955611232437,18.81692036247243],[102.13009563930731,18.81718793652236],[102.13117025310717,18.818267015524512],[102.13251691497126,18.81934614466985],[102.13386804168712,18.82096477864613],[102.13440758994207,18.821232331522864],[102.13467509731927,18.82149991684672],[102.13467509731927,18.82231142098989],[102.13440758994207,18.822579015808813],[102.13332849608238,18.822579002289416]],[[102.11068960750092,18.81826700940674],[102.11042207167415,18.818267065111257],[102.109610486413,18.817999499181923],[102.109610486413,18.81772752585735],[102.10907097347095,18.817459961518225],[102.10880344162373,18.817459924714242],[102.10880344162373,18.817727530474727],[102.10853591042334,18.817727493419127],[102.10826384547065,18.817459968480122],[102.10799631559965,18.81718795615066],[102.10799631559965,18.816380859995505],[102.10718474839464,18.816113276854622],[102.10637763436321,18.816113271105436],[102.10583813742014,18.815303994166555],[102.1052985559543,18.815301773358215],[102.10422393527344,18.816113269353693],[102.10314479100018,18.816113319560642],[102.10287282670376,18.815841318334208],[102.10287282670376,18.815301732880016],[102.10314479100018,18.81503423860947],[102.1036843618028,18.81476669758146],[102.10395188109166,18.81422707368843],[102.10422393527344,18.813415536451103],[102.10422393527344,18.813148019552074],[102.1036843618028,18.813148041120513],[102.1036843618028,18.813753365197414],[102.10341239615875,18.814227090235278],[102.10314479100018,18.814494654745303],[102.1023377068826,18.815034209710532],[102.10098662170472,18.81503421545999],[102.10017955358606,18.81449467631373],[102.09991195636852,18.814227106997876],[102.09964000013903,18.813955097695853],[102.09964000013903,18.813415510148417],[102.09991195636852,18.813148021860542],[102.10017955358606,18.812608485732937],[102.09991195636852,18.812875955623355],[102.09937240425083,18.81314802863396],[102.09883285480109,18.813415554480414],[102.09829330803737,18.81341555796581],[102.09802580264537,18.81314797831031],[102.09802580264537,18.812340868590724],[102.09802580264537,18.810989806185475],[102.0969466325815,18.81018269677115],[102.0966746837631,18.810182657379997],[102.09640709516046,18.810454666682006],[102.09640709516046,18.81126177589863],[102.0966746837631,18.811261832690178],[102.0966746837631,18.811801332391084],[102.09640709516046,18.812068886884845],[102.09613514768941,18.81206893713656],[102.09532802833954,18.811801348776385],[102.0950604430428,18.81152931032399],[102.0950604430428,18.810989808592794],[102.09532802833954,18.81072225697372],[102.09559997378952,18.81072229828733],[102.09586756040702,18.81045474654222],[102.09586756040702,18.8094858603949],[102.09586756040702,18.809103593811358],[102.09559997378952,18.809103623177208],[102.09452091496397,18.809915160863497],[102.0937138075802,18.80937558054788],[102.09344177964684,18.80964315198382],[102.0920951642166,18.80991511323502],[102.09155565084333,18.809915177500415],[102.0912880748256,18.809643129768247],[102.0912880748256,18.808028986353676],[102.09155565084333,18.807756985477724],[102.0920951642166,18.807217423810997],[102.09182314033487,18.806677879239132],[102.0920951642166,18.805331228118746],[102.09236274222806,18.805063687674448],[102.09263468026691,18.803984569155915],[102.09263468026691,18.80317746745817],[102.09263468026691,18.802637885220165],[102.09263468026691,18.799940164220246],[102.09290225959901,18.799672631205297],[102.09398138956217,18.79967260580979],[102.09532802833954,18.8007517057425],[102.09613514768941,18.801558796336764],[102.09640709516046,18.802098329032972],[102.0969466325815,18.80263792399147],[102.09883285480109,18.80290545409585],[102.10152618181749,18.80479164509879],[102.10327970750384,18.80587077545293],[102.1050310333599,18.806949849275753],[102.1052985559543,18.80721741190834],[102.1052985559543,18.808028951067683],[102.10557052630551,18.80883606047294],[102.10718474839464,18.810722243256507],[102.10907097347095,18.811261764885217],[102.11015008922286,18.81234092143866],[102.11095714398337,18.813687572801527],[102.11122912844704,18.814494667824704],[102.1117687392697,18.81665281752774],[102.1117687392697,18.81718793450122],[102.11149675345862,18.81745998667988],[102.11095714398337,18.81799952699363],[102.11068960750092,18.81826700940674]],[[102.11958109962816,18.80641029914345],[102.11985310559757,18.806142712525784],[102.12173928809344,18.805603189558596],[102.12200685166002,18.805603213202176],[102.12227877646691,18.805870715934844],[102.12227877646691,18.806142760019796],[102.12173928809344,18.806677819177665],[102.12093215358047,18.80721740676978],[102.11985310559757,18.807489396300056],[102.11958109962816,18.80748939446748],[102.11958109962816,18.80641029914345]],[[102.17563637944076,18.848183158315265],[102.17536885933433,18.844945850855126],[102.17509688995355,18.844138778469485],[102.17482928390544,18.844138779161298],[102.17482928390544,18.844678298202908],[102.1745617657667,18.844945869351434],[102.17402219430815,18.844945889994662],[102.17375022825999,18.844678332895867],[102.17375022825999,18.844138723097515],[102.17375022825999,18.843059684106464],[102.17348271275299,18.84279210023807],[102.1732106607898,18.84225251531369],[102.1732106607898,18.841712997350044],[102.17348271275299,18.841173458464567],[102.17375022825999,18.840905893882706],[102.17402219430815,18.84063393597326],[102.1745617657667,18.84063392185176],[102.17482928390544,18.840905870598306],[102.17482928390544,18.84171304779929],[102.17536885933433,18.84171302927615],[102.17644801813364,18.84252452942181],[102.17698751425038,18.842792082756674],[102.17725503830005,18.84279208514633],[102.17752265024998,18.842524597963248],[102.17752265024998,18.841445485948398],[102.17779462563178,18.84117343444352],[102.17833421561343,18.841173495681645],[102.17887372099185,18.841712980300045],[102.17914124963195,18.84198500601657],[102.17940877891905,18.842252577531113],[102.17994837682389,18.84305962188043],[102.1804878901253,18.843331616683543],[102.18102749333028,18.843599235838028],[102.1821065331745,18.843599249285845],[102.18237415692832,18.843331667159788],[102.1826461443205,18.843059697258],[102.18291368213241,18.84305968981097],[102.18318567085427,18.84333168073347],[102.18318567085427,18.844138755176218],[102.18291368213241,18.844410727207148],[102.18156701193178,18.845757414143435],[102.1804878901253,18.845217897230597],[102.17994837682389,18.8452178437539],[102.17940877891905,18.845485367193035],[102.17914124963195,18.84575740048902],[102.17914124963195,18.846024974098867],[102.17968084622535,18.846024934240617],[102.18022035821528,18.846024987412036],[102.18075996010876,18.84629697299853],[102.18102749333028,18.846564538909917],[102.18102749333028,18.847104052094707],[102.18075996010876,18.847371632729164],[102.18022035821528,18.848450710266704],[102.17994837682389,18.84899026100102],[102.17968084622535,18.84925784337844],[102.17860174294216,18.84952978016858],[102.17725503830005,18.850069387523646],[102.17671554086272,18.850069330273982],[102.17617595882226,18.849529841245058],[102.17590843740456,18.849257806844008],[102.17563637944076,18.848183158315265]],[[102.17482928390544,18.84952981547235],[102.17482928390544,18.850336922263438],[102.17536885933433,18.851148454730435],[102.17563637944076,18.85141603372122],[102.17644801813364,18.851415963086794],[102.17725503830005,18.851683594233734],[102.17779462563178,18.85222307779209],[102.17806215163986,18.852495107476912],[102.17833421561343,18.85276264777731],[102.17887372099185,18.852762695387938],[102.17940877891905,18.852762678328958],[102.17968084622535,18.852495148116674],[102.1804878901253,18.852223147222773],[102.1821065331745,18.853302210126785],[102.18237415692832,18.853569766749416],[102.18318567085427,18.85438131031981],[102.18318567085427,18.85464888708286],[102.18291368213241,18.85492087481626],[102.18190367948202,18.8549208429351],[102.18183454712081,18.855188395973485],[102.18183454712081,18.855727920423234],[102.1826461443205,18.856807040756493],[102.1826461443205,18.858153672356323],[102.18372074976591,18.85950037868713],[102.18372074976591,18.859767869589092],[102.18345320998654,18.860039928083054],[102.18318567085427,18.86003994919355],[102.18102749333028,18.85923283205375],[102.18075996010876,18.85896080982492],[102.18075996010876,18.858153697778747],[102.18075996010876,18.85788165996408],[102.17940877891905,18.857074618651097],[102.17833421561343,18.85653506939009],[102.17752265024998,18.85626748415612],[102.17698751425038,18.855995466481517],[102.17671554086272,18.855727917224982],[102.17563637944076,18.85464884804182],[102.17536885933433,18.854381269158864],[102.17509688995355,18.85384176575691],[102.17509688995355,18.852762613578264],[102.17482928390544,18.851955597822624],[102.1745617657667,18.851683560151656],[102.17402219430815,18.851683590972783],[102.17375022825999,18.851416034161403],[102.17348271275299,18.851148450544272],[102.17348271275299,18.849257824450902],[102.17375022825999,18.848990247993385],[102.17428979838863,18.848990222175814],[102.1745617657667,18.849257777747553],[102.17482928390544,18.84952981547235]],[[102.17105695440583,18.854381302755982],[102.17159651130251,18.855188402665917],[102.17186402221895,18.854920819300403],[102.17213598359612,18.854648842292647],[102.17240358307723,18.854648838313068],[102.1732106607898,18.854920850175617],[102.17348271275299,18.855188402405417],[102.17348271275299,18.855455987037644],[102.17294314659475,18.856807050862457],[102.17267554579271,18.85707464377704],[102.17186402221895,18.857346656888097],[102.17159651130251,18.85734656709228],[102.1707893582034,18.857074644297953],[102.17051740016811,18.856807079707295],[102.16971025500104,18.856535060586552],[102.16917070737489,18.855727949052323],[102.16971025500104,18.854381346261277],[102.16997784857134,18.854109303326254],[102.17024980527717,18.853841786157744],[102.17051740016811,18.853841785995826],[102.1707893582034,18.8541093507214],[102.17105695440583,18.854381302755982]],[[102.19638905792985,18.88779777167329],[102.19692865183688,18.888876891099372],[102.19692865183688,18.889603211833418],[102.19692865183688,18.889951535109603],[102.19665662915011,18.89022358872559],[102.19504239735014,18.890491086939747],[102.19423533395664,18.890491119952898],[102.193963317926,18.890491121954668],[102.19342373853553,18.890223587117447],[102.19288424906645,18.88833737704337],[102.19261668700878,18.886179130789202],[102.19234467497589,18.886179125120947],[102.19207711422976,18.88563962824061],[102.19207711422976,18.884832484403077],[102.19234467497589,18.884564927205247],[102.19261668700878,18.884564934113413],[102.19315626243761,18.884832475312038],[102.19423533395664,18.8859116497176],[102.19423533395664,18.886990751749423],[102.19612148734714,18.88752578810802],[102.19638905792985,18.88779777167329]]]]},"properties":{"id":"39343"}}]}