{
"type": "FeatureCollection",
"name": "downstream_88176",
"crs": { "type": "name", "properties": { "name": "urn:ogc:def:crs:OGC:1.3:CRS84" } },
"features": [
{ "type": "Feature", "properties": { "COMID": 45019674, "id": "1705", "lengthkm": 7.1921387615163042, "order": 3, "uparea": 3137.3790403782314 }, "geometry": { "type": "LineString", "coordinates": [ [ 78.758333333333326, 29.5075 ], [ 78.755, 29.5125 ], [ 78.759166666666658, 29.518333333333342 ], [ 78.759166666666658, 29.5225 ], [ 78.749166666666653, 29.524166666666673 ], [ 78.7425, 29.531666666666673 ], [ 78.740833333333327, 29.535833333333343 ], [ 78.74166666666666, 29.540833333333342 ], [ 78.75333333333333, 29.554166666666674 ] ] } },
{ "type": "Feature", "properties": { "COMID": 45023762, "id": "1705", "lengthkm": 13.635995443053718, "order": 3, "uparea": 3241.1439741648146 }, "geometry": { "type": "LineString", "coordinates": [ [ 78.661666666666662, 29.478333333333342 ], [ 78.666666666666657, 29.48 ], [ 78.67416666666665, 29.490833333333342 ], [ 78.683333333333323, 29.4925 ], [ 78.701666666666654, 29.4925 ], [ 78.708333333333329, 29.4875 ], [ 78.710833333333326, 29.489166666666677 ], [ 78.725, 29.488333333333344 ], [ 78.730833333333322, 29.485 ], [ 78.740833333333327, 29.4825 ], [ 78.754166666666663, 29.488333333333344 ], [ 78.759166666666658, 29.493333333333339 ], [ 78.761666666666656, 29.501666666666676 ], [ 78.758333333333326, 29.5075 ] ] } },
{ "type": "Feature", "properties": { "COMID": 45023596, "id": "1705", "lengthkm": 10.764997966638287, "order": 3, "uparea": 3340.7291148818608 }, "geometry": { "type": "LineString", "coordinates": [ [ 78.618333333333325, 29.418333333333344 ], [ 78.620833333333323, 29.421666666666674 ], [ 78.620833333333323, 29.425 ], [ 78.62, 29.429166666666674 ], [ 78.615, 29.436666666666675 ], [ 78.615833333333327, 29.4375 ], [ 78.614166666666662, 29.43833333333334 ], [ 78.614166666666662, 29.441666666666677 ], [ 78.618333333333325, 29.448333333333341 ], [ 78.62, 29.455 ], [ 78.6225, 29.4575 ], [ 78.623333333333321, 29.464166666666674 ], [ 78.626666666666651, 29.466666666666676 ], [ 78.630833333333328, 29.466666666666676 ], [ 78.638333333333321, 29.473333333333343 ], [ 78.640833333333319, 29.478333333333342 ], [ 78.646666666666661, 29.48 ], [ 78.661666666666662, 29.478333333333342 ] ] } },
{ "type": "Feature", "properties": { "COMID": 45023542, "id": "1705", "lengthkm": 4.1754199867052062, "order": 3, "uparea": 3401.9476263586389 }, "geometry": { "type": "LineString", "coordinates": [ [ 78.6375, 29.396666666666675 ], [ 78.631666666666661, 29.398333333333341 ], [ 78.631666666666661, 29.403333333333343 ], [ 78.62833333333333, 29.403333333333343 ], [ 78.626666666666651, 29.405 ], [ 78.621666666666655, 29.411666666666676 ], [ 78.621666666666655, 29.415 ], [ 78.62, 29.413333333333341 ], [ 78.618333333333325, 29.414166666666674 ], [ 78.618333333333325, 29.418333333333344 ] ] } },
{ "type": "Feature", "properties": { "COMID": 45023521, "id": "1705", "lengthkm": 15.081319278574755, "order": 3, "uparea": 3653.3880389070014 }, "geometry": { "type": "LineString", "coordinates": [ [ 78.635833333333323, 29.311666666666675 ], [ 78.634166666666658, 29.315833333333341 ], [ 78.64, 29.3175 ], [ 78.6425, 29.32 ], [ 78.641666666666652, 29.324166666666677 ], [ 78.645, 29.324166666666677 ], [ 78.646666666666661, 29.325833333333343 ], [ 78.646666666666661, 29.3325 ], [ 78.651666666666657, 29.338333333333342 ], [ 78.654166666666654, 29.344166666666673 ], [ 78.653333333333322, 29.348333333333343 ], [ 78.648333333333326, 29.3525 ], [ 78.648333333333326, 29.358333333333341 ], [ 78.6525, 29.361666666666675 ], [ 78.649166666666659, 29.363333333333344 ], [ 78.65, 29.365 ], [ 78.6475, 29.3675 ], [ 78.648333333333326, 29.369166666666676 ], [ 78.645833333333329, 29.371666666666677 ], [ 78.641666666666652, 29.369166666666676 ], [ 78.638333333333321, 29.3775 ], [ 78.635833333333323, 29.37583333333334 ], [ 78.634166666666658, 29.378333333333341 ], [ 78.631666666666661, 29.378333333333341 ], [ 78.633333333333326, 29.38 ], [ 78.633333333333326, 29.384166666666673 ], [ 78.6375, 29.3825 ], [ 78.634166666666658, 29.386666666666677 ], [ 78.636666666666656, 29.39 ], [ 78.635, 29.394166666666678 ], [ 78.6375, 29.396666666666675 ] ] } },
{ "type": "Feature", "properties": { "COMID": 45023470, "id": "1705", "lengthkm": 1.5039495341285449, "order": 3, "uparea": 3680.6706393170757 }, "geometry": { "type": "LineString", "coordinates": [ [ 78.641666666666652, 29.3025 ], [ 78.638333333333321, 29.305833333333339 ], [ 78.64, 29.309166666666677 ], [ 78.6375, 29.309166666666677 ], [ 78.635833333333323, 29.311666666666675 ] ] } },
{ "type": "Feature", "properties": { "COMID": 45023467, "id": "1705", "lengthkm": 3.7257587753790098, "order": 3, "uparea": 3763.6462633503029 }, "geometry": { "type": "LineString", "coordinates": [ [ 78.63, 29.280833333333341 ], [ 78.6325, 29.284166666666675 ], [ 78.636666666666656, 29.285 ], [ 78.638333333333321, 29.2875 ], [ 78.641666666666652, 29.2875 ], [ 78.64, 29.29 ], [ 78.643333333333317, 29.291666666666675 ], [ 78.644166666666649, 29.296666666666674 ], [ 78.641666666666652, 29.3025 ] ] } },
{ "type": "Feature", "properties": { "COMID": 45023455, "id": "1705", "lengthkm": 4.6272476584290709, "order": 3, "uparea": 3801.3348228775567 }, "geometry": { "type": "LineString", "coordinates": [ [ 78.644166666666649, 29.251666666666676 ], [ 78.6425, 29.253333333333341 ], [ 78.643333333333317, 29.255833333333342 ], [ 78.645, 29.255833333333342 ], [ 78.643333333333317, 29.25833333333334 ], [ 78.644166666666649, 29.265 ], [ 78.640833333333319, 29.270833333333343 ], [ 78.635, 29.2725 ], [ 78.635, 29.275833333333342 ], [ 78.629166666666663, 29.279166666666676 ], [ 78.63, 29.280833333333341 ] ] } },
{ "type": "Feature", "properties": { "COMID": 45023138, "id": "1705", "lengthkm": 3.5107413968896921, "order": 4, "uparea": 4832.881366543108 }, "geometry": { "type": "LineString", "coordinates": [ [ 78.66, 29.238333333333344 ], [ 78.65583333333332, 29.240833333333342 ], [ 78.653333333333322, 29.245833333333344 ], [ 78.648333333333326, 29.243333333333339 ], [ 78.6475, 29.248333333333342 ], [ 78.649166666666659, 29.249166666666675 ], [ 78.649166666666659, 29.251666666666676 ], [ 78.644166666666649, 29.251666666666676 ] ] } },
{ "type": "Feature", "properties": { "COMID": 45023133, "id": "1705", "lengthkm": 6.179767551610527, "order": 4, "uparea": 4992.5975510501294 }, "geometry": { "type": "LineString", "coordinates": [ [ 78.68, 29.221666666666675 ], [ 78.6775, 29.223333333333343 ], [ 78.673333333333318, 29.215833333333343 ], [ 78.67, 29.213333333333342 ], [ 78.67, 29.211666666666673 ], [ 78.668333333333322, 29.211666666666673 ], [ 78.666666666666657, 29.215 ], [ 78.668333333333322, 29.22 ], [ 78.665833333333325, 29.221666666666675 ], [ 78.661666666666662, 29.221666666666675 ], [ 78.658333333333331, 29.225 ], [ 78.659166666666664, 29.2325 ], [ 78.661666666666662, 29.236666666666675 ], [ 78.66, 29.238333333333344 ] ] } },
{ "type": "Feature", "properties": { "COMID": 45023129, "id": "1705", "lengthkm": 25.647711433593532, "order": 4, "uparea": 5254.145850721482 }, "geometry": { "type": "LineString", "coordinates": [ [ 78.673333333333318, 29.131666666666675 ], [ 78.673333333333318, 29.139166666666675 ], [ 78.6675, 29.141666666666673 ], [ 78.665833333333325, 29.143333333333342 ], [ 78.666666666666657, 29.145833333333343 ], [ 78.67083333333332, 29.146666666666675 ], [ 78.6775, 29.14083333333334 ], [ 78.680833333333325, 29.14083333333334 ], [ 78.684166666666655, 29.145 ], [ 78.684166666666655, 29.1475 ], [ 78.67416666666665, 29.148333333333341 ], [ 78.671666666666653, 29.1525 ], [ 78.673333333333318, 29.155 ], [ 78.681666666666658, 29.156666666666673 ], [ 78.694166666666661, 29.169166666666676 ], [ 78.693333333333328, 29.170833333333341 ], [ 78.6875, 29.17 ], [ 78.684166666666655, 29.1725 ], [ 78.684166666666655, 29.179166666666674 ], [ 78.688333333333318, 29.1825 ], [ 78.6875, 29.193333333333342 ], [ 78.686666666666653, 29.195 ], [ 78.683333333333323, 29.193333333333342 ], [ 78.684166666666655, 29.1875 ], [ 78.6825, 29.185 ], [ 78.67083333333332, 29.194166666666675 ], [ 78.6625, 29.195 ], [ 78.658333333333331, 29.19 ], [ 78.65583333333332, 29.19 ], [ 78.654166666666654, 29.193333333333342 ], [ 78.660833333333329, 29.19583333333334 ], [ 78.660833333333329, 29.205 ], [ 78.663333333333327, 29.2075 ], [ 78.665833333333325, 29.205833333333342 ], [ 78.666666666666657, 29.206666666666678 ], [ 78.668333333333322, 29.204166666666673 ], [ 78.671666666666653, 29.204166666666673 ], [ 78.68, 29.209166666666675 ], [ 78.6825, 29.216666666666676 ], [ 78.68, 29.221666666666675 ] ] } },
{ "type": "Feature", "properties": { "COMID": 45023107, "id": "1705", "lengthkm": 13.9729325483713, "order": 4, "uparea": 5371.2316205989891 }, "geometry": { "type": "LineString", "coordinates": [ [ 78.705833333333317, 29.059166666666677 ], [ 78.706666666666649, 29.065 ], [ 78.705, 29.066666666666677 ], [ 78.700833333333321, 29.066666666666677 ], [ 78.695833333333326, 29.07083333333334 ], [ 78.691666666666663, 29.065833333333345 ], [ 78.683333333333323, 29.066666666666677 ], [ 78.683333333333323, 29.069166666666675 ], [ 78.69, 29.074166666666677 ], [ 78.69083333333333, 29.076666666666675 ], [ 78.685833333333321, 29.07833333333334 ], [ 78.680833333333325, 29.090833333333343 ], [ 78.673333333333318, 29.090833333333343 ], [ 78.6725, 29.095 ], [ 78.675, 29.098333333333343 ], [ 78.678333333333327, 29.113333333333344 ], [ 78.685833333333321, 29.119166666666676 ], [ 78.686666666666653, 29.1225 ], [ 78.6775, 29.1275 ], [ 78.673333333333318, 29.131666666666675 ] ] } },
{ "type": "Feature", "properties": { "COMID": 45023102, "id": "1705", "lengthkm": 7.2127503303795866, "order": 4, "uparea": 5514.6961386650491 }, "geometry": { "type": "LineString", "coordinates": [ [ 78.738333333333316, 29.033333333333342 ], [ 78.7325, 29.04 ], [ 78.729166666666657, 29.04 ], [ 78.726666666666659, 29.036666666666676 ], [ 78.7225, 29.0375 ], [ 78.72, 29.0425 ], [ 78.715, 29.046666666666674 ], [ 78.701666666666654, 29.045833333333341 ], [ 78.698333333333323, 29.048333333333343 ], [ 78.698333333333323, 29.053333333333342 ], [ 78.704166666666652, 29.055 ], [ 78.705833333333317, 29.059166666666677 ] ] } },
{ "type": "Feature", "properties": { "COMID": 45023097, "id": "1705", "lengthkm": 12.520019119040386, "order": 4, "uparea": 5648.4506153762795 }, "geometry": { "type": "LineString", "coordinates": [ [ 78.719166666666652, 28.963333333333342 ], [ 78.719166666666652, 28.970833333333342 ], [ 78.721666666666664, 28.973333333333343 ], [ 78.728333333333325, 28.970833333333342 ], [ 78.730833333333322, 28.966666666666676 ], [ 78.734166666666653, 28.965833333333343 ], [ 78.73666666666665, 28.968333333333341 ], [ 78.73333333333332, 28.975 ], [ 78.735833333333318, 28.980833333333344 ], [ 78.73666666666665, 28.98 ], [ 78.740833333333327, 28.985 ], [ 78.74166666666666, 28.991666666666674 ], [ 78.734166666666653, 28.996666666666677 ], [ 78.73333333333332, 29.005833333333342 ], [ 78.729166666666657, 29.010833333333341 ], [ 78.7275, 29.016666666666673 ], [ 78.728333333333325, 29.02 ], [ 78.738333333333316, 29.033333333333342 ] ] } },
{ "type": "Feature", "properties": { "COMID": 45027223, "id": "1705", "lengthkm": 17.279247500690971, "order": 4, "uparea": 5846.5432701374866 }, "geometry": { "type": "LineString", "coordinates": [ [ 78.774166666666659, 28.87583333333334 ], [ 78.7725, 28.878333333333345 ], [ 78.768333333333317, 28.88 ], [ 78.751666666666651, 28.881666666666675 ], [ 78.749166666666653, 28.88333333333334 ], [ 78.749166666666653, 28.889166666666675 ], [ 78.740833333333327, 28.896666666666675 ], [ 78.74, 28.903333333333343 ], [ 78.734166666666653, 28.909166666666675 ], [ 78.73, 28.918333333333344 ], [ 78.7325, 28.920833333333341 ], [ 78.743333333333325, 28.920833333333341 ], [ 78.743333333333325, 28.9225 ], [ 78.745, 28.921666666666674 ], [ 78.749166666666653, 28.924166666666675 ], [ 78.751666666666651, 28.926666666666677 ], [ 78.751666666666651, 28.929166666666674 ], [ 78.749166666666653, 28.9325 ], [ 78.74, 28.935833333333342 ], [ 78.734166666666653, 28.945 ], [ 78.728333333333325, 28.948333333333341 ], [ 78.7275, 28.9475 ], [ 78.725833333333327, 28.95 ], [ 78.7175, 28.954166666666673 ], [ 78.720833333333331, 28.9575 ], [ 78.719166666666652, 28.963333333333342 ] ] } },
{ "type": "Feature", "properties": { "COMID": 45027211, "id": "1705", "lengthkm": 21.818356126208702, "order": 4, "uparea": 6799.6904073527039 }, "geometry": { "type": "LineString", "coordinates": [ [ 78.833333333333329, 28.746666666666677 ], [ 78.8325, 28.7475 ], [ 78.835, 28.749166666666675 ], [ 78.835, 28.753333333333345 ], [ 78.833333333333329, 28.754166666666677 ], [ 78.835, 28.756666666666675 ], [ 78.834166666666661, 28.76 ], [ 78.830833333333317, 28.76 ], [ 78.825, 28.768333333333342 ], [ 78.823333333333323, 28.7675 ], [ 78.8225, 28.77 ], [ 78.820833333333326, 28.769166666666678 ], [ 78.819166666666661, 28.770833333333343 ], [ 78.818333333333328, 28.774166666666673 ], [ 78.816666666666663, 28.7725 ], [ 78.81583333333333, 28.773333333333341 ], [ 78.816666666666663, 28.776666666666678 ], [ 78.821666666666658, 28.781666666666673 ], [ 78.820833333333326, 28.783333333333342 ], [ 78.8225, 28.7825 ], [ 78.825, 28.784166666666675 ], [ 78.829166666666652, 28.790833333333342 ], [ 78.824166666666656, 28.798333333333343 ], [ 78.819166666666661, 28.798333333333343 ], [ 78.818333333333328, 28.796666666666674 ], [ 78.815, 28.796666666666674 ], [ 78.813333333333318, 28.798333333333343 ], [ 78.806666666666658, 28.806666666666676 ], [ 78.8025, 28.816666666666677 ], [ 78.803333333333327, 28.8175 ], [ 78.7975, 28.8275 ], [ 78.7975, 28.838333333333342 ], [ 78.79583333333332, 28.840833333333343 ], [ 78.790833333333325, 28.844166666666673 ], [ 78.7875, 28.844166666666673 ], [ 78.783333333333331, 28.8475 ], [ 78.78083333333332, 28.8525 ], [ 78.773333333333326, 28.856666666666676 ], [ 78.768333333333317, 28.8675 ], [ 78.774166666666659, 28.87583333333334 ] ] } },
{ "type": "Feature", "properties": { "COMID": 45027196, "id": "1705", "lengthkm": 29.210883325595407, "order": 5, "uparea": 8724.2501989340199 }, "geometry": { "type": "LineString", "coordinates": [ [ 78.925833333333316, 28.663333333333341 ], [ 78.921666666666653, 28.661666666666676 ], [ 78.921666666666653, 28.659166666666675 ], [ 78.92, 28.660833333333343 ], [ 78.918333333333322, 28.658333333333342 ], [ 78.915833333333325, 28.663333333333341 ], [ 78.9125, 28.661666666666676 ], [ 78.91, 28.666666666666675 ], [ 78.908333333333317, 28.665833333333342 ], [ 78.904166666666654, 28.67 ], [ 78.895, 28.669166666666676 ], [ 78.891666666666652, 28.670833333333341 ], [ 78.893333333333317, 28.674166666666675 ], [ 78.891666666666652, 28.676666666666677 ], [ 78.893333333333317, 28.678333333333342 ], [ 78.895, 28.6775 ], [ 78.896666666666661, 28.680833333333343 ], [ 78.899166666666659, 28.680833333333343 ], [ 78.898333333333326, 28.683333333333344 ], [ 78.9, 28.686666666666675 ], [ 78.9, 28.693333333333342 ], [ 78.901666666666657, 28.695 ], [ 78.900833333333324, 28.696666666666676 ], [ 78.894166666666649, 28.691666666666677 ], [ 78.893333333333317, 28.689166666666676 ], [ 78.89, 28.69 ], [ 78.8875, 28.68833333333334 ], [ 78.87833333333333, 28.691666666666677 ], [ 78.8775, 28.690833333333345 ], [ 78.87, 28.696666666666676 ], [ 78.87, 28.698333333333345 ], [ 78.873333333333321, 28.7 ], [ 78.8725, 28.700833333333343 ], [ 78.875, 28.705 ], [ 78.8725, 28.704166666666676 ], [ 78.871666666666655, 28.7075 ], [ 78.869166666666658, 28.709166666666675 ], [ 78.865, 28.7075 ], [ 78.863333333333316, 28.708333333333343 ], [ 78.860833333333318, 28.705833333333342 ], [ 78.860833333333318, 28.701666666666675 ], [ 78.855, 28.698333333333345 ], [ 78.854166666666657, 28.705833333333342 ], [ 78.85, 28.705833333333342 ], [ 78.849166666666662, 28.704166666666676 ], [ 78.846666666666664, 28.7075 ], [ 78.84333333333332, 28.708333333333343 ], [ 78.8425, 28.7125 ], [ 78.845, 28.714166666666678 ], [ 78.836666666666659, 28.721666666666675 ], [ 78.8325, 28.72 ], [ 78.8325, 28.723333333333343 ], [ 78.834166666666661, 28.725 ], [ 78.835, 28.723333333333343 ], [ 78.836666666666659, 28.725833333333341 ], [ 78.8375, 28.725 ], [ 78.838333333333324, 28.725833333333341 ], [ 78.836666666666659, 28.726666666666674 ], [ 78.839166666666657, 28.728333333333342 ], [ 78.8425, 28.728333333333342 ], [ 78.845833333333317, 28.735 ], [ 78.8425, 28.739166666666677 ], [ 78.840833333333322, 28.739166666666677 ], [ 78.841666666666654, 28.740833333333342 ], [ 78.84, 28.743333333333343 ], [ 78.835833333333326, 28.743333333333343 ], [ 78.833333333333329, 28.746666666666677 ] ] } },
{ "type": "Feature", "properties": { "COMID": 45027178, "id": "1705", "lengthkm": 16.726996641699596, "order": 5, "uparea": 9014.1649306421332 }, "geometry": { "type": "LineString", "coordinates": [ [ 79.0275, 28.63 ], [ 79.024166666666659, 28.631666666666675 ], [ 79.023333333333326, 28.634166666666676 ], [ 79.0225, 28.631666666666675 ], [ 79.011666666666656, 28.62583333333334 ], [ 79.009166666666658, 28.626666666666676 ], [ 79.0025, 28.6225 ], [ 78.998333333333321, 28.6225 ], [ 78.995, 28.625 ], [ 78.993333333333325, 28.624166666666675 ], [ 78.98666666666665, 28.626666666666676 ], [ 78.984166666666653, 28.63 ], [ 78.979166666666657, 28.629166666666677 ], [ 78.975833333333327, 28.631666666666675 ], [ 78.970833333333317, 28.630833333333342 ], [ 78.964166666666657, 28.63333333333334 ], [ 78.958333333333329, 28.63 ], [ 78.954166666666652, 28.638333333333343 ], [ 78.95, 28.639166666666675 ], [ 78.95, 28.649166666666673 ], [ 78.946666666666658, 28.651666666666678 ], [ 78.944166666666661, 28.650833333333342 ], [ 78.941666666666663, 28.654166666666676 ], [ 78.933333333333323, 28.649166666666673 ], [ 78.933333333333323, 28.6525 ], [ 78.931666666666658, 28.6525 ], [ 78.933333333333323, 28.66 ], [ 78.928333333333327, 28.663333333333341 ], [ 78.925833333333316, 28.663333333333341 ] ] } },
{ "type": "Feature", "properties": { "COMID": 45027058, "id": "1705", "lengthkm": 8.4200370154984139, "order": 5, "uparea": 12214.942094063214 }, "geometry": { "type": "LineString", "coordinates": [ [ 79.043333333333322, 28.580833333333342 ], [ 79.043333333333322, 28.583333333333343 ], [ 79.04583333333332, 28.585833333333341 ], [ 79.04, 28.590833333333343 ], [ 79.035, 28.5875 ], [ 79.029166666666654, 28.59 ], [ 79.024166666666659, 28.596666666666678 ], [ 79.024166666666659, 28.600833333333341 ], [ 79.025833333333324, 28.601666666666674 ], [ 79.025833333333324, 28.6125 ], [ 79.03083333333332, 28.615833333333342 ], [ 79.03, 28.616666666666674 ], [ 79.031666666666652, 28.618333333333343 ], [ 79.03, 28.62 ], [ 79.03, 28.6275 ], [ 79.0275, 28.63 ] ] } },
{ "type": "Feature", "properties": { "COMID": 45027057, "id": "1705", "lengthkm": 18.720164413599264, "order": 5, "uparea": 12291.359280886303 }, "geometry": { "type": "LineString", "coordinates": [ [ 79.1075, 28.505 ], [ 79.11166666666665, 28.504166666666677 ], [ 79.11166666666665, 28.506666666666675 ], [ 79.114166666666662, 28.50833333333334 ], [ 79.113333333333316, 28.516666666666676 ], [ 79.11666666666666, 28.525 ], [ 79.113333333333316, 28.529166666666676 ], [ 79.1125, 28.533333333333342 ], [ 79.106666666666655, 28.536666666666676 ], [ 79.103333333333325, 28.535 ], [ 79.104166666666657, 28.535833333333343 ], [ 79.0975, 28.540833333333342 ], [ 79.0925, 28.5375 ], [ 79.088333333333324, 28.540833333333342 ], [ 79.080833333333317, 28.5425 ], [ 79.079166666666652, 28.545 ], [ 79.075, 28.544166666666676 ], [ 79.071666666666658, 28.545833333333341 ], [ 79.0675, 28.544166666666676 ], [ 79.0675, 28.545833333333341 ], [ 79.06, 28.545833333333341 ], [ 79.05416666666666, 28.550833333333344 ], [ 79.05, 28.551666666666677 ], [ 79.041666666666657, 28.561666666666675 ], [ 79.041666666666657, 28.564166666666676 ], [ 79.033333333333317, 28.566666666666677 ], [ 79.03, 28.57083333333334 ], [ 79.03, 28.5725 ], [ 79.036666666666662, 28.573333333333345 ], [ 79.043333333333322, 28.580833333333342 ] ] } },
{ "type": "Feature", "properties": { "COMID": 45027056, "id": "1705", "lengthkm": 15.777473178530338, "order": 5, "uparea": 12376.764112024033 }, "geometry": { "type": "LineString", "coordinates": [ [ 79.176666666666662, 28.461666666666673 ], [ 79.171666666666653, 28.450833333333343 ], [ 79.1675, 28.45 ], [ 79.165, 28.45333333333334 ], [ 79.1625, 28.45333333333334 ], [ 79.16, 28.455833333333342 ], [ 79.160833333333329, 28.460833333333341 ], [ 79.153333333333322, 28.47 ], [ 79.15, 28.47 ], [ 79.1475, 28.4725 ], [ 79.143333333333317, 28.471666666666678 ], [ 79.136666666666656, 28.476666666666674 ], [ 79.133333333333326, 28.475833333333341 ], [ 79.126666666666651, 28.4825 ], [ 79.124166666666653, 28.481666666666676 ], [ 79.124166666666653, 28.489166666666677 ], [ 79.115, 28.489166666666677 ], [ 79.11166666666665, 28.491666666666674 ], [ 79.106666666666655, 28.490833333333342 ], [ 79.101666666666659, 28.4925 ], [ 79.101666666666659, 28.498333333333342 ], [ 79.099166666666662, 28.498333333333342 ], [ 79.0975, 28.501666666666676 ], [ 79.100833333333327, 28.505833333333342 ], [ 79.1075, 28.505 ] ] } },
{ "type": "Feature", "properties": { "COMID": 45027055, "id": "1705", "lengthkm": 6.4014433144794776, "order": 5, "uparea": 12854.17476640094 }, "geometry": { "type": "LineString", "coordinates": [ [ 79.220833333333317, 28.465 ], [ 79.21833333333332, 28.465 ], [ 79.21833333333332, 28.463333333333342 ], [ 79.21, 28.463333333333342 ], [ 79.2075, 28.46 ], [ 79.209166666666661, 28.458333333333343 ], [ 79.208333333333329, 28.4575 ], [ 79.205833333333317, 28.458333333333343 ], [ 79.204166666666652, 28.456666666666678 ], [ 79.200833333333321, 28.456666666666678 ], [ 79.199166666666656, 28.458333333333343 ], [ 79.196666666666658, 28.455833333333342 ], [ 79.176666666666662, 28.461666666666673 ] ] } },
{ "type": "Feature", "properties": { "COMID": 45027054, "id": "1705", "lengthkm": 2.558933433875509, "order": 5, "uparea": 12896.216719888584 }, "geometry": { "type": "LineString", "coordinates": [ [ 79.23, 28.4475 ], [ 79.230833333333322, 28.45 ], [ 79.226666666666659, 28.460833333333341 ], [ 79.220833333333317, 28.465 ] ] } },
{ "type": "Feature", "properties": { "COMID": 45027053, "id": "1705", "lengthkm": 5.3399905117189164, "order": 5, "uparea": 12951.585346659129 }, "geometry": { "type": "LineString", "coordinates": [ [ 79.256666666666661, 28.418333333333344 ], [ 79.255833333333328, 28.4175 ], [ 79.2525, 28.42 ], [ 79.243333333333325, 28.43 ], [ 79.240833333333327, 28.429166666666674 ], [ 79.238333333333316, 28.430833333333343 ], [ 79.238333333333316, 28.433333333333344 ], [ 79.230833333333322, 28.438333333333343 ], [ 79.231666666666655, 28.44 ], [ 79.229166666666657, 28.4425 ], [ 79.23, 28.4475 ] ] } },
{ "type": "Feature", "properties": { "COMID": 45027052, "id": "1705", "lengthkm": 13.649204730389748, "order": 5, "uparea": 17277.006422650917 }, "geometry": { "type": "LineString", "coordinates": [ [ 79.346666666666664, 28.380833333333342 ], [ 79.3375, 28.374166666666675 ], [ 79.328333333333319, 28.374166666666675 ], [ 79.319166666666661, 28.380833333333342 ], [ 79.310833333333321, 28.3925 ], [ 79.300833333333316, 28.401666666666678 ], [ 79.29916666666665, 28.405 ], [ 79.29916666666665, 28.410833333333343 ], [ 79.295, 28.415833333333342 ], [ 79.286666666666662, 28.415833333333342 ], [ 79.281666666666652, 28.410833333333343 ], [ 79.274166666666659, 28.408333333333342 ], [ 79.265833333333319, 28.411666666666676 ], [ 79.260833333333323, 28.416666666666675 ], [ 79.256666666666661, 28.418333333333344 ] ] } },
{ "type": "Feature", "properties": { "COMID": 45027051, "id": "1705", "lengthkm": 4.6141637142449508, "order": 5, "uparea": 17874.423322734256 }, "geometry": { "type": "LineString", "coordinates": [ [ 79.336666666666659, 28.354166666666675 ], [ 79.338333333333324, 28.3575 ], [ 79.354166666666657, 28.3725 ], [ 79.353333333333325, 28.38 ], [ 79.350833333333327, 28.381666666666675 ], [ 79.349166666666662, 28.38 ], [ 79.346666666666664, 28.380833333333342 ] ] } },
{ "type": "Feature", "properties": { "COMID": 45027050, "id": "1705", "lengthkm": 4.9319219793161606, "order": 5, "uparea": 17928.684380456278 }, "geometry": { "type": "LineString", "coordinates": [ [ 79.363333333333316, 28.346666666666678 ], [ 79.36166666666665, 28.3475 ], [ 79.3575, 28.345833333333342 ], [ 79.355833333333322, 28.3475 ], [ 79.349166666666662, 28.339166666666678 ], [ 79.345833333333317, 28.339166666666678 ], [ 79.339166666666657, 28.343333333333341 ], [ 79.335833333333326, 28.35 ], [ 79.336666666666659, 28.354166666666675 ] ] } },
{ "type": "Feature", "properties": { "COMID": 45031489, "id": "1705", "lengthkm": 6.1643819927915304, "order": 5, "uparea": 18194.988302118491 }, "geometry": { "type": "LineString", "coordinates": [ [ 79.3675, 28.2975 ], [ 79.369166666666658, 28.299166666666675 ], [ 79.368333333333325, 28.301666666666677 ], [ 79.37, 28.305 ], [ 79.368333333333325, 28.316666666666677 ], [ 79.37, 28.334166666666675 ], [ 79.365, 28.345833333333342 ], [ 79.363333333333316, 28.346666666666678 ] ] } },
{ "type": "Feature", "properties": { "COMID": 45031486, "id": "1705", "lengthkm": 7.455207675467312, "order": 5, "uparea": 18265.56504002435 }, "geometry": { "type": "LineString", "coordinates": [ [ 79.394166666666649, 28.246666666666677 ], [ 79.383333333333326, 28.25 ], [ 79.37833333333333, 28.255833333333342 ], [ 79.37833333333333, 28.259166666666676 ], [ 79.3775, 28.25833333333334 ], [ 79.375833333333318, 28.26 ], [ 79.375833333333318, 28.279166666666676 ], [ 79.374166666666653, 28.284166666666678 ], [ 79.37, 28.288333333333341 ], [ 79.3675, 28.2975 ] ] } },
{ "type": "Feature", "properties": { "COMID": 45031485, "id": "1705", "lengthkm": 23.619995228083976, "order": 5, "uparea": 18372.726015619719 }, "geometry": { "type": "LineString", "coordinates": [ [ 79.484166666666653, 28.14083333333334 ], [ 79.48333333333332, 28.143333333333345 ], [ 79.4775, 28.1475 ], [ 79.461666666666659, 28.15 ], [ 79.455833333333317, 28.153333333333343 ], [ 79.449166666666656, 28.1525 ], [ 79.44083333333333, 28.1425 ], [ 79.438333333333318, 28.146666666666675 ], [ 79.438333333333318, 28.15 ], [ 79.435, 28.154166666666676 ], [ 79.43, 28.155833333333341 ], [ 79.425833333333316, 28.154166666666676 ], [ 79.42083333333332, 28.158333333333342 ], [ 79.418333333333322, 28.165 ], [ 79.4225, 28.1725 ], [ 79.43, 28.178333333333342 ], [ 79.434166666666655, 28.184166666666677 ], [ 79.434166666666655, 28.188333333333343 ], [ 79.435833333333321, 28.19 ], [ 79.433333333333323, 28.193333333333342 ], [ 79.434166666666655, 28.1975 ], [ 79.4275, 28.208333333333343 ], [ 79.4225, 28.213333333333342 ], [ 79.42, 28.215 ], [ 79.415, 28.215 ], [ 79.411666666666662, 28.218333333333341 ], [ 79.41, 28.2175 ], [ 79.398333333333326, 28.225833333333341 ], [ 79.388333333333321, 28.23 ], [ 79.390833333333319, 28.233333333333341 ], [ 79.395, 28.233333333333341 ], [ 79.3975, 28.236666666666675 ], [ 79.398333333333326, 28.243333333333343 ], [ 79.394166666666649, 28.246666666666677 ] ] } },
{ "type": "Feature", "properties": { "COMID": 45031483, "id": "1705", "lengthkm": 21.738854664141908, "order": 5, "uparea": 18878.380696205768 }, "geometry": { "type": "LineString", "coordinates": [ [ 79.51, 28.048333333333343 ], [ 79.508333333333326, 28.0525 ], [ 79.5025, 28.0575 ], [ 79.496666666666655, 28.0525 ], [ 79.489166666666662, 28.040833333333342 ], [ 79.485, 28.04 ], [ 79.481666666666655, 28.0425 ], [ 79.4825, 28.048333333333343 ], [ 79.4875, 28.054166666666674 ], [ 79.49166666666666, 28.064166666666676 ], [ 79.49166666666666, 28.0675 ], [ 79.49, 28.069166666666675 ], [ 79.494166666666658, 28.079166666666676 ], [ 79.498333333333321, 28.083333333333343 ], [ 79.510833333333323, 28.089166666666678 ], [ 79.516666666666652, 28.095833333333342 ], [ 79.525, 28.1 ], [ 79.525833333333324, 28.1025 ], [ 79.520833333333329, 28.1075 ], [ 79.5125, 28.111666666666675 ], [ 79.506666666666661, 28.109166666666674 ], [ 79.501666666666651, 28.109166666666674 ], [ 79.5, 28.110833333333343 ], [ 79.5, 28.114166666666677 ], [ 79.50333333333333, 28.1175 ], [ 79.50333333333333, 28.120833333333344 ], [ 79.5, 28.123333333333342 ], [ 79.493333333333325, 28.125 ], [ 79.484166666666653, 28.131666666666675 ], [ 79.484166666666653, 28.14083333333334 ] ] } },
{ "type": "Feature", "properties": { "COMID": 45031480, "id": "1705", "lengthkm": 12.673894595336867, "order": 5, "uparea": 18972.459338827157 }, "geometry": { "type": "LineString", "coordinates": [ [ 79.4625, 27.986666666666675 ], [ 79.4675, 27.991666666666674 ], [ 79.4675, 28.0 ], [ 79.471666666666664, 28.003333333333345 ], [ 79.479166666666657, 28.003333333333345 ], [ 79.485833333333318, 27.996666666666677 ], [ 79.490833333333327, 27.996666666666677 ], [ 79.498333333333321, 28.0025 ], [ 79.4975, 28.0125 ], [ 79.48666666666665, 28.024166666666677 ], [ 79.48666666666665, 28.0275 ], [ 79.495, 28.0375 ], [ 79.505, 28.0425 ], [ 79.51, 28.048333333333343 ] ] } },
{ "type": "Feature", "properties": { "COMID": 45031478, "id": "1705", "lengthkm": 11.014651545352958, "order": 5, "uparea": 19184.338064879867 }, "geometry": { "type": "LineString", "coordinates": [ [ 79.4175, 27.925833333333344 ], [ 79.42416666666665, 27.928333333333342 ], [ 79.433333333333323, 27.9225 ], [ 79.435833333333321, 27.925 ], [ 79.436666666666653, 27.931666666666676 ], [ 79.4325, 27.945833333333344 ], [ 79.435, 27.95 ], [ 79.434166666666655, 27.954166666666676 ], [ 79.448333333333323, 27.975833333333341 ], [ 79.4625, 27.986666666666675 ] ] } },
{ "type": "Feature", "properties": { "COMID": 45031477, "id": "1705", "lengthkm": 9.1057618622399108, "order": 5, "uparea": 21209.708246200018 }, "geometry": { "type": "LineString", "coordinates": [ [ 79.466666666666654, 27.8925 ], [ 79.463333333333324, 27.8925 ], [ 79.455833333333317, 27.884166666666676 ], [ 79.4525, 27.883333333333344 ], [ 79.430833333333325, 27.893333333333345 ], [ 79.4175, 27.904166666666676 ], [ 79.415, 27.908333333333342 ], [ 79.413333333333327, 27.918333333333344 ], [ 79.4175, 27.925833333333344 ] ] } },
{ "type": "Feature", "properties": { "COMID": 45031475, "id": "1705", "lengthkm": 16.913230363530037, "order": 5, "uparea": 21299.1930890806 }, "geometry": { "type": "LineString", "coordinates": [ [ 79.5125, 27.794166666666676 ], [ 79.51, 27.798333333333343 ], [ 79.51, 27.804166666666674 ], [ 79.50333333333333, 27.813333333333343 ], [ 79.496666666666655, 27.8175 ], [ 79.4975, 27.821666666666676 ], [ 79.488333333333316, 27.82833333333334 ], [ 79.48666666666665, 27.835 ], [ 79.48333333333332, 27.838333333333345 ], [ 79.4675, 27.838333333333345 ], [ 79.456666666666649, 27.845833333333342 ], [ 79.4575, 27.848333333333343 ], [ 79.455833333333317, 27.85 ], [ 79.461666666666659, 27.858333333333341 ], [ 79.461666666666659, 27.8625 ], [ 79.4675, 27.868333333333343 ], [ 79.475833333333327, 27.870833333333344 ], [ 79.479166666666657, 27.875833333333343 ], [ 79.479166666666657, 27.878333333333345 ], [ 79.46833333333332, 27.888333333333343 ], [ 79.466666666666654, 27.8925 ] ] } },
{ "type": "Feature", "properties": { "COMID": 45035754, "id": "1705", "lengthkm": 7.8772078984946541, "order": 5, "uparea": 21387.223028015687 }, "geometry": { "type": "LineString", "coordinates": [ [ 79.54583333333332, 27.744166666666676 ], [ 79.54, 27.7475 ], [ 79.535, 27.7475 ], [ 79.533333333333317, 27.75 ], [ 79.523333333333326, 27.755 ], [ 79.523333333333326, 27.765 ], [ 79.511666666666656, 27.779166666666676 ], [ 79.5125, 27.781666666666677 ], [ 79.51, 27.785 ], [ 79.5125, 27.79 ], [ 79.5125, 27.794166666666676 ] ] } },
{ "type": "Feature", "properties": { "COMID": 45035752, "id": "1705", "lengthkm": 10.515630372887985, "order": 5, "uparea": 21450.076156316674 }, "geometry": { "type": "LineString", "coordinates": [ [ 79.6025, 27.689166666666676 ], [ 79.581666666666649, 27.689166666666676 ], [ 79.579166666666652, 27.694166666666675 ], [ 79.579166666666652, 27.701666666666675 ], [ 79.5775, 27.704166666666676 ], [ 79.55, 27.718333333333341 ], [ 79.5475, 27.720833333333342 ], [ 79.548333333333318, 27.741666666666674 ], [ 79.54583333333332, 27.744166666666676 ] ] } },
{ "type": "Feature", "properties": { "COMID": 45035746, "id": "1705", "lengthkm": 5.3579279061550089, "order": 5, "uparea": 23826.240929383712 }, "geometry": { "type": "LineString", "coordinates": [ [ 79.633333333333326, 27.668333333333344 ], [ 79.62833333333333, 27.675 ], [ 79.625833333333318, 27.675833333333344 ], [ 79.6225, 27.675 ], [ 79.6175, 27.67 ], [ 79.614166666666662, 27.670833333333341 ], [ 79.61, 27.675833333333344 ], [ 79.60833333333332, 27.6825 ], [ 79.6025, 27.689166666666676 ] ] } },
{ "type": "Feature", "properties": { "COMID": 45035745, "id": "1705", "lengthkm": 15.321436219059212, "order": 5, "uparea": 23921.102156056568 }, "geometry": { "type": "LineString", "coordinates": [ [ 79.651666666666657, 27.5675 ], [ 79.656666666666652, 27.570833333333344 ], [ 79.660833333333329, 27.570833333333344 ], [ 79.665, 27.575 ], [ 79.67, 27.586666666666677 ], [ 79.67, 27.59 ], [ 79.661666666666662, 27.598333333333343 ], [ 79.661666666666662, 27.603333333333342 ], [ 79.666666666666657, 27.608333333333341 ], [ 79.669166666666655, 27.614166666666677 ], [ 79.669166666666655, 27.619166666666676 ], [ 79.666666666666657, 27.623333333333342 ], [ 79.6675, 27.63 ], [ 79.6625, 27.635833333333345 ], [ 79.653333333333322, 27.635833333333345 ], [ 79.643333333333317, 27.644166666666678 ], [ 79.640833333333319, 27.65 ], [ 79.641666666666652, 27.6625 ], [ 79.633333333333326, 27.668333333333344 ] ] } },
{ "type": "Feature", "properties": { "COMID": 45035743, "id": "1705", "lengthkm": 27.215565983355194, "order": 5, "uparea": 24059.241599530542 }, "geometry": { "type": "LineString", "coordinates": [ [ 79.745, 27.433333333333344 ], [ 79.743333333333325, 27.4325 ], [ 79.7325, 27.435833333333342 ], [ 79.725833333333327, 27.435833333333342 ], [ 79.721666666666664, 27.439166666666676 ], [ 79.719166666666652, 27.4475 ], [ 79.715833333333322, 27.451666666666675 ], [ 79.715, 27.4575 ], [ 79.709166666666661, 27.465 ], [ 79.709166666666661, 27.4675 ], [ 79.715, 27.474166666666676 ], [ 79.71833333333332, 27.4825 ], [ 79.715, 27.49 ], [ 79.71, 27.490833333333342 ], [ 79.705833333333317, 27.494166666666676 ], [ 79.701666666666654, 27.493333333333343 ], [ 79.6975, 27.495833333333344 ], [ 79.689166666666651, 27.496666666666677 ], [ 79.681666666666658, 27.489166666666677 ], [ 79.6775, 27.488333333333344 ], [ 79.656666666666652, 27.4975 ], [ 79.649166666666659, 27.504166666666677 ], [ 79.6475, 27.511666666666677 ], [ 79.649166666666659, 27.514166666666675 ], [ 79.651666666666657, 27.516666666666676 ], [ 79.660833333333329, 27.5175 ], [ 79.663333333333327, 27.520833333333343 ], [ 79.663333333333327, 27.525 ], [ 79.656666666666652, 27.531666666666677 ], [ 79.656666666666652, 27.539166666666677 ], [ 79.660833333333329, 27.550833333333344 ], [ 79.658333333333317, 27.555 ], [ 79.65, 27.56 ], [ 79.648333333333326, 27.564166666666676 ], [ 79.651666666666657, 27.5675 ] ] } },
{ "type": "Feature", "properties": { "COMID": 45035735, "id": "1705", "lengthkm": 11.941248131655113, "order": 5, "uparea": 24371.008025615458 }, "geometry": { "type": "LineString", "coordinates": [ [ 79.711666666666659, 27.363333333333344 ], [ 79.7175, 27.358333333333341 ], [ 79.7225, 27.3575 ], [ 79.725, 27.360833333333343 ], [ 79.724166666666662, 27.365 ], [ 79.726666666666659, 27.373333333333342 ], [ 79.728333333333325, 27.375 ], [ 79.729166666666657, 27.374166666666675 ], [ 79.730833333333322, 27.378333333333345 ], [ 79.73666666666665, 27.384166666666676 ], [ 79.7375, 27.389166666666675 ], [ 79.735833333333318, 27.395833333333343 ], [ 79.743333333333325, 27.404166666666676 ], [ 79.743333333333325, 27.413333333333341 ], [ 79.7525, 27.425 ], [ 79.751666666666651, 27.43 ], [ 79.745, 27.433333333333344 ] ] } },
{ "type": "Feature", "properties": { "COMID": 45035732, "id": "1705", "lengthkm": 14.594653145051506, "order": 5, "uparea": 24456.249142804551 }, "geometry": { "type": "LineString", "coordinates": [ [ 79.728333333333325, 27.27 ], [ 79.735, 27.275 ], [ 79.734166666666653, 27.276666666666678 ], [ 79.735833333333318, 27.278333333333343 ], [ 79.73666666666665, 27.276666666666678 ], [ 79.7375, 27.2775 ], [ 79.744166666666658, 27.2875 ], [ 79.746666666666655, 27.295 ], [ 79.746666666666655, 27.301666666666677 ], [ 79.743333333333325, 27.31 ], [ 79.731666666666655, 27.321666666666676 ], [ 79.729166666666657, 27.330833333333345 ], [ 79.71833333333332, 27.340833333333343 ], [ 79.714166666666657, 27.341666666666676 ], [ 79.713333333333324, 27.344166666666677 ], [ 79.7075, 27.346666666666678 ], [ 79.704166666666652, 27.350833333333341 ], [ 79.703333333333319, 27.356666666666676 ], [ 79.705, 27.361666666666679 ], [ 79.708333333333329, 27.364166666666677 ], [ 79.711666666666659, 27.363333333333344 ] ] } },
{ "type": "Feature", "properties": { "COMID": 45035729, "id": "1705", "lengthkm": 10.603266322168553, "order": 5, "uparea": 24510.905681892084 }, "geometry": { "type": "LineString", "coordinates": [ [ 79.783333333333317, 27.253333333333345 ], [ 79.78, 27.253333333333345 ], [ 79.773333333333326, 27.246666666666677 ], [ 79.768333333333317, 27.245833333333344 ], [ 79.761666666666656, 27.2475 ], [ 79.760833333333323, 27.249166666666675 ], [ 79.766666666666652, 27.255 ], [ 79.768333333333317, 27.259166666666676 ], [ 79.768333333333317, 27.264166666666675 ], [ 79.764166666666654, 27.269166666666678 ], [ 79.75333333333333, 27.270833333333343 ], [ 79.73333333333332, 27.2625 ], [ 79.728333333333325, 27.265833333333344 ], [ 79.728333333333325, 27.27 ] ] } },
{ "type": "Feature", "properties": { "COMID": 45035728, "id": "1705", "lengthkm": 15.565842038910006, "order": 5, "uparea": 24615.553081222817 }, "geometry": { "type": "LineString", "coordinates": [ [ 79.849166666666662, 27.171666666666674 ], [ 79.85, 27.1725 ], [ 79.846666666666664, 27.1775 ], [ 79.844166666666652, 27.178333333333342 ], [ 79.845, 27.179166666666674 ], [ 79.84, 27.185833333333342 ], [ 79.835833333333326, 27.189166666666676 ], [ 79.8275, 27.194166666666675 ], [ 79.81583333333333, 27.196666666666676 ], [ 79.815, 27.201666666666675 ], [ 79.8175, 27.205 ], [ 79.82, 27.216666666666676 ], [ 79.818333333333328, 27.22 ], [ 79.811666666666653, 27.225833333333341 ], [ 79.8, 27.221666666666678 ], [ 79.79583333333332, 27.2225 ], [ 79.794166666666655, 27.224166666666676 ], [ 79.79583333333332, 27.233333333333341 ], [ 79.794166666666655, 27.235 ], [ 79.794166666666655, 27.240833333333342 ], [ 79.7925, 27.241666666666674 ], [ 79.793333333333322, 27.2475 ], [ 79.7875, 27.253333333333345 ], [ 79.783333333333317, 27.253333333333345 ] ] } },
{ "type": "Feature", "properties": { "COMID": 45039820, "id": "1705", "lengthkm": 10.473850575589731, "order": 6, "uparea": 64900.9360274188 }, "geometry": { "type": "LineString", "coordinates": [ [ 79.930833333333325, 27.144166666666678 ], [ 79.926666666666648, 27.144166666666678 ], [ 79.925833333333316, 27.145833333333343 ], [ 79.901666666666657, 27.151666666666678 ], [ 79.898333333333326, 27.149166666666677 ], [ 79.876666666666651, 27.149166666666677 ], [ 79.871666666666655, 27.151666666666678 ], [ 79.870833333333323, 27.150833333333345 ], [ 79.8675, 27.155833333333341 ], [ 79.868333333333325, 27.1575 ], [ 79.8625, 27.164166666666677 ], [ 79.853333333333325, 27.17 ], [ 79.85, 27.17 ], [ 79.849166666666662, 27.171666666666674 ] ] } },
{ "type": "Feature", "properties": { "COMID": 45039819, "id": "1705", "lengthkm": 17.667407467341484, "order": 6, "uparea": 71400.657234440267 }, "geometry": { "type": "LineString", "coordinates": [ [ 79.973333333333329, 27.028333333333343 ], [ 79.976666666666659, 27.040833333333346 ], [ 79.98333333333332, 27.043333333333344 ], [ 79.98333333333332, 27.045 ], [ 79.985833333333318, 27.045833333333341 ], [ 79.989166666666648, 27.050833333333344 ], [ 79.99166666666666, 27.064166666666676 ], [ 79.989166666666648, 27.066666666666677 ], [ 79.988333333333316, 27.070833333333344 ], [ 79.985, 27.073333333333345 ], [ 79.985833333333318, 27.075833333333343 ], [ 79.984166666666653, 27.081666666666678 ], [ 79.973333333333329, 27.094166666666677 ], [ 79.97, 27.099166666666676 ], [ 79.97, 27.1025 ], [ 79.961666666666659, 27.115 ], [ 79.9575, 27.118333333333343 ], [ 79.945, 27.121666666666677 ], [ 79.936666666666653, 27.141666666666676 ], [ 79.930833333333325, 27.144166666666678 ] ] } },
{ "type": "Feature", "properties": { "COMID": 45039806, "id": "1705", "lengthkm": 25.641363713265747, "order": 6, "uparea": 80944.559302688664 }, "geometry": { "type": "LineString", "coordinates": [ [ 80.094166666666652, 26.883333333333344 ], [ 80.090833333333322, 26.891666666666676 ], [ 80.086666666666659, 26.894166666666678 ], [ 80.0875, 26.895 ], [ 80.083333333333329, 26.899166666666677 ], [ 80.083333333333329, 26.9025 ], [ 80.086666666666659, 26.905833333333341 ], [ 80.0875, 26.909166666666678 ], [ 80.083333333333329, 26.915 ], [ 80.068333333333328, 26.919166666666676 ], [ 80.065, 26.915833333333346 ], [ 80.053333333333327, 26.9175 ], [ 80.046666666666653, 26.924166666666679 ], [ 80.04, 26.9275 ], [ 80.0375, 26.93 ], [ 80.038333333333327, 26.930833333333343 ], [ 80.035833333333329, 26.931666666666679 ], [ 80.023333333333326, 26.945 ], [ 80.024166666666659, 26.946666666666676 ], [ 80.0225, 26.949166666666677 ], [ 80.024166666666659, 26.950833333333343 ], [ 80.024166666666659, 26.954166666666676 ], [ 80.020833333333329, 26.9575 ], [ 80.020833333333329, 26.968333333333341 ], [ 80.0175, 26.9725 ], [ 80.015, 26.98 ], [ 80.008333333333326, 26.985833333333343 ], [ 80.008333333333326, 26.988333333333344 ], [ 80.004166666666663, 26.994166666666679 ], [ 80.000833333333318, 26.995833333333344 ], [ 79.988333333333316, 27.01 ], [ 79.975, 27.02 ], [ 79.975833333333327, 27.024166666666677 ], [ 79.973333333333329, 27.025 ], [ 79.973333333333329, 27.028333333333343 ] ] } },
{ "type": "Feature", "properties": { "COMID": 45039804, "id": "1705", "lengthkm": 9.9819836005047424, "order": 6, "uparea": 81024.643429621952 }, "geometry": { "type": "LineString", "coordinates": [ [ 80.10833333333332, 26.824166666666677 ], [ 80.110833333333318, 26.8275 ], [ 80.113333333333316, 26.826666666666675 ], [ 80.11666666666666, 26.830833333333345 ], [ 80.115, 26.834166666666675 ], [ 80.118333333333325, 26.8375 ], [ 80.11666666666666, 26.838333333333345 ], [ 80.12, 26.844166666666677 ], [ 80.123333333333321, 26.8475 ], [ 80.121666666666655, 26.848333333333343 ], [ 80.123333333333321, 26.855 ], [ 80.120833333333323, 26.858333333333341 ], [ 80.118333333333325, 26.858333333333341 ], [ 80.119166666666658, 26.864166666666677 ], [ 80.115833333333327, 26.870833333333344 ], [ 80.106666666666655, 26.875 ], [ 80.105833333333322, 26.874166666666675 ], [ 80.094166666666652, 26.883333333333344 ] ] } },
{ "type": "Feature", "properties": { "COMID": 45039803, "id": "1705", "lengthkm": 13.91762268108269, "order": 6, "uparea": 83505.48264860599 }, "geometry": { "type": "LineString", "coordinates": [ [ 80.13, 26.7475 ], [ 80.133333333333326, 26.750833333333343 ], [ 80.136666666666656, 26.750833333333343 ], [ 80.136666666666656, 26.749166666666675 ], [ 80.139166666666654, 26.751666666666679 ], [ 80.14, 26.7575 ], [ 80.144166666666649, 26.763333333333343 ], [ 80.144166666666649, 26.7675 ], [ 80.146666666666661, 26.770833333333343 ], [ 80.146666666666661, 26.774166666666677 ], [ 80.145, 26.775 ], [ 80.145833333333329, 26.7775 ], [ 80.144166666666649, 26.778333333333343 ], [ 80.145, 26.78 ], [ 80.143333333333317, 26.7825 ], [ 80.145, 26.786666666666676 ], [ 80.143333333333317, 26.7875 ], [ 80.144166666666649, 26.7925 ], [ 80.1425, 26.795 ], [ 80.14, 26.795 ], [ 80.135, 26.799166666666679 ], [ 80.1325, 26.796666666666678 ], [ 80.130833333333328, 26.799166666666679 ], [ 80.13, 26.798333333333343 ], [ 80.129166666666663, 26.8 ], [ 80.121666666666655, 26.8025 ], [ 80.1125, 26.8125 ], [ 80.114166666666648, 26.814166666666679 ], [ 80.114166666666648, 26.818333333333342 ], [ 80.113333333333316, 26.82 ], [ 80.110833333333318, 26.818333333333342 ], [ 80.11, 26.819166666666675 ], [ 80.10833333333332, 26.824166666666677 ] ] } },
{ "type": "Feature", "properties": { "COMID": 45039801, "id": "1705", "lengthkm": 30.918434409350454, "order": 6, "uparea": 83690.183265013053 }, "geometry": { "type": "LineString", "coordinates": [ [ 80.28, 26.601666666666677 ], [ 80.28, 26.606666666666676 ], [ 80.275833333333324, 26.611666666666679 ], [ 80.275, 26.6175 ], [ 80.27, 26.625833333333343 ], [ 80.269166666666649, 26.631666666666675 ], [ 80.270833333333329, 26.636666666666677 ], [ 80.275, 26.639166666666675 ], [ 80.275833333333324, 26.6425 ], [ 80.270833333333329, 26.645833333333343 ], [ 80.270833333333329, 26.650833333333345 ], [ 80.264166666666654, 26.66 ], [ 80.264166666666654, 26.664166666666677 ], [ 80.266666666666652, 26.666666666666679 ], [ 80.265, 26.671666666666678 ], [ 80.265833333333319, 26.674166666666679 ], [ 80.2575, 26.685833333333342 ], [ 80.255833333333328, 26.686666666666675 ], [ 80.2525, 26.684166666666677 ], [ 80.2475, 26.685833333333342 ], [ 80.245833333333323, 26.685 ], [ 80.229166666666657, 26.690833333333345 ], [ 80.224166666666662, 26.686666666666675 ], [ 80.209166666666661, 26.683333333333344 ], [ 80.199166666666656, 26.683333333333344 ], [ 80.195, 26.685833333333342 ], [ 80.195833333333326, 26.686666666666675 ], [ 80.19083333333333, 26.6925 ], [ 80.185833333333321, 26.693333333333342 ], [ 80.184166666666655, 26.69 ], [ 80.181666666666658, 26.690833333333345 ], [ 80.1775, 26.695833333333344 ], [ 80.178333333333327, 26.696666666666676 ], [ 80.169166666666655, 26.705833333333345 ], [ 80.168333333333322, 26.7075 ], [ 80.17, 26.708333333333343 ], [ 80.17, 26.710833333333344 ], [ 80.169166666666655, 26.71 ], [ 80.165, 26.713333333333345 ], [ 80.165833333333325, 26.715833333333343 ], [ 80.164166666666659, 26.718333333333344 ], [ 80.160833333333329, 26.7175 ], [ 80.15583333333332, 26.723333333333343 ], [ 80.145833333333329, 26.729166666666679 ], [ 80.135833333333323, 26.7375 ], [ 80.131666666666661, 26.7425 ], [ 80.13, 26.7475 ] ] } },
{ "type": "Feature", "properties": { "COMID": 45043861, "id": "1705", "lengthkm": 3.6983012179726962, "order": 6, "uparea": 84679.940073523598 }, "geometry": { "type": "LineString", "coordinates": [ [ 80.2825, 26.574166666666677 ], [ 80.275833333333324, 26.5825 ], [ 80.275833333333324, 26.589166666666678 ], [ 80.28, 26.601666666666677 ] ] } },
{ "type": "Feature", "properties": { "COMID": 45043859, "id": "1705", "lengthkm": 3.3934402275600131, "order": 6, "uparea": 84975.736189462419 }, "geometry": { "type": "LineString", "coordinates": [ [ 80.301666666666648, 26.564166666666679 ], [ 80.298333333333318, 26.560833333333342 ], [ 80.293333333333322, 26.56 ], [ 80.2925, 26.564166666666679 ], [ 80.29, 26.565833333333345 ], [ 80.289166666666659, 26.570833333333344 ], [ 80.2825, 26.574166666666677 ] ] } },
{ "type": "Feature", "properties": { "COMID": 45043858, "id": "1705", "lengthkm": 11.334809404665062, "order": 6, "uparea": 85434.012341173162 }, "geometry": { "type": "LineString", "coordinates": [ [ 80.359166666666653, 26.495 ], [ 80.356666666666655, 26.5025 ], [ 80.350833333333327, 26.510833333333345 ], [ 80.350833333333327, 26.513333333333343 ], [ 80.3425, 26.5225 ], [ 80.340833333333322, 26.529166666666676 ], [ 80.3375, 26.534166666666678 ], [ 80.334166666666661, 26.5375 ], [ 80.331666666666649, 26.5375 ], [ 80.328333333333319, 26.5425 ], [ 80.326666666666654, 26.541666666666679 ], [ 80.32, 26.5475 ], [ 80.3175, 26.5475 ], [ 80.315, 26.551666666666677 ], [ 80.3125, 26.551666666666677 ], [ 80.311666666666653, 26.554166666666678 ], [ 80.309166666666655, 26.554166666666678 ], [ 80.301666666666648, 26.5625 ], [ 80.301666666666648, 26.564166666666679 ] ] } },
{ "type": "Feature", "properties": { "COMID": 45043857, "id": "1705", "lengthkm": 3.577289563127211, "order": 6, "uparea": 85539.560294346098 }, "geometry": { "type": "LineString", "coordinates": [ [ 80.370833333333323, 26.479166666666679 ], [ 80.3675, 26.4825 ], [ 80.365, 26.4825 ], [ 80.3675, 26.4875 ], [ 80.365, 26.498333333333342 ], [ 80.36166666666665, 26.498333333333342 ], [ 80.359166666666653, 26.495 ] ] } },
{ "type": "Feature", "properties": { "COMID": 45043856, "id": "1705", "lengthkm": 22.394774482226001, "order": 6, "uparea": 85667.409471109611 }, "geometry": { "type": "LineString", "coordinates": [ [ 80.498333333333321, 26.374166666666675 ], [ 80.495833333333323, 26.375 ], [ 80.495, 26.379166666666677 ], [ 80.489166666666648, 26.38416666666668 ], [ 80.48666666666665, 26.383333333333344 ], [ 80.48333333333332, 26.385833333333345 ], [ 80.4825, 26.385 ], [ 80.463333333333324, 26.395833333333343 ], [ 80.455, 26.405 ], [ 80.455, 26.411666666666676 ], [ 80.4525, 26.4125 ], [ 80.453333333333319, 26.414166666666677 ], [ 80.4425, 26.424166666666679 ], [ 80.440833333333316, 26.423333333333346 ], [ 80.44, 26.425833333333344 ], [ 80.433333333333323, 26.426666666666677 ], [ 80.431666666666658, 26.425 ], [ 80.42416666666665, 26.43 ], [ 80.419166666666655, 26.428333333333342 ], [ 80.416666666666657, 26.43 ], [ 80.414166666666659, 26.429166666666678 ], [ 80.408333333333317, 26.436666666666675 ], [ 80.406666666666652, 26.436666666666675 ], [ 80.403333333333322, 26.440833333333345 ], [ 80.400833333333324, 26.440833333333345 ], [ 80.401666666666657, 26.45 ], [ 80.399166666666659, 26.455 ], [ 80.3975, 26.456666666666678 ], [ 80.393333333333317, 26.453333333333344 ], [ 80.3925, 26.455833333333345 ], [ 80.384166666666658, 26.456666666666678 ], [ 80.38, 26.463333333333345 ], [ 80.375833333333318, 26.466666666666676 ], [ 80.376666666666651, 26.468333333333344 ], [ 80.373333333333321, 26.471666666666678 ], [ 80.374166666666653, 26.473333333333343 ], [ 80.370833333333323, 26.479166666666679 ] ] } },
{ "type": "Feature", "properties": { "COMID": 45043855, "id": "1705", "lengthkm": 2.9621548084608169, "order": 6, "uparea": 85724.456283391468 }, "geometry": { "type": "LineString", "coordinates": [ [ 80.5175, 26.360833333333346 ], [ 80.514166666666654, 26.363333333333344 ], [ 80.514166666666654, 26.3675 ], [ 80.510833333333323, 26.370833333333344 ], [ 80.505833333333328, 26.373333333333342 ], [ 80.5025, 26.3725 ], [ 80.498333333333321, 26.374166666666675 ] ] } },
{ "type": "Feature", "properties": { "COMID": 45043854, "id": "1705", "lengthkm": 27.071763500740229, "order": 6, "uparea": 85965.605990938624 }, "geometry": { "type": "LineString", "coordinates": [ [ 80.623333333333321, 26.20416666666668 ], [ 80.6225, 26.2075 ], [ 80.619166666666658, 26.209166666666675 ], [ 80.615833333333327, 26.214166666666678 ], [ 80.61166666666665, 26.214166666666678 ], [ 80.6075, 26.2175 ], [ 80.604166666666657, 26.2175 ], [ 80.599166666666662, 26.213333333333345 ], [ 80.59333333333332, 26.214166666666678 ], [ 80.5875, 26.218333333333344 ], [ 80.585, 26.225833333333345 ], [ 80.578333333333319, 26.2275 ], [ 80.579166666666652, 26.231666666666676 ], [ 80.573333333333323, 26.2425 ], [ 80.569166666666661, 26.258333333333344 ], [ 80.569166666666661, 26.2625 ], [ 80.571666666666658, 26.268333333333345 ], [ 80.568333333333328, 26.271666666666675 ], [ 80.569166666666661, 26.279166666666676 ], [ 80.566666666666663, 26.281666666666677 ], [ 80.5675, 26.288333333333345 ], [ 80.565, 26.289166666666677 ], [ 80.553333333333327, 26.303333333333342 ], [ 80.541666666666657, 26.309166666666677 ], [ 80.54, 26.311666666666678 ], [ 80.540833333333325, 26.313333333333343 ], [ 80.53083333333332, 26.324166666666677 ], [ 80.53, 26.328333333333344 ], [ 80.535, 26.339166666666678 ], [ 80.53416666666665, 26.341666666666676 ], [ 80.53, 26.3425 ], [ 80.531666666666652, 26.346666666666678 ], [ 80.528333333333322, 26.35 ], [ 80.5175, 26.355833333333344 ], [ 80.5175, 26.360833333333346 ] ] } },
{ "type": "Feature", "properties": { "COMID": 45043853, "id": "1705", "lengthkm": 12.323150039631065, "order": 6, "uparea": 86348.636445625409 }, "geometry": { "type": "LineString", "coordinates": [ [ 80.666666666666657, 26.124166666666678 ], [ 80.6675, 26.129166666666677 ], [ 80.663333333333327, 26.1325 ], [ 80.663333333333327, 26.136666666666677 ], [ 80.65916666666665, 26.149166666666677 ], [ 80.653333333333322, 26.155833333333344 ], [ 80.653333333333322, 26.160833333333343 ], [ 80.649166666666659, 26.1625 ], [ 80.651666666666657, 26.165 ], [ 80.648333333333326, 26.170833333333341 ], [ 80.648333333333326, 26.176666666666677 ], [ 80.6425, 26.179166666666678 ], [ 80.639166666666654, 26.184166666666677 ], [ 80.638333333333321, 26.183333333333344 ], [ 80.629166666666663, 26.188333333333343 ], [ 80.623333333333321, 26.20416666666668 ] ] } },
{ "type": "Feature", "properties": { "COMID": 45043852, "id": "1705", "lengthkm": 3.308955174844701, "order": 6, "uparea": 89445.37513438068 }, "geometry": { "type": "LineString", "coordinates": [ [ 80.69, 26.115 ], [ 80.688333333333318, 26.113333333333344 ], [ 80.6825, 26.114166666666677 ], [ 80.680833333333325, 26.115833333333342 ], [ 80.6675, 26.118333333333347 ], [ 80.666666666666657, 26.124166666666678 ] ] } },
{ "type": "Feature", "properties": { "COMID": 45043851, "id": "1705", "lengthkm": 13.493873707829108, "order": 6, "uparea": 89551.543035050112 }, "geometry": { "type": "LineString", "coordinates": [ [ 80.774166666666659, 26.080833333333345 ], [ 80.770833333333314, 26.08 ], [ 80.766666666666652, 26.075833333333343 ], [ 80.735833333333318, 26.076666666666675 ], [ 80.734166666666653, 26.075 ], [ 80.731666666666655, 26.076666666666675 ], [ 80.728333333333325, 26.075833333333343 ], [ 80.716666666666654, 26.0775 ], [ 80.716666666666654, 26.07916666666668 ], [ 80.714166666666657, 26.078333333333344 ], [ 80.701666666666654, 26.0875 ], [ 80.706666666666649, 26.098333333333343 ], [ 80.706666666666649, 26.100833333333345 ], [ 80.704166666666652, 26.101666666666677 ], [ 80.705833333333317, 26.103333333333346 ], [ 80.704166666666652, 26.104166666666679 ], [ 80.704166666666652, 26.108333333333341 ], [ 80.694166666666661, 26.114166666666677 ], [ 80.69, 26.115 ] ] } },
{ "type": "Feature", "properties": { "COMID": 45043850, "id": "1705", "lengthkm": 9.8736965583974392, "order": 6, "uparea": 89647.290618702886 }, "geometry": { "type": "LineString", "coordinates": [ [ 80.813333333333318, 26.0275 ], [ 80.8075, 26.03 ], [ 80.808333333333323, 26.030833333333344 ], [ 80.8025, 26.0375 ], [ 80.8025, 26.0575 ], [ 80.800833333333316, 26.059166666666677 ], [ 80.800833333333316, 26.066666666666677 ], [ 80.796666666666653, 26.07 ], [ 80.79583333333332, 26.075 ], [ 80.7925, 26.080833333333345 ], [ 80.790833333333325, 26.0825 ], [ 80.789166666666659, 26.081666666666678 ], [ 80.78416666666665, 26.085833333333344 ], [ 80.78083333333332, 26.085833333333344 ], [ 80.774166666666659, 26.080833333333345 ] ] } },
{ "type": "Feature", "properties": { "COMID": 45043849, "id": "1705", "lengthkm": 19.713178378054181, "order": 6, "uparea": 89772.903704140452 }, "geometry": { "type": "LineString", "coordinates": [ [ 80.961666666666659, 26.058333333333344 ], [ 80.959166666666661, 26.059166666666677 ], [ 80.954166666666652, 26.055 ], [ 80.94, 26.054166666666678 ], [ 80.938333333333318, 26.055833333333347 ], [ 80.934166666666655, 26.055833333333347 ], [ 80.92916666666666, 26.050833333333344 ], [ 80.9175, 26.050833333333344 ], [ 80.9125, 26.055 ], [ 80.9075, 26.054166666666678 ], [ 80.901666666666657, 26.055833333333347 ], [ 80.894166666666649, 26.055 ], [ 80.879166666666663, 26.056666666666679 ], [ 80.875, 26.053333333333342 ], [ 80.87, 26.0525 ], [ 80.859166666666653, 26.044166666666676 ], [ 80.855, 26.0375 ], [ 80.851666666666659, 26.035833333333343 ], [ 80.851666666666659, 26.0325 ], [ 80.84333333333332, 26.023333333333344 ], [ 80.839166666666657, 26.020833333333343 ], [ 80.835, 26.019166666666678 ], [ 80.826666666666654, 26.019166666666678 ], [ 80.821666666666658, 26.021666666666675 ], [ 80.8225, 26.024166666666677 ], [ 80.82, 26.0275 ], [ 80.813333333333318, 26.0275 ] ] } },
{ "type": "Feature", "properties": { "COMID": 45043848, "id": "1705", "lengthkm": 8.1104102618170035, "order": 6, "uparea": 90815.795432389001 }, "geometry": { "type": "LineString", "coordinates": [ [ 81.023333333333326, 26.064166666666679 ], [ 81.020833333333314, 26.065833333333345 ], [ 81.01, 26.066666666666677 ], [ 81.005, 26.07 ], [ 81.005, 26.07166666666668 ], [ 80.995, 26.0725 ], [ 80.9925, 26.07 ], [ 80.989166666666648, 26.07 ], [ 80.9875, 26.068333333333342 ], [ 80.984166666666653, 26.069166666666675 ], [ 80.975, 26.064166666666679 ], [ 80.974166666666662, 26.065 ], [ 80.9675, 26.0575 ], [ 80.961666666666659, 26.058333333333344 ] ] } },
{ "type": "Feature", "properties": { "COMID": 45043847, "id": "1705", "lengthkm": 6.3295785575729679, "order": 6, "uparea": 91366.306891537592 }, "geometry": { "type": "LineString", "coordinates": [ [ 81.0525, 26.021666666666675 ], [ 81.045, 26.03 ], [ 81.045, 26.034166666666678 ], [ 81.043333333333322, 26.035 ], [ 81.044166666666655, 26.0375 ], [ 81.041666666666657, 26.039166666666677 ], [ 81.038333333333327, 26.046666666666678 ], [ 81.031666666666652, 26.0525 ], [ 81.03, 26.056666666666679 ], [ 81.023333333333326, 26.064166666666679 ] ] } },
{ "type": "Feature", "properties": { "COMID": 45047875, "id": "1705", "lengthkm": 7.753059383969644, "order": 6, "uparea": 91452.834726877365 }, "geometry": { "type": "LineString", "coordinates": [ [ 81.1, 25.985833333333346 ], [ 81.095833333333317, 25.985833333333346 ], [ 81.095833333333317, 25.99 ], [ 81.090833333333322, 25.994166666666679 ], [ 81.083333333333314, 25.995 ], [ 81.076666666666654, 26.001666666666679 ], [ 81.076666666666654, 26.006666666666675 ], [ 81.0625, 26.019166666666678 ], [ 81.056666666666658, 26.018333333333345 ], [ 81.055, 26.021666666666675 ], [ 81.0525, 26.021666666666675 ] ] } },
{ "type": "Feature", "properties": { "COMID": 45047874, "id": "1705", "lengthkm": 15.075239468649787, "order": 6, "uparea": 91549.493438603808 }, "geometry": { "type": "LineString", "coordinates": [ [ 81.211666666666659, 25.941666666666677 ], [ 81.209166666666647, 25.945 ], [ 81.204166666666652, 25.945 ], [ 81.198333333333323, 25.948333333333345 ], [ 81.196666666666658, 25.9475 ], [ 81.188333333333318, 25.95 ], [ 81.185, 25.9525 ], [ 81.17916666666666, 25.9525 ], [ 81.176666666666648, 25.955 ], [ 81.175833333333316, 25.95416666666668 ], [ 81.1675, 25.958333333333343 ], [ 81.1625, 25.963333333333345 ], [ 81.15916666666665, 25.960833333333344 ], [ 81.154166666666654, 25.965 ], [ 81.1475, 25.964166666666678 ], [ 81.144166666666649, 25.965833333333343 ], [ 81.133333333333326, 25.965833333333343 ], [ 81.1275, 25.966666666666676 ], [ 81.125833333333318, 25.969166666666677 ], [ 81.119166666666658, 25.969166666666677 ], [ 81.11166666666665, 25.9725 ], [ 81.109166666666653, 25.978333333333346 ], [ 81.1, 25.985833333333346 ] ] } },
{ "type": "Feature", "properties": { "COMID": 45047873, "id": "1705", "lengthkm": 15.898815447278958, "order": 6, "uparea": 91737.969817245074 }, "geometry": { "type": "LineString", "coordinates": [ [ 81.2725, 25.849166666666676 ], [ 81.26, 25.85 ], [ 81.245, 25.854166666666679 ], [ 81.243333333333325, 25.855833333333344 ], [ 81.23333333333332, 25.8575 ], [ 81.228333333333325, 25.86 ], [ 81.225, 25.865833333333342 ], [ 81.219166666666652, 25.868333333333347 ], [ 81.223333333333329, 25.879166666666677 ], [ 81.216666666666654, 25.885 ], [ 81.21833333333332, 25.889166666666675 ], [ 81.2175, 25.9 ], [ 81.216666666666654, 25.903333333333343 ], [ 81.214166666666657, 25.905 ], [ 81.215833333333322, 25.925 ], [ 81.213333333333324, 25.928333333333342 ], [ 81.215833333333322, 25.9375 ], [ 81.211666666666659, 25.941666666666677 ] ] } },
{ "type": "Feature", "properties": { "COMID": 45047872, "id": "1705", "lengthkm": 34.747374612622359, "order": 6, "uparea": 91968.734693811362 }, "geometry": { "type": "LineString", "coordinates": [ [ 81.401666666666657, 25.6875 ], [ 81.395833333333314, 25.6875 ], [ 81.391666666666652, 25.685 ], [ 81.385833333333323, 25.685833333333342 ], [ 81.3825, 25.688333333333347 ], [ 81.381666666666661, 25.6875 ], [ 81.380833333333328, 25.69 ], [ 81.375, 25.6925 ], [ 81.371666666666655, 25.695833333333344 ], [ 81.371666666666655, 25.7 ], [ 81.369166666666658, 25.705 ], [ 81.37, 25.716666666666676 ], [ 81.375, 25.720833333333346 ], [ 81.383333333333326, 25.7225 ], [ 81.3975, 25.736666666666679 ], [ 81.398333333333326, 25.741666666666678 ], [ 81.401666666666657, 25.745 ], [ 81.4025, 25.75 ], [ 81.400833333333324, 25.749166666666678 ], [ 81.398333333333326, 25.750833333333347 ], [ 81.396666666666647, 25.755833333333342 ], [ 81.398333333333326, 25.758333333333344 ], [ 81.398333333333326, 25.76666666666668 ], [ 81.396666666666647, 25.768333333333345 ], [ 81.3925, 25.768333333333345 ], [ 81.390833333333319, 25.77 ], [ 81.389166666666654, 25.769166666666678 ], [ 81.375833333333318, 25.77416666666668 ], [ 81.36, 25.77416666666668 ], [ 81.36, 25.779166666666676 ], [ 81.3575, 25.78 ], [ 81.35, 25.789166666666677 ], [ 81.350833333333327, 25.793333333333344 ], [ 81.348333333333329, 25.800833333333344 ], [ 81.345833333333317, 25.804166666666678 ], [ 81.3425, 25.804166666666678 ], [ 81.339166666666657, 25.806666666666679 ], [ 81.34, 25.809166666666677 ], [ 81.3375, 25.8125 ], [ 81.330833333333317, 25.815833333333345 ], [ 81.329166666666652, 25.818333333333342 ], [ 81.325833333333321, 25.8175 ], [ 81.3175, 25.820833333333344 ], [ 81.31583333333333, 25.82 ], [ 81.31, 25.82166666666668 ], [ 81.30416666666666, 25.824166666666677 ], [ 81.3, 25.828333333333344 ], [ 81.296666666666653, 25.828333333333344 ], [ 81.2925, 25.830833333333345 ], [ 81.286666666666662, 25.830833333333345 ], [ 81.283333333333317, 25.835 ], [ 81.28416666666665, 25.84 ], [ 81.2775, 25.8475 ], [ 81.2725, 25.849166666666676 ] ] } },
{ "type": "Feature", "properties": { "COMID": 45047871, "id": "1705", "lengthkm": 18.520033199387672, "order": 6, "uparea": 92612.23701017203 }, "geometry": { "type": "LineString", "coordinates": [ [ 81.511666666666656, 25.620833333333344 ], [ 81.508333333333326, 25.6225 ], [ 81.499166666666653, 25.621666666666677 ], [ 81.496666666666655, 25.624166666666678 ], [ 81.48333333333332, 25.623333333333342 ], [ 81.4725, 25.613333333333344 ], [ 81.46, 25.609166666666678 ], [ 81.4525, 25.610833333333346 ], [ 81.445833333333326, 25.616666666666678 ], [ 81.44083333333333, 25.625833333333347 ], [ 81.441666666666663, 25.630833333333342 ], [ 81.44, 25.631666666666678 ], [ 81.438333333333318, 25.638333333333343 ], [ 81.438333333333318, 25.645 ], [ 81.4325, 25.6525 ], [ 81.431666666666658, 25.663333333333345 ], [ 81.42416666666665, 25.6725 ], [ 81.416666666666657, 25.6775 ], [ 81.40916666666665, 25.685833333333342 ], [ 81.401666666666657, 25.6875 ] ] } },
{ "type": "Feature", "properties": { "COMID": 45047870, "id": "1705", "lengthkm": 6.5446485388334494, "order": 6, "uparea": 92671.870885048687 }, "geometry": { "type": "LineString", "coordinates": [ [ 81.546666666666653, 25.585833333333344 ], [ 81.538333333333327, 25.59 ], [ 81.538333333333327, 25.6 ], [ 81.535, 25.605 ], [ 81.529166666666654, 25.61 ], [ 81.524166666666659, 25.611666666666679 ], [ 81.524166666666659, 25.615 ], [ 81.5225, 25.616666666666678 ], [ 81.514166666666654, 25.62 ], [ 81.5125, 25.619166666666679 ], [ 81.511666666666656, 25.620833333333344 ] ] } },
{ "type": "Feature", "properties": { "COMID": 45047869, "id": "1705", "lengthkm": 6.059679694973692, "order": 6, "uparea": 92728.944642993054 }, "geometry": { "type": "LineString", "coordinates": [ [ 81.5925, 25.585 ], [ 81.586666666666659, 25.5825 ], [ 81.579166666666652, 25.575833333333343 ], [ 81.571666666666658, 25.573333333333345 ], [ 81.568333333333328, 25.575833333333343 ], [ 81.560833333333321, 25.5775 ], [ 81.5575, 25.581666666666678 ], [ 81.55, 25.584166666666675 ], [ 81.5475, 25.58666666666668 ], [ 81.546666666666653, 25.585833333333344 ] ] } },
{ "type": "Feature", "properties": { "COMID": 45047868, "id": "1705", "lengthkm": 15.3321248114031, "order": 6, "uparea": 93047.55603553103 }, "geometry": { "type": "LineString", "coordinates": [ [ 81.65583333333332, 25.525 ], [ 81.656666666666652, 25.526666666666678 ], [ 81.6525, 25.529166666666676 ], [ 81.651666666666657, 25.531666666666677 ], [ 81.644166666666649, 25.538333333333345 ], [ 81.644166666666649, 25.54 ], [ 81.6425, 25.54 ], [ 81.6425, 25.543333333333344 ], [ 81.646666666666647, 25.548333333333346 ], [ 81.6475, 25.558333333333344 ], [ 81.645833333333314, 25.56 ], [ 81.648333333333326, 25.563333333333347 ], [ 81.65, 25.573333333333345 ], [ 81.645833333333314, 25.576666666666675 ], [ 81.645833333333314, 25.58 ], [ 81.636666666666656, 25.590833333333343 ], [ 81.6275, 25.590833333333343 ], [ 81.62, 25.593333333333344 ], [ 81.614166666666648, 25.5925 ], [ 81.61166666666665, 25.595 ], [ 81.60833333333332, 25.595 ], [ 81.6075, 25.591666666666676 ], [ 81.604166666666657, 25.588333333333345 ], [ 81.5975, 25.588333333333345 ], [ 81.5925, 25.585 ] ] } },
{ "type": "Feature", "properties": { "COMID": 45047867, "id": "1705", "lengthkm": 10.203656055970868, "order": 6, "uparea": 93156.680317722261 }, "geometry": { "type": "LineString", "coordinates": [ [ 81.7275, 25.511666666666677 ], [ 81.716666666666654, 25.515833333333344 ], [ 81.714166666666657, 25.515833333333344 ], [ 81.710833333333326, 25.5125 ], [ 81.710833333333326, 25.514166666666679 ], [ 81.7075, 25.515833333333344 ], [ 81.699166666666656, 25.513333333333343 ], [ 81.695833333333326, 25.508333333333347 ], [ 81.693333333333328, 25.5075 ], [ 81.681666666666658, 25.5075 ], [ 81.675, 25.505833333333342 ], [ 81.671666666666653, 25.5075 ], [ 81.669166666666655, 25.511666666666677 ], [ 81.6675, 25.511666666666677 ], [ 81.669166666666655, 25.51666666666668 ], [ 81.6625, 25.52416666666668 ], [ 81.65583333333332, 25.525 ] ] } },
{ "type": "Feature", "properties": { "COMID": 45047866, "id": "1705", "lengthkm": 1.8325486729372289, "order": 6, "uparea": 93312.805930604605 }, "geometry": { "type": "LineString", "coordinates": [ [ 81.7325, 25.4975 ], [ 81.7275, 25.511666666666677 ] ] } },
{ "type": "Feature", "properties": { "COMID": 45047865, "id": "1705", "lengthkm": 7.9863507222546302, "order": 6, "uparea": 93357.053018274019 }, "geometry": { "type": "LineString", "coordinates": [ [ 81.789166666666659, 25.491666666666678 ], [ 81.781666666666652, 25.491666666666678 ], [ 81.778333333333322, 25.495 ], [ 81.776666666666657, 25.494166666666679 ], [ 81.775, 25.495833333333344 ], [ 81.771666666666647, 25.495833333333344 ], [ 81.77, 25.491666666666678 ], [ 81.764166666666654, 25.485 ], [ 81.763333333333321, 25.485833333333346 ], [ 81.7575, 25.483333333333345 ], [ 81.748333333333321, 25.485 ], [ 81.741666666666646, 25.49 ], [ 81.73666666666665, 25.496666666666677 ], [ 81.7325, 25.4975 ] ] } },
{ "type": "Feature", "properties": { "COMID": 45047864, "id": "1705", "lengthkm": 1.886515498499572, "order": 6, "uparea": 93386.748389033863 }, "geometry": { "type": "LineString", "coordinates": [ [ 81.804166666666646, 25.491666666666678 ], [ 81.796666666666653, 25.493333333333347 ], [ 81.794166666666655, 25.490833333333345 ], [ 81.789166666666659, 25.491666666666678 ] ] } },
{ "type": "Feature", "properties": { "COMID": 45047863, "id": "1705", "lengthkm": 6.8831625731158557, "order": 6, "uparea": 93473.854124953315 }, "geometry": { "type": "LineString", "coordinates": [ [ 81.855, 25.5125 ], [ 81.84666666666665, 25.510833333333345 ], [ 81.833333333333314, 25.495 ], [ 81.820833333333326, 25.4975 ], [ 81.808333333333323, 25.491666666666678 ], [ 81.804166666666646, 25.491666666666678 ] ] } },
{ "type": "Feature", "properties": { "COMID": 45047862, "id": "1705", "lengthkm": 7.1896383721661588, "order": 6, "uparea": 93614.753698665954 }, "geometry": { "type": "LineString", "coordinates": [ [ 81.895833333333314, 25.48 ], [ 81.891666666666652, 25.484166666666678 ], [ 81.891666666666652, 25.489166666666677 ], [ 81.885833333333323, 25.493333333333347 ], [ 81.883333333333326, 25.493333333333347 ], [ 81.88, 25.496666666666677 ], [ 81.8775, 25.503333333333345 ], [ 81.873333333333321, 25.5075 ], [ 81.870833333333323, 25.508333333333347 ], [ 81.868333333333325, 25.505 ], [ 81.866666666666646, 25.506666666666678 ], [ 81.865833333333313, 25.505 ], [ 81.864166666666648, 25.50916666666668 ], [ 81.855, 25.5125 ] ] } },
{ "type": "Feature", "properties": { "COMID": 45047861, "id": "1705", "lengthkm": 4.6988698449902282, "order": 6, "uparea": 93966.664228364927 }, "geometry": { "type": "LineString", "coordinates": [ [ 81.888333333333321, 25.444166666666678 ], [ 81.889166666666654, 25.450833333333343 ], [ 81.893333333333317, 25.455833333333345 ], [ 81.891666666666652, 25.46 ], [ 81.8925, 25.464166666666678 ], [ 81.894166666666649, 25.465 ], [ 81.891666666666652, 25.46916666666668 ], [ 81.895833333333314, 25.48 ] ] } },
{ "type": "Feature", "properties": { "COMID": 45047860, "id": "1705", "lengthkm": 2.7543667756493542, "order": 6, "uparea": 94112.77595531127 }, "geometry": { "type": "LineString", "coordinates": [ [ 81.886666666666656, 25.423333333333346 ], [ 81.89, 25.43 ], [ 81.885833333333323, 25.439166666666679 ], [ 81.886666666666656, 25.443333333333342 ], [ 81.888333333333321, 25.444166666666678 ] ] } },
{ "type": "Feature", "properties": { "COMID": 45051944, "id": "1705", "lengthkm": 5.3910331526695332, "order": 7, "uparea": 440157.7655184553 }, "geometry": { "type": "LineString", "coordinates": [ [ 81.916666666666657, 25.386666666666677 ], [ 81.914166666666659, 25.39166666666668 ], [ 81.905, 25.401666666666678 ], [ 81.899166666666659, 25.4125 ], [ 81.894166666666649, 25.4175 ], [ 81.890833333333319, 25.418333333333344 ], [ 81.886666666666656, 25.423333333333346 ] ] } },
{ "type": "Feature", "properties": { "COMID": 45051943, "id": "1705", "lengthkm": 8.006486974127041, "order": 7, "uparea": 440207.55211653112 }, "geometry": { "type": "LineString", "coordinates": [ [ 81.944166666666661, 25.330833333333345 ], [ 81.931666666666658, 25.33666666666668 ], [ 81.921666666666653, 25.348333333333343 ], [ 81.916666666666657, 25.360833333333346 ], [ 81.916666666666657, 25.3725 ], [ 81.919166666666655, 25.375 ], [ 81.915833333333325, 25.380833333333342 ], [ 81.916666666666657, 25.386666666666677 ] ] } },
{ "type": "Feature", "properties": { "COMID": 45051942, "id": "1705", "lengthkm": 12.700587817069335, "order": 7, "uparea": 440319.19580751611 }, "geometry": { "type": "LineString", "coordinates": [ [ 82.04583333333332, 25.349166666666676 ], [ 82.040833333333325, 25.345833333333346 ], [ 82.035, 25.345 ], [ 82.03, 25.340833333333343 ], [ 82.0225, 25.34 ], [ 82.02, 25.3375 ], [ 82.020833333333314, 25.334166666666675 ], [ 82.013333333333321, 25.32916666666668 ], [ 82.009166666666658, 25.32916666666668 ], [ 82.0075, 25.326666666666679 ], [ 81.996666666666655, 25.325 ], [ 81.9875, 25.320833333333347 ], [ 81.969166666666652, 25.320833333333347 ], [ 81.944166666666661, 25.330833333333345 ] ] } },
{ "type": "Feature", "properties": { "COMID": 45051941, "id": "1705", "lengthkm": 5.2846094823123471, "order": 7, "uparea": 440363.69980243931 }, "geometry": { "type": "LineString", "coordinates": [ [ 82.079166666666652, 25.318333333333342 ], [ 82.073333333333323, 25.32916666666668 ], [ 82.060833333333321, 25.3425 ], [ 82.050833333333316, 25.349166666666676 ], [ 82.04583333333332, 25.349166666666676 ] ] } },
{ "type": "Feature", "properties": { "COMID": 45051940, "id": "1705", "lengthkm": 5.316790396351597, "order": 7, "uparea": 440597.0359284397 }, "geometry": { "type": "LineString", "coordinates": [ [ 82.084166666666647, 25.276666666666678 ], [ 82.079166666666652, 25.29 ], [ 82.079166666666652, 25.294166666666676 ], [ 82.075, 25.296666666666678 ], [ 82.0775, 25.305 ], [ 82.076666666666654, 25.3125 ], [ 82.079166666666652, 25.315 ], [ 82.079166666666652, 25.318333333333342 ] ] } },
{ "type": "Feature", "properties": { "COMID": 45051939, "id": "1705", "lengthkm": 15.227760911984188, "order": 7, "uparea": 458226.65842863679 }, "geometry": { "type": "LineString", "coordinates": [ [ 82.201666666666654, 25.306666666666679 ], [ 82.18, 25.315833333333345 ], [ 82.1675, 25.316666666666677 ], [ 82.1575, 25.3125 ], [ 82.150833333333324, 25.305 ], [ 82.145, 25.305833333333347 ], [ 82.1375, 25.295833333333345 ], [ 82.124166666666653, 25.283333333333346 ], [ 82.1175, 25.2775 ], [ 82.109166666666653, 25.273333333333344 ], [ 82.099166666666662, 25.27 ], [ 82.094166666666652, 25.27 ], [ 82.084166666666647, 25.276666666666678 ] ] } },
{ "type": "Feature", "properties": { "COMID": 45051938, "id": "1705", "lengthkm": 8.6550279316258276, "order": 7, "uparea": 458322.50007860182 }, "geometry": { "type": "LineString", "coordinates": [ [ 82.208333333333314, 25.243333333333347 ], [ 82.219166666666652, 25.2625 ], [ 82.2225, 25.2825 ], [ 82.2175, 25.295 ], [ 82.201666666666654, 25.306666666666679 ] ] } },
{ "type": "Feature", "properties": { "COMID": 45051937, "id": "1705", "lengthkm": 5.2746720286859512, "order": 7, "uparea": 458386.70744924893 }, "geometry": { "type": "LineString", "coordinates": [ [ 82.1975, 25.200833333333343 ], [ 82.195833333333326, 25.2075 ], [ 82.196666666666658, 25.225833333333345 ], [ 82.208333333333314, 25.243333333333347 ] ] } },
{ "type": "Feature", "properties": { "COMID": 45051936, "id": "1705", "lengthkm": 3.9438695724608368, "order": 7, "uparea": 458481.5013803101 }, "geometry": { "type": "LineString", "coordinates": [ [ 82.22166666666665, 25.1775 ], [ 82.209166666666647, 25.183333333333344 ], [ 82.201666666666654, 25.191666666666677 ], [ 82.1975, 25.200833333333343 ] ] } },
{ "type": "Feature", "properties": { "COMID": 45051935, "id": "1705", "lengthkm": 41.467301491321749, "order": 7, "uparea": 458753.48088462773 }, "geometry": { "type": "LineString", "coordinates": [ [ 82.386666666666656, 25.2575 ], [ 82.3825, 25.2575 ], [ 82.375833333333318, 25.250833333333347 ], [ 82.3725, 25.245 ], [ 82.365, 25.229166666666679 ], [ 82.363333333333316, 25.214166666666678 ], [ 82.3575, 25.209166666666675 ], [ 82.34333333333332, 25.2075 ], [ 82.333333333333314, 25.209166666666675 ], [ 82.329166666666652, 25.2125 ], [ 82.33, 25.21916666666668 ], [ 82.325833333333321, 25.223333333333343 ], [ 82.325833333333321, 25.2325 ], [ 82.3275, 25.235833333333346 ], [ 82.3225, 25.24 ], [ 82.3125, 25.258333333333347 ], [ 82.305833333333325, 25.26666666666668 ], [ 82.29916666666665, 25.270833333333343 ], [ 82.2925, 25.2725 ], [ 82.275, 25.2725 ], [ 82.263333333333321, 25.265833333333344 ], [ 82.255833333333328, 25.256666666666678 ], [ 82.25, 25.238333333333344 ], [ 82.244166666666658, 25.230833333333344 ], [ 82.245, 25.218333333333344 ], [ 82.243333333333325, 25.216666666666676 ], [ 82.253333333333316, 25.209166666666675 ], [ 82.28, 25.203333333333347 ], [ 82.28416666666665, 25.199166666666677 ], [ 82.2825, 25.190833333333345 ], [ 82.275, 25.185 ], [ 82.260833333333323, 25.18 ], [ 82.235833333333318, 25.175833333333344 ], [ 82.22166666666665, 25.1775 ] ] } },
{ "type": "Feature", "properties": { "COMID": 45051934, "id": "1705", "lengthkm": 13.97028762191376, "order": 7, "uparea": 458841.46387179993 }, "geometry": { "type": "LineString", "coordinates": [ [ 82.4675, 25.181666666666679 ], [ 82.4675, 25.19 ], [ 82.460833333333312, 25.201666666666679 ], [ 82.460833333333312, 25.21166666666668 ], [ 82.4575, 25.22 ], [ 82.449166666666656, 25.229166666666679 ], [ 82.438333333333318, 25.2375 ], [ 82.430833333333325, 25.24 ], [ 82.421666666666653, 25.246666666666677 ], [ 82.404166666666654, 25.255833333333342 ], [ 82.3925, 25.25916666666668 ], [ 82.386666666666656, 25.2575 ] ] } },
{ "type": "Feature", "properties": { "COMID": 45051933, "id": "1705", "lengthkm": 7.5868147603874947, "order": 7, "uparea": 459463.85376711295 }, "geometry": { "type": "LineString", "coordinates": [ [ 82.53083333333332, 25.159166666666678 ], [ 82.495, 25.174166666666679 ], [ 82.474166666666662, 25.175 ], [ 82.470833333333317, 25.176666666666677 ], [ 82.4675, 25.181666666666679 ] ] } },
{ "type": "Feature", "properties": { "COMID": 45051932, "id": "1705", "lengthkm": 15.108521519554699, "order": 7, "uparea": 459755.19336439751 }, "geometry": { "type": "LineString", "coordinates": [ [ 82.565, 25.223333333333343 ], [ 82.561666666666653, 25.22 ], [ 82.561666666666653, 25.215 ], [ 82.565833333333316, 25.205 ], [ 82.579166666666652, 25.191666666666677 ], [ 82.59333333333332, 25.180833333333347 ], [ 82.595833333333317, 25.175833333333344 ], [ 82.59333333333332, 25.168333333333344 ], [ 82.585833333333312, 25.161666666666676 ], [ 82.569166666666661, 25.155833333333344 ], [ 82.548333333333318, 25.155 ], [ 82.54583333333332, 25.15666666666668 ], [ 82.536666666666662, 25.15666666666668 ], [ 82.53083333333332, 25.159166666666678 ] ] } },
{ "type": "Feature", "properties": { "COMID": 45051931, "id": "1705", "lengthkm": 8.156361663805539, "order": 7, "uparea": 459866.36770297773 }, "geometry": { "type": "LineString", "coordinates": [ [ 82.6375, 25.224166666666676 ], [ 82.635833333333323, 25.225833333333345 ], [ 82.631666666666661, 25.225833333333345 ], [ 82.625833333333318, 25.23 ], [ 82.59666666666665, 25.23 ], [ 82.581666666666649, 25.226666666666677 ], [ 82.576666666666654, 25.2275 ], [ 82.565, 25.223333333333343 ] ] } },
{ "type": "Feature", "properties": { "COMID": 45051930, "id": "1705", "lengthkm": 9.2469786046108968, "order": 7, "uparea": 459920.08193638362 }, "geometry": { "type": "LineString", "coordinates": [ [ 82.704166666666652, 25.175833333333344 ], [ 82.68, 25.199166666666677 ], [ 82.653333333333322, 25.214166666666678 ], [ 82.644166666666649, 25.215833333333343 ], [ 82.6375, 25.224166666666676 ] ] } },
{ "type": "Feature", "properties": { "COMID": 45051929, "id": "1705", "lengthkm": 2.8060093267427639, "order": 7, "uparea": 460191.89169272885 }, "geometry": { "type": "LineString", "coordinates": [ [ 82.725, 25.1625 ], [ 82.720833333333317, 25.1625 ], [ 82.704166666666652, 25.175833333333344 ] ] } },
{ "type": "Feature", "properties": { "COMID": 45051928, "id": "1705", "lengthkm": 4.1575650929346999, "order": 7, "uparea": 460245.24228078156 }, "geometry": { "type": "LineString", "coordinates": [ [ 82.753333333333316, 25.139166666666679 ], [ 82.743333333333325, 25.145 ], [ 82.73, 25.16 ], [ 82.725, 25.1625 ] ] } },
{ "type": "Feature", "properties": { "COMID": 45051927, "id": "1705", "lengthkm": 2.2977081339593801, "order": 7, "uparea": 460510.3952017501 }, "geometry": { "type": "LineString", "coordinates": [ [ 82.771666666666647, 25.13 ], [ 82.753333333333316, 25.139166666666679 ] ] } },
{ "type": "Feature", "properties": { "COMID": 45051926, "id": "1705", "lengthkm": 14.163858969945199, "order": 7, "uparea": 460624.20941914071 }, "geometry": { "type": "LineString", "coordinates": [ [ 82.884166666666658, 25.144166666666678 ], [ 82.868333333333325, 25.121666666666677 ], [ 82.855, 25.115 ], [ 82.84333333333332, 25.1125 ], [ 82.823333333333323, 25.113333333333344 ], [ 82.78083333333332, 25.125833333333347 ], [ 82.771666666666647, 25.13 ] ] } },
{ "type": "Feature", "properties": { "COMID": 45051925, "id": "1705", "lengthkm": 9.1424636763275675, "order": 7, "uparea": 460936.33665100037 }, "geometry": { "type": "LineString", "coordinates": [ [ 82.92416666666665, 25.205833333333345 ], [ 82.92, 25.205 ], [ 82.908333333333317, 25.198333333333345 ], [ 82.905, 25.195 ], [ 82.895, 25.175 ], [ 82.886666666666656, 25.169166666666676 ], [ 82.884166666666658, 25.144166666666678 ] ] } },
{ "type": "Feature", "properties": { "COMID": 45051924, "id": "1705", "lengthkm": 5.7389323472872737, "order": 7, "uparea": 461064.70344767033 }, "geometry": { "type": "LineString", "coordinates": [ [ 82.979166666666657, 25.206666666666678 ], [ 82.97, 25.208333333333343 ], [ 82.940833333333316, 25.208333333333343 ], [ 82.92416666666665, 25.205833333333345 ] ] } },
{ "type": "Feature", "properties": { "COMID": 45051923, "id": "1705", "lengthkm": 4.9377819027119996, "order": 7, "uparea": 461630.8813674706 }, "geometry": { "type": "LineString", "coordinates": [ [ 83.018333333333317, 25.2175 ], [ 83.013333333333321, 25.21166666666668 ], [ 83.003333333333316, 25.20416666666668 ], [ 82.9925, 25.20416666666668 ], [ 82.989166666666648, 25.205833333333345 ], [ 82.984166666666653, 25.205 ], [ 82.979166666666657, 25.206666666666678 ] ] } },
{ "type": "Feature", "properties": { "COMID": 45051922, "id": "1705", "lengthkm": 3.9128509924291608, "order": 7, "uparea": 462147.54865489033 }, "geometry": { "type": "LineString", "coordinates": [ [ 83.029166666666654, 25.248333333333346 ], [ 83.03, 25.236666666666679 ], [ 83.028333333333322, 25.231666666666676 ], [ 83.0225, 25.221666666666678 ], [ 83.018333333333317, 25.2175 ] ] } },
{ "type": "Feature", "properties": { "COMID": 45051921, "id": "1705", "lengthkm": 2.764232230378751, "order": 7, "uparea": 462182.73054877139 }, "geometry": { "type": "LineString", "coordinates": [ [ 83.02, 25.27 ], [ 83.025, 25.261666666666677 ], [ 83.029166666666654, 25.248333333333346 ] ] } },
{ "type": "Feature", "properties": { "COMID": 45051920, "id": "1705", "lengthkm": 8.9443642348094148, "order": 7, "uparea": 462273.71801418951 }, "geometry": { "type": "LineString", "coordinates": [ [ 83.045, 25.326666666666679 ], [ 83.023333333333312, 25.316666666666677 ], [ 83.013333333333321, 25.3075 ], [ 83.01, 25.301666666666677 ], [ 83.008333333333326, 25.29 ], [ 83.018333333333317, 25.275 ], [ 83.02, 25.27 ] ] } },
{ "type": "Feature", "properties": { "COMID": 45051919, "id": "1705", "lengthkm": 2.8858890283038079, "order": 7, "uparea": 466481.38672579953 }, "geometry": { "type": "LineString", "coordinates": [ [ 83.071666666666658, 25.330833333333345 ], [ 83.045, 25.326666666666679 ] ] } },
{ "type": "Feature", "properties": { "COMID": 45051918, "id": "1705", "lengthkm": 17.339040224586736, "order": 7, "uparea": 466621.93866915151 }, "geometry": { "type": "LineString", "coordinates": [ [ 83.185, 25.398333333333344 ], [ 83.181666666666658, 25.383333333333347 ], [ 83.173333333333318, 25.360833333333346 ], [ 83.168333333333322, 25.351666666666677 ], [ 83.15, 25.334166666666675 ], [ 83.141666666666652, 25.32916666666668 ], [ 83.138333333333321, 25.3275 ], [ 83.12, 25.326666666666679 ], [ 83.088333333333324, 25.3325 ], [ 83.075, 25.3325 ], [ 83.071666666666658, 25.330833333333345 ] ] } },
{ "type": "Feature", "properties": { "COMID": 45047802, "id": "1705", "lengthkm": 8.4751671410313474, "order": 7, "uparea": 466868.77791393967 }, "geometry": { "type": "LineString", "coordinates": [ [ 83.135, 25.436666666666678 ], [ 83.1425, 25.434166666666677 ], [ 83.149166666666659, 25.436666666666678 ], [ 83.151666666666657, 25.434166666666677 ], [ 83.1575, 25.4325 ], [ 83.163333333333327, 25.4275 ], [ 83.175, 25.424166666666679 ], [ 83.1825, 25.42 ], [ 83.184166666666655, 25.418333333333344 ], [ 83.186666666666653, 25.408333333333346 ], [ 83.185, 25.398333333333344 ] ] } },
{ "type": "Feature", "properties": { "COMID": 45047800, "id": "1705", "lengthkm": 10.715529610669432, "order": 7, "uparea": 466954.57381022745 }, "geometry": { "type": "LineString", "coordinates": [ [ 83.171666666666653, 25.505833333333342 ], [ 83.165833333333325, 25.491666666666678 ], [ 83.1575, 25.485 ], [ 83.144166666666649, 25.4775 ], [ 83.133333333333326, 25.465833333333343 ], [ 83.125833333333318, 25.4525 ], [ 83.124166666666653, 25.449166666666677 ], [ 83.125, 25.441666666666677 ], [ 83.135, 25.436666666666678 ] ] } },
{ "type": "Feature", "properties": { "COMID": 45047798, "id": "1705", "lengthkm": 9.2225027180076502, "order": 7, "uparea": 498572.49669641396 }, "geometry": { "type": "LineString", "coordinates": [ [ 83.238333333333316, 25.525 ], [ 83.230833333333322, 25.529166666666676 ], [ 83.215, 25.533333333333346 ], [ 83.198333333333323, 25.533333333333346 ], [ 83.195, 25.535 ], [ 83.190833333333316, 25.533333333333346 ], [ 83.185833333333321, 25.528333333333343 ], [ 83.171666666666653, 25.505833333333342 ] ] } },
{ "type": "Feature", "properties": { "COMID": 45047796, "id": "1705", "lengthkm": 9.9145106850821083, "order": 7, "uparea": 498669.4279977851 }, "geometry": { "type": "LineString", "coordinates": [ [ 83.3125, 25.479166666666679 ], [ 83.3075, 25.483333333333345 ], [ 83.300833333333316, 25.4925 ], [ 83.29583333333332, 25.493333333333347 ], [ 83.295, 25.495 ], [ 83.29, 25.496666666666677 ], [ 83.273333333333312, 25.510833333333345 ], [ 83.256666666666661, 25.519166666666678 ], [ 83.238333333333316, 25.525 ] ] } },
{ "type": "Feature", "properties": { "COMID": 45047794, "id": "1705", "lengthkm": 17.226991239817792, "order": 7, "uparea": 498795.21913750313 }, "geometry": { "type": "LineString", "coordinates": [ [ 83.440833333333316, 25.455833333333345 ], [ 83.405, 25.493333333333347 ], [ 83.399166666666645, 25.495 ], [ 83.390833333333319, 25.495 ], [ 83.3775, 25.490833333333345 ], [ 83.355, 25.478333333333346 ], [ 83.339166666666657, 25.465833333333343 ], [ 83.335, 25.465833333333343 ], [ 83.331666666666649, 25.47 ], [ 83.325, 25.47 ], [ 83.316666666666649, 25.478333333333346 ], [ 83.3125, 25.479166666666679 ] ] } },
{ "type": "Feature", "properties": { "COMID": 45051917, "id": "1705", "lengthkm": 12.354436883029358, "order": 7, "uparea": 498874.53568391647 }, "geometry": { "type": "LineString", "coordinates": [ [ 83.531666666666652, 25.3925 ], [ 83.5175, 25.396666666666675 ], [ 83.499166666666653, 25.4075 ], [ 83.4725, 25.4275 ], [ 83.440833333333316, 25.455833333333345 ] ] } },
{ "type": "Feature", "properties": { "COMID": 45047787, "id": "1705", "lengthkm": 13.705744889559393, "order": 7, "uparea": 499281.97336183867 }, "geometry": { "type": "LineString", "coordinates": [ [ 83.518333333333317, 25.483333333333345 ], [ 83.518333333333317, 25.473333333333343 ], [ 83.515833333333319, 25.46916666666668 ], [ 83.515, 25.46166666666668 ], [ 83.529166666666654, 25.445833333333347 ], [ 83.54583333333332, 25.433333333333344 ], [ 83.54583333333332, 25.425 ], [ 83.54916666666665, 25.418333333333344 ], [ 83.551666666666648, 25.4075 ], [ 83.550833333333316, 25.4 ], [ 83.546666666666653, 25.395 ], [ 83.540833333333325, 25.3925 ], [ 83.531666666666652, 25.3925 ] ] } },
{ "type": "Feature", "properties": { "COMID": 45047786, "id": "1705", "lengthkm": 5.0948237028645353, "order": 7, "uparea": 499334.78142409038 }, "geometry": { "type": "LineString", "coordinates": [ [ 83.5375, 25.5225 ], [ 83.53, 25.5075 ], [ 83.524166666666645, 25.500833333333347 ], [ 83.524166666666645, 25.496666666666677 ], [ 83.52, 25.490833333333345 ], [ 83.518333333333317, 25.483333333333345 ] ] } },
{ "type": "Feature", "properties": { "COMID": 45047785, "id": "1705", "lengthkm": 2.303331847605893, "order": 7, "uparea": 500210.0107598324 }, "geometry": { "type": "LineString", "coordinates": [ [ 83.54916666666665, 25.539166666666677 ], [ 83.54583333333332, 25.534166666666678 ], [ 83.54583333333332, 25.530833333333344 ], [ 83.5375, 25.5225 ] ] } },
{ "type": "Feature", "properties": { "COMID": 45047784, "id": "1705", "lengthkm": 13.333918129535803, "order": 7, "uparea": 500361.77097620361 }, "geometry": { "type": "LineString", "coordinates": [ [ 83.6475, 25.604166666666679 ], [ 83.635833333333323, 25.600833333333345 ], [ 83.620833333333323, 25.593333333333344 ], [ 83.605833333333322, 25.583333333333343 ], [ 83.589166666666657, 25.575833333333343 ], [ 83.584166666666647, 25.57 ], [ 83.575, 25.5675 ], [ 83.5625, 25.555833333333347 ], [ 83.54916666666665, 25.539166666666677 ] ] } },
{ "type": "Feature", "properties": { "COMID": 45047783, "id": "1705", "lengthkm": 8.2189957559433786, "order": 7, "uparea": 501914.02101265953 }, "geometry": { "type": "LineString", "coordinates": [ [ 83.720833333333317, 25.601666666666677 ], [ 83.71833333333332, 25.603333333333346 ], [ 83.713333333333324, 25.603333333333346 ], [ 83.701666666666654, 25.609166666666678 ], [ 83.69, 25.605 ], [ 83.663333333333327, 25.605 ], [ 83.6575, 25.6025 ], [ 83.650833333333324, 25.6025 ], [ 83.6475, 25.604166666666679 ] ] } },
{ "type": "Feature", "properties": { "COMID": 45047782, "id": "1705", "lengthkm": 13.795874758155739, "order": 7, "uparea": 502018.47403670143 }, "geometry": { "type": "LineString", "coordinates": [ [ 83.796666666666653, 25.5125 ], [ 83.7875, 25.523333333333344 ], [ 83.78083333333332, 25.545 ], [ 83.77, 25.563333333333347 ], [ 83.7425, 25.5925 ], [ 83.73, 25.5925 ], [ 83.720833333333317, 25.601666666666677 ] ] } },
{ "type": "Feature", "properties": { "COMID": 45047781, "id": "1705", "lengthkm": 6.9298764065569376, "order": 7, "uparea": 502334.46943446179 }, "geometry": { "type": "LineString", "coordinates": [ [ 83.85833333333332, 25.519166666666678 ], [ 83.848333333333315, 25.5175 ], [ 83.836666666666645, 25.5125 ], [ 83.816666666666649, 25.508333333333347 ], [ 83.8025, 25.50916666666668 ], [ 83.796666666666653, 25.5125 ] ] } },
{ "type": "Feature", "properties": { "COMID": 45047780, "id": "1705", "lengthkm": 1.963278497031175, "order": 7, "uparea": 502378.91865654907 }, "geometry": { "type": "LineString", "coordinates": [ [ 83.876666666666651, 25.518333333333345 ], [ 83.85833333333332, 25.519166666666678 ] ] } },
{ "type": "Feature", "properties": { "COMID": 45047779, "id": "1705", "lengthkm": 9.4165217566447357, "order": 7, "uparea": 510308.32283211243 }, "geometry": { "type": "LineString", "coordinates": [ [ 83.9425, 25.561666666666678 ], [ 83.921666666666653, 25.553333333333345 ], [ 83.911666666666662, 25.540833333333346 ], [ 83.906666666666652, 25.5275 ], [ 83.9, 25.521666666666675 ], [ 83.876666666666651, 25.518333333333345 ] ] } },
{ "type": "Feature", "properties": { "COMID": 45047778, "id": "1705", "lengthkm": 2.9161738145354219, "order": 7, "uparea": 511687.56138011924 }, "geometry": { "type": "LineString", "coordinates": [ [ 83.965, 25.575 ], [ 83.956666666666649, 25.568333333333342 ], [ 83.9425, 25.561666666666678 ] ] } },
{ "type": "Feature", "properties": { "COMID": 45047777, "id": "1705", "lengthkm": 6.2024781743781654, "order": 7, "uparea": 511742.82746927469 }, "geometry": { "type": "LineString", "coordinates": [ [ 84.01, 25.609166666666678 ], [ 84.005, 25.606666666666676 ], [ 83.965, 25.575 ] ] } },
{ "type": "Feature", "properties": { "COMID": 45047776, "id": "1705", "lengthkm": 27.148460823052282, "order": 7, "uparea": 511873.96570006048 }, "geometry": { "type": "LineString", "coordinates": [ [ 84.180833333333311, 25.719166666666677 ], [ 84.1775, 25.716666666666676 ], [ 84.1675, 25.716666666666676 ], [ 84.164166666666659, 25.715 ], [ 84.155, 25.7175 ], [ 84.148333333333312, 25.7175 ], [ 84.140833333333319, 25.725833333333345 ], [ 84.125, 25.725833333333345 ], [ 84.115, 25.724166666666676 ], [ 84.103333333333325, 25.719166666666677 ], [ 84.09666666666665, 25.713333333333345 ], [ 84.094166666666652, 25.708333333333343 ], [ 84.085833333333312, 25.7 ], [ 84.076666666666654, 25.686666666666678 ], [ 84.075833333333321, 25.68 ], [ 84.079166666666652, 25.676666666666677 ], [ 84.079166666666652, 25.671666666666678 ], [ 84.075833333333321, 25.669166666666676 ], [ 84.075833333333321, 25.665833333333346 ], [ 84.078333333333319, 25.6575 ], [ 84.070833333333326, 25.6425 ], [ 84.063333333333318, 25.6375 ], [ 84.051666666666648, 25.625833333333347 ], [ 84.041666666666657, 25.620833333333344 ], [ 84.031666666666652, 25.618333333333347 ], [ 84.018333333333317, 25.61 ], [ 84.01, 25.609166666666678 ] ] } },
{ "type": "Feature", "properties": { "COMID": 45047775, "id": "1705", "lengthkm": 10.524308951218982, "order": 7, "uparea": 521421.2575023364 }, "geometry": { "type": "LineString", "coordinates": [ [ 84.263333333333321, 25.70416666666668 ], [ 84.255, 25.7 ], [ 84.24, 25.700833333333343 ], [ 84.2375, 25.699166666666677 ], [ 84.231666666666655, 25.699166666666677 ], [ 84.225, 25.70416666666668 ], [ 84.225833333333327, 25.708333333333343 ], [ 84.2225, 25.714166666666678 ], [ 84.214166666666657, 25.719166666666677 ], [ 84.200833333333321, 25.72 ], [ 84.1975, 25.7225 ], [ 84.19, 25.7225 ], [ 84.185, 25.718333333333344 ], [ 84.180833333333311, 25.719166666666677 ] ] } },
{ "type": "Feature", "properties": { "COMID": 45047774, "id": "1705", "lengthkm": 8.3400206629159896, "order": 7, "uparea": 521481.43888113857 }, "geometry": { "type": "LineString", "coordinates": [ [ 84.339166666666657, 25.714166666666678 ], [ 84.330833333333317, 25.708333333333343 ], [ 84.319166666666661, 25.706666666666678 ], [ 84.298333333333318, 25.705 ], [ 84.2875, 25.705833333333345 ], [ 84.2725, 25.7025 ], [ 84.265833333333319, 25.7025 ], [ 84.263333333333321, 25.70416666666668 ] ] } },
{ "type": "Feature", "properties": { "COMID": 45047773, "id": "1705", "lengthkm": 26.056157423623823, "order": 7, "uparea": 521687.93972337787 }, "geometry": { "type": "LineString", "coordinates": [ [ 84.494166666666658, 25.684166666666677 ], [ 84.48666666666665, 25.691666666666677 ], [ 84.478333333333325, 25.69666666666668 ], [ 84.461666666666645, 25.710833333333344 ], [ 84.4575, 25.706666666666678 ], [ 84.455, 25.7075 ], [ 84.4525, 25.714166666666678 ], [ 84.448333333333323, 25.718333333333344 ], [ 84.4475, 25.724166666666676 ], [ 84.441666666666649, 25.730833333333344 ], [ 84.428333333333313, 25.7325 ], [ 84.4225, 25.735 ], [ 84.419166666666655, 25.738333333333344 ], [ 84.418333333333322, 25.743333333333347 ], [ 84.411666666666648, 25.748333333333342 ], [ 84.401666666666657, 25.76 ], [ 84.394166666666649, 25.764166666666675 ], [ 84.390833333333319, 25.771666666666675 ], [ 84.385, 25.773333333333344 ], [ 84.3775, 25.7725 ], [ 84.366666666666646, 25.763333333333343 ], [ 84.364166666666648, 25.755 ], [ 84.3575, 25.744166666666679 ], [ 84.356666666666655, 25.735833333333346 ], [ 84.35, 25.724166666666676 ], [ 84.339166666666657, 25.714166666666678 ] ] } },
{ "type": "Feature", "properties": { "COMID": 45047772, "id": "1705", "lengthkm": 4.5979382600631444, "order": 7, "uparea": 522410.60512557102 }, "geometry": { "type": "LineString", "coordinates": [ [ 84.5275, 25.660833333333343 ], [ 84.5075, 25.670833333333345 ], [ 84.499166666666653, 25.680833333333347 ], [ 84.494166666666658, 25.684166666666677 ] ] } },
{ "type": "Feature", "properties": { "COMID": 45047771, "id": "1705", "lengthkm": 6.6221770234787103, "order": 7, "uparea": 523400.43604177213 }, "geometry": { "type": "LineString", "coordinates": [ [ 84.58, 25.686666666666678 ], [ 84.5475, 25.661666666666676 ], [ 84.54, 25.66 ], [ 84.5275, 25.660833333333343 ] ] } },
{ "type": "Feature", "properties": { "COMID": 45047770, "id": "1705", "lengthkm": 7.4444147506055094, "order": 7, "uparea": 523460.62248187274 }, "geometry": { "type": "LineString", "coordinates": [ [ 84.631666666666661, 25.7325 ], [ 84.58, 25.686666666666678 ] ] } },
{ "type": "Feature", "properties": { "COMID": 45047769, "id": "1705", "lengthkm": 4.1397883912909332, "order": 7, "uparea": 523533.53624963725 }, "geometry": { "type": "LineString", "coordinates": [ [ 84.6625, 25.746666666666677 ], [ 84.655, 25.739166666666677 ], [ 84.649166666666645, 25.741666666666678 ], [ 84.645, 25.740833333333342 ], [ 84.6375, 25.7375 ], [ 84.631666666666661, 25.7325 ] ] } },
{ "type": "Feature", "properties": { "COMID": 45047768, "id": "1705", "lengthkm": 19.867446654314282, "order": 7, "uparea": 654169.8918963169 }, "geometry": { "type": "LineString", "coordinates": [ [ 84.8275, 25.725833333333345 ], [ 84.815, 25.735 ], [ 84.803333333333313, 25.74 ], [ 84.8, 25.74 ], [ 84.791666666666657, 25.748333333333342 ], [ 84.7875, 25.749166666666678 ], [ 84.783333333333317, 25.749166666666678 ], [ 84.7775, 25.746666666666677 ], [ 84.765833333333319, 25.738333333333344 ], [ 84.754166666666649, 25.7325 ], [ 84.746666666666655, 25.730833333333344 ], [ 84.735833333333318, 25.731666666666676 ], [ 84.714166666666657, 25.743333333333347 ], [ 84.701666666666654, 25.741666666666678 ], [ 84.699166666666656, 25.743333333333347 ], [ 84.6875, 25.743333333333347 ], [ 84.6825, 25.745 ], [ 84.676666666666648, 25.744166666666679 ], [ 84.67083333333332, 25.749166666666678 ], [ 84.665833333333325, 25.749166666666678 ], [ 84.6625, 25.746666666666677 ] ] } },
{ "type": "Feature", "properties": { "COMID": 45047767, "id": "1705", "lengthkm": 4.9668784044983534, "order": 7, "uparea": 655804.84740852099 }, "geometry": { "type": "LineString", "coordinates": [ [ 84.868333333333311, 25.709166666666675 ], [ 84.8625, 25.714166666666678 ], [ 84.84666666666665, 25.718333333333344 ], [ 84.8275, 25.725833333333345 ] ] } },
{ "type": "Feature", "properties": { "COMID": 45047766, "id": "1705", "lengthkm": 0.33294504959229998, "order": 7, "uparea": 723070.40022800479 }, "geometry": { "type": "LineString", "coordinates": [ [ 84.870833333333323, 25.7075 ], [ 84.868333333333311, 25.709166666666675 ] ] } },
{ "type": "Feature", "properties": { "COMID": 45047765, "id": "1705", "lengthkm": 7.5233841715602416, "order": 7, "uparea": 723147.2849433081 }, "geometry": { "type": "LineString", "coordinates": [ [ 84.92, 25.6675 ], [ 84.903333333333322, 25.6725 ], [ 84.8975, 25.6775 ], [ 84.891666666666652, 25.68 ], [ 84.885833333333323, 25.685833333333342 ], [ 84.880833333333314, 25.6875 ], [ 84.873333333333321, 25.695833333333344 ], [ 84.870833333333323, 25.7075 ] ] } },
{ "type": "Feature", "properties": { "COMID": 45047764, "id": "1705", "lengthkm": 15.603854057999206, "order": 7, "uparea": 723353.45167212817 }, "geometry": { "type": "LineString", "coordinates": [ [ 85.041666666666657, 25.6425 ], [ 85.04, 25.640833333333344 ], [ 85.03083333333332, 25.6425 ], [ 85.028333333333322, 25.645833333333343 ], [ 85.025, 25.66 ], [ 85.013333333333321, 25.6725 ], [ 85.0075, 25.675 ], [ 85.005, 25.675 ], [ 85.001666666666651, 25.671666666666678 ], [ 84.98666666666665, 25.671666666666678 ], [ 84.98333333333332, 25.674166666666679 ], [ 84.9775, 25.674166666666679 ], [ 84.956666666666649, 25.67 ], [ 84.938333333333318, 25.668333333333344 ], [ 84.928333333333313, 25.668333333333344 ], [ 84.92416666666665, 25.670833333333345 ], [ 84.92, 25.6675 ] ] } },
{ "type": "Feature", "properties": { "COMID": 45047763, "id": "1705", "lengthkm": 4.4174258623186677, "order": 7, "uparea": 723613.35287147295 }, "geometry": { "type": "LineString", "coordinates": [ [ 85.078333333333319, 25.655833333333344 ], [ 85.073333333333323, 25.655 ], [ 85.0525, 25.644166666666678 ], [ 85.044166666666655, 25.645 ], [ 85.041666666666657, 25.6425 ] ] } },
{ "type": "Feature", "properties": { "COMID": 45047762, "id": "1705", "lengthkm": 13.62517435667665, "order": 7, "uparea": 723818.65044348629 }, "geometry": { "type": "LineString", "coordinates": [ [ 85.1825, 25.623333333333342 ], [ 85.163333333333327, 25.624166666666678 ], [ 85.158333333333317, 25.625833333333347 ], [ 85.151666666666657, 25.625 ], [ 85.145833333333314, 25.6275 ], [ 85.143333333333317, 25.630833333333342 ], [ 85.140833333333319, 25.64166666666668 ], [ 85.130833333333314, 25.651666666666678 ], [ 85.1275, 25.6525 ], [ 85.125833333333318, 25.655833333333344 ], [ 85.1225, 25.6575 ], [ 85.11, 25.660833333333343 ], [ 85.105833333333322, 25.664166666666677 ], [ 85.078333333333319, 25.655833333333344 ] ] } },
{ "type": "Feature", "properties": { "COMID": 45047761, "id": "1705", "lengthkm": 30.113487532903513, "order": 7, "uparea": 767508.01009255531 }, "geometry": { "type": "LineString", "coordinates": [ [ 85.430833333333311, 25.58 ], [ 85.413333333333327, 25.581666666666678 ], [ 85.4, 25.585833333333344 ], [ 85.385833333333323, 25.595833333333346 ], [ 85.3675, 25.601666666666677 ], [ 85.349166666666648, 25.61 ], [ 85.338333333333324, 25.619166666666679 ], [ 85.326666666666654, 25.625 ], [ 85.323333333333323, 25.628333333333345 ], [ 85.301666666666648, 25.638333333333343 ], [ 85.285833333333315, 25.639166666666675 ], [ 85.28, 25.635833333333345 ], [ 85.273333333333312, 25.6275 ], [ 85.2675, 25.626666666666679 ], [ 85.2625, 25.621666666666677 ], [ 85.255, 25.6225 ], [ 85.253333333333316, 25.620833333333344 ], [ 85.2475, 25.62 ], [ 85.230833333333322, 25.610833333333346 ], [ 85.219166666666652, 25.613333333333344 ], [ 85.2025, 25.62 ], [ 85.195833333333326, 25.62 ], [ 85.1825, 25.623333333333342 ] ] } },
{ "type": "Feature", "properties": { "COMID": 45047760, "id": "1705", "lengthkm": 9.0384393626184476, "order": 7, "uparea": 767569.71665228531 }, "geometry": { "type": "LineString", "coordinates": [ [ 85.4925, 25.535833333333343 ], [ 85.488333333333316, 25.5425 ], [ 85.4825, 25.545833333333345 ], [ 85.476666666666659, 25.5525 ], [ 85.4725, 25.559166666666677 ], [ 85.470833333333317, 25.565833333333345 ], [ 85.465833333333322, 25.57 ], [ 85.460833333333312, 25.5725 ], [ 85.439166666666651, 25.575 ], [ 85.430833333333311, 25.58 ] ] } },
{ "type": "Feature", "properties": { "COMID": 45047759, "id": "1705", "lengthkm": 8.2564527523421436, "order": 7, "uparea": 767659.27251053485 }, "geometry": { "type": "LineString", "coordinates": [ [ 85.539166666666659, 25.483333333333345 ], [ 85.5175, 25.499166666666678 ], [ 85.510833333333323, 25.501666666666679 ], [ 85.503333333333316, 25.50916666666668 ], [ 85.498333333333321, 25.528333333333343 ], [ 85.4925, 25.535833333333343 ] ] } },
{ "type": "Feature", "properties": { "COMID": 45047758, "id": "1705", "lengthkm": 8.8055427635086136, "order": 7, "uparea": 777324.74148085795 }, "geometry": { "type": "LineString", "coordinates": [ [ 85.615, 25.5025 ], [ 85.609166666666653, 25.501666666666679 ], [ 85.598333333333315, 25.504166666666677 ], [ 85.583333333333314, 25.501666666666679 ], [ 85.575, 25.499166666666678 ], [ 85.56, 25.489166666666677 ], [ 85.539166666666659, 25.483333333333345 ] ] } },
{ "type": "Feature", "properties": { "COMID": 45047757, "id": "1705", "lengthkm": 22.634750168892783, "order": 7, "uparea": 777513.88358226442 }, "geometry": { "type": "LineString", "coordinates": [ [ 85.814166666666651, 25.508333333333347 ], [ 85.800833333333316, 25.510833333333345 ], [ 85.769166666666649, 25.510833333333345 ], [ 85.7525, 25.515 ], [ 85.730833333333322, 25.515 ], [ 85.723333333333315, 25.513333333333343 ], [ 85.7125, 25.5025 ], [ 85.686666666666653, 25.4975 ], [ 85.673333333333318, 25.491666666666678 ], [ 85.66, 25.491666666666678 ], [ 85.653333333333322, 25.494166666666679 ], [ 85.6325, 25.4925 ], [ 85.623333333333321, 25.499166666666678 ], [ 85.615, 25.5025 ] ] } },
{ "type": "Feature", "properties": { "COMID": 45047756, "id": "1705", "lengthkm": 10.308416660271217, "order": 7, "uparea": 777638.42763592943 }, "geometry": { "type": "LineString", "coordinates": [ [ 85.903333333333322, 25.4875 ], [ 85.8875, 25.493333333333347 ], [ 85.871666666666655, 25.490833333333345 ], [ 85.853333333333325, 25.500833333333347 ], [ 85.8475, 25.5025 ], [ 85.833333333333314, 25.5025 ], [ 85.814166666666651, 25.508333333333347 ] ] } },
{ "type": "Feature", "properties": { "COMID": 45047755, "id": "1705", "lengthkm": 0.99993157790438203, "order": 7, "uparea": 777695.62104906433 }, "geometry": { "type": "LineString", "coordinates": [ [ 85.910833333333315, 25.4825 ], [ 85.903333333333322, 25.4875 ] ] } },
{ "type": "Feature", "properties": { "COMID": 45051904, "id": "1705", "lengthkm": 13.817278566774267, "order": 7, "uparea": 779994.32015777251 }, "geometry": { "type": "LineString", "coordinates": [ [ 85.988333333333316, 25.403333333333343 ], [ 85.98666666666665, 25.415833333333346 ], [ 85.98, 25.431666666666679 ], [ 85.975833333333327, 25.435833333333342 ], [ 85.938333333333318, 25.443333333333342 ], [ 85.930833333333311, 25.453333333333344 ], [ 85.92416666666665, 25.46916666666668 ], [ 85.910833333333315, 25.4825 ] ] } },
{ "type": "Feature", "properties": { "COMID": 45051903, "id": "1705", "lengthkm": 9.658181609541872, "order": 7, "uparea": 780083.72666677891 }, "geometry": { "type": "LineString", "coordinates": [ [ 86.033333333333317, 25.335833333333344 ], [ 86.01, 25.360833333333346 ], [ 85.994166666666644, 25.375 ], [ 85.9925, 25.380833333333342 ], [ 85.98666666666665, 25.389166666666679 ], [ 85.99, 25.398333333333344 ], [ 85.99, 25.401666666666678 ], [ 85.988333333333316, 25.403333333333343 ] ] } },
{ "type": "Feature", "properties": { "COMID": 45051902, "id": "1705", "lengthkm": 15.462205649258101, "order": 7, "uparea": 780184.89537061797 }, "geometry": { "type": "LineString", "coordinates": [ [ 86.169166666666655, 25.32916666666668 ], [ 86.15083333333331, 25.3275 ], [ 86.146666666666647, 25.32916666666668 ], [ 86.141666666666652, 25.334166666666675 ], [ 86.134166666666658, 25.33666666666668 ], [ 86.1175, 25.335 ], [ 86.1125, 25.3325 ], [ 86.09333333333332, 25.3325 ], [ 86.0875, 25.334166666666675 ], [ 86.081666666666649, 25.330833333333345 ], [ 86.071666666666658, 25.335833333333344 ], [ 86.063333333333318, 25.330833333333345 ], [ 86.0475, 25.331666666666678 ], [ 86.043333333333322, 25.334166666666675 ], [ 86.033333333333317, 25.335833333333344 ] ] } },
{ "type": "Feature", "properties": { "COMID": 45051901, "id": "1705", "lengthkm": 3.344402738247271, "order": 7, "uparea": 780233.96666283952 }, "geometry": { "type": "LineString", "coordinates": [ [ 86.199166666666656, 25.3275 ], [ 86.195, 25.328333333333344 ], [ 86.185833333333321, 25.325833333333343 ], [ 86.179166666666646, 25.325833333333343 ], [ 86.169166666666655, 25.32916666666668 ] ] } },
{ "type": "Feature", "properties": { "COMID": 45051900, "id": "1705", "lengthkm": 2.6302205788259521, "order": 7, "uparea": 780284.04408593173 }, "geometry": { "type": "LineString", "coordinates": [ [ 86.220833333333317, 25.33666666666668 ], [ 86.199166666666656, 25.3275 ] ] } },
{ "type": "Feature", "properties": { "COMID": 45051899, "id": "1705", "lengthkm": 30.224758920126764, "order": 7, "uparea": 780524.47802505293 }, "geometry": { "type": "LineString", "coordinates": [ [ 86.455, 25.390833333333344 ], [ 86.4525, 25.388333333333343 ], [ 86.4425, 25.385833333333345 ], [ 86.4275, 25.379166666666677 ], [ 86.42083333333332, 25.378333333333345 ], [ 86.418333333333322, 25.375833333333347 ], [ 86.413333333333313, 25.376666666666679 ], [ 86.408333333333317, 25.3725 ], [ 86.405, 25.371666666666677 ], [ 86.4, 25.360833333333346 ], [ 86.40083333333331, 25.358333333333345 ], [ 86.399166666666645, 25.354166666666679 ], [ 86.386666666666656, 25.3375 ], [ 86.383333333333326, 25.33 ], [ 86.375833333333318, 25.3225 ], [ 86.366666666666646, 25.316666666666677 ], [ 86.35, 25.313333333333347 ], [ 86.34, 25.313333333333347 ], [ 86.320833333333326, 25.3175 ], [ 86.3075, 25.3225 ], [ 86.286666666666648, 25.333333333333343 ], [ 86.264166666666654, 25.3325 ], [ 86.26, 25.33 ], [ 86.255, 25.33 ], [ 86.245833333333323, 25.330833333333345 ], [ 86.235833333333318, 25.33666666666668 ], [ 86.220833333333317, 25.33666666666668 ] ] } },
{ "type": "Feature", "properties": { "COMID": 45051898, "id": "1705", "lengthkm": 1.517771935763004, "order": 7, "uparea": 797978.70179993298 }, "geometry": { "type": "LineString", "coordinates": [ [ 86.464166666666642, 25.400833333333345 ], [ 86.464166666666642, 25.39916666666668 ], [ 86.455, 25.390833333333344 ] ] } },
{ "type": "Feature", "properties": { "COMID": 45047754, "id": "1705", "lengthkm": 20.421149380785184, "order": 7, "uparea": 798180.41303007549 }, "geometry": { "type": "LineString", "coordinates": [ [ 86.605833333333322, 25.445 ], [ 86.599166666666648, 25.455 ], [ 86.581666666666649, 25.470833333333346 ], [ 86.565, 25.478333333333346 ], [ 86.546666666666653, 25.476666666666677 ], [ 86.538333333333313, 25.473333333333343 ], [ 86.505833333333314, 25.4375 ], [ 86.493333333333311, 25.4275 ], [ 86.4875, 25.418333333333344 ], [ 86.481666666666655, 25.4125 ], [ 86.470833333333317, 25.4075 ], [ 86.464166666666642, 25.400833333333345 ] ] } },
{ "type": "Feature", "properties": { "COMID": 45051897, "id": "1705", "lengthkm": 12.983959519354329, "order": 7, "uparea": 812325.75933562126 }, "geometry": { "type": "LineString", "coordinates": [ [ 86.573333333333323, 25.348333333333343 ], [ 86.574166666666656, 25.35 ], [ 86.5675, 25.36 ], [ 86.5675, 25.365833333333345 ], [ 86.569166666666646, 25.368333333333347 ], [ 86.566666666666649, 25.375 ], [ 86.569166666666646, 25.38416666666668 ], [ 86.573333333333323, 25.393333333333345 ], [ 86.576666666666654, 25.396666666666675 ], [ 86.5775, 25.40666666666668 ], [ 86.6, 25.4275 ], [ 86.606666666666655, 25.439166666666679 ], [ 86.605833333333322, 25.445 ] ] } },
{ "type": "Feature", "properties": { "COMID": 45051896, "id": "1705", "lengthkm": 14.840987314726481, "order": 7, "uparea": 812440.08428712515 }, "geometry": { "type": "LineString", "coordinates": [ [ 86.639166666666654, 25.248333333333346 ], [ 86.636666666666656, 25.250833333333347 ], [ 86.6325, 25.250833333333347 ], [ 86.629166666666649, 25.253333333333345 ], [ 86.629166666666649, 25.258333333333347 ], [ 86.623333333333321, 25.264166666666679 ], [ 86.616666666666646, 25.268333333333345 ], [ 86.609166666666653, 25.269166666666678 ], [ 86.5875, 25.290833333333346 ], [ 86.584166666666647, 25.2975 ], [ 86.585833333333312, 25.31 ], [ 86.576666666666654, 25.331666666666678 ], [ 86.573333333333323, 25.348333333333343 ] ] } },
{ "type": "Feature", "properties": { "COMID": 45051895, "id": "1705", "lengthkm": 2.3420771517654129, "order": 7, "uparea": 812804.86404177081 }, "geometry": { "type": "LineString", "coordinates": [ [ 86.66, 25.245 ], [ 86.65583333333332, 25.246666666666677 ], [ 86.646666666666647, 25.245833333333344 ], [ 86.639166666666654, 25.248333333333346 ] ] } },
{ "type": "Feature", "properties": { "COMID": 45051894, "id": "1705", "lengthkm": 8.5315261258591235, "order": 7, "uparea": 813444.02121682768 }, "geometry": { "type": "LineString", "coordinates": [ [ 86.735833333333318, 25.263333333333343 ], [ 86.7325, 25.26 ], [ 86.719166666666652, 25.254166666666677 ], [ 86.7025, 25.249166666666678 ], [ 86.671666666666653, 25.245 ], [ 86.66, 25.245 ] ] } },
{ "type": "Feature", "properties": { "COMID": 45051893, "id": "1705", "lengthkm": 22.268182584772731, "order": 7, "uparea": 813709.90019180183 }, "geometry": { "type": "LineString", "coordinates": [ [ 86.919166666666655, 25.3275 ], [ 86.916666666666657, 25.328333333333344 ], [ 86.906666666666652, 25.3225 ], [ 86.9025, 25.318333333333342 ], [ 86.90083333333331, 25.314166666666679 ], [ 86.896666666666647, 25.311666666666678 ], [ 86.876666666666651, 25.3075 ], [ 86.863333333333316, 25.308333333333344 ], [ 86.855833333333322, 25.305 ], [ 86.83833333333331, 25.306666666666679 ], [ 86.835833333333312, 25.305833333333347 ], [ 86.826666666666654, 25.295 ], [ 86.8225, 25.2925 ], [ 86.81, 25.29 ], [ 86.803333333333313, 25.285 ], [ 86.78416666666665, 25.28166666666668 ], [ 86.754166666666649, 25.27 ], [ 86.7475, 25.265833333333344 ], [ 86.735833333333318, 25.263333333333343 ] ] } },
{ "type": "Feature", "properties": { "COMID": 45051892, "id": "1705", "lengthkm": 12.385365758953569, "order": 7, "uparea": 813980.71451910015 }, "geometry": { "type": "LineString", "coordinates": [ [ 87.005833333333314, 25.275833333333345 ], [ 87.0025, 25.289166666666677 ], [ 86.994166666666644, 25.301666666666677 ], [ 86.975833333333313, 25.309166666666677 ], [ 86.97166666666665, 25.3125 ], [ 86.956666666666649, 25.313333333333347 ], [ 86.951666666666654, 25.316666666666677 ], [ 86.948333333333323, 25.316666666666677 ], [ 86.9425, 25.3225 ], [ 86.934166666666655, 25.32166666666668 ], [ 86.9225, 25.325 ], [ 86.919166666666655, 25.3275 ] ] } },
{ "type": "Feature", "properties": { "COMID": 45051891, "id": "1705", "lengthkm": 19.399482122811264, "order": 7, "uparea": 815681.5700693588 }, "geometry": { "type": "LineString", "coordinates": [ [ 87.1775, 25.285833333333343 ], [ 87.165833333333325, 25.285833333333343 ], [ 87.1575, 25.289166666666677 ], [ 87.143333333333317, 25.291666666666679 ], [ 87.13, 25.289166666666677 ], [ 87.119166666666644, 25.291666666666679 ], [ 87.099166666666648, 25.2825 ], [ 87.09666666666665, 25.28 ], [ 87.078333333333319, 25.275 ], [ 87.066666666666649, 25.275833333333345 ], [ 87.055833333333311, 25.2725 ], [ 87.0325, 25.2725 ], [ 87.014166666666654, 25.275833333333345 ], [ 87.005833333333314, 25.275833333333345 ] ] } },
{ "type": "Feature", "properties": { "COMID": 45051890, "id": "1705", "lengthkm": 5.6081068768050901, "order": 7, "uparea": 815785.04170398985 }, "geometry": { "type": "LineString", "coordinates": [ [ 87.21833333333332, 25.261666666666677 ], [ 87.211666666666645, 25.264166666666679 ], [ 87.206666666666649, 25.264166666666679 ], [ 87.189166666666651, 25.270833333333343 ], [ 87.181666666666644, 25.280833333333344 ], [ 87.180833333333311, 25.284166666666678 ], [ 87.1775, 25.285833333333343 ] ] } },
{ "type": "Feature", "properties": { "COMID": 45051889, "id": "1705", "lengthkm": 18.197669785274751, "order": 7, "uparea": 820852.02448098827 }, "geometry": { "type": "LineString", "coordinates": [ [ 87.263333333333321, 25.405833333333344 ], [ 87.263333333333321, 25.388333333333343 ], [ 87.26, 25.380833333333342 ], [ 87.260833333333323, 25.378333333333345 ], [ 87.2575, 25.364166666666677 ], [ 87.259166666666658, 25.3525 ], [ 87.2575, 25.345 ], [ 87.251666666666651, 25.334166666666675 ], [ 87.251666666666651, 25.326666666666679 ], [ 87.248333333333321, 25.314166666666679 ], [ 87.248333333333321, 25.296666666666678 ], [ 87.238333333333316, 25.2825 ], [ 87.223333333333315, 25.268333333333345 ], [ 87.21833333333332, 25.261666666666677 ] ] } },
{ "type": "Feature", "properties": { "COMID": 45047753, "id": "1705", "lengthkm": 10.63545491288312, "order": 8, "uparea": 908465.45903252438 }, "geometry": { "type": "LineString", "coordinates": [ [ 87.329166666666652, 25.471666666666678 ], [ 87.308333333333309, 25.46166666666668 ], [ 87.281666666666652, 25.43 ], [ 87.27583333333331, 25.419166666666676 ], [ 87.263333333333321, 25.405833333333344 ] ] } },
{ "type": "Feature", "properties": { "COMID": 45047752, "id": "1705", "lengthkm": 11.928686171297414, "order": 8, "uparea": 909001.60085836588 }, "geometry": { "type": "LineString", "coordinates": [ [ 87.425833333333316, 25.43 ], [ 87.41, 25.4425 ], [ 87.399166666666645, 25.448333333333345 ], [ 87.3875, 25.46 ], [ 87.38, 25.465 ], [ 87.374166666666653, 25.465 ], [ 87.359166666666653, 25.46916666666668 ], [ 87.3575, 25.470833333333346 ], [ 87.341666666666654, 25.470833333333346 ], [ 87.3375, 25.473333333333343 ], [ 87.329166666666652, 25.471666666666678 ] ] } },
{ "type": "Feature", "properties": { "COMID": 45047751, "id": "1705", "lengthkm": 0.249715855933, "order": 8, "uparea": 909088.14573655487 }, "geometry": { "type": "LineString", "coordinates": [ [ 87.4275, 25.428333333333345 ], [ 87.425833333333316, 25.43 ] ] } },
{ "type": "Feature", "properties": { "COMID": 45051888, "id": "1705", "lengthkm": 2.542436208690138, "order": 8, "uparea": 909148.18835281557 }, "geometry": { "type": "LineString", "coordinates": [ [ 87.446666666666658, 25.415833333333346 ], [ 87.4275, 25.428333333333345 ] ] } },
{ "type": "Feature", "properties": { "COMID": 45051887, "id": "1705", "lengthkm": 16.223620669381372, "order": 8, "uparea": 909268.28953174292 }, "geometry": { "type": "LineString", "coordinates": [ [ 87.58, 25.37 ], [ 87.565833333333316, 25.375833333333347 ], [ 87.56, 25.381666666666678 ], [ 87.551666666666648, 25.386666666666677 ], [ 87.546666666666653, 25.388333333333343 ], [ 87.545, 25.386666666666677 ], [ 87.535833333333315, 25.386666666666677 ], [ 87.5225, 25.39 ], [ 87.518333333333317, 25.393333333333345 ], [ 87.51, 25.39166666666668 ], [ 87.501666666666651, 25.395 ], [ 87.496666666666655, 25.4025 ], [ 87.493333333333311, 25.404166666666676 ], [ 87.4675, 25.409166666666678 ], [ 87.446666666666658, 25.415833333333346 ] ] } },
{ "type": "Feature", "properties": { "COMID": 45051886, "id": "1705", "lengthkm": 11.340273762566071, "order": 8, "uparea": 911533.71387224959 }, "geometry": { "type": "LineString", "coordinates": [ [ 87.633333333333326, 25.3 ], [ 87.623333333333321, 25.32166666666668 ], [ 87.615833333333313, 25.33 ], [ 87.61166666666665, 25.330833333333345 ], [ 87.6025, 25.326666666666679 ], [ 87.6, 25.32916666666668 ], [ 87.59, 25.3475 ], [ 87.59, 25.3525 ], [ 87.586666666666645, 25.359166666666678 ], [ 87.580833333333317, 25.365 ], [ 87.58, 25.37 ] ] } },
{ "type": "Feature", "properties": { "COMID": 45051885, "id": "1705", "lengthkm": 13.863521198171522, "order": 8, "uparea": 911647.70952676877 }, "geometry": { "type": "LineString", "coordinates": [ [ 87.7475, 25.283333333333346 ], [ 87.735833333333318, 25.294166666666676 ], [ 87.728333333333325, 25.2975 ], [ 87.720833333333317, 25.295833333333345 ], [ 87.703333333333319, 25.296666666666678 ], [ 87.6925, 25.301666666666677 ], [ 87.683333333333309, 25.308333333333344 ], [ 87.678333333333313, 25.305833333333347 ], [ 87.67, 25.305 ], [ 87.651666666666642, 25.299166666666679 ], [ 87.646666666666647, 25.294166666666676 ], [ 87.633333333333326, 25.3 ] ] } },
{ "type": "Feature", "properties": { "COMID": 45051884, "id": "1705", "lengthkm": 19.453443007339239, "order": 8, "uparea": 912311.87636824907 }, "geometry": { "type": "LineString", "coordinates": [ [ 87.79583333333332, 25.138333333333343 ], [ 87.8, 25.146666666666679 ], [ 87.79916666666665, 25.160833333333343 ], [ 87.8025, 25.165833333333346 ], [ 87.8, 25.185833333333346 ], [ 87.7975, 25.19 ], [ 87.7975, 25.19666666666668 ], [ 87.8, 25.203333333333347 ], [ 87.8, 25.216666666666676 ], [ 87.798333333333318, 25.223333333333343 ], [ 87.789166666666645, 25.234166666666678 ], [ 87.7875, 25.244166666666679 ], [ 87.7725, 25.268333333333345 ], [ 87.765833333333319, 25.275 ], [ 87.75, 25.283333333333346 ], [ 87.7475, 25.283333333333346 ] ] } },
{ "type": "Feature", "properties": { "COMID": 45051883, "id": "1705", "lengthkm": 8.4233897037171097, "order": 8, "uparea": 912398.53779064561 }, "geometry": { "type": "LineString", "coordinates": [ [ 87.8425, 25.09 ], [ 87.831666666666649, 25.096666666666678 ], [ 87.824166666666656, 25.0975 ], [ 87.809166666666655, 25.104166666666679 ], [ 87.800833333333316, 25.111666666666679 ], [ 87.79583333333332, 25.138333333333343 ] ] } },
{ "type": "Feature", "properties": { "COMID": 45051882, "id": "1705", "lengthkm": 4.624669222525001, "order": 8, "uparea": 925782.72516854433 }, "geometry": { "type": "LineString", "coordinates": [ [ 87.859166666666653, 25.056666666666679 ], [ 87.859166666666653, 25.065 ], [ 87.855833333333322, 25.07166666666668 ], [ 87.850833333333313, 25.076666666666679 ], [ 87.84333333333332, 25.080833333333345 ], [ 87.8425, 25.09 ] ] } },
{ "type": "Feature", "properties": { "COMID": 45051881, "id": "1705", "lengthkm": 16.310926103587931, "order": 8, "uparea": 926013.7177719574 }, "geometry": { "type": "LineString", "coordinates": [ [ 87.9775, 24.986666666666679 ], [ 87.975, 24.9925 ], [ 87.975, 24.998333333333346 ], [ 87.9725, 25.0025 ], [ 87.955833333333317, 25.02 ], [ 87.945833333333326, 25.02416666666668 ], [ 87.9375, 25.0225 ], [ 87.915, 25.039166666666681 ], [ 87.884166666666658, 25.048333333333346 ], [ 87.88, 25.048333333333346 ], [ 87.859166666666653, 25.056666666666679 ] ] } },
{ "type": "Feature", "properties": { "COMID": 45051880, "id": "1705", "lengthkm": 5.8290387575091316, "order": 8, "uparea": 926120.48174118099 }, "geometry": { "type": "LineString", "coordinates": [ [ 87.954166666666652, 24.945 ], [ 87.958333333333314, 24.964166666666678 ], [ 87.965, 24.9725 ], [ 87.9675, 24.9725 ], [ 87.973333333333315, 24.978333333333346 ], [ 87.9775, 24.986666666666679 ] ] } },
{ "type": "Feature", "properties": { "COMID": 45051879, "id": "1705", "lengthkm": 1.9875447233118191, "order": 8, "uparea": 926150.97283760435 }, "geometry": { "type": "LineString", "coordinates": [ [ 87.948333333333323, 24.929166666666678 ], [ 87.954166666666652, 24.945 ] ] } },
{ "type": "Feature", "properties": { "COMID": 45055811, "id": "1705", "lengthkm": 11.842913045794596, "order": 8, "uparea": 926235.6052297313 }, "geometry": { "type": "LineString", "coordinates": [ [ 87.933333333333309, 24.830833333333345 ], [ 87.9375, 24.838333333333345 ], [ 87.95, 24.8725 ], [ 87.950833333333321, 24.8875 ], [ 87.948333333333323, 24.905 ], [ 87.95, 24.919166666666676 ], [ 87.948333333333323, 24.929166666666678 ] ] } },
{ "type": "Feature", "properties": { "COMID": 45055810, "id": "1705", "lengthkm": 4.1564438395794436, "order": 8, "uparea": 928053.97487974737 }, "geometry": { "type": "LineString", "coordinates": [ [ 87.935833333333321, 24.796666666666678 ], [ 87.93, 24.811666666666678 ], [ 87.933333333333309, 24.830833333333345 ] ] } },
{ "type": "Feature", "properties": { "COMID": 45055809, "id": "1705", "lengthkm": 18.91204942228471, "order": 8, "uparea": 928162.58505011222 }, "geometry": { "type": "LineString", "coordinates": [ [ 87.9975, 24.655 ], [ 87.985, 24.661666666666676 ], [ 87.951666666666654, 24.69666666666668 ], [ 87.948333333333323, 24.7025 ], [ 87.945, 24.7175 ], [ 87.940833333333316, 24.725 ], [ 87.941666666666649, 24.731666666666676 ], [ 87.935833333333321, 24.744166666666679 ], [ 87.935833333333321, 24.753333333333345 ], [ 87.9375, 24.75916666666668 ], [ 87.936666666666653, 24.77 ], [ 87.938333333333318, 24.773333333333348 ], [ 87.938333333333318, 24.785 ], [ 87.935833333333321, 24.79 ], [ 87.935833333333321, 24.796666666666678 ] ] } },
{ "type": "Feature", "properties": { "COMID": 45055808, "id": "1705", "lengthkm": 13.442091377572416, "order": 8, "uparea": 928295.92314064282 }, "geometry": { "type": "LineString", "coordinates": [ [ 88.114166666666648, 24.630833333333346 ], [ 88.106666666666655, 24.630833333333346 ], [ 88.0975, 24.635 ], [ 88.086666666666645, 24.631666666666678 ], [ 88.065833333333316, 24.6325 ], [ 88.0625, 24.636666666666677 ], [ 88.051666666666648, 24.6375 ], [ 88.0425, 24.64166666666668 ], [ 88.03083333333332, 24.64166666666668 ], [ 88.018333333333317, 24.64916666666668 ], [ 88.001666666666651, 24.651666666666678 ], [ 87.9975, 24.655 ] ] } },
{ "type": "Feature", "properties": { "COMID": 45055807, "id": "1705", "lengthkm": 2.017086504194705, "order": 8, "uparea": 928364.89436697715 }, "geometry": { "type": "LineString", "coordinates": [ [ 88.1325, 24.6275 ], [ 88.114166666666648, 24.630833333333346 ] ] } },
{ "type": "Feature", "properties": { "COMID": 45055806, "id": "1705", "lengthkm": 0.58739129867411499, "order": 8, "uparea": 928465.09523491957 }, "geometry": { "type": "LineString", "coordinates": [ [ 88.1375, 24.625833333333347 ], [ 88.1325, 24.6275 ] ] } },
{ "type": "Feature", "properties": { "COMID": 45055805, "id": "1705", "lengthkm": 8.8614851493486899, "order": 8, "uparea": 928806.70236828271 }, "geometry": { "type": "LineString", "coordinates": [ [ 88.17083333333332, 24.563333333333347 ], [ 88.17, 24.58 ], [ 88.168333333333322, 24.581666666666678 ], [ 88.17083333333332, 24.58666666666668 ], [ 88.166666666666657, 24.5975 ], [ 88.16, 24.605 ], [ 88.148333333333312, 24.610833333333346 ], [ 88.141666666666652, 24.6225 ], [ 88.1375, 24.625833333333347 ] ] } },
{ "type": "Feature", "properties": { "COMID": 45055804, "id": "1705", "lengthkm": 14.818630745559563, "order": 8, "uparea": 928925.58192239841 }, "geometry": { "type": "LineString", "coordinates": [ [ 88.166666666666657, 24.4575 ], [ 88.163333333333313, 24.4725 ], [ 88.156666666666652, 24.485 ], [ 88.155, 24.486666666666679 ], [ 88.145833333333314, 24.486666666666679 ], [ 88.144166666666649, 24.488333333333344 ], [ 88.144166666666649, 24.504166666666677 ], [ 88.1425, 24.511666666666677 ], [ 88.148333333333312, 24.5225 ], [ 88.1525, 24.540833333333346 ], [ 88.158333333333317, 24.5425 ], [ 88.166666666666657, 24.551666666666677 ], [ 88.17, 24.553333333333345 ], [ 88.169166666666655, 24.558333333333344 ], [ 88.17083333333332, 24.563333333333347 ] ] } },
{ "type": "Feature", "properties": { "COMID": 45055803, "id": "1705", "lengthkm": 16.926292420309789, "order": 8, "uparea": 929096.59630489291 }, "geometry": { "type": "LineString", "coordinates": [ [ 88.310833333333321, 24.466666666666679 ], [ 88.29, 24.47 ], [ 88.285833333333315, 24.46916666666668 ], [ 88.27583333333331, 24.474166666666676 ], [ 88.2675, 24.4725 ], [ 88.258333333333312, 24.468333333333344 ], [ 88.250833333333318, 24.4675 ], [ 88.23666666666665, 24.46 ], [ 88.214166666666642, 24.4525 ], [ 88.206666666666649, 24.451666666666679 ], [ 88.199166666666656, 24.4475 ], [ 88.194166666666646, 24.44666666666668 ], [ 88.181666666666644, 24.4475 ], [ 88.175833333333316, 24.45 ], [ 88.166666666666657, 24.4575 ] ] } },
{ "type": "Feature", "properties": { "COMID": 45055802, "id": "1705", "lengthkm": 10.477427731132073, "order": 8, "uparea": 939805.3367173369 }, "geometry": { "type": "LineString", "coordinates": [ [ 88.376666666666651, 24.3975 ], [ 88.350833333333313, 24.420833333333345 ], [ 88.310833333333321, 24.466666666666679 ] ] } },
{ "type": "Feature", "properties": { "COMID": 45055801, "id": "1705", "lengthkm": 16.764260880470527, "order": 8, "uparea": 939927.1019903702 }, "geometry": { "type": "LineString", "coordinates": [ [ 88.499166666666653, 24.355833333333344 ], [ 88.4925, 24.354166666666679 ], [ 88.485833333333318, 24.359166666666681 ], [ 88.476666666666645, 24.361666666666679 ], [ 88.47166666666665, 24.365833333333345 ], [ 88.465, 24.368333333333347 ], [ 88.460833333333312, 24.375 ], [ 88.451666666666654, 24.380833333333346 ], [ 88.448333333333323, 24.376666666666679 ], [ 88.44, 24.375 ], [ 88.42416666666665, 24.376666666666679 ], [ 88.415833333333325, 24.375 ], [ 88.40916666666665, 24.368333333333347 ], [ 88.40083333333331, 24.37 ], [ 88.383333333333312, 24.385833333333345 ], [ 88.376666666666651, 24.3975 ] ] } },
{ "type": "Feature", "properties": { "COMID": 45055800, "id": "1705", "lengthkm": 4.7403365705019116, "order": 8, "uparea": 939965.39136937284 }, "geometry": { "type": "LineString", "coordinates": [ [ 88.536666666666648, 24.33666666666668 ], [ 88.52583333333331, 24.346666666666678 ], [ 88.514166666666654, 24.35 ], [ 88.510833333333323, 24.353333333333346 ], [ 88.501666666666651, 24.354166666666679 ], [ 88.499166666666653, 24.355833333333344 ] ] } },
{ "type": "Feature", "properties": { "COMID": 45055799, "id": "1705", "lengthkm": 13.622724206393936, "order": 8, "uparea": 940189.5927166536 }, "geometry": { "type": "LineString", "coordinates": [ [ 88.65083333333331, 24.3425 ], [ 88.6425, 24.348333333333343 ], [ 88.628333333333316, 24.348333333333343 ], [ 88.62, 24.353333333333346 ], [ 88.613333333333316, 24.353333333333346 ], [ 88.599166666666648, 24.3575 ], [ 88.581666666666649, 24.358333333333345 ], [ 88.569166666666646, 24.355 ], [ 88.563333333333318, 24.355 ], [ 88.558333333333309, 24.34916666666668 ], [ 88.536666666666648, 24.33666666666668 ] ] } },
{ "type": "Feature", "properties": { "COMID": 45055798, "id": "1705", "lengthkm": 12.084574955454938, "order": 8, "uparea": 940269.46241819265 }, "geometry": { "type": "LineString", "coordinates": [ [ 88.73, 24.280833333333348 ], [ 88.71833333333332, 24.303333333333345 ], [ 88.71333333333331, 24.308333333333344 ], [ 88.710833333333312, 24.314166666666679 ], [ 88.700833333333321, 24.326666666666679 ], [ 88.691666666666649, 24.3325 ], [ 88.6875, 24.3325 ], [ 88.684166666666641, 24.335833333333348 ], [ 88.67416666666665, 24.34 ], [ 88.65083333333331, 24.3425 ] ] } },
{ "type": "Feature", "properties": { "COMID": 45059549, "id": "1705", "lengthkm": 9.8177318212372029, "order": 8, "uparea": 940453.68058515922 }, "geometry": { "type": "LineString", "coordinates": [ [ 88.7425, 24.201666666666679 ], [ 88.738333333333316, 24.209166666666679 ], [ 88.738333333333316, 24.23 ], [ 88.740833333333313, 24.249166666666678 ], [ 88.7425, 24.251666666666679 ], [ 88.741666666666646, 24.261666666666677 ], [ 88.7375, 24.271666666666679 ], [ 88.73, 24.280833333333348 ] ] } },
{ "type": "Feature", "properties": { "COMID": 45059548, "id": "1705", "lengthkm": 14.781405750183545, "order": 8, "uparea": 940599.66758226848 }, "geometry": { "type": "LineString", "coordinates": [ [ 88.825833333333321, 24.109166666666681 ], [ 88.8225, 24.1125 ], [ 88.810833333333321, 24.116666666666681 ], [ 88.796666666666653, 24.13416666666668 ], [ 88.794166666666655, 24.140833333333347 ], [ 88.795, 24.15 ], [ 88.788333333333313, 24.160833333333343 ], [ 88.783333333333317, 24.165833333333346 ], [ 88.78083333333332, 24.171666666666681 ], [ 88.766666666666652, 24.183333333333344 ], [ 88.758333333333312, 24.1875 ], [ 88.748333333333321, 24.198333333333345 ], [ 88.7425, 24.201666666666679 ] ] } },
{ "type": "Feature", "properties": { "COMID": 45059547, "id": "1705", "lengthkm": 3.7864573176344982, "order": 8, "uparea": 940665.13999928441 }, "geometry": { "type": "LineString", "coordinates": [ [ 88.8575, 24.09916666666668 ], [ 88.8475, 24.09916666666668 ], [ 88.84, 24.105 ], [ 88.825833333333321, 24.109166666666681 ] ] } },
{ "type": "Feature", "properties": { "COMID": 45059546, "id": "1705", "lengthkm": 5.1835086046142838, "order": 8, "uparea": 940831.0093502223 }, "geometry": { "type": "LineString", "coordinates": [ [ 88.903333333333308, 24.106666666666676 ], [ 88.894166666666649, 24.104166666666679 ], [ 88.885833333333323, 24.104166666666679 ], [ 88.883333333333312, 24.1025 ], [ 88.875, 24.103333333333346 ], [ 88.870833333333309, 24.100833333333345 ], [ 88.866666666666646, 24.101666666666681 ], [ 88.8575, 24.09916666666668 ] ] } },
{ "type": "Feature", "properties": { "COMID": 45059545, "id": "1705", "lengthkm": 11.847255038531785, "order": 8, "uparea": 940936.67437459121 }, "geometry": { "type": "LineString", "coordinates": [ [ 88.990833333333313, 24.160833333333343 ], [ 88.978333333333325, 24.153333333333343 ], [ 88.97, 24.151666666666678 ], [ 88.96, 24.140833333333347 ], [ 88.945833333333312, 24.13416666666668 ], [ 88.936666666666653, 24.1325 ], [ 88.92083333333332, 24.115 ], [ 88.9125, 24.113333333333344 ], [ 88.903333333333308, 24.106666666666676 ] ] } },
{ "type": "Feature", "properties": { "COMID": 45059544, "id": "1705", "lengthkm": 15.193131007366883, "order": 8, "uparea": 941063.0249915187 }, "geometry": { "type": "LineString", "coordinates": [ [ 89.029166666666654, 24.051666666666677 ], [ 89.026666666666642, 24.069166666666678 ], [ 89.024166666666645, 24.075 ], [ 89.025, 24.080833333333345 ], [ 89.0225, 24.08666666666668 ], [ 89.021666666666647, 24.096666666666678 ], [ 89.023333333333312, 24.115 ], [ 89.026666666666642, 24.119166666666679 ], [ 89.026666666666642, 24.124166666666678 ], [ 89.024166666666645, 24.133333333333347 ], [ 89.020833333333314, 24.138333333333346 ], [ 89.019166666666649, 24.15 ], [ 89.011666666666656, 24.155833333333348 ], [ 89.005, 24.15666666666668 ], [ 89.0, 24.16 ], [ 88.990833333333313, 24.160833333333343 ] ] } },
{ "type": "Feature", "properties": { "COMID": 45059543, "id": "1705", "lengthkm": 22.919025509622344, "order": 8, "uparea": 941232.2068096787 }, "geometry": { "type": "LineString", "coordinates": [ [ 89.165833333333325, 23.938333333333347 ], [ 89.144166666666649, 23.944166666666678 ], [ 89.13, 23.951666666666679 ], [ 89.123333333333321, 23.951666666666679 ], [ 89.119166666666644, 23.953333333333347 ], [ 89.115, 23.9575 ], [ 89.099166666666648, 23.966666666666679 ], [ 89.090833333333308, 23.965833333333347 ], [ 89.083333333333314, 23.971666666666678 ], [ 89.074166666666656, 23.973333333333347 ], [ 89.0725, 23.975 ], [ 89.074166666666656, 23.9825 ], [ 89.068333333333314, 23.985833333333346 ], [ 89.0575, 23.985833333333346 ], [ 89.054166666666646, 23.991666666666678 ], [ 89.046666666666653, 23.999166666666678 ], [ 89.04583333333332, 24.003333333333345 ], [ 89.04, 24.013333333333346 ], [ 89.035, 24.025833333333345 ], [ 89.03083333333332, 24.05 ], [ 89.029166666666654, 24.051666666666677 ] ] } },
{ "type": "Feature", "properties": { "COMID": 45059542, "id": "1705", "lengthkm": 15.197449232252884, "order": 8, "uparea": 941358.96584197984 }, "geometry": { "type": "LineString", "coordinates": [ [ 89.3025, 23.921666666666678 ], [ 89.279166666666654, 23.9225 ], [ 89.270833333333314, 23.923333333333346 ], [ 89.268333333333317, 23.925 ], [ 89.260833333333323, 23.924166666666679 ], [ 89.255, 23.9275 ], [ 89.230833333333322, 23.931666666666679 ], [ 89.203333333333319, 23.931666666666679 ], [ 89.199166666666656, 23.93 ], [ 89.1875, 23.93 ], [ 89.165833333333325, 23.938333333333347 ] ] } },
{ "type": "Feature", "properties": { "COMID": 45059541, "id": "1705", "lengthkm": 6.1512703978047636, "order": 8, "uparea": 941533.36392942001 }, "geometry": { "type": "LineString", "coordinates": [ [ 89.348333333333315, 23.893333333333345 ], [ 89.336666666666645, 23.901666666666678 ], [ 89.3275, 23.904166666666679 ], [ 89.320833333333312, 23.91166666666668 ], [ 89.315, 23.914166666666677 ], [ 89.310833333333321, 23.914166666666677 ], [ 89.3025, 23.921666666666678 ] ] } },
{ "type": "Feature", "properties": { "COMID": 45059540, "id": "1705", "lengthkm": 9.8895827490848394, "order": 8, "uparea": 941605.2616197234 }, "geometry": { "type": "LineString", "coordinates": [ [ 89.4275, 23.875 ], [ 89.40583333333332, 23.875 ], [ 89.3975, 23.880833333333346 ], [ 89.389166666666654, 23.883333333333347 ], [ 89.3825, 23.8925 ], [ 89.373333333333321, 23.895 ], [ 89.366666666666646, 23.89916666666668 ], [ 89.36, 23.89916666666668 ], [ 89.355833333333322, 23.894166666666678 ], [ 89.348333333333315, 23.893333333333345 ] ] } },
{ "type": "Feature", "properties": { "COMID": 45059539, "id": "1705", "lengthkm": 14.848932183059439, "order": 8, "uparea": 941696.71093742794 }, "geometry": { "type": "LineString", "coordinates": [ [ 89.538333333333313, 23.813333333333347 ], [ 89.52583333333331, 23.82 ], [ 89.508333333333312, 23.8325 ], [ 89.485833333333318, 23.841666666666679 ], [ 89.4775, 23.850833333333345 ], [ 89.466666666666654, 23.851666666666677 ], [ 89.464166666666642, 23.8575 ], [ 89.459166666666647, 23.8625 ], [ 89.439166666666651, 23.875 ], [ 89.4275, 23.875 ] ] } },
{ "type": "Feature", "properties": { "COMID": 45059538, "id": "1705", "lengthkm": 23.557629231964349, "order": 8, "uparea": 942043.13008880126 }, "geometry": { "type": "LineString", "coordinates": [ [ 89.7425, 23.810833333333346 ], [ 89.731666666666655, 23.803333333333345 ], [ 89.706666666666649, 23.798333333333346 ], [ 89.696666666666644, 23.8025 ], [ 89.695, 23.805 ], [ 89.690833333333316, 23.805 ], [ 89.685833333333321, 23.8 ], [ 89.676666666666648, 23.7975 ], [ 89.661666666666648, 23.796666666666678 ], [ 89.65583333333332, 23.798333333333346 ], [ 89.644166666666649, 23.796666666666678 ], [ 89.623333333333321, 23.796666666666678 ], [ 89.619166666666644, 23.798333333333346 ], [ 89.615, 23.8025 ], [ 89.604166666666657, 23.805 ], [ 89.571666666666644, 23.806666666666679 ], [ 89.565833333333316, 23.81 ], [ 89.551666666666648, 23.814166666666679 ], [ 89.538333333333313, 23.813333333333347 ] ] } },
{ "type": "Feature", "properties": { "COMID": 45059537, "id": "1705", "lengthkm": 2.364264633039713, "order": 8, "uparea": 1480070.8617546074 }, "geometry": { "type": "LineString", "coordinates": [ [ 89.763333333333321, 23.8125 ], [ 89.7425, 23.810833333333346 ] ] } },
{ "type": "Feature", "properties": { "COMID": 45059536, "id": "1705", "lengthkm": 3.3533933894008552, "order": 8, "uparea": 1480461.6324491578 }, "geometry": { "type": "LineString", "coordinates": [ [ 89.786666666666648, 23.7925 ], [ 89.765, 23.8125 ], [ 89.763333333333321, 23.8125 ] ] } },
{ "type": "Feature", "properties": { "COMID": 45059535, "id": "1705", "lengthkm": 2.028552639801394, "order": 8, "uparea": 1480549.6332875148 }, "geometry": { "type": "LineString", "coordinates": [ [ 89.79916666666665, 23.779166666666679 ], [ 89.786666666666648, 23.7925 ] ] } },
{ "type": "Feature", "properties": { "COMID": 45059534, "id": "1705", "lengthkm": 24.147820154197287, "order": 8, "uparea": 1480725.0136060892 }, "geometry": { "type": "LineString", "coordinates": [ [ 89.995, 23.705833333333345 ], [ 89.9925, 23.708333333333346 ], [ 89.9825, 23.7125 ], [ 89.960833333333312, 23.715833333333347 ], [ 89.94, 23.723333333333347 ], [ 89.919166666666655, 23.725833333333345 ], [ 89.910833333333315, 23.725 ], [ 89.9025, 23.729166666666679 ], [ 89.886666666666656, 23.729166666666679 ], [ 89.871666666666641, 23.733333333333345 ], [ 89.855, 23.73 ], [ 89.83833333333331, 23.743333333333347 ], [ 89.813333333333318, 23.768333333333345 ], [ 89.79916666666665, 23.779166666666679 ] ] } },
{ "type": "Feature", "properties": { "COMID": 45063347, "id": "1705", "lengthkm": 5.2676845882940846, "order": 8, "uparea": 1480789.2229896402 }, "geometry": { "type": "LineString", "coordinates": [ [ 89.991666666666646, 23.660833333333347 ], [ 89.996666666666641, 23.67666666666668 ], [ 89.995, 23.705833333333345 ] ] } },
{ "type": "Feature", "properties": { "COMID": 45063346, "id": "1705", "lengthkm": 7.283326201289265, "order": 8, "uparea": 1480948.0639584674 }, "geometry": { "type": "LineString", "coordinates": [ [ 90.009166666666644, 23.605 ], [ 90.008333333333312, 23.620833333333344 ], [ 90.0125, 23.628333333333345 ], [ 90.0125, 23.633333333333347 ], [ 90.003333333333316, 23.65 ], [ 89.991666666666646, 23.660833333333347 ] ] } },
{ "type": "Feature", "properties": { "COMID": 45063345, "id": "1705", "lengthkm": 7.3301595308811152, "order": 8, "uparea": 1481136.7888560903 }, "geometry": { "type": "LineString", "coordinates": [ [ 90.059166666666641, 23.5625 ], [ 90.03, 23.5925 ], [ 90.0125, 23.601666666666681 ], [ 90.009166666666644, 23.605 ] ] } },
{ "type": "Feature", "properties": { "COMID": 45063344, "id": "1705", "lengthkm": 12.769887712414294, "order": 8, "uparea": 1481312.4314660509 }, "geometry": { "type": "LineString", "coordinates": [ [ 90.115833333333313, 23.475 ], [ 90.109166666666653, 23.4875 ], [ 90.0975, 23.503333333333345 ], [ 90.0925, 23.514166666666679 ], [ 90.090833333333308, 23.520833333333346 ], [ 90.09166666666664, 23.541666666666679 ], [ 90.084166666666647, 23.5475 ], [ 90.065, 23.5575 ], [ 90.059166666666641, 23.5625 ] ] } },
{ "type": "Feature", "properties": { "COMID": 45063343, "id": "1705", "lengthkm": 7.5193073133645347, "order": 8, "uparea": 1481911.4042069917 }, "geometry": { "type": "LineString", "coordinates": [ [ 90.179166666666646, 23.466666666666679 ], [ 90.176666666666648, 23.4675 ], [ 90.17083333333332, 23.465 ], [ 90.146666666666647, 23.460833333333348 ], [ 90.1275, 23.465833333333347 ], [ 90.115833333333313, 23.475 ] ] } },
{ "type": "Feature", "properties": { "COMID": 45063342, "id": "1705", "lengthkm": 0.084998536493851001, "order": 8, "uparea": 1482022.2761364332 }, "geometry": { "type": "LineString", "coordinates": [ [ 90.18, 23.466666666666679 ], [ 90.179166666666646, 23.466666666666679 ] ] } },
{ "type": "Feature", "properties": { "COMID": 45063341, "id": "1705", "lengthkm": 22.24883309536888, "order": 8, "uparea": 1482212.7252700049 }, "geometry": { "type": "LineString", "coordinates": [ [ 90.373333333333306, 23.42 ], [ 90.355, 23.423333333333346 ], [ 90.3325, 23.433333333333344 ], [ 90.315833333333316, 23.4325 ], [ 90.313333333333318, 23.43416666666668 ], [ 90.301666666666648, 23.435 ], [ 90.28083333333332, 23.44666666666668 ], [ 90.25, 23.45 ], [ 90.241666666666646, 23.4525 ], [ 90.24, 23.451666666666679 ], [ 90.215833333333308, 23.460833333333348 ], [ 90.203333333333319, 23.460833333333348 ], [ 90.193333333333314, 23.465 ], [ 90.18, 23.466666666666679 ] ] } },
{ "type": "Feature", "properties": { "COMID": 45063340, "id": "1705", "lengthkm": 11.879566167536154, "order": 8, "uparea": 1482501.2272524796 }, "geometry": { "type": "LineString", "coordinates": [ [ 90.436666666666653, 23.34 ], [ 90.434166666666641, 23.343333333333344 ], [ 90.430833333333311, 23.360833333333346 ], [ 90.419166666666655, 23.375833333333347 ], [ 90.40916666666665, 23.385833333333345 ], [ 90.399166666666645, 23.401666666666678 ], [ 90.373333333333306, 23.42 ] ] } },
{ "type": "Feature", "properties": { "COMID": 45063339, "id": "1705", "lengthkm": 0.714071485172183, "order": 8, "uparea": 1482555.5706116247 }, "geometry": { "type": "LineString", "coordinates": [ [ 90.441666666666649, 23.335833333333348 ], [ 90.436666666666653, 23.34 ] ] } },
{ "type": "Feature", "properties": { "COMID": 45063338, "id": "1705", "lengthkm": 3.684757535951662, "order": 8, "uparea": 1482765.1194097816 }, "geometry": { "type": "LineString", "coordinates": [ [ 90.474166666666648, 23.331666666666678 ], [ 90.454166666666652, 23.330833333333345 ], [ 90.449166666666656, 23.331666666666678 ], [ 90.441666666666649, 23.335833333333348 ] ] } },
{ "type": "Feature", "properties": { "COMID": 45063337, "id": "1705", "lengthkm": 1.9350875813103481, "order": 8, "uparea": 1482797.5267805532 }, "geometry": { "type": "LineString", "coordinates": [ [ 90.488333333333316, 23.32166666666668 ], [ 90.481666666666655, 23.324166666666681 ], [ 90.474166666666648, 23.331666666666678 ] ] } },
{ "type": "Feature", "properties": { "COMID": 45063336, "id": "1705", "lengthkm": 5.8385379776508346, "order": 8, "uparea": 1482976.942876504 }, "geometry": { "type": "LineString", "coordinates": [ [ 90.538333333333313, 23.306666666666679 ], [ 90.52916666666664, 23.3075 ], [ 90.5225, 23.310833333333346 ], [ 90.5125, 23.32 ], [ 90.488333333333316, 23.32166666666668 ] ] } },
{ "type": "Feature", "properties": { "COMID": 45063335, "id": "1705", "lengthkm": 6.305659495608567, "order": 8, "uparea": 1483033.5524042775 }, "geometry": { "type": "LineString", "coordinates": [ [ 90.5875, 23.295833333333345 ], [ 90.575833333333321, 23.293333333333347 ], [ 90.5625, 23.30166666666668 ], [ 90.554166666666646, 23.305 ], [ 90.550833333333316, 23.31 ], [ 90.543333333333322, 23.306666666666679 ], [ 90.538333333333313, 23.306666666666679 ] ] } },
{ "type": "Feature", "properties": { "COMID": 45063334, "id": "1705", "lengthkm": 7.8191387100587306, "order": 8, "uparea": 1483124.8605031187 }, "geometry": { "type": "LineString", "coordinates": [ [ 90.626666666666651, 23.24 ], [ 90.610833333333318, 23.25916666666668 ], [ 90.60833333333332, 23.268333333333345 ], [ 90.6, 23.276666666666678 ], [ 90.599166666666648, 23.28166666666668 ], [ 90.595833333333317, 23.2875 ], [ 90.5875, 23.295833333333345 ] ] } },
{ "type": "Feature", "properties": { "COMID": 45063333, "id": "1705", "lengthkm": 8.8182140991362683, "order": 8, "uparea": 1572400.525695469 }, "geometry": { "type": "LineString", "coordinates": [ [ 90.61166666666665, 23.166666666666679 ], [ 90.615, 23.186666666666678 ], [ 90.620833333333309, 23.1975 ], [ 90.626666666666651, 23.218333333333344 ], [ 90.626666666666651, 23.24 ] ] } },
{ "type": "Feature", "properties": { "COMID": 45063332, "id": "1705", "lengthkm": 7.6543775006214121, "order": 8, "uparea": 1572504.0563616927 }, "geometry": { "type": "LineString", "coordinates": [ [ 90.59333333333332, 23.105 ], [ 90.5975, 23.113333333333347 ], [ 90.601666666666645, 23.133333333333347 ], [ 90.60833333333332, 23.14916666666668 ], [ 90.6075, 23.1525 ], [ 90.61166666666665, 23.16166666666668 ], [ 90.61166666666665, 23.166666666666679 ] ] } },
{ "type": "Feature", "properties": { "COMID": 45066867, "id": "1705", "lengthkm": 8.8264913247611076, "order": 8, "uparea": 1572667.3889131162 }, "geometry": { "type": "LineString", "coordinates": [ [ 90.584166666666647, 23.0325 ], [ 90.584166666666647, 23.035 ], [ 90.590833333333308, 23.043333333333347 ], [ 90.598333333333315, 23.07166666666668 ], [ 90.598333333333315, 23.085833333333348 ], [ 90.59333333333332, 23.105 ] ] } },
{ "type": "Feature", "properties": { "COMID": 45066866, "id": "1705", "lengthkm": 11.626908692823784, "order": 8, "uparea": 1573607.9737473868 }, "geometry": { "type": "LineString", "coordinates": [ [ 90.631666666666646, 22.945 ], [ 90.628333333333316, 22.953333333333347 ], [ 90.615, 22.975 ], [ 90.61, 22.98 ], [ 90.605, 22.991666666666681 ], [ 90.600833333333313, 22.995833333333348 ], [ 90.594166666666652, 23.0125 ], [ 90.5875, 23.02 ], [ 90.584166666666647, 23.0325 ] ] } },
{ "type": "Feature", "properties": { "COMID": 45066865, "id": "1705", "lengthkm": 2.2123776367557291, "order": 8, "uparea": 1573652.1037601084 }, "geometry": { "type": "LineString", "coordinates": [ [ 90.638333333333321, 22.9275 ], [ 90.631666666666646, 22.945 ] ] } },
{ "type": "Feature", "properties": { "COMID": 45066864, "id": "1705", "lengthkm": 2.286353277797005, "order": 8, "uparea": 1573882.3011841814 }, "geometry": { "type": "LineString", "coordinates": [ [ 90.649166666666645, 22.910833333333347 ], [ 90.638333333333321, 22.9275 ] ] } },
{ "type": "Feature", "properties": { "COMID": 45066863, "id": "1705", "lengthkm": 10.136653461461982, "order": 8, "uparea": 1574012.6907671301 }, "geometry": { "type": "LineString", "coordinates": [ [ 90.7125, 22.846666666666678 ], [ 90.694166666666646, 22.861666666666679 ], [ 90.6875, 22.8725 ], [ 90.673333333333318, 22.8875 ], [ 90.663333333333313, 22.900833333333345 ], [ 90.649166666666645, 22.910833333333347 ] ] } },
{ "type": "Feature", "properties": { "COMID": 45066862, "id": "1705", "lengthkm": 6.9867986145700964, "order": 8, "uparea": 1574545.5744448761 }, "geometry": { "type": "LineString", "coordinates": [ [ 90.723333333333315, 22.788333333333345 ], [ 90.719166666666652, 22.7975 ], [ 90.7125, 22.846666666666678 ] ] } },
{ "type": "Feature", "properties": { "COMID": 45066861, "id": "1705", "lengthkm": 1.3973938849260481, "order": 8, "uparea": 1574591.2623521597 }, "geometry": { "type": "LineString", "coordinates": [ [ 90.720833333333317, 22.776666666666681 ], [ 90.723333333333315, 22.788333333333345 ] ] } },
{ "type": "Feature", "properties": { "COMID": 45066860, "id": "1705", "lengthkm": 3.3249251226456198, "order": 8, "uparea": 1574680.9067696885 }, "geometry": { "type": "LineString", "coordinates": [ [ 90.7275, 22.749166666666678 ], [ 90.7225, 22.764166666666679 ], [ 90.720833333333317, 22.776666666666681 ] ] } },
{ "type": "Feature", "properties": { "COMID": 45066859, "id": "1705", "lengthkm": 0.31137575033335202, "order": 8, "uparea": 1574708.4456096634 }, "geometry": { "type": "LineString", "coordinates": [ [ 90.72833333333331, 22.74666666666668 ], [ 90.7275, 22.749166666666678 ] ] } },
{ "type": "Feature", "properties": { "COMID": 45066858, "id": "1705", "lengthkm": 7.2847450964907097, "order": 8, "uparea": 1574834.2982043759 }, "geometry": { "type": "LineString", "coordinates": [ [ 90.7575, 22.691666666666681 ], [ 90.744166666666644, 22.713333333333345 ], [ 90.740833333333313, 22.725 ], [ 90.72833333333331, 22.74666666666668 ] ] } },
{ "type": "Feature", "properties": { "COMID": 45066857, "id": "1705", "lengthkm": 2.3985656537863922, "order": 8, "uparea": 1574898.6207858638 }, "geometry": { "type": "LineString", "coordinates": [ [ 90.764166666666654, 22.6725 ], [ 90.7575, 22.691666666666681 ] ] } },
{ "type": "Feature", "properties": { "COMID": 45066856, "id": "1705", "lengthkm": 7.0912977241002322, "order": 8, "uparea": 1575032.5004286871 }, "geometry": { "type": "LineString", "coordinates": [ [ 90.81, 22.626666666666679 ], [ 90.795, 22.644166666666681 ], [ 90.764166666666654, 22.6725 ] ] } },
{ "type": "Feature", "properties": { "COMID": 45066855, "id": "1705", "lengthkm": 7.5775848669324732, "order": 8, "uparea": 1575385.9506649468 }, "geometry": { "type": "LineString", "coordinates": [ [ 90.803333333333313, 22.563333333333347 ], [ 90.8, 22.573333333333348 ], [ 90.8, 22.589166666666681 ], [ 90.8075, 22.6125 ], [ 90.81, 22.626666666666679 ] ] } },
{ "type": "Feature", "properties": { "COMID": 45070323, "id": "1705", "lengthkm": 16.643676992320035, "order": 8, "uparea": 1575630.991704083 }, "geometry": { "type": "LineString", "coordinates": [ [ 90.9, 22.4575 ], [ 90.888333333333321, 22.4625 ], [ 90.88, 22.46916666666668 ], [ 90.868333333333311, 22.475 ], [ 90.850833333333313, 22.490833333333345 ], [ 90.839166666666642, 22.508333333333347 ], [ 90.83833333333331, 22.5175 ], [ 90.814166666666651, 22.54416666666668 ], [ 90.803333333333313, 22.563333333333347 ] ] } },
{ "type": "Feature", "properties": { "COMID": 45070322, "id": "1705", "lengthkm": 0.12617354695302499, "order": 8, "uparea": 1575661.803881095 }, "geometry": { "type": "LineString", "coordinates": [ [ 90.90083333333331, 22.456666666666681 ], [ 90.9, 22.4575 ] ] } }
]
}
