{
"type": "FeatureCollection",
"name": "downstream_80071",
"crs": { "type": "name", "properties": { "name": "urn:ogc:def:crs:OGC:1.3:CRS84" } },
"features": [
{ "type": "Feature", "properties": { "COMID": 45013970, "id": "37044", "lengthkm": 26.923928870148373, "order": 3, "uparea": 886.09862366269624 }, "geometry": { "type": "LineString", "coordinates": [ [ 69.2475, 31.010833333333341 ], [ 69.254166666666663, 31.00833333333334 ], [ 69.258333333333326, 31.0025 ], [ 69.258333333333326, 30.9975 ], [ 69.255833333333328, 30.9925 ], [ 69.259166666666658, 30.986666666666672 ], [ 69.255, 30.985833333333339 ], [ 69.25333333333333, 30.9875 ], [ 69.2525, 30.9825 ], [ 69.260833333333323, 30.976666666666674 ], [ 69.260833333333323, 30.9725 ], [ 69.263333333333335, 30.969166666666673 ], [ 69.266666666666666, 30.969166666666673 ], [ 69.2725, 30.9725 ], [ 69.280833333333334, 30.971666666666675 ], [ 69.288333333333327, 30.965833333333343 ], [ 69.296666666666667, 30.955833333333338 ], [ 69.308333333333337, 30.948333333333341 ], [ 69.314166666666665, 30.948333333333341 ], [ 69.325833333333335, 30.944166666666675 ], [ 69.335, 30.945 ], [ 69.345833333333331, 30.951666666666675 ], [ 69.35, 30.950833333333343 ], [ 69.353333333333325, 30.9475 ], [ 69.3575, 30.948333333333341 ], [ 69.358333333333334, 30.946666666666673 ], [ 69.361666666666665, 30.948333333333341 ], [ 69.370833333333337, 30.948333333333341 ], [ 69.374166666666667, 30.955833333333338 ], [ 69.380833333333328, 30.956666666666674 ], [ 69.3825, 30.958333333333343 ], [ 69.386666666666656, 30.968333333333341 ], [ 69.399166666666659, 30.970833333333339 ], [ 69.4025, 30.975833333333341 ], [ 69.41, 30.98 ], [ 69.413333333333327, 30.9875 ] ] } },
{ "type": "Feature", "properties": { "COMID": 45013845, "id": "37044", "lengthkm": 10.05604395149695, "order": 3, "uparea": 1092.8708333601983 }, "geometry": { "type": "LineString", "coordinates": [ [ 69.2, 31.07833333333334 ], [ 69.203333333333333, 31.07083333333334 ], [ 69.2125, 31.061666666666675 ], [ 69.2175, 31.048333333333339 ], [ 69.2225, 31.044166666666676 ], [ 69.223333333333329, 31.040833333333339 ], [ 69.221666666666664, 31.04 ], [ 69.221666666666664, 31.029166666666676 ], [ 69.224166666666662, 31.024166666666673 ], [ 69.236666666666665, 31.013333333333343 ], [ 69.2475, 31.010833333333341 ] ] } },
{ "type": "Feature", "properties": { "COMID": 45013476, "id": "37044", "lengthkm": 6.8557420230770374, "order": 5, "uparea": 10581.081690233608 }, "geometry": { "type": "LineString", "coordinates": [ [ 69.240833333333327, 31.106666666666676 ], [ 69.24166666666666, 31.101666666666674 ], [ 69.2275, 31.095 ], [ 69.224166666666662, 31.090833333333343 ], [ 69.225, 31.088333333333338 ], [ 69.223333333333329, 31.085833333333341 ], [ 69.2175, 31.086666666666673 ], [ 69.215833333333336, 31.085 ], [ 69.215833333333336, 31.081666666666674 ], [ 69.211666666666659, 31.079166666666673 ], [ 69.203333333333333, 31.08 ], [ 69.2, 31.07833333333334 ] ] } },
{ "type": "Feature", "properties": { "COMID": 45013475, "id": "37044", "lengthkm": 9.1019242513971932, "order": 5, "uparea": 10768.784706286735 }, "geometry": { "type": "LineString", "coordinates": [ [ 69.268333333333331, 31.1775 ], [ 69.2675, 31.170833333333341 ], [ 69.2475, 31.139166666666675 ], [ 69.245, 31.13 ], [ 69.245833333333337, 31.1275 ], [ 69.244166666666658, 31.124166666666675 ], [ 69.243333333333325, 31.110833333333339 ], [ 69.240833333333327, 31.106666666666676 ] ] } },
{ "type": "Feature", "properties": { "COMID": 45013474, "id": "37044", "lengthkm": 1.303547244564941, "order": 5, "uparea": 10889.078665255263 }, "geometry": { "type": "LineString", "coordinates": [ [ 69.271666666666661, 31.186666666666675 ], [ 69.27, 31.1825 ], [ 69.270833333333329, 31.180833333333339 ], [ 69.268333333333331, 31.1775 ] ] } },
{ "type": "Feature", "properties": { "COMID": 45013473, "id": "37044", "lengthkm": 8.5985899180656205, "order": 5, "uparea": 10944.959657011701 }, "geometry": { "type": "LineString", "coordinates": [ [ 69.2725, 31.233333333333341 ], [ 69.266666666666666, 31.23 ], [ 69.263333333333335, 31.224166666666676 ], [ 69.2625, 31.21 ], [ 69.2675, 31.204166666666673 ], [ 69.263333333333335, 31.201666666666675 ], [ 69.26166666666667, 31.204166666666673 ], [ 69.255, 31.1975 ], [ 69.26, 31.194166666666675 ], [ 69.266666666666666, 31.195 ], [ 69.266666666666666, 31.1925 ], [ 69.269166666666663, 31.191666666666674 ], [ 69.268333333333331, 31.189166666666672 ], [ 69.271666666666661, 31.186666666666675 ] ] } },
{ "type": "Feature", "properties": { "COMID": 45011700, "id": "37044", "lengthkm": 8.5503977859631313, "order": 5, "uparea": 11077.786387515904 }, "geometry": { "type": "LineString", "coordinates": [ [ 69.325, 31.284166666666671 ], [ 69.308333333333337, 31.265 ], [ 69.296666666666667, 31.255833333333342 ], [ 69.296666666666667, 31.254166666666674 ], [ 69.283333333333331, 31.24 ], [ 69.2725, 31.233333333333341 ] ] } },
{ "type": "Feature", "properties": { "COMID": 45011690, "id": "37044", "lengthkm": 7.5663104689927874, "order": 5, "uparea": 11194.46145975875 }, "geometry": { "type": "LineString", "coordinates": [ [ 69.370833333333337, 31.330833333333338 ], [ 69.360833333333332, 31.321666666666673 ], [ 69.348333333333329, 31.301666666666673 ], [ 69.3425, 31.295833333333341 ], [ 69.339166666666671, 31.295 ], [ 69.325, 31.284166666666671 ] ] } },
{ "type": "Feature", "properties": { "COMID": 45011683, "id": "37044", "lengthkm": 0.95076001114631703, "order": 5, "uparea": 11259.196296739641 }, "geometry": { "type": "LineString", "coordinates": [ [ 69.374166666666667, 31.338333333333338 ], [ 69.370833333333337, 31.335 ], [ 69.370833333333337, 31.330833333333338 ] ] } },
{ "type": "Feature", "properties": { "COMID": 45011680, "id": "37044", "lengthkm": 0.87883390916523396, "order": 5, "uparea": 11291.633567704905 }, "geometry": { "type": "LineString", "coordinates": [ [ 69.376666666666665, 31.345 ], [ 69.374166666666667, 31.338333333333338 ] ] } },
{ "type": "Feature", "properties": { "COMID": 45011679, "id": "37044", "lengthkm": 5.6339998654646974, "order": 5, "uparea": 11391.25371590879 }, "geometry": { "type": "LineString", "coordinates": [ [ 69.3825, 31.39083333333334 ], [ 69.379166666666663, 31.38333333333334 ], [ 69.3825, 31.374166666666675 ], [ 69.379166666666663, 31.3675 ], [ 69.379166666666663, 31.353333333333339 ], [ 69.3775, 31.351666666666674 ], [ 69.376666666666665, 31.345 ] ] } },
{ "type": "Feature", "properties": { "COMID": 45011673, "id": "37044", "lengthkm": 1.6575978654663299, "order": 5, "uparea": 11960.713186351753 }, "geometry": { "type": "LineString", "coordinates": [ [ 69.3875, 31.404166666666676 ], [ 69.3825, 31.39083333333334 ] ] } },
{ "type": "Feature", "properties": { "COMID": 45011672, "id": "37044", "lengthkm": 2.2602440413345168, "order": 5, "uparea": 12036.920529946436 }, "geometry": { "type": "LineString", "coordinates": [ [ 69.394166666666663, 31.416666666666671 ], [ 69.391666666666666, 31.416666666666671 ], [ 69.385833333333323, 31.411666666666676 ], [ 69.3875, 31.404166666666676 ] ] } },
{ "type": "Feature", "properties": { "COMID": 45011670, "id": "37044", "lengthkm": 0.45811495692364002, "order": 5, "uparea": 12573.774874830166 }, "geometry": { "type": "LineString", "coordinates": [ [ 69.396666666666661, 31.42 ], [ 69.394166666666663, 31.416666666666671 ] ] } },
{ "type": "Feature", "properties": { "COMID": 45011669, "id": "37044", "lengthkm": 12.031135988112617, "order": 5, "uparea": 12712.884860031421 }, "geometry": { "type": "LineString", "coordinates": [ [ 69.465833333333336, 31.484166666666674 ], [ 69.459166666666661, 31.479166666666671 ], [ 69.461666666666659, 31.47333333333334 ], [ 69.461666666666659, 31.468333333333341 ], [ 69.458333333333329, 31.465 ], [ 69.446666666666658, 31.4575 ], [ 69.435, 31.4575 ], [ 69.428333333333327, 31.455 ], [ 69.421666666666667, 31.444166666666675 ], [ 69.420833333333334, 31.44 ], [ 69.414166666666659, 31.433333333333341 ], [ 69.414166666666659, 31.4275 ], [ 69.410833333333329, 31.425 ], [ 69.405, 31.42583333333334 ], [ 69.400833333333324, 31.421666666666674 ], [ 69.396666666666661, 31.42 ] ] } },
{ "type": "Feature", "properties": { "COMID": 45011661, "id": "37044", "lengthkm": 4.2631004904813006, "order": 5, "uparea": 12788.145657200557 }, "geometry": { "type": "LineString", "coordinates": [ [ 69.495833333333337, 31.481666666666673 ], [ 69.493333333333325, 31.48083333333334 ], [ 69.484166666666667, 31.4875 ], [ 69.48, 31.48083333333334 ], [ 69.471666666666664, 31.484166666666674 ], [ 69.470833333333331, 31.483333333333341 ], [ 69.47, 31.485 ], [ 69.465833333333336, 31.484166666666674 ] ] } },
{ "type": "Feature", "properties": { "COMID": 45011659, "id": "37044", "lengthkm": 6.7267403810976836, "order": 5, "uparea": 12893.769962350545 }, "geometry": { "type": "LineString", "coordinates": [ [ 69.515833333333333, 31.50833333333334 ], [ 69.510833333333323, 31.505833333333342 ], [ 69.51, 31.499166666666675 ], [ 69.505833333333328, 31.493333333333339 ], [ 69.50333333333333, 31.493333333333339 ], [ 69.4975, 31.499166666666675 ], [ 69.493333333333325, 31.5 ], [ 69.490833333333327, 31.4975 ], [ 69.48833333333333, 31.4875 ], [ 69.4925, 31.485 ], [ 69.495833333333337, 31.485 ], [ 69.495833333333337, 31.481666666666673 ] ] } },
{ "type": "Feature", "properties": { "COMID": 45011654, "id": "37044", "lengthkm": 12.025030678583994, "order": 5, "uparea": 13053.999513186289 }, "geometry": { "type": "LineString", "coordinates": [ [ 69.52, 31.565 ], [ 69.520833333333329, 31.560833333333342 ], [ 69.528333333333336, 31.556666666666672 ], [ 69.5325, 31.55 ], [ 69.524166666666659, 31.5425 ], [ 69.519166666666663, 31.5325 ], [ 69.513333333333335, 31.530833333333341 ], [ 69.5075, 31.53583333333334 ], [ 69.50333333333333, 31.53583333333334 ], [ 69.5, 31.530833333333341 ], [ 69.500833333333333, 31.5275 ], [ 69.510833333333323, 31.526666666666671 ], [ 69.513333333333335, 31.524166666666673 ], [ 69.509166666666658, 31.518333333333338 ], [ 69.509166666666658, 31.514166666666675 ], [ 69.510833333333323, 31.5125 ], [ 69.5175, 31.511666666666674 ], [ 69.515833333333333, 31.50833333333334 ] ] } },
{ "type": "Feature", "properties": { "COMID": 45011648, "id": "37044", "lengthkm": 5.023790574061481, "order": 5, "uparea": 13095.509617236092 }, "geometry": { "type": "LineString", "coordinates": [ [ 69.545, 31.575833333333343 ], [ 69.539166666666659, 31.5725 ], [ 69.5375, 31.566666666666674 ], [ 69.534166666666664, 31.56333333333334 ], [ 69.529166666666669, 31.561666666666675 ], [ 69.526666666666671, 31.5625 ], [ 69.525833333333324, 31.564166666666672 ], [ 69.528333333333336, 31.569166666666675 ], [ 69.526666666666671, 31.57083333333334 ], [ 69.524166666666659, 31.57 ], [ 69.52, 31.565 ] ] } },
{ "type": "Feature", "properties": { "COMID": 45011646, "id": "37044", "lengthkm": 6.2026195270190438, "order": 5, "uparea": 13300.913477724682 }, "geometry": { "type": "LineString", "coordinates": [ [ 69.551666666666662, 31.6175 ], [ 69.543333333333337, 31.610833333333339 ], [ 69.543333333333337, 31.6075 ], [ 69.55, 31.600833333333341 ], [ 69.545833333333334, 31.595 ], [ 69.545833333333334, 31.59083333333334 ], [ 69.553333333333327, 31.585 ], [ 69.5525, 31.581666666666674 ], [ 69.545, 31.575833333333343 ] ] } },
{ "type": "Feature", "properties": { "COMID": 45011645, "id": "37044", "lengthkm": 5.8974372920817091, "order": 5, "uparea": 13367.341784391314 }, "geometry": { "type": "LineString", "coordinates": [ [ 69.5525, 31.656666666666673 ], [ 69.55083333333333, 31.654166666666676 ], [ 69.545, 31.651666666666671 ], [ 69.545, 31.644166666666674 ], [ 69.546666666666667, 31.64 ], [ 69.555833333333325, 31.63333333333334 ], [ 69.555833333333325, 31.631666666666675 ], [ 69.549166666666665, 31.626666666666672 ], [ 69.551666666666662, 31.6175 ] ] } },
{ "type": "Feature", "properties": { "COMID": 45011644, "id": "37044", "lengthkm": 2.1352591605665232, "order": 5, "uparea": 13419.414781085898 }, "geometry": { "type": "LineString", "coordinates": [ [ 69.5575, 31.673333333333339 ], [ 69.558333333333337, 31.67 ], [ 69.555, 31.665 ], [ 69.555, 31.658333333333339 ], [ 69.5525, 31.656666666666673 ] ] } },
{ "type": "Feature", "properties": { "COMID": 45011643, "id": "37044", "lengthkm": 5.539959415752401, "order": 5, "uparea": 13491.520783092648 }, "geometry": { "type": "LineString", "coordinates": [ [ 69.564166666666665, 31.716666666666676 ], [ 69.563333333333333, 31.713333333333338 ], [ 69.565, 31.710833333333341 ], [ 69.566666666666663, 31.69 ], [ 69.564166666666665, 31.680833333333339 ], [ 69.556666666666658, 31.676666666666673 ], [ 69.5575, 31.673333333333339 ] ] } },
{ "type": "Feature", "properties": { "COMID": 45011641, "id": "37044", "lengthkm": 3.519912862499849, "order": 5, "uparea": 15268.725567244499 }, "geometry": { "type": "LineString", "coordinates": [ [ 69.588333333333324, 31.735833333333339 ], [ 69.58, 31.733333333333341 ], [ 69.575833333333335, 31.729166666666671 ], [ 69.574166666666656, 31.725 ], [ 69.570833333333326, 31.721666666666671 ], [ 69.5675, 31.720833333333339 ], [ 69.564166666666665, 31.716666666666676 ] ] } },
{ "type": "Feature", "properties": { "COMID": 45011639, "id": "37044", "lengthkm": 2.531304801049632, "order": 5, "uparea": 15304.584307514755 }, "geometry": { "type": "LineString", "coordinates": [ [ 69.603333333333325, 31.75 ], [ 69.603333333333325, 31.746666666666673 ], [ 69.6, 31.743333333333339 ], [ 69.595, 31.7425 ], [ 69.588333333333324, 31.735833333333339 ] ] } },
{ "type": "Feature", "properties": { "COMID": 45011638, "id": "37044", "lengthkm": 9.3582242419492605, "order": 5, "uparea": 15510.934742502757 }, "geometry": { "type": "LineString", "coordinates": [ [ 69.655833333333334, 31.804166666666674 ], [ 69.6525, 31.8 ], [ 69.644166666666663, 31.781666666666673 ], [ 69.6325, 31.7775 ], [ 69.625833333333333, 31.768333333333338 ], [ 69.623333333333335, 31.768333333333338 ], [ 69.614166666666662, 31.760833333333338 ], [ 69.604166666666657, 31.759166666666673 ], [ 69.601666666666659, 31.756666666666675 ], [ 69.603333333333325, 31.75 ] ] } },
{ "type": "Feature", "properties": { "COMID": 45009763, "id": "37044", "lengthkm": 5.3249416644846859, "order": 5, "uparea": 15694.730344306876 }, "geometry": { "type": "LineString", "coordinates": [ [ 69.685, 31.835833333333341 ], [ 69.678333333333327, 31.831666666666674 ], [ 69.676666666666662, 31.8225 ], [ 69.67, 31.811666666666675 ], [ 69.655833333333334, 31.804166666666674 ] ] } },
{ "type": "Feature", "properties": { "COMID": 45009762, "id": "37044", "lengthkm": 11.82553891929286, "order": 5, "uparea": 15825.946568929854 }, "geometry": { "type": "LineString", "coordinates": [ [ 69.754166666666663, 31.900833333333338 ], [ 69.74166666666666, 31.899166666666673 ], [ 69.73833333333333, 31.894166666666674 ], [ 69.734166666666667, 31.893333333333338 ], [ 69.730833333333337, 31.885833333333338 ], [ 69.724166666666662, 31.88333333333334 ], [ 69.720833333333331, 31.875 ], [ 69.709166666666661, 31.86333333333334 ], [ 69.708333333333329, 31.858333333333341 ], [ 69.704166666666666, 31.853333333333339 ], [ 69.7, 31.851666666666674 ], [ 69.696666666666658, 31.8525 ], [ 69.688333333333333, 31.84833333333334 ], [ 69.685, 31.835833333333341 ] ] } },
{ "type": "Feature", "properties": { "COMID": 45009755, "id": "37044", "lengthkm": 6.9084081234435972, "order": 5, "uparea": 15869.06373666855 }, "geometry": { "type": "LineString", "coordinates": [ [ 69.7825, 31.933333333333341 ], [ 69.78, 31.929166666666674 ], [ 69.775, 31.92583333333334 ], [ 69.7725, 31.92583333333334 ], [ 69.77, 31.921666666666674 ], [ 69.765, 31.920833333333341 ], [ 69.765833333333333, 31.915 ], [ 69.77, 31.913333333333341 ], [ 69.764166666666668, 31.908333333333339 ], [ 69.7625, 31.909166666666671 ], [ 69.7625, 31.911666666666672 ], [ 69.759166666666658, 31.909166666666671 ], [ 69.758333333333326, 31.91 ], [ 69.755833333333328, 31.9075 ], [ 69.756666666666661, 31.9025 ], [ 69.754166666666663, 31.900833333333338 ] ] } },
{ "type": "Feature", "properties": { "COMID": 45009751, "id": "37044", "lengthkm": 10.784518647985873, "order": 5, "uparea": 16016.812179917155 }, "geometry": { "type": "LineString", "coordinates": [ [ 69.796666666666667, 31.991666666666674 ], [ 69.7975, 31.984166666666674 ], [ 69.793333333333337, 31.98083333333334 ], [ 69.795, 31.976666666666674 ], [ 69.793333333333337, 31.975 ], [ 69.785833333333329, 31.975 ], [ 69.781666666666666, 31.97333333333334 ], [ 69.778333333333336, 31.969166666666673 ], [ 69.780833333333334, 31.96583333333334 ], [ 69.778333333333336, 31.9625 ], [ 69.780833333333334, 31.958333333333339 ], [ 69.77, 31.956666666666671 ], [ 69.7675, 31.954166666666673 ], [ 69.7675, 31.950833333333339 ], [ 69.765, 31.949166666666674 ], [ 69.7675, 31.944166666666675 ], [ 69.771666666666661, 31.944166666666675 ], [ 69.774166666666659, 31.93833333333334 ], [ 69.780833333333334, 31.935833333333342 ], [ 69.7825, 31.933333333333341 ] ] } },
{ "type": "Feature", "properties": { "COMID": 45009748, "id": "37044", "lengthkm": 11.116080679891772, "order": 5, "uparea": 16196.688600129111 }, "geometry": { "type": "LineString", "coordinates": [ [ 69.840833333333336, 32.066666666666677 ], [ 69.840833333333336, 32.06333333333334 ], [ 69.838333333333324, 32.061666666666675 ], [ 69.84, 32.058333333333337 ], [ 69.839166666666657, 32.056666666666672 ], [ 69.831666666666663, 32.048333333333339 ], [ 69.825833333333335, 32.036666666666676 ], [ 69.8225, 32.035 ], [ 69.82, 32.026666666666671 ], [ 69.813333333333333, 32.020833333333343 ], [ 69.811666666666667, 32.013333333333343 ], [ 69.805, 32.005 ], [ 69.806666666666658, 31.996666666666673 ], [ 69.80416666666666, 31.994166666666672 ], [ 69.796666666666667, 31.991666666666674 ] ] } },
{ "type": "Feature", "properties": { "COMID": 45009627, "id": "37044", "lengthkm": 1.849565676271413, "order": 6, "uparea": 33889.925001755662 }, "geometry": { "type": "LineString", "coordinates": [ [ 69.855833333333322, 32.0725 ], [ 69.8475, 32.0675 ], [ 69.840833333333336, 32.066666666666677 ] ] } },
{ "type": "Feature", "properties": { "COMID": 45009626, "id": "37044", "lengthkm": 25.994263948429921, "order": 6, "uparea": 34063.619188834564 }, "geometry": { "type": "LineString", "coordinates": [ [ 69.993333333333325, 32.125 ], [ 69.990833333333327, 32.120833333333337 ], [ 69.99166666666666, 32.119166666666672 ], [ 69.989166666666662, 32.116666666666674 ], [ 69.974166666666662, 32.1175 ], [ 69.9625, 32.124166666666675 ], [ 69.9575, 32.119166666666672 ], [ 69.954166666666666, 32.118333333333339 ], [ 69.953333333333333, 32.115833333333342 ], [ 69.95, 32.115 ], [ 69.943333333333328, 32.119166666666672 ], [ 69.943333333333328, 32.1225 ], [ 69.939166666666665, 32.12166666666667 ], [ 69.935, 32.124166666666675 ], [ 69.93416666666667, 32.131666666666675 ], [ 69.926666666666662, 32.14 ], [ 69.924166666666665, 32.14 ], [ 69.920833333333334, 32.13666666666667 ], [ 69.914166666666659, 32.135833333333338 ], [ 69.9125, 32.134166666666673 ], [ 69.9175, 32.1325 ], [ 69.915, 32.12916666666667 ], [ 69.911666666666662, 32.12916666666667 ], [ 69.91, 32.134166666666673 ], [ 69.903333333333336, 32.13333333333334 ], [ 69.896666666666661, 32.13 ], [ 69.894166666666663, 32.12583333333334 ], [ 69.888333333333335, 32.125 ], [ 69.89, 32.116666666666674 ], [ 69.895, 32.115833333333342 ], [ 69.894166666666663, 32.113333333333337 ], [ 69.888333333333335, 32.109166666666674 ], [ 69.89, 32.1025 ], [ 69.8875, 32.1 ], [ 69.874166666666667, 32.095833333333339 ], [ 69.874166666666667, 32.094166666666673 ], [ 69.8675, 32.089166666666671 ], [ 69.8675, 32.086666666666673 ], [ 69.864166666666662, 32.083333333333343 ], [ 69.865, 32.080833333333338 ], [ 69.8625, 32.080833333333338 ], [ 69.8625, 32.0775 ], [ 69.855833333333322, 32.0725 ] ] } },
{ "type": "Feature", "properties": { "COMID": 45009625, "id": "37044", "lengthkm": 1.8703784760567259, "order": 6, "uparea": 34222.92992384651 }, "geometry": { "type": "LineString", "coordinates": [ [ 70.005, 32.135 ], [ 69.998333333333335, 32.1325 ], [ 69.993333333333325, 32.125 ] ] } },
{ "type": "Feature", "properties": { "COMID": 45009624, "id": "37044", "lengthkm": 5.8640107401114676, "order": 6, "uparea": 34288.605669703466 }, "geometry": { "type": "LineString", "coordinates": [ [ 70.023333333333326, 32.173333333333339 ], [ 70.019166666666663, 32.175833333333337 ], [ 70.015, 32.174166666666672 ], [ 70.010833333333323, 32.160833333333343 ], [ 70.0125, 32.1475 ], [ 70.009166666666658, 32.14 ], [ 70.005, 32.135 ] ] } },
{ "type": "Feature", "properties": { "COMID": 45009623, "id": "37044", "lengthkm": 5.1458819704392313, "order": 6, "uparea": 34351.932162720361 }, "geometry": { "type": "LineString", "coordinates": [ [ 70.055833333333325, 32.1675 ], [ 70.0525, 32.1675 ], [ 70.049166666666665, 32.164166666666674 ], [ 70.049166666666665, 32.159166666666671 ], [ 70.043333333333322, 32.155833333333341 ], [ 70.038333333333327, 32.159166666666671 ], [ 70.034166666666664, 32.165833333333339 ], [ 70.0275, 32.169166666666669 ], [ 70.023333333333326, 32.173333333333339 ] ] } },
{ "type": "Feature", "properties": { "COMID": 45009622, "id": "37044", "lengthkm": 25.385650684390946, "order": 6, "uparea": 34454.858131243418 }, "geometry": { "type": "LineString", "coordinates": [ [ 70.2175, 32.04 ], [ 70.22, 32.0525 ], [ 70.21, 32.065833333333337 ], [ 70.191666666666663, 32.076666666666675 ], [ 70.185833333333335, 32.0825 ], [ 70.164166666666659, 32.0925 ], [ 70.163333333333327, 32.096666666666671 ], [ 70.1475, 32.109166666666674 ], [ 70.1475, 32.111666666666672 ], [ 70.140833333333333, 32.118333333333339 ], [ 70.135833333333323, 32.119166666666672 ], [ 70.133333333333326, 32.123333333333342 ], [ 70.131666666666661, 32.1225 ], [ 70.12833333333333, 32.12583333333334 ], [ 70.12, 32.1275 ], [ 70.11666666666666, 32.13 ], [ 70.115, 32.12916666666667 ], [ 70.114166666666662, 32.1325 ], [ 70.110833333333332, 32.135 ], [ 70.105833333333322, 32.135833333333338 ], [ 70.1025, 32.139166666666675 ], [ 70.100833333333327, 32.138333333333343 ], [ 70.094166666666666, 32.14083333333334 ], [ 70.089166666666657, 32.145833333333343 ], [ 70.0825, 32.149166666666673 ], [ 70.071666666666658, 32.150833333333338 ], [ 70.07, 32.148333333333341 ], [ 70.066666666666663, 32.148333333333341 ], [ 70.065, 32.155 ], [ 70.061666666666667, 32.158333333333339 ], [ 70.060833333333335, 32.164166666666674 ], [ 70.055833333333325, 32.1675 ] ] } },
{ "type": "Feature", "properties": { "COMID": 45009621, "id": "37044", "lengthkm": 0.24295031569115, "order": 6, "uparea": 34696.435949985564 }, "geometry": { "type": "LineString", "coordinates": [ [ 70.219166666666666, 32.038333333333341 ], [ 70.2175, 32.04 ] ] } },
{ "type": "Feature", "properties": { "COMID": 45009620, "id": "37044", "lengthkm": 12.328091618580899, "order": 6, "uparea": 34828.468017966232 }, "geometry": { "type": "LineString", "coordinates": [ [ 70.298333333333332, 31.975833333333341 ], [ 70.289166666666659, 31.975833333333341 ], [ 70.2875, 31.98 ], [ 70.280833333333334, 31.9825 ], [ 70.28, 31.986666666666672 ], [ 70.2725, 31.993333333333339 ], [ 70.2675, 32.003333333333337 ], [ 70.26, 32.006666666666675 ], [ 70.255, 32.01166666666667 ], [ 70.25, 32.021666666666675 ], [ 70.24166666666666, 32.029166666666676 ], [ 70.24166666666666, 32.030833333333341 ], [ 70.239166666666662, 32.029166666666676 ], [ 70.23, 32.030833333333341 ], [ 70.225833333333327, 32.033333333333339 ], [ 70.225, 32.0325 ], [ 70.219166666666666, 32.038333333333341 ] ] } },
{ "type": "Feature", "properties": { "COMID": 45009619, "id": "37044", "lengthkm": 5.6509551860742997, "order": 6, "uparea": 34898.840811852235 }, "geometry": { "type": "LineString", "coordinates": [ [ 70.319166666666661, 31.954166666666673 ], [ 70.31583333333333, 31.9575 ], [ 70.314166666666665, 31.964166666666671 ], [ 70.319166666666661, 31.9675 ], [ 70.3225, 31.966666666666676 ], [ 70.3225, 31.969166666666673 ], [ 70.320833333333326, 31.970833333333339 ], [ 70.31, 31.9725 ], [ 70.305, 31.970833333333339 ], [ 70.303333333333327, 31.974166666666672 ], [ 70.301666666666662, 31.97333333333334 ], [ 70.298333333333332, 31.975833333333341 ] ] } },
{ "type": "Feature", "properties": { "COMID": 45009618, "id": "37044", "lengthkm": 15.751246339048393, "order": 6, "uparea": 34990.743977817685 }, "geometry": { "type": "LineString", "coordinates": [ [ 70.435, 31.9325 ], [ 70.426666666666662, 31.936666666666675 ], [ 70.419166666666669, 31.9375 ], [ 70.42, 31.945 ], [ 70.4125, 31.950833333333339 ], [ 70.409166666666664, 31.946666666666673 ], [ 70.406666666666666, 31.946666666666673 ], [ 70.403333333333336, 31.943333333333342 ], [ 70.401666666666657, 31.945 ], [ 70.395833333333329, 31.944166666666675 ], [ 70.39, 31.946666666666673 ], [ 70.381666666666661, 31.95333333333334 ], [ 70.361666666666665, 31.963333333333338 ], [ 70.359166666666667, 31.966666666666676 ], [ 70.35, 31.959166666666675 ], [ 70.35, 31.956666666666671 ], [ 70.345833333333331, 31.955833333333338 ], [ 70.335, 31.949166666666674 ], [ 70.3275, 31.949166666666674 ], [ 70.319166666666661, 31.954166666666673 ] ] } },
{ "type": "Feature", "properties": { "COMID": 45009617, "id": "37044", "lengthkm": 14.015579011897445, "order": 6, "uparea": 35105.526884248924 }, "geometry": { "type": "LineString", "coordinates": [ [ 70.501666666666665, 31.86 ], [ 70.5025, 31.86333333333334 ], [ 70.5, 31.865833333333342 ], [ 70.500833333333333, 31.866666666666674 ], [ 70.494166666666658, 31.875 ], [ 70.479166666666657, 31.88 ], [ 70.476666666666659, 31.879166666666674 ], [ 70.465, 31.89083333333334 ], [ 70.469166666666666, 31.900833333333338 ], [ 70.465833333333336, 31.908333333333339 ], [ 70.469166666666666, 31.909166666666671 ], [ 70.471666666666664, 31.9125 ], [ 70.465, 31.913333333333341 ], [ 70.460833333333326, 31.915833333333339 ], [ 70.454166666666666, 31.915 ], [ 70.4475, 31.91833333333334 ], [ 70.445833333333326, 31.923333333333339 ], [ 70.435833333333335, 31.93 ], [ 70.43416666666667, 31.931666666666672 ], [ 70.435, 31.9325 ] ] } },
{ "type": "Feature", "properties": { "COMID": 45011431, "id": "37044", "lengthkm": 28.07467327018179, "order": 6, "uparea": 35501.764224557584 }, "geometry": { "type": "LineString", "coordinates": [ [ 70.636666666666656, 31.714166666666671 ], [ 70.6375, 31.716666666666676 ], [ 70.635, 31.720833333333339 ], [ 70.6375, 31.7225 ], [ 70.6375, 31.725 ], [ 70.636666666666656, 31.726666666666674 ], [ 70.63, 31.728333333333339 ], [ 70.629166666666663, 31.734166666666674 ], [ 70.623333333333335, 31.735 ], [ 70.625, 31.7425 ], [ 70.62, 31.75083333333334 ], [ 70.61, 31.7575 ], [ 70.595, 31.760833333333338 ], [ 70.59, 31.764166666666675 ], [ 70.590833333333336, 31.77 ], [ 70.596666666666664, 31.78 ], [ 70.5975, 31.788333333333341 ], [ 70.594166666666666, 31.786666666666676 ], [ 70.588333333333324, 31.7875 ], [ 70.585833333333326, 31.7925 ], [ 70.579166666666666, 31.7975 ], [ 70.58, 31.8 ], [ 70.578333333333333, 31.801666666666673 ], [ 70.57, 31.805833333333339 ], [ 70.566666666666663, 31.805833333333339 ], [ 70.5675, 31.808333333333341 ], [ 70.563333333333333, 31.8125 ], [ 70.545, 31.821666666666673 ], [ 70.539166666666659, 31.835 ], [ 70.54, 31.836666666666673 ], [ 70.535, 31.841666666666676 ], [ 70.535833333333329, 31.8425 ], [ 70.534166666666664, 31.845 ], [ 70.535833333333329, 31.846666666666671 ], [ 70.5375, 31.845833333333339 ], [ 70.536666666666662, 31.84833333333334 ], [ 70.534166666666664, 31.849166666666672 ], [ 70.534166666666664, 31.851666666666674 ], [ 70.531666666666666, 31.850833333333341 ], [ 70.528333333333336, 31.853333333333339 ], [ 70.519166666666663, 31.85583333333334 ], [ 70.510833333333323, 31.856666666666673 ], [ 70.509166666666658, 31.855 ], [ 70.501666666666665, 31.86 ] ] } },
{ "type": "Feature", "properties": { "COMID": 45011430, "id": "37044", "lengthkm": 4.5893527361355142, "order": 6, "uparea": 36384.447179536917 }, "geometry": { "type": "LineString", "coordinates": [ [ 70.674166666666665, 31.6975 ], [ 70.666666666666657, 31.7025 ], [ 70.661666666666662, 31.7025 ], [ 70.65, 31.709166666666675 ], [ 70.641666666666666, 31.708333333333339 ], [ 70.636666666666656, 31.714166666666671 ] ] } },
{ "type": "Feature", "properties": { "COMID": 45011429, "id": "37044", "lengthkm": 11.665874871613793, "order": 6, "uparea": 37245.39473861939 }, "geometry": { "type": "LineString", "coordinates": [ [ 70.595833333333331, 31.6225 ], [ 70.605833333333322, 31.639166666666675 ], [ 70.639166666666668, 31.6625 ], [ 70.674166666666665, 31.6975 ] ] } },
{ "type": "Feature", "properties": { "COMID": 45011428, "id": "37044", "lengthkm": 0.42873675811394102, "order": 6, "uparea": 39963.188964482215 }, "geometry": { "type": "LineString", "coordinates": [ [ 70.594166666666666, 31.619166666666672 ], [ 70.595833333333331, 31.6225 ] ] } },
{ "type": "Feature", "properties": { "COMID": 45011427, "id": "37044", "lengthkm": 6.6513182977522538, "order": 6, "uparea": 40408.015228856813 }, "geometry": { "type": "LineString", "coordinates": [ [ 70.6075, 31.566666666666674 ], [ 70.605, 31.585833333333341 ], [ 70.589166666666657, 31.60583333333334 ], [ 70.589166666666657, 31.61 ], [ 70.594166666666666, 31.619166666666672 ] ] } },
{ "type": "Feature", "properties": { "COMID": 45011426, "id": "37044", "lengthkm": 7.733018976935508, "order": 6, "uparea": 40489.425150408722 }, "geometry": { "type": "LineString", "coordinates": [ [ 70.605, 31.5 ], [ 70.610833333333332, 31.53583333333334 ], [ 70.6075, 31.566666666666674 ] ] } },
{ "type": "Feature", "properties": { "COMID": 45011425, "id": "37044", "lengthkm": 3.3358479230832261, "order": 6, "uparea": 40600.607848516731 }, "geometry": { "type": "LineString", "coordinates": [ [ 70.605, 31.47 ], [ 70.605, 31.5 ] ] } },
{ "type": "Feature", "properties": { "COMID": 45011424, "id": "37044", "lengthkm": 7.9426678692366659, "order": 6, "uparea": 40733.411130396766 }, "geometry": { "type": "LineString", "coordinates": [ [ 70.618333333333325, 31.405833333333341 ], [ 70.6225, 31.41083333333334 ], [ 70.62166666666667, 31.433333333333341 ], [ 70.605, 31.4625 ], [ 70.605, 31.47 ] ] } },
{ "type": "Feature", "properties": { "COMID": 45011423, "id": "37044", "lengthkm": 19.24198789963387, "order": 6, "uparea": 41192.340460524618 }, "geometry": { "type": "LineString", "coordinates": [ [ 70.7325, 31.323333333333338 ], [ 70.729166666666657, 31.326666666666675 ], [ 70.725833333333327, 31.325 ], [ 70.723333333333329, 31.326666666666675 ], [ 70.7225, 31.329166666666673 ], [ 70.725, 31.334166666666675 ], [ 70.719166666666666, 31.339166666666674 ], [ 70.719166666666666, 31.34083333333334 ], [ 70.715833333333336, 31.34083333333334 ], [ 70.7125, 31.345 ], [ 70.7125, 31.34833333333334 ], [ 70.714166666666657, 31.35 ], [ 70.7125, 31.365 ], [ 70.713333333333324, 31.368333333333339 ], [ 70.715, 31.37 ], [ 70.715833333333336, 31.369166666666672 ], [ 70.718333333333334, 31.371666666666673 ], [ 70.7175, 31.3725 ], [ 70.7025, 31.375 ], [ 70.688333333333333, 31.38333333333334 ], [ 70.673333333333332, 31.3825 ], [ 70.665, 31.385 ], [ 70.6575, 31.385 ], [ 70.65, 31.39 ], [ 70.645833333333329, 31.396666666666675 ], [ 70.630833333333328, 31.398333333333341 ], [ 70.618333333333325, 31.405833333333341 ] ] } },
{ "type": "Feature", "properties": { "COMID": 45011422, "id": "37044", "lengthkm": 8.7118165709752837, "order": 6, "uparea": 45081.046257413043 }, "geometry": { "type": "LineString", "coordinates": [ [ 70.7375, 31.269166666666674 ], [ 70.735, 31.276666666666674 ], [ 70.736666666666665, 31.289166666666674 ], [ 70.735833333333332, 31.2925 ], [ 70.74, 31.2975 ], [ 70.740833333333327, 31.305 ], [ 70.73833333333333, 31.306666666666672 ], [ 70.734166666666667, 31.301666666666673 ], [ 70.730833333333322, 31.305 ], [ 70.730833333333322, 31.306666666666672 ], [ 70.734166666666667, 31.308333333333341 ], [ 70.7325, 31.310833333333342 ], [ 70.733333333333334, 31.314166666666672 ], [ 70.7375, 31.3175 ], [ 70.7375, 31.319166666666675 ], [ 70.7325, 31.323333333333338 ] ] } },
{ "type": "Feature", "properties": { "COMID": 45013300, "id": "37044", "lengthkm": 11.548084171249508, "order": 6, "uparea": 45156.668950185944 }, "geometry": { "type": "LineString", "coordinates": [ [ 70.773333333333326, 31.193333333333342 ], [ 70.776666666666657, 31.201666666666675 ], [ 70.774166666666659, 31.205 ], [ 70.775, 31.210833333333341 ], [ 70.7675, 31.220833333333339 ], [ 70.768333333333331, 31.2225 ], [ 70.763333333333335, 31.2275 ], [ 70.761666666666656, 31.23833333333334 ], [ 70.754166666666663, 31.241666666666674 ], [ 70.751666666666665, 31.240833333333342 ], [ 70.748333333333335, 31.246666666666673 ], [ 70.745, 31.2475 ], [ 70.743333333333325, 31.25083333333334 ], [ 70.745, 31.253333333333341 ], [ 70.743333333333325, 31.255 ], [ 70.743333333333325, 31.264166666666675 ], [ 70.7375, 31.269166666666674 ] ] } },
{ "type": "Feature", "properties": { "COMID": 45013297, "id": "37044", "lengthkm": 4.7937323653767292, "order": 6, "uparea": 45222.412020582509 }, "geometry": { "type": "LineString", "coordinates": [ [ 70.794166666666669, 31.165 ], [ 70.79, 31.165833333333339 ], [ 70.781666666666666, 31.171666666666674 ], [ 70.779166666666669, 31.170833333333341 ], [ 70.776666666666657, 31.1725 ], [ 70.7775, 31.17583333333334 ], [ 70.775, 31.186666666666675 ], [ 70.773333333333326, 31.18833333333334 ], [ 70.773333333333326, 31.193333333333342 ] ] } },
{ "type": "Feature", "properties": { "COMID": 45013244, "id": "37044", "lengthkm": 8.5777215588453952, "order": 7, "uparea": 400585.00706634281 }, "geometry": { "type": "LineString", "coordinates": [ [ 70.785833333333329, 31.096666666666675 ], [ 70.785833333333329, 31.1025 ], [ 70.7875, 31.104166666666671 ], [ 70.79, 31.114166666666673 ], [ 70.7925, 31.118333333333339 ], [ 70.7975, 31.121666666666673 ], [ 70.796666666666667, 31.12583333333334 ], [ 70.791666666666657, 31.134166666666673 ], [ 70.7925, 31.1475 ], [ 70.790833333333325, 31.1525 ], [ 70.791666666666657, 31.16 ], [ 70.794166666666669, 31.165 ] ] } },
{ "type": "Feature", "properties": { "COMID": 45013243, "id": "37044", "lengthkm": 17.591374524295482, "order": 7, "uparea": 400718.32153545454 }, "geometry": { "type": "LineString", "coordinates": [ [ 70.815, 30.959166666666675 ], [ 70.814166666666665, 30.961666666666673 ], [ 70.81583333333333, 30.963333333333338 ], [ 70.81583333333333, 30.969166666666673 ], [ 70.8075, 30.984166666666674 ], [ 70.805833333333325, 30.994166666666672 ], [ 70.8125, 31.013333333333343 ], [ 70.814166666666665, 31.033333333333339 ], [ 70.81583333333333, 31.035 ], [ 70.815, 31.038333333333341 ], [ 70.82, 31.046666666666674 ], [ 70.82, 31.05 ], [ 70.8075, 31.065 ], [ 70.805833333333325, 31.07 ], [ 70.8, 31.075 ], [ 70.796666666666667, 31.085 ], [ 70.785833333333329, 31.096666666666675 ] ] } },
{ "type": "Feature", "properties": { "COMID": 45013242, "id": "37044", "lengthkm": 0.73241164182294305, "order": 7, "uparea": 400862.52862454753 }, "geometry": { "type": "LineString", "coordinates": [ [ 70.82, 30.954166666666673 ], [ 70.815, 30.959166666666675 ] ] } },
{ "type": "Feature", "properties": { "COMID": 45013241, "id": "37044", "lengthkm": 17.223091568855882, "order": 7, "uparea": 401147.54456046532 }, "geometry": { "type": "LineString", "coordinates": [ [ 70.833333333333329, 30.849166666666676 ], [ 70.838333333333324, 30.855 ], [ 70.859166666666667, 30.855 ], [ 70.86333333333333, 30.856666666666676 ], [ 70.868333333333325, 30.861666666666672 ], [ 70.87166666666667, 30.868333333333339 ], [ 70.87166666666667, 30.878333333333341 ], [ 70.8675, 30.886666666666674 ], [ 70.8575, 30.895833333333343 ], [ 70.8525, 30.905833333333341 ], [ 70.8475, 30.91 ], [ 70.836666666666659, 30.914166666666674 ], [ 70.835, 30.9225 ], [ 70.8325, 30.923333333333339 ], [ 70.8275, 30.929166666666674 ], [ 70.821666666666658, 30.9425 ], [ 70.82, 30.946666666666673 ], [ 70.82, 30.954166666666673 ] ] } },
{ "type": "Feature", "properties": { "COMID": 45013240, "id": "37044", "lengthkm": 1.5652897391010849, "order": 7, "uparea": 401194.54920239717 }, "geometry": { "type": "LineString", "coordinates": [ [ 70.819166666666661, 30.845 ], [ 70.820833333333326, 30.846666666666675 ], [ 70.833333333333329, 30.849166666666676 ] ] } },
{ "type": "Feature", "properties": { "COMID": 45013239, "id": "37044", "lengthkm": 19.26872989371693, "order": 7, "uparea": 401311.6870193457 }, "geometry": { "type": "LineString", "coordinates": [ [ 70.765, 30.69583333333334 ], [ 70.7725, 30.699166666666674 ], [ 70.776666666666657, 30.70333333333334 ], [ 70.78, 30.711666666666673 ], [ 70.784166666666664, 30.716666666666676 ], [ 70.788333333333327, 30.740833333333342 ], [ 70.801666666666662, 30.77 ], [ 70.803333333333327, 30.775 ], [ 70.8025, 30.7825 ], [ 70.805, 30.784166666666675 ], [ 70.8075, 30.790833333333339 ], [ 70.806666666666658, 30.795 ], [ 70.803333333333327, 30.799166666666672 ], [ 70.805833333333325, 30.811666666666675 ], [ 70.805, 30.821666666666673 ], [ 70.81, 30.835 ], [ 70.819166666666661, 30.845 ] ] } },
{ "type": "Feature", "properties": { "COMID": 45015433, "id": "37044", "lengthkm": 10.991812697393383, "order": 7, "uparea": 408195.92052006407 }, "geometry": { "type": "LineString", "coordinates": [ [ 70.7925, 30.610833333333339 ], [ 70.784166666666664, 30.618333333333339 ], [ 70.7825, 30.621666666666677 ], [ 70.78, 30.6325 ], [ 70.78, 30.645833333333343 ], [ 70.776666666666657, 30.649166666666673 ], [ 70.773333333333326, 30.658333333333339 ], [ 70.766666666666666, 30.666666666666675 ], [ 70.766666666666666, 30.67 ], [ 70.764166666666668, 30.674166666666672 ], [ 70.760833333333323, 30.690833333333341 ], [ 70.765, 30.69583333333334 ] ] } },
{ "type": "Feature", "properties": { "COMID": 45015432, "id": "37044", "lengthkm": 3.5185823276811199, "order": 7, "uparea": 408264.35451936658 }, "geometry": { "type": "LineString", "coordinates": [ [ 70.806666666666658, 30.584166666666675 ], [ 70.799166666666665, 30.591666666666676 ], [ 70.7925, 30.610833333333339 ] ] } },
{ "type": "Feature", "properties": { "COMID": 45015431, "id": "37044", "lengthkm": 2.7387842871769328, "order": 7, "uparea": 408407.76919303578 }, "geometry": { "type": "LineString", "coordinates": [ [ 70.806666666666658, 30.561666666666675 ], [ 70.806666666666658, 30.571666666666673 ], [ 70.80416666666666, 30.575833333333343 ], [ 70.805, 30.5825 ], [ 70.806666666666658, 30.584166666666675 ] ] } },
{ "type": "Feature", "properties": { "COMID": 45015430, "id": "37044", "lengthkm": 6.0269387038461968, "order": 7, "uparea": 408889.49425571173 }, "geometry": { "type": "LineString", "coordinates": [ [ 70.845, 30.523333333333341 ], [ 70.831666666666663, 30.533333333333339 ], [ 70.828333333333333, 30.534166666666675 ], [ 70.82, 30.541666666666675 ], [ 70.806666666666658, 30.561666666666675 ] ] } },
{ "type": "Feature", "properties": { "COMID": 45015429, "id": "37044", "lengthkm": 1.3528170778229229, "order": 7, "uparea": 410815.54941715545 }, "geometry": { "type": "LineString", "coordinates": [ [ 70.849166666666662, 30.5125 ], [ 70.849166666666662, 30.518333333333342 ], [ 70.845, 30.523333333333341 ] ] } },
{ "type": "Feature", "properties": { "COMID": 45015428, "id": "37044", "lengthkm": 0.092662443658761001, "order": 7, "uparea": 410859.68305782147 }, "geometry": { "type": "LineString", "coordinates": [ [ 70.849166666666662, 30.511666666666674 ], [ 70.849166666666662, 30.5125 ] ] } },
{ "type": "Feature", "properties": { "COMID": 45015427, "id": "37044", "lengthkm": 17.49327488108986, "order": 7, "uparea": 411232.21846517094 }, "geometry": { "type": "LineString", "coordinates": [ [ 70.814166666666665, 30.3925 ], [ 70.819166666666661, 30.395 ], [ 70.824166666666656, 30.405833333333341 ], [ 70.8275, 30.405833333333341 ], [ 70.8325, 30.410833333333343 ], [ 70.84, 30.420833333333341 ], [ 70.840833333333336, 30.424166666666672 ], [ 70.845, 30.42583333333334 ], [ 70.849166666666662, 30.434166666666677 ], [ 70.850833333333327, 30.435833333333342 ], [ 70.8525, 30.435 ], [ 70.856666666666669, 30.439166666666672 ], [ 70.858333333333334, 30.443333333333342 ], [ 70.8575, 30.448333333333341 ], [ 70.861666666666665, 30.4525 ], [ 70.86333333333333, 30.46 ], [ 70.855833333333322, 30.460833333333341 ], [ 70.855, 30.463333333333338 ], [ 70.860833333333332, 30.47 ], [ 70.861666666666665, 30.474166666666676 ], [ 70.86, 30.485 ], [ 70.8625, 30.49 ], [ 70.8625, 30.495 ], [ 70.849166666666662, 30.511666666666674 ] ] } },
{ "type": "Feature", "properties": { "COMID": 45015426, "id": "37044", "lengthkm": 14.398439059799941, "order": 7, "uparea": 411330.61486506171 }, "geometry": { "type": "LineString", "coordinates": [ [ 70.785, 30.294166666666676 ], [ 70.793333333333322, 30.296666666666674 ], [ 70.795833333333334, 30.30083333333334 ], [ 70.801666666666662, 30.3025 ], [ 70.806666666666658, 30.3075 ], [ 70.806666666666658, 30.310833333333342 ], [ 70.801666666666662, 30.314166666666672 ], [ 70.810833333333335, 30.319166666666675 ], [ 70.81, 30.325 ], [ 70.813333333333333, 30.331666666666674 ], [ 70.811666666666667, 30.339166666666674 ], [ 70.81583333333333, 30.345833333333339 ], [ 70.819166666666661, 30.356666666666676 ], [ 70.825833333333335, 30.3625 ], [ 70.824166666666656, 30.370833333333341 ], [ 70.820833333333326, 30.374166666666675 ], [ 70.814166666666665, 30.3925 ] ] } },
{ "type": "Feature", "properties": { "COMID": 45015425, "id": "37044", "lengthkm": 2.554701976101855, "order": 7, "uparea": 411483.95432206814 }, "geometry": { "type": "LineString", "coordinates": [ [ 70.788333333333327, 30.273333333333341 ], [ 70.783333333333331, 30.2875 ], [ 70.783333333333331, 30.2925 ], [ 70.785, 30.294166666666676 ] ] } },
{ "type": "Feature", "properties": { "COMID": 45015424, "id": "37044", "lengthkm": 4.5615384354987514, "order": 7, "uparea": 411551.50621081592 }, "geometry": { "type": "LineString", "coordinates": [ [ 70.778333333333336, 30.2375 ], [ 70.78, 30.243333333333339 ], [ 70.783333333333331, 30.245 ], [ 70.7825, 30.259166666666673 ], [ 70.788333333333327, 30.273333333333341 ] ] } },
{ "type": "Feature", "properties": { "COMID": 45015423, "id": "37044", "lengthkm": 13.206536385150418, "order": 7, "uparea": 411670.56612353853 }, "geometry": { "type": "LineString", "coordinates": [ [ 70.810833333333335, 30.145 ], [ 70.80416666666666, 30.155833333333341 ], [ 70.80416666666666, 30.160833333333343 ], [ 70.8075, 30.166666666666675 ], [ 70.808333333333323, 30.1775 ], [ 70.805, 30.191666666666677 ], [ 70.793333333333322, 30.206666666666674 ], [ 70.778333333333336, 30.2125 ], [ 70.7725, 30.216666666666676 ], [ 70.773333333333326, 30.2225 ], [ 70.770833333333329, 30.228333333333339 ], [ 70.774166666666659, 30.2325 ], [ 70.778333333333336, 30.234166666666674 ], [ 70.778333333333336, 30.2375 ] ] } },
{ "type": "Feature", "properties": { "COMID": 45015422, "id": "37044", "lengthkm": 6.5924821963374738, "order": 7, "uparea": 411723.9953955668 }, "geometry": { "type": "LineString", "coordinates": [ [ 70.793333333333322, 30.096666666666675 ], [ 70.805833333333325, 30.103333333333339 ], [ 70.805, 30.11 ], [ 70.80916666666667, 30.119166666666672 ], [ 70.813333333333333, 30.124166666666675 ], [ 70.810833333333335, 30.145 ] ] } },
{ "type": "Feature", "properties": { "COMID": 45018443, "id": "37044", "lengthkm": 3.4859405238402061, "order": 7, "uparea": 411771.4906387474 }, "geometry": { "type": "LineString", "coordinates": [ [ 70.806666666666658, 30.0725 ], [ 70.80416666666666, 30.075833333333343 ], [ 70.7975, 30.079166666666673 ], [ 70.796666666666667, 30.085833333333341 ], [ 70.793333333333322, 30.089166666666674 ], [ 70.795, 30.090833333333343 ], [ 70.795, 30.095 ], [ 70.793333333333322, 30.096666666666675 ] ] } },
{ "type": "Feature", "properties": { "COMID": 45018442, "id": "37044", "lengthkm": 1.2458742900742319, "order": 7, "uparea": 411799.60449122603 }, "geometry": { "type": "LineString", "coordinates": [ [ 70.814166666666665, 30.064166666666672 ], [ 70.806666666666658, 30.0725 ] ] } },
{ "type": "Feature", "properties": { "COMID": 45018441, "id": "37044", "lengthkm": 26.789539704372331, "order": 7, "uparea": 411972.89481832687 }, "geometry": { "type": "LineString", "coordinates": [ [ 70.806666666666658, 29.896666666666675 ], [ 70.793333333333322, 29.913333333333341 ], [ 70.789166666666659, 29.924166666666675 ], [ 70.7825, 29.93 ], [ 70.776666666666657, 29.93 ], [ 70.775, 29.931666666666676 ], [ 70.775, 29.939166666666672 ], [ 70.7725, 29.941666666666677 ], [ 70.7725, 29.944166666666675 ], [ 70.775833333333324, 29.949166666666674 ], [ 70.775833333333324, 29.9525 ], [ 70.779166666666669, 29.954166666666673 ], [ 70.784166666666664, 29.960833333333341 ], [ 70.7875, 29.961666666666673 ], [ 70.791666666666657, 29.958333333333343 ], [ 70.8025, 29.958333333333343 ], [ 70.806666666666658, 29.961666666666673 ], [ 70.806666666666658, 29.965 ], [ 70.811666666666667, 29.971666666666675 ], [ 70.810833333333335, 29.973333333333343 ], [ 70.814166666666665, 29.985 ], [ 70.806666666666658, 29.994166666666672 ], [ 70.799166666666665, 29.9925 ], [ 70.796666666666667, 29.995 ], [ 70.796666666666667, 29.9975 ], [ 70.79, 30.004166666666677 ], [ 70.79, 30.0075 ], [ 70.7925, 30.0175 ], [ 70.795, 30.02 ], [ 70.7975, 30.02 ], [ 70.80083333333333, 30.024166666666673 ], [ 70.80416666666666, 30.0325 ], [ 70.803333333333327, 30.0375 ], [ 70.806666666666658, 30.041666666666675 ], [ 70.808333333333323, 30.0475 ], [ 70.81583333333333, 30.053333333333342 ], [ 70.81583333333333, 30.06 ], [ 70.814166666666665, 30.064166666666672 ] ] } },
{ "type": "Feature", "properties": { "COMID": 45018440, "id": "37044", "lengthkm": 9.1709729641396187, "order": 7, "uparea": 412050.0900093189 }, "geometry": { "type": "LineString", "coordinates": [ [ 70.7875, 29.82833333333334 ], [ 70.79, 29.835 ], [ 70.790833333333325, 29.845833333333342 ], [ 70.796666666666667, 29.848333333333343 ], [ 70.796666666666667, 29.8525 ], [ 70.8, 29.855833333333344 ], [ 70.8025, 29.863333333333344 ], [ 70.810833333333335, 29.869166666666676 ], [ 70.810833333333335, 29.873333333333342 ], [ 70.806666666666658, 29.88333333333334 ], [ 70.808333333333323, 29.885833333333341 ], [ 70.806666666666658, 29.896666666666675 ] ] } },
{ "type": "Feature", "properties": { "COMID": 45018439, "id": "37044", "lengthkm": 8.5317777575561653, "order": 7, "uparea": 412117.10120609094 }, "geometry": { "type": "LineString", "coordinates": [ [ 70.7825, 29.759166666666673 ], [ 70.7825, 29.763333333333343 ], [ 70.775, 29.7825 ], [ 70.78, 29.791666666666675 ], [ 70.78, 29.8 ], [ 70.785833333333329, 29.8075 ], [ 70.785833333333329, 29.82083333333334 ], [ 70.7875, 29.82833333333334 ] ] } },
{ "type": "Feature", "properties": { "COMID": 45018438, "id": "37044", "lengthkm": 15.053204649039472, "order": 7, "uparea": 412356.15126077353 }, "geometry": { "type": "LineString", "coordinates": [ [ 70.710833333333326, 29.655833333333341 ], [ 70.7225, 29.665833333333342 ], [ 70.729166666666657, 29.675 ], [ 70.7325, 29.685 ], [ 70.731666666666669, 29.694166666666675 ], [ 70.734166666666667, 29.6975 ], [ 70.734166666666667, 29.708333333333343 ], [ 70.7375, 29.711666666666673 ], [ 70.73833333333333, 29.715833333333343 ], [ 70.751666666666665, 29.7325 ], [ 70.751666666666665, 29.7375 ], [ 70.755833333333328, 29.740833333333342 ], [ 70.775833333333324, 29.749166666666675 ], [ 70.781666666666666, 29.755833333333342 ], [ 70.7825, 29.759166666666673 ] ] } },
{ "type": "Feature", "properties": { "COMID": 45022508, "id": "37044", "lengthkm": 21.675502711497153, "order": 7, "uparea": 412516.68684205326 }, "geometry": { "type": "LineString", "coordinates": [ [ 70.688333333333333, 29.486666666666675 ], [ 70.693333333333328, 29.493333333333339 ], [ 70.69, 29.504166666666677 ], [ 70.69, 29.519166666666674 ], [ 70.6925, 29.5225 ], [ 70.6925, 29.526666666666674 ], [ 70.688333333333333, 29.535 ], [ 70.686666666666667, 29.5425 ], [ 70.68416666666667, 29.545 ], [ 70.685, 29.553333333333342 ], [ 70.689166666666665, 29.561666666666675 ], [ 70.6925, 29.565 ], [ 70.701666666666668, 29.569166666666675 ], [ 70.72, 29.594166666666673 ], [ 70.718333333333334, 29.5975 ], [ 70.718333333333334, 29.61 ], [ 70.715, 29.6175 ], [ 70.715833333333336, 29.623333333333342 ], [ 70.711666666666659, 29.6325 ], [ 70.711666666666659, 29.636666666666677 ], [ 70.709166666666661, 29.639166666666675 ], [ 70.710833333333326, 29.655833333333341 ] ] } },
{ "type": "Feature", "properties": { "COMID": 45022507, "id": "37044", "lengthkm": 2.5882987728277782, "order": 7, "uparea": 412609.93954647455 }, "geometry": { "type": "LineString", "coordinates": [ [ 70.685833333333335, 29.465833333333343 ], [ 70.683333333333323, 29.471666666666675 ], [ 70.683333333333323, 29.479166666666675 ], [ 70.688333333333333, 29.484166666666674 ], [ 70.688333333333333, 29.486666666666675 ] ] } },
{ "type": "Feature", "properties": { "COMID": 45022506, "id": "37044", "lengthkm": 2.1198321844304608, "order": 7, "uparea": 412658.33304444811 }, "geometry": { "type": "LineString", "coordinates": [ [ 70.7025, 29.455833333333342 ], [ 70.69, 29.461666666666673 ], [ 70.685833333333335, 29.465833333333343 ] ] } },
{ "type": "Feature", "properties": { "COMID": 45022505, "id": "37044", "lengthkm": 0.338397799991564, "order": 7, "uparea": 412710.46505099506 }, "geometry": { "type": "LineString", "coordinates": [ [ 70.704166666666666, 29.45333333333334 ], [ 70.7025, 29.455833333333342 ] ] } },
{ "type": "Feature", "properties": { "COMID": 45022504, "id": "37044", "lengthkm": 8.9244356389956803, "order": 7, "uparea": 412764.03043247241 }, "geometry": { "type": "LineString", "coordinates": [ [ 70.686666666666667, 29.386666666666677 ], [ 70.68416666666667, 29.396666666666675 ], [ 70.689166666666665, 29.401666666666674 ], [ 70.689166666666665, 29.405 ], [ 70.685, 29.41 ], [ 70.685833333333335, 29.418333333333344 ], [ 70.695833333333326, 29.429166666666674 ], [ 70.6975, 29.434166666666677 ], [ 70.7025, 29.436666666666675 ], [ 70.7075, 29.444166666666675 ], [ 70.704166666666666, 29.45333333333334 ] ] } },
{ "type": "Feature", "properties": { "COMID": 45022503, "id": "37044", "lengthkm": 40.891558012405312, "order": 7, "uparea": 413299.71059662796 }, "geometry": { "type": "LineString", "coordinates": [ [ 70.650833333333324, 29.1075 ], [ 70.656666666666666, 29.101666666666674 ], [ 70.660833333333329, 29.101666666666674 ], [ 70.664166666666659, 29.105 ], [ 70.678333333333327, 29.106666666666676 ], [ 70.693333333333328, 29.120833333333344 ], [ 70.694166666666661, 29.131666666666675 ], [ 70.691666666666663, 29.144166666666678 ], [ 70.691666666666663, 29.160833333333343 ], [ 70.694166666666661, 29.1675 ], [ 70.694166666666661, 29.1725 ], [ 70.691666666666663, 29.1775 ], [ 70.695, 29.1825 ], [ 70.695, 29.18833333333334 ], [ 70.6975, 29.190833333333341 ], [ 70.6975, 29.198333333333341 ], [ 70.695833333333326, 29.200833333333343 ], [ 70.696666666666658, 29.205 ], [ 70.695, 29.21 ], [ 70.700833333333335, 29.215833333333343 ], [ 70.7125, 29.221666666666675 ], [ 70.7125, 29.225 ], [ 70.709166666666661, 29.23 ], [ 70.709166666666661, 29.238333333333344 ], [ 70.7075, 29.240833333333342 ], [ 70.7025, 29.245 ], [ 70.694166666666661, 29.245833333333344 ], [ 70.69083333333333, 29.249166666666675 ], [ 70.688333333333333, 29.255 ], [ 70.6925, 29.261666666666677 ], [ 70.69083333333333, 29.268333333333342 ], [ 70.695833333333326, 29.276666666666674 ], [ 70.694166666666661, 29.2875 ], [ 70.700833333333335, 29.2975 ], [ 70.700833333333335, 29.305 ], [ 70.705, 29.3125 ], [ 70.704166666666666, 29.315833333333341 ], [ 70.705833333333331, 29.319166666666675 ], [ 70.7025, 29.325833333333343 ], [ 70.6825, 29.343333333333341 ], [ 70.68, 29.35 ], [ 70.678333333333327, 29.368333333333339 ], [ 70.6825, 29.380833333333342 ], [ 70.686666666666667, 29.386666666666677 ] ] } },
{ "type": "Feature", "properties": { "COMID": 45022502, "id": "37044", "lengthkm": 5.1753723494641619, "order": 7, "uparea": 413349.57209739788 }, "geometry": { "type": "LineString", "coordinates": [ [ 70.6175, 29.080833333333342 ], [ 70.618333333333325, 29.0875 ], [ 70.62166666666667, 29.090833333333343 ], [ 70.6275, 29.095 ], [ 70.635833333333323, 29.095833333333342 ], [ 70.639166666666668, 29.101666666666674 ], [ 70.644166666666663, 29.105833333333344 ], [ 70.650833333333324, 29.1075 ] ] } },
{ "type": "Feature", "properties": { "COMID": 45022501, "id": "37044", "lengthkm": 8.550671100559736, "order": 8, "uparea": 694109.00468849204 }, "geometry": { "type": "LineString", "coordinates": [ [ 70.571666666666658, 29.024166666666673 ], [ 70.5775, 29.030833333333341 ], [ 70.576666666666668, 29.033333333333342 ], [ 70.580833333333331, 29.040833333333342 ], [ 70.58, 29.045 ], [ 70.585, 29.0525 ], [ 70.595, 29.061666666666675 ], [ 70.603333333333325, 29.065833333333345 ], [ 70.609166666666667, 29.07083333333334 ], [ 70.6175, 29.080833333333342 ] ] } },
{ "type": "Feature", "properties": { "COMID": 45022500, "id": "37044", "lengthkm": 3.9849245568691729, "order": 8, "uparea": 694220.25549729599 }, "geometry": { "type": "LineString", "coordinates": [ [ 70.586666666666659, 28.994166666666676 ], [ 70.580833333333331, 29.00083333333334 ], [ 70.580833333333331, 29.006666666666675 ], [ 70.575833333333335, 29.016666666666673 ], [ 70.5725, 29.02 ], [ 70.571666666666658, 29.024166666666673 ] ] } },
{ "type": "Feature", "properties": { "COMID": 45022499, "id": "37044", "lengthkm": 2.4052873739025742, "order": 8, "uparea": 694271.26496319158 }, "geometry": { "type": "LineString", "coordinates": [ [ 70.5825, 28.975 ], [ 70.586666666666659, 28.981666666666676 ], [ 70.586666666666659, 28.994166666666676 ] ] } },
{ "type": "Feature", "properties": { "COMID": 45022498, "id": "37044", "lengthkm": 5.575188132316713, "order": 8, "uparea": 694340.64501228149 }, "geometry": { "type": "LineString", "coordinates": [ [ 70.538333333333327, 28.978333333333342 ], [ 70.55, 28.978333333333342 ], [ 70.56, 28.9675 ], [ 70.56583333333333, 28.965833333333343 ], [ 70.57, 28.965833333333343 ], [ 70.5825, 28.975 ] ] } },
{ "type": "Feature", "properties": { "COMID": 45026948, "id": "37044", "lengthkm": 26.967780072702471, "order": 8, "uparea": 694493.60835969227 }, "geometry": { "type": "LineString", "coordinates": [ [ 70.389166666666668, 28.831666666666678 ], [ 70.4025, 28.8375 ], [ 70.41, 28.845 ], [ 70.409166666666664, 28.848333333333343 ], [ 70.415, 28.8575 ], [ 70.414166666666659, 28.859166666666674 ], [ 70.4175, 28.8625 ], [ 70.421666666666667, 28.8625 ], [ 70.423333333333332, 28.865 ], [ 70.44, 28.863333333333344 ], [ 70.446666666666658, 28.873333333333342 ], [ 70.45, 28.88333333333334 ], [ 70.455, 28.8875 ], [ 70.459166666666661, 28.901666666666678 ], [ 70.464166666666657, 28.91 ], [ 70.4775, 28.915833333333342 ], [ 70.483333333333334, 28.915 ], [ 70.484166666666667, 28.918333333333344 ], [ 70.48833333333333, 28.9175 ], [ 70.49166666666666, 28.9225 ], [ 70.495833333333323, 28.923333333333343 ], [ 70.498333333333335, 28.925833333333344 ], [ 70.501666666666665, 28.930833333333339 ], [ 70.5, 28.935833333333342 ], [ 70.498333333333335, 28.936666666666675 ], [ 70.499166666666667, 28.948333333333341 ], [ 70.505, 28.96 ], [ 70.508333333333326, 28.963333333333342 ], [ 70.514166666666668, 28.9625 ], [ 70.524166666666659, 28.973333333333343 ], [ 70.538333333333327, 28.978333333333342 ] ] } },
{ "type": "Feature", "properties": { "COMID": 45026946, "id": "37044", "lengthkm": 4.196408377782852, "order": 8, "uparea": 694600.38637904671 }, "geometry": { "type": "LineString", "coordinates": [ [ 70.350833333333327, 28.825833333333343 ], [ 70.3725, 28.825833333333343 ], [ 70.385, 28.831666666666678 ], [ 70.389166666666668, 28.831666666666678 ] ] } },
{ "type": "Feature", "properties": { "COMID": 45026945, "id": "37044", "lengthkm": 10.103787458180069, "order": 8, "uparea": 694729.10518677882 }, "geometry": { "type": "LineString", "coordinates": [ [ 70.258333333333326, 28.82083333333334 ], [ 70.281666666666666, 28.8175 ], [ 70.294166666666669, 28.819166666666675 ], [ 70.30416666666666, 28.8175 ], [ 70.324166666666656, 28.825 ], [ 70.330833333333331, 28.823333333333341 ], [ 70.345, 28.823333333333341 ], [ 70.350833333333327, 28.825833333333343 ] ] } },
{ "type": "Feature", "properties": { "COMID": 45026944, "id": "37044", "lengthkm": 0.52912021563301204, "order": 8, "uparea": 694762.17397426162 }, "geometry": { "type": "LineString", "coordinates": [ [ 70.25333333333333, 28.82 ], [ 70.258333333333326, 28.82083333333334 ] ] } },
{ "type": "Feature", "properties": { "COMID": 45026943, "id": "37044", "lengthkm": 1.635081047167718, "order": 8, "uparea": 712274.05577187939 }, "geometry": { "type": "LineString", "coordinates": [ [ 70.24, 28.81333333333334 ], [ 70.245833333333337, 28.8175 ], [ 70.25333333333333, 28.82 ] ] } },
{ "type": "Feature", "properties": { "COMID": 45026942, "id": "37044", "lengthkm": 3.8444448122293671, "order": 8, "uparea": 712313.23790665797 }, "geometry": { "type": "LineString", "coordinates": [ [ 70.209166666666661, 28.798333333333343 ], [ 70.215833333333336, 28.798333333333343 ], [ 70.2225, 28.804166666666674 ], [ 70.2275, 28.805 ], [ 70.24, 28.81333333333334 ] ] } },
{ "type": "Feature", "properties": { "COMID": 45026941, "id": "37044", "lengthkm": 19.134266524289998, "order": 8, "uparea": 712463.98799553642 }, "geometry": { "type": "LineString", "coordinates": [ [ 70.129166666666663, 28.6725 ], [ 70.129166666666663, 28.675833333333344 ], [ 70.133333333333326, 28.683333333333344 ], [ 70.133333333333326, 28.6875 ], [ 70.135833333333323, 28.690833333333345 ], [ 70.1375, 28.70333333333334 ], [ 70.141666666666666, 28.706666666666678 ], [ 70.141666666666666, 28.71 ], [ 70.145833333333329, 28.715833333333343 ], [ 70.1425, 28.7175 ], [ 70.1425, 28.72 ], [ 70.15, 28.73 ], [ 70.1575, 28.735 ], [ 70.159166666666664, 28.740833333333342 ], [ 70.164166666666659, 28.745833333333344 ], [ 70.173333333333332, 28.745833333333344 ], [ 70.17583333333333, 28.7475 ], [ 70.185833333333335, 28.746666666666677 ], [ 70.19083333333333, 28.75083333333334 ], [ 70.195833333333326, 28.75833333333334 ], [ 70.199166666666656, 28.773333333333341 ], [ 70.203333333333333, 28.781666666666673 ], [ 70.201666666666668, 28.788333333333341 ], [ 70.209166666666661, 28.798333333333343 ] ] } },
{ "type": "Feature", "properties": { "COMID": 45026940, "id": "37044", "lengthkm": 1.835966345497829, "order": 8, "uparea": 712554.87956731906 }, "geometry": { "type": "LineString", "coordinates": [ [ 70.1175, 28.661666666666676 ], [ 70.124166666666667, 28.665 ], [ 70.129166666666663, 28.6725 ] ] } },
{ "type": "Feature", "properties": { "COMID": 45026939, "id": "37044", "lengthkm": 15.841067081226774, "order": 8, "uparea": 713026.87101838097 }, "geometry": { "type": "LineString", "coordinates": [ [ 70.02, 28.5925 ], [ 70.020833333333329, 28.599166666666676 ], [ 70.025, 28.608333333333341 ], [ 70.0225, 28.611666666666675 ], [ 70.021666666666661, 28.6175 ], [ 70.023333333333326, 28.621666666666677 ], [ 70.03, 28.6275 ], [ 70.041666666666657, 28.63333333333334 ], [ 70.045, 28.636666666666677 ], [ 70.049166666666665, 28.636666666666677 ], [ 70.05916666666667, 28.646666666666675 ], [ 70.073333333333323, 28.645 ], [ 70.075833333333335, 28.644166666666678 ], [ 70.0775, 28.64083333333334 ], [ 70.086666666666659, 28.6425 ], [ 70.09, 28.645833333333343 ], [ 70.0975, 28.645 ], [ 70.103333333333325, 28.646666666666675 ], [ 70.11666666666666, 28.6575 ], [ 70.1175, 28.661666666666676 ] ] } },
{ "type": "Feature", "properties": { "COMID": 45026938, "id": "37044", "lengthkm": 18.026843579595155, "order": 8, "uparea": 713179.33508696314 }, "geometry": { "type": "LineString", "coordinates": [ [ 69.884166666666658, 28.539166666666674 ], [ 69.891666666666666, 28.538333333333341 ], [ 69.906666666666666, 28.541666666666675 ], [ 69.91, 28.544166666666676 ], [ 69.914166666666659, 28.544166666666676 ], [ 69.920833333333334, 28.5425 ], [ 69.925, 28.539166666666674 ], [ 69.9375, 28.539166666666674 ], [ 69.9425, 28.534166666666678 ], [ 69.945833333333326, 28.534166666666678 ], [ 69.95, 28.535833333333343 ], [ 69.948333333333323, 28.54 ], [ 69.949166666666656, 28.541666666666675 ], [ 69.956666666666663, 28.545833333333341 ], [ 69.964166666666657, 28.5475 ], [ 69.981666666666669, 28.5625 ], [ 69.99, 28.565833333333345 ], [ 69.995833333333337, 28.571666666666676 ], [ 70.010833333333323, 28.57833333333334 ], [ 70.018333333333331, 28.586666666666673 ], [ 70.02, 28.5925 ] ] } },
{ "type": "Feature", "properties": { "COMID": 45026937, "id": "37044", "lengthkm": 8.5432413779990863, "order": 8, "uparea": 715705.76616665209 }, "geometry": { "type": "LineString", "coordinates": [ [ 69.825, 28.496666666666677 ], [ 69.834166666666661, 28.505833333333342 ], [ 69.8425, 28.519166666666678 ], [ 69.853333333333325, 28.53 ], [ 69.86333333333333, 28.531666666666673 ], [ 69.875, 28.540833333333342 ], [ 69.884166666666658, 28.539166666666674 ] ] } },
{ "type": "Feature", "properties": { "COMID": 45026936, "id": "37044", "lengthkm": 11.850686222807205, "order": 8, "uparea": 715840.36816750199 }, "geometry": { "type": "LineString", "coordinates": [ [ 69.735, 28.443333333333342 ], [ 69.74166666666666, 28.44583333333334 ], [ 69.7475, 28.450833333333343 ], [ 69.751666666666665, 28.450833333333343 ], [ 69.758333333333326, 28.458333333333343 ], [ 69.77, 28.4675 ], [ 69.7825, 28.470833333333342 ], [ 69.795833333333334, 28.484166666666674 ], [ 69.803333333333327, 28.484166666666674 ], [ 69.814166666666665, 28.49 ], [ 69.818333333333328, 28.494166666666676 ], [ 69.825, 28.496666666666677 ] ] } },
{ "type": "Feature", "properties": { "COMID": 45026935, "id": "37044", "lengthkm": 3.4000631224601721, "order": 8, "uparea": 717828.80684695439 }, "geometry": { "type": "LineString", "coordinates": [ [ 69.7125, 28.4225 ], [ 69.723333333333329, 28.435833333333342 ], [ 69.730833333333337, 28.439166666666676 ], [ 69.735, 28.443333333333342 ] ] } },
{ "type": "Feature", "properties": { "COMID": 45026934, "id": "37044", "lengthkm": 0.64819039516898502, "order": 8, "uparea": 717997.44677729532 }, "geometry": { "type": "LineString", "coordinates": [ [ 69.71, 28.4175 ], [ 69.7125, 28.4225 ] ] } },
{ "type": "Feature", "properties": { "COMID": 45031344, "id": "37044", "lengthkm": 10.90656646350692, "order": 8, "uparea": 718163.75414190907 }, "geometry": { "type": "LineString", "coordinates": [ [ 69.693333333333328, 28.3325 ], [ 69.69083333333333, 28.335 ], [ 69.691666666666663, 28.34 ], [ 69.698333333333323, 28.3475 ], [ 69.699166666666656, 28.3525 ], [ 69.694166666666661, 28.359166666666674 ], [ 69.691666666666663, 28.379166666666677 ], [ 69.6975, 28.3875 ], [ 69.699166666666656, 28.405833333333341 ], [ 69.7025, 28.411666666666676 ], [ 69.71, 28.4175 ] ] } },
{ "type": "Feature", "properties": { "COMID": 45031343, "id": "37044", "lengthkm": 22.765749322144874, "order": 8, "uparea": 718341.15355420392 }, "geometry": { "type": "LineString", "coordinates": [ [ 69.5225, 28.284166666666678 ], [ 69.53, 28.275833333333342 ], [ 69.558333333333337, 28.269166666666678 ], [ 69.565, 28.270833333333343 ], [ 69.5675, 28.274166666666677 ], [ 69.573333333333323, 28.275 ], [ 69.588333333333324, 28.289166666666674 ], [ 69.591666666666669, 28.293333333333344 ], [ 69.594166666666666, 28.305833333333343 ], [ 69.599166666666662, 28.31 ], [ 69.611666666666665, 28.313333333333343 ], [ 69.61666666666666, 28.316666666666677 ], [ 69.62833333333333, 28.315 ], [ 69.63, 28.316666666666677 ], [ 69.6375, 28.3175 ], [ 69.654166666666669, 28.3325 ], [ 69.656666666666666, 28.3325 ], [ 69.663333333333327, 28.326666666666675 ], [ 69.6725, 28.323333333333345 ], [ 69.68, 28.324166666666677 ], [ 69.68416666666667, 28.32833333333334 ], [ 69.69, 28.32833333333334 ], [ 69.693333333333328, 28.3325 ] ] } },
{ "type": "Feature", "properties": { "COMID": 45031342, "id": "37044", "lengthkm": 26.557111213514329, "order": 8, "uparea": 718598.53908972372 }, "geometry": { "type": "LineString", "coordinates": [ [ 69.38, 28.195 ], [ 69.3875, 28.209166666666675 ], [ 69.396666666666661, 28.219166666666673 ], [ 69.399166666666659, 28.224166666666676 ], [ 69.411666666666662, 28.235833333333343 ], [ 69.415, 28.236666666666675 ], [ 69.43416666666667, 28.235 ], [ 69.443333333333328, 28.23 ], [ 69.45, 28.231666666666676 ], [ 69.456666666666663, 28.228333333333342 ], [ 69.466666666666669, 28.218333333333341 ], [ 69.484166666666667, 28.211666666666677 ], [ 69.490833333333327, 28.213333333333342 ], [ 69.495, 28.2175 ], [ 69.500833333333333, 28.218333333333341 ], [ 69.50333333333333, 28.220833333333342 ], [ 69.50333333333333, 28.225 ], [ 69.499166666666667, 28.228333333333342 ], [ 69.5, 28.231666666666676 ], [ 69.4975, 28.235 ], [ 69.49166666666666, 28.255833333333342 ], [ 69.4925, 28.264166666666675 ], [ 69.495, 28.270833333333343 ], [ 69.501666666666665, 28.279166666666676 ], [ 69.508333333333326, 28.2825 ], [ 69.51, 28.281666666666673 ], [ 69.5125, 28.283333333333342 ], [ 69.5225, 28.284166666666678 ] ] } },
{ "type": "Feature", "properties": { "COMID": 45031341, "id": "37044", "lengthkm": 6.2388793093101764, "order": 8, "uparea": 718653.57007076137 }, "geometry": { "type": "LineString", "coordinates": [ [ 69.3675, 28.144166666666678 ], [ 69.37166666666667, 28.153333333333343 ], [ 69.37166666666667, 28.160833333333343 ], [ 69.375, 28.166666666666679 ], [ 69.374166666666667, 28.170833333333341 ], [ 69.3775, 28.179166666666674 ], [ 69.3775, 28.19 ], [ 69.38, 28.195 ] ] } },
{ "type": "Feature", "properties": { "COMID": 45031340, "id": "37044", "lengthkm": 23.809422622173923, "order": 8, "uparea": 719233.96853579825 }, "geometry": { "type": "LineString", "coordinates": [ [ 69.223333333333329, 28.074166666666677 ], [ 69.235833333333332, 28.07 ], [ 69.251666666666665, 28.0575 ], [ 69.260833333333323, 28.0575 ], [ 69.2675, 28.0625 ], [ 69.27, 28.066666666666677 ], [ 69.27, 28.073333333333345 ], [ 69.268333333333331, 28.075 ], [ 69.2675, 28.081666666666678 ], [ 69.265, 28.084166666666675 ], [ 69.265833333333333, 28.0875 ], [ 69.264166666666668, 28.094166666666673 ], [ 69.2725, 28.1125 ], [ 69.276666666666671, 28.1175 ], [ 69.281666666666666, 28.12 ], [ 69.284166666666664, 28.124166666666675 ], [ 69.3025, 28.125833333333343 ], [ 69.3175, 28.121666666666677 ], [ 69.331666666666663, 28.121666666666677 ], [ 69.339166666666671, 28.126666666666676 ], [ 69.3425, 28.125 ], [ 69.345833333333331, 28.125833333333343 ], [ 69.35, 28.13 ], [ 69.360833333333332, 28.135833333333345 ], [ 69.3675, 28.144166666666678 ] ] } },
{ "type": "Feature", "properties": { "COMID": 45031339, "id": "37044", "lengthkm": 8.645352700308905, "order": 8, "uparea": 719316.2911320877 }, "geometry": { "type": "LineString", "coordinates": [ [ 69.144166666666663, 28.073333333333345 ], [ 69.1475, 28.07 ], [ 69.156666666666666, 28.07 ], [ 69.18416666666667, 28.075833333333343 ], [ 69.1975, 28.076666666666675 ], [ 69.204166666666666, 28.075 ], [ 69.206666666666663, 28.0725 ], [ 69.2125, 28.074166666666677 ], [ 69.223333333333329, 28.074166666666677 ] ] } },
{ "type": "Feature", "properties": { "COMID": 45031338, "id": "37044", "lengthkm": 16.906501876606345, "order": 8, "uparea": 719997.55243481952 }, "geometry": { "type": "LineString", "coordinates": [ [ 69.035833333333329, 28.026666666666678 ], [ 69.035833333333329, 28.0475 ], [ 69.0425, 28.064166666666676 ], [ 69.049166666666665, 28.0725 ], [ 69.055, 28.073333333333345 ], [ 69.060833333333335, 28.07833333333334 ], [ 69.071666666666658, 28.08 ], [ 69.085, 28.070833333333344 ], [ 69.0875, 28.0675 ], [ 69.100833333333327, 28.061666666666675 ], [ 69.108333333333334, 28.061666666666675 ], [ 69.1225, 28.065833333333345 ], [ 69.134166666666658, 28.071666666666676 ], [ 69.144166666666663, 28.073333333333345 ] ] } },
{ "type": "Feature", "properties": { "COMID": 45031337, "id": "37044", "lengthkm": 5.0553832652608088, "order": 8, "uparea": 720055.64252519608 }, "geometry": { "type": "LineString", "coordinates": [ [ 69.039166666666659, 27.985 ], [ 69.041666666666657, 27.988333333333344 ], [ 69.0425, 27.994166666666676 ], [ 69.035833333333329, 28.026666666666678 ] ] } },
{ "type": "Feature", "properties": { "COMID": 45031336, "id": "37044", "lengthkm": 23.928026427529158, "order": 8, "uparea": 720207.22080329061 }, "geometry": { "type": "LineString", "coordinates": [ [ 68.935, 27.919166666666676 ], [ 68.941666666666663, 27.92 ], [ 68.946666666666658, 27.918333333333344 ], [ 68.94916666666667, 27.92 ], [ 68.956666666666663, 27.92 ], [ 68.9625, 27.916666666666679 ], [ 68.975, 27.916666666666679 ], [ 68.984166666666667, 27.910833333333343 ], [ 68.985, 27.906666666666677 ], [ 68.993333333333325, 27.898333333333341 ], [ 69.005, 27.893333333333345 ], [ 69.01166666666667, 27.893333333333345 ], [ 69.014166666666668, 27.895833333333343 ], [ 69.0175, 27.895833333333343 ], [ 69.0225, 27.900833333333345 ], [ 69.028333333333336, 27.9025 ], [ 69.045833333333334, 27.919166666666676 ], [ 69.0525, 27.9225 ], [ 69.056666666666658, 27.928333333333342 ], [ 69.055833333333325, 27.934166666666677 ], [ 69.04, 27.9425 ], [ 69.035, 27.946666666666676 ], [ 69.0325, 27.95333333333334 ], [ 69.031666666666666, 27.956666666666678 ], [ 69.035833333333329, 27.97 ], [ 69.033333333333331, 27.975 ], [ 69.036666666666662, 27.9775 ], [ 69.039166666666659, 27.985 ] ] } },
{ "type": "Feature", "properties": { "COMID": 45031335, "id": "37044", "lengthkm": 11.298976075927918, "order": 8, "uparea": 720267.65667102311 }, "geometry": { "type": "LineString", "coordinates": [ [ 68.935, 27.829166666666676 ], [ 68.931666666666658, 27.835 ], [ 68.931666666666658, 27.84 ], [ 68.920833333333334, 27.855 ], [ 68.918333333333337, 27.860833333333343 ], [ 68.92, 27.885 ], [ 68.9225, 27.89083333333334 ], [ 68.924166666666665, 27.901666666666678 ], [ 68.926666666666662, 27.905833333333341 ], [ 68.926666666666662, 27.909166666666678 ], [ 68.935, 27.919166666666676 ] ] } },
{ "type": "Feature", "properties": { "COMID": 45031334, "id": "37044", "lengthkm": 10.854470374262039, "order": 8, "uparea": 720352.41136622441 }, "geometry": { "type": "LineString", "coordinates": [ [ 68.906666666666666, 27.755833333333342 ], [ 68.9075, 27.759166666666676 ], [ 68.920833333333334, 27.7725 ], [ 68.926666666666662, 27.784166666666678 ], [ 68.924166666666665, 27.795 ], [ 68.9275, 27.799166666666679 ], [ 68.9275, 27.8025 ], [ 68.92, 27.810833333333342 ], [ 68.92, 27.814166666666676 ], [ 68.923333333333332, 27.815833333333345 ], [ 68.93, 27.815833333333345 ], [ 68.933333333333337, 27.818333333333342 ], [ 68.936666666666667, 27.8225 ], [ 68.935, 27.829166666666676 ] ] } },
{ "type": "Feature", "properties": { "COMID": 45035617, "id": "37044", "lengthkm": 8.8148458587319833, "order": 8, "uparea": 720806.50809727504 }, "geometry": { "type": "LineString", "coordinates": [ [ 68.9725, 27.738333333333344 ], [ 68.9725, 27.7425 ], [ 68.969166666666666, 27.7475 ], [ 68.960833333333326, 27.753333333333345 ], [ 68.946666666666658, 27.751666666666676 ], [ 68.938333333333333, 27.746666666666677 ], [ 68.928333333333327, 27.743333333333343 ], [ 68.921666666666667, 27.743333333333343 ], [ 68.915, 27.745833333333344 ], [ 68.906666666666666, 27.755833333333342 ] ] } },
{ "type": "Feature", "properties": { "COMID": 45035616, "id": "37044", "lengthkm": 5.3145249460224511, "order": 8, "uparea": 720970.37176067394 }, "geometry": { "type": "LineString", "coordinates": [ [ 68.94, 27.7075 ], [ 68.9525, 27.713333333333345 ], [ 68.968333333333334, 27.725833333333341 ], [ 68.9725, 27.731666666666676 ], [ 68.9725, 27.738333333333344 ] ] } },
{ "type": "Feature", "properties": { "COMID": 45035615, "id": "37044", "lengthkm": 5.1367013931669954, "order": 8, "uparea": 721151.39022426785 }, "geometry": { "type": "LineString", "coordinates": [ [ 68.893333333333331, 27.696666666666676 ], [ 68.9025, 27.696666666666676 ], [ 68.92, 27.70333333333334 ], [ 68.94, 27.7075 ] ] } },
{ "type": "Feature", "properties": { "COMID": 45035614, "id": "37044", "lengthkm": 4.4849107363797884, "order": 8, "uparea": 721200.78510424017 }, "geometry": { "type": "LineString", "coordinates": [ [ 68.855833333333337, 27.6825 ], [ 68.885, 27.694166666666675 ], [ 68.889166666666668, 27.693333333333342 ], [ 68.893333333333331, 27.696666666666676 ] ] } },
{ "type": "Feature", "properties": { "COMID": 45035613, "id": "37044", "lengthkm": 0.65920788276590903, "order": 8, "uparea": 722513.58506188809 }, "geometry": { "type": "LineString", "coordinates": [ [ 68.850833333333327, 27.679166666666674 ], [ 68.855833333333337, 27.6825 ] ] } },
{ "type": "Feature", "properties": { "COMID": 45035612, "id": "37044", "lengthkm": 0.65784239676258904, "order": 8, "uparea": 722560.52017581521 }, "geometry": { "type": "LineString", "coordinates": [ [ 68.845, 27.6775 ], [ 68.850833333333327, 27.679166666666674 ] ] } },
{ "type": "Feature", "properties": { "COMID": 45035611, "id": "37044", "lengthkm": 2.1794084962279281, "order": 8, "uparea": 722643.66939963412 }, "geometry": { "type": "LineString", "coordinates": [ [ 68.825833333333335, 27.671666666666674 ], [ 68.831666666666663, 27.675 ], [ 68.845, 27.6775 ] ] } },
{ "type": "Feature", "properties": { "COMID": 45035610, "id": "37044", "lengthkm": 13.59351269015178, "order": 8, "uparea": 722709.36783217953 }, "geometry": { "type": "LineString", "coordinates": [ [ 68.724166666666662, 27.705 ], [ 68.725833333333327, 27.706666666666678 ], [ 68.73833333333333, 27.705 ], [ 68.7425, 27.700833333333343 ], [ 68.74666666666667, 27.7 ], [ 68.7525, 27.690833333333345 ], [ 68.759166666666658, 27.685833333333342 ], [ 68.763333333333335, 27.675 ], [ 68.766666666666666, 27.671666666666674 ], [ 68.775833333333324, 27.6675 ], [ 68.780833333333334, 27.669166666666676 ], [ 68.786666666666662, 27.6675 ], [ 68.79, 27.664166666666674 ], [ 68.8, 27.665833333333342 ], [ 68.8075, 27.664166666666674 ], [ 68.811666666666667, 27.6675 ], [ 68.825833333333335, 27.671666666666674 ] ] } },
{ "type": "Feature", "properties": { "COMID": 45035609, "id": "37044", "lengthkm": 29.38889155439788, "order": 8, "uparea": 722824.81488652527 }, "geometry": { "type": "LineString", "coordinates": [ [ 68.57416666666667, 27.690833333333345 ], [ 68.576666666666668, 27.696666666666676 ], [ 68.585833333333326, 27.7025 ], [ 68.5875, 27.706666666666678 ], [ 68.594166666666666, 27.711666666666677 ], [ 68.5975, 27.718333333333341 ], [ 68.605, 27.725833333333341 ], [ 68.608333333333334, 27.730833333333344 ], [ 68.611666666666665, 27.741666666666674 ], [ 68.615833333333327, 27.745 ], [ 68.6175, 27.75 ], [ 68.625, 27.759166666666676 ], [ 68.633333333333326, 27.76583333333334 ], [ 68.635833333333323, 27.771666666666675 ], [ 68.648333333333326, 27.783333333333342 ], [ 68.665, 27.79 ], [ 68.669166666666669, 27.79 ], [ 68.673333333333332, 27.7875 ], [ 68.68416666666667, 27.774166666666677 ], [ 68.68416666666667, 27.771666666666675 ], [ 68.688333333333333, 27.765 ], [ 68.685833333333335, 27.758333333333344 ], [ 68.691666666666663, 27.75 ], [ 68.69083333333333, 27.745833333333344 ], [ 68.6925, 27.744166666666676 ], [ 68.69083333333333, 27.7425 ], [ 68.700833333333335, 27.731666666666676 ], [ 68.7, 27.7275 ], [ 68.705, 27.7225 ], [ 68.705833333333331, 27.718333333333341 ], [ 68.709166666666661, 27.715 ], [ 68.710833333333326, 27.715833333333343 ], [ 68.7175, 27.7075 ], [ 68.718333333333334, 27.708333333333343 ], [ 68.724166666666662, 27.705 ] ] } },
{ "type": "Feature", "properties": { "COMID": 45035608, "id": "37044", "lengthkm": 8.9178648726943948, "order": 8, "uparea": 722957.98013355059 }, "geometry": { "type": "LineString", "coordinates": [ [ 68.513333333333335, 27.715 ], [ 68.516666666666666, 27.710833333333341 ], [ 68.518333333333331, 27.711666666666677 ], [ 68.524166666666659, 27.708333333333343 ], [ 68.526666666666671, 27.704166666666676 ], [ 68.531666666666666, 27.7025 ], [ 68.535, 27.698333333333345 ], [ 68.534166666666664, 27.695 ], [ 68.535833333333329, 27.6925 ], [ 68.545, 27.685 ], [ 68.55083333333333, 27.683333333333344 ], [ 68.55416666666666, 27.684166666666677 ], [ 68.5575, 27.681666666666676 ], [ 68.564166666666665, 27.684166666666677 ], [ 68.57416666666667, 27.690833333333345 ] ] } },
{ "type": "Feature", "properties": { "COMID": 45035607, "id": "37044", "lengthkm": 19.738909378812398, "order": 8, "uparea": 723083.04431653966 }, "geometry": { "type": "LineString", "coordinates": [ [ 68.436666666666667, 27.631666666666675 ], [ 68.431666666666658, 27.638333333333343 ], [ 68.428333333333327, 27.638333333333343 ], [ 68.42916666666666, 27.640833333333344 ], [ 68.4225, 27.648333333333341 ], [ 68.421666666666667, 27.654166666666676 ], [ 68.421666666666667, 27.664166666666674 ], [ 68.424166666666665, 27.669166666666676 ], [ 68.428333333333327, 27.674166666666679 ], [ 68.42916666666666, 27.6775 ], [ 68.436666666666667, 27.683333333333344 ], [ 68.43416666666667, 27.689166666666676 ], [ 68.438333333333333, 27.6925 ], [ 68.445833333333326, 27.691666666666677 ], [ 68.448333333333338, 27.694166666666675 ], [ 68.448333333333338, 27.6975 ], [ 68.453333333333333, 27.7 ], [ 68.465, 27.7 ], [ 68.469166666666666, 27.696666666666676 ], [ 68.470833333333331, 27.698333333333345 ], [ 68.4775, 27.6975 ], [ 68.4875, 27.700833333333343 ], [ 68.49166666666666, 27.704166666666676 ], [ 68.493333333333325, 27.70333333333334 ], [ 68.495, 27.705 ], [ 68.4975, 27.70333333333334 ], [ 68.499166666666667, 27.705 ], [ 68.500833333333333, 27.704166666666676 ], [ 68.5075, 27.706666666666678 ], [ 68.5125, 27.706666666666678 ], [ 68.514166666666668, 27.709166666666675 ], [ 68.51, 27.715 ], [ 68.513333333333335, 27.715 ] ] } },
{ "type": "Feature", "properties": { "COMID": 45035606, "id": "37044", "lengthkm": 10.446086497068034, "order": 8, "uparea": 723198.7436753267 }, "geometry": { "type": "LineString", "coordinates": [ [ 68.36666666666666, 27.603333333333342 ], [ 68.373333333333335, 27.6025 ], [ 68.381666666666661, 27.604166666666679 ], [ 68.3875, 27.601666666666674 ], [ 68.395833333333329, 27.6025 ], [ 68.401666666666671, 27.601666666666674 ], [ 68.408333333333331, 27.598333333333343 ], [ 68.411666666666662, 27.598333333333343 ], [ 68.413333333333327, 27.600833333333341 ], [ 68.421666666666667, 27.600833333333341 ], [ 68.425, 27.6025 ], [ 68.436666666666667, 27.615833333333342 ], [ 68.436666666666667, 27.62 ], [ 68.438333333333333, 27.621666666666677 ], [ 68.436666666666667, 27.631666666666675 ] ] } },
{ "type": "Feature", "properties": { "COMID": 45035605, "id": "37044", "lengthkm": 0.57480710766870902, "order": 8, "uparea": 723256.71740359813 }, "geometry": { "type": "LineString", "coordinates": [ [ 68.360833333333332, 27.603333333333342 ], [ 68.36666666666666, 27.603333333333342 ] ] } },
{ "type": "Feature", "properties": { "COMID": 45035604, "id": "37044", "lengthkm": 20.607878585447608, "order": 8, "uparea": 723351.04927540058 }, "geometry": { "type": "LineString", "coordinates": [ [ 68.346666666666664, 27.54 ], [ 68.3425, 27.536666666666676 ], [ 68.339166666666671, 27.536666666666676 ], [ 68.3375, 27.535 ], [ 68.335833333333326, 27.535833333333343 ], [ 68.330833333333331, 27.5325 ], [ 68.313333333333333, 27.53 ], [ 68.308333333333337, 27.534166666666678 ], [ 68.3, 27.534166666666678 ], [ 68.295833333333334, 27.536666666666676 ], [ 68.29, 27.541666666666679 ], [ 68.288333333333327, 27.545833333333341 ], [ 68.289166666666659, 27.55 ], [ 68.295, 27.555 ], [ 68.294166666666669, 27.561666666666675 ], [ 68.2975, 27.565 ], [ 68.2975, 27.569166666666675 ], [ 68.293333333333337, 27.579166666666676 ], [ 68.295833333333334, 27.585833333333341 ], [ 68.303333333333327, 27.593333333333341 ], [ 68.3075, 27.593333333333341 ], [ 68.32, 27.601666666666674 ], [ 68.323333333333338, 27.601666666666674 ], [ 68.325, 27.6 ], [ 68.330833333333331, 27.600833333333341 ], [ 68.334166666666661, 27.599166666666676 ], [ 68.341666666666669, 27.599166666666676 ], [ 68.350833333333327, 27.6025 ], [ 68.360833333333332, 27.603333333333342 ] ] } },
{ "type": "Feature", "properties": { "COMID": 45035603, "id": "37044", "lengthkm": 8.9331569295446478, "order": 8, "uparea": 723402.10034099058 }, "geometry": { "type": "LineString", "coordinates": [ [ 68.380833333333328, 27.506666666666675 ], [ 68.380833333333328, 27.510833333333345 ], [ 68.38666666666667, 27.519166666666678 ], [ 68.385, 27.52 ], [ 68.385833333333338, 27.526666666666678 ], [ 68.3825, 27.531666666666677 ], [ 68.379166666666663, 27.533333333333346 ], [ 68.38, 27.535 ], [ 68.3775, 27.538333333333341 ], [ 68.37833333333333, 27.539166666666677 ], [ 68.374166666666667, 27.543333333333344 ], [ 68.373333333333335, 27.5425 ], [ 68.370833333333337, 27.544166666666676 ], [ 68.3675, 27.5425 ], [ 68.358333333333334, 27.5425 ], [ 68.355833333333337, 27.543333333333344 ], [ 68.355, 27.545833333333341 ], [ 68.35, 27.540833333333342 ], [ 68.346666666666664, 27.54 ] ] } },
{ "type": "Feature", "properties": { "COMID": 45035602, "id": "37044", "lengthkm": 21.659131694553615, "order": 8, "uparea": 723563.70968910749 }, "geometry": { "type": "LineString", "coordinates": [ [ 68.273333333333326, 27.435 ], [ 68.273333333333326, 27.440833333333345 ], [ 68.268333333333331, 27.450833333333343 ], [ 68.270833333333329, 27.4525 ], [ 68.271666666666661, 27.461666666666677 ], [ 68.275833333333338, 27.464166666666678 ], [ 68.275, 27.465 ], [ 68.283333333333331, 27.473333333333343 ], [ 68.285, 27.481666666666676 ], [ 68.299166666666665, 27.490833333333342 ], [ 68.295833333333334, 27.4925 ], [ 68.3, 27.4975 ], [ 68.305833333333325, 27.4925 ], [ 68.3125, 27.494166666666676 ], [ 68.314166666666665, 27.491666666666674 ], [ 68.3125, 27.49 ], [ 68.3225, 27.483333333333341 ], [ 68.334166666666661, 27.481666666666676 ], [ 68.333333333333329, 27.4825 ], [ 68.335833333333326, 27.485 ], [ 68.338333333333338, 27.485 ], [ 68.3475, 27.480833333333344 ], [ 68.353333333333325, 27.480833333333344 ], [ 68.355833333333337, 27.479166666666679 ], [ 68.379166666666663, 27.503333333333345 ], [ 68.380833333333328, 27.506666666666675 ] ] } },
{ "type": "Feature", "properties": { "COMID": 45035601, "id": "37044", "lengthkm": 11.179846654719707, "order": 8, "uparea": 723612.48167111003 }, "geometry": { "type": "LineString", "coordinates": [ [ 68.294166666666669, 27.358333333333341 ], [ 68.293333333333337, 27.359166666666674 ], [ 68.295, 27.361666666666679 ], [ 68.293333333333337, 27.364166666666677 ], [ 68.295833333333334, 27.368333333333343 ], [ 68.295833333333334, 27.375 ], [ 68.294166666666669, 27.376666666666676 ], [ 68.295, 27.379166666666677 ], [ 68.288333333333327, 27.388333333333343 ], [ 68.283333333333331, 27.3925 ], [ 68.2825, 27.396666666666675 ], [ 68.2825, 27.398333333333341 ], [ 68.289166666666659, 27.405 ], [ 68.288333333333327, 27.408333333333346 ], [ 68.2925, 27.41 ], [ 68.2925, 27.415 ], [ 68.289166666666659, 27.4175 ], [ 68.289166666666659, 27.419166666666676 ], [ 68.285, 27.420833333333341 ], [ 68.275833333333338, 27.429166666666674 ], [ 68.273333333333326, 27.435 ] ] } },
{ "type": "Feature", "properties": { "COMID": 45035600, "id": "37044", "lengthkm": 20.411610614677716, "order": 8, "uparea": 724106.69153357798 }, "geometry": { "type": "LineString", "coordinates": [ [ 68.1425, 27.295 ], [ 68.1425, 27.299166666666679 ], [ 68.146666666666661, 27.300833333333344 ], [ 68.161666666666662, 27.326666666666675 ], [ 68.18, 27.341666666666676 ], [ 68.195833333333326, 27.351666666666677 ], [ 68.2, 27.351666666666677 ], [ 68.204166666666666, 27.354166666666679 ], [ 68.205833333333331, 27.353333333333342 ], [ 68.2125, 27.356666666666676 ], [ 68.223333333333329, 27.356666666666676 ], [ 68.233333333333334, 27.3525 ], [ 68.283333333333331, 27.35 ], [ 68.290833333333325, 27.3525 ], [ 68.290833333333325, 27.355833333333344 ], [ 68.294166666666669, 27.358333333333341 ] ] } },
{ "type": "Feature", "properties": { "COMID": 45035599, "id": "37044", "lengthkm": 7.2916957294129059, "order": 8, "uparea": 724143.82346580457 }, "geometry": { "type": "LineString", "coordinates": [ [ 68.1625, 27.238333333333344 ], [ 68.149166666666659, 27.253333333333345 ], [ 68.145833333333329, 27.259166666666676 ], [ 68.145, 27.265833333333344 ], [ 68.143333333333331, 27.2675 ], [ 68.143333333333331, 27.274166666666677 ], [ 68.14, 27.2825 ], [ 68.1425, 27.295 ] ] } },
{ "type": "Feature", "properties": { "COMID": 45035598, "id": "37044", "lengthkm": 5.3898421970529418, "order": 8, "uparea": 724228.46936634998 }, "geometry": { "type": "LineString", "coordinates": [ [ 68.193333333333328, 27.201666666666675 ], [ 68.17583333333333, 27.225 ], [ 68.1625, 27.238333333333344 ] ] } },
{ "type": "Feature", "properties": { "COMID": 45035597, "id": "37044", "lengthkm": 17.127368461647546, "order": 8, "uparea": 724326.70844985091 }, "geometry": { "type": "LineString", "coordinates": [ [ 68.083333333333329, 27.168333333333344 ], [ 68.088333333333338, 27.1675 ], [ 68.0925, 27.17 ], [ 68.098333333333329, 27.165 ], [ 68.11333333333333, 27.164166666666677 ], [ 68.125833333333333, 27.159166666666678 ], [ 68.140833333333333, 27.16 ], [ 68.149166666666659, 27.1575 ], [ 68.1575, 27.164166666666677 ], [ 68.165, 27.165833333333346 ], [ 68.168333333333337, 27.168333333333344 ], [ 68.176666666666662, 27.169166666666676 ], [ 68.180833333333325, 27.171666666666674 ], [ 68.191666666666663, 27.171666666666674 ], [ 68.2, 27.1775 ], [ 68.200833333333335, 27.183333333333344 ], [ 68.198333333333338, 27.185833333333342 ], [ 68.2, 27.188333333333343 ], [ 68.193333333333328, 27.201666666666675 ] ] } },
{ "type": "Feature", "properties": { "COMID": 45039699, "id": "37044", "lengthkm": 7.8831239566046998, "order": 8, "uparea": 724438.57051780738 }, "geometry": { "type": "LineString", "coordinates": [ [ 68.105, 27.11 ], [ 68.1025, 27.115833333333342 ], [ 68.091666666666669, 27.129166666666677 ], [ 68.091666666666669, 27.131666666666675 ], [ 68.088333333333338, 27.135 ], [ 68.088333333333338, 27.138333333333343 ], [ 68.085, 27.140833333333344 ], [ 68.085, 27.145833333333343 ], [ 68.081666666666663, 27.149166666666677 ], [ 68.081666666666663, 27.154166666666676 ], [ 68.085, 27.1575 ], [ 68.083333333333329, 27.168333333333344 ] ] } },
{ "type": "Feature", "properties": { "COMID": 45039698, "id": "37044", "lengthkm": 11.728215632135219, "order": 8, "uparea": 724547.73056466423 }, "geometry": { "type": "LineString", "coordinates": [ [ 68.0425, 27.0825 ], [ 68.049166666666665, 27.091666666666676 ], [ 68.055833333333325, 27.093333333333341 ], [ 68.0575, 27.090833333333343 ], [ 68.06583333333333, 27.09 ], [ 68.070833333333326, 27.081666666666678 ], [ 68.0725, 27.081666666666678 ], [ 68.078333333333333, 27.075833333333343 ], [ 68.085, 27.075 ], [ 68.091666666666669, 27.076666666666675 ], [ 68.095, 27.08 ], [ 68.0975, 27.08 ], [ 68.1025, 27.086666666666677 ], [ 68.1025, 27.094166666666677 ], [ 68.104166666666657, 27.095 ], [ 68.104166666666657, 27.100833333333341 ], [ 68.1025, 27.103333333333346 ], [ 68.105, 27.11 ] ] } },
{ "type": "Feature", "properties": { "COMID": 45039697, "id": "37044", "lengthkm": 10.652198633938212, "order": 8, "uparea": 724626.97589413519 }, "geometry": { "type": "LineString", "coordinates": [ [ 68.0375, 26.996666666666677 ], [ 68.035833333333329, 27.0 ], [ 68.035, 27.010833333333345 ], [ 68.03, 27.014166666666675 ], [ 68.03, 27.015833333333344 ], [ 68.033333333333331, 27.024166666666677 ], [ 68.0325, 27.0275 ], [ 68.0375, 27.038333333333341 ], [ 68.0375, 27.048333333333343 ], [ 68.035833333333329, 27.050833333333344 ], [ 68.036666666666662, 27.060833333333342 ], [ 68.039166666666659, 27.063333333333343 ], [ 68.04, 27.074166666666677 ], [ 68.0425, 27.0825 ] ] } },
{ "type": "Feature", "properties": { "COMID": 45039696, "id": "37044", "lengthkm": 24.856730813250113, "order": 8, "uparea": 724735.06584753876 }, "geometry": { "type": "LineString", "coordinates": [ [ 67.893333333333331, 26.8875 ], [ 67.898333333333326, 26.890833333333344 ], [ 67.9, 26.893333333333345 ], [ 67.899166666666659, 26.895 ], [ 67.909166666666664, 26.9075 ], [ 67.91, 26.9125 ], [ 67.9075, 26.935833333333342 ], [ 67.911666666666662, 26.940833333333345 ], [ 67.918333333333337, 26.944166666666675 ], [ 67.924166666666665, 26.94 ], [ 67.930833333333325, 26.94 ], [ 67.93416666666667, 26.941666666666677 ], [ 67.936666666666667, 26.945 ], [ 67.935833333333335, 26.9475 ], [ 67.939166666666665, 26.95 ], [ 67.955833333333331, 26.954166666666676 ], [ 67.974166666666662, 26.955 ], [ 67.98, 26.96 ], [ 67.983333333333334, 26.960833333333344 ], [ 67.985833333333332, 26.959166666666675 ], [ 67.994166666666658, 26.9625 ], [ 68.0, 26.96 ], [ 68.006666666666661, 26.96 ], [ 68.019166666666663, 26.964166666666678 ], [ 68.023333333333326, 26.964166666666678 ], [ 68.035, 26.9725 ], [ 68.034166666666664, 26.986666666666679 ], [ 68.0375, 26.990833333333342 ], [ 68.0375, 26.996666666666677 ] ] } },
{ "type": "Feature", "properties": { "COMID": 45039695, "id": "37044", "lengthkm": 9.518847419204107, "order": 8, "uparea": 724941.02505042206 }, "geometry": { "type": "LineString", "coordinates": [ [ 67.945833333333326, 26.8575 ], [ 67.945833333333326, 26.86 ], [ 67.941666666666663, 26.865 ], [ 67.9325, 26.870833333333344 ], [ 67.923333333333332, 26.874166666666675 ], [ 67.908333333333331, 26.875 ], [ 67.899166666666659, 26.87 ], [ 67.89, 26.87 ], [ 67.88666666666667, 26.875 ], [ 67.888333333333335, 26.875833333333343 ], [ 67.890833333333333, 26.880833333333342 ], [ 67.89, 26.883333333333344 ], [ 67.893333333333331, 26.8875 ] ] } },
{ "type": "Feature", "properties": { "COMID": 45039694, "id": "37044", "lengthkm": 18.202396807757388, "order": 8, "uparea": 725054.0774251495 }, "geometry": { "type": "LineString", "coordinates": [ [ 67.883333333333326, 26.728333333333346 ], [ 67.874166666666667, 26.745833333333344 ], [ 67.876666666666665, 26.755833333333342 ], [ 67.88, 26.760833333333345 ], [ 67.889166666666668, 26.764166666666675 ], [ 67.895833333333329, 26.770833333333343 ], [ 67.9, 26.7725 ], [ 67.9, 26.775 ], [ 67.906666666666666, 26.7825 ], [ 67.9075, 26.786666666666676 ], [ 67.914166666666659, 26.794166666666676 ], [ 67.916666666666671, 26.804166666666674 ], [ 67.921666666666667, 26.811666666666675 ], [ 67.92583333333333, 26.8225 ], [ 67.926666666666662, 26.83 ], [ 67.93, 26.8325 ], [ 67.930833333333325, 26.836666666666677 ], [ 67.944166666666661, 26.849166666666676 ], [ 67.945833333333326, 26.8575 ] ] } },
{ "type": "Feature", "properties": { "COMID": 45039693, "id": "37044", "lengthkm": 16.733600497292134, "order": 8, "uparea": 725247.77805659513 }, "geometry": { "type": "LineString", "coordinates": [ [ 67.831666666666663, 26.624166666666675 ], [ 67.839166666666671, 26.6275 ], [ 67.845, 26.635 ], [ 67.850833333333327, 26.633333333333344 ], [ 67.861666666666665, 26.633333333333344 ], [ 67.87166666666667, 26.643333333333345 ], [ 67.876666666666665, 26.650833333333345 ], [ 67.875833333333333, 26.654166666666676 ], [ 67.885, 26.669166666666676 ], [ 67.885, 26.674166666666679 ], [ 67.895, 26.689166666666679 ], [ 67.894166666666663, 26.695833333333344 ], [ 67.895833333333329, 26.7 ], [ 67.895833333333329, 26.710833333333344 ], [ 67.893333333333331, 26.721666666666678 ], [ 67.885833333333338, 26.728333333333346 ], [ 67.883333333333326, 26.728333333333346 ] ] } },
{ "type": "Feature", "properties": { "COMID": 45043692, "id": "37044", "lengthkm": 7.7661556103213751, "order": 8, "uparea": 725339.20992777497 }, "geometry": { "type": "LineString", "coordinates": [ [ 67.806666666666672, 26.57166666666668 ], [ 67.801666666666662, 26.574166666666677 ], [ 67.801666666666662, 26.580833333333345 ], [ 67.799166666666665, 26.585833333333344 ], [ 67.8025, 26.591666666666676 ], [ 67.8025, 26.595 ], [ 67.805, 26.599166666666676 ], [ 67.8125, 26.604166666666679 ], [ 67.813333333333333, 26.606666666666676 ], [ 67.831666666666663, 26.624166666666675 ] ] } },
{ "type": "Feature", "properties": { "COMID": 45039692, "id": "37044", "lengthkm": 10.520167311711894, "order": 8, "uparea": 725899.64001959621 }, "geometry": { "type": "LineString", "coordinates": [ [ 67.884166666666658, 26.585 ], [ 67.879166666666663, 26.593333333333344 ], [ 67.873333333333335, 26.598333333333343 ], [ 67.870833333333337, 26.598333333333343 ], [ 67.869166666666658, 26.596666666666678 ], [ 67.856666666666669, 26.593333333333344 ], [ 67.8475, 26.583333333333343 ], [ 67.846666666666664, 26.58 ], [ 67.838333333333338, 26.575833333333343 ], [ 67.835, 26.5725 ], [ 67.8325, 26.573333333333345 ], [ 67.830833333333331, 26.57166666666668 ], [ 67.820833333333326, 26.570833333333344 ], [ 67.816666666666663, 26.5725 ], [ 67.80916666666667, 26.57 ], [ 67.806666666666672, 26.57166666666668 ] ] } },
{ "type": "Feature", "properties": { "COMID": 45043691, "id": "37044", "lengthkm": 7.4110955847659374, "order": 8, "uparea": 726656.26038760238 }, "geometry": { "type": "LineString", "coordinates": [ [ 67.9325, 26.548333333333346 ], [ 67.928333333333327, 26.55 ], [ 67.9225, 26.549166666666679 ], [ 67.915, 26.550833333333344 ], [ 67.9075, 26.555833333333343 ], [ 67.904166666666669, 26.555833333333343 ], [ 67.889166666666668, 26.57 ], [ 67.885, 26.576666666666675 ], [ 67.884166666666658, 26.585 ] ] } },
{ "type": "Feature", "properties": { "COMID": 45043690, "id": "37044", "lengthkm": 2.781867491324137, "order": 8, "uparea": 726725.03803351813 }, "geometry": { "type": "LineString", "coordinates": [ [ 67.946666666666658, 26.53 ], [ 67.945, 26.535 ], [ 67.938333333333333, 26.539166666666677 ], [ 67.935833333333335, 26.545833333333341 ], [ 67.9325, 26.548333333333346 ] ] } },
{ "type": "Feature", "properties": { "COMID": 45043689, "id": "37044", "lengthkm": 15.678099533324835, "order": 8, "uparea": 726863.16318658588 }, "geometry": { "type": "LineString", "coordinates": [ [ 67.879166666666663, 26.424166666666679 ], [ 67.895833333333329, 26.429166666666678 ], [ 67.905, 26.4375 ], [ 67.906666666666666, 26.445833333333344 ], [ 67.903333333333336, 26.450833333333343 ], [ 67.9025, 26.464166666666678 ], [ 67.905833333333334, 26.478333333333346 ], [ 67.9125, 26.4875 ], [ 67.928333333333327, 26.503333333333345 ], [ 67.93416666666667, 26.506666666666675 ], [ 67.945, 26.516666666666676 ], [ 67.946666666666658, 26.53 ] ] } },
{ "type": "Feature", "properties": { "COMID": 45043688, "id": "37044", "lengthkm": 18.574411575187227, "order": 8, "uparea": 825523.61787449906 }, "geometry": { "type": "LineString", "coordinates": [ [ 67.933333333333337, 26.314166666666679 ], [ 67.926666666666662, 26.315833333333345 ], [ 67.9075, 26.314166666666679 ], [ 67.9, 26.316666666666677 ], [ 67.8925, 26.320833333333344 ], [ 67.885833333333338, 26.33 ], [ 67.880833333333328, 26.345833333333346 ], [ 67.881666666666661, 26.349166666666676 ], [ 67.890833333333333, 26.358333333333341 ], [ 67.893333333333331, 26.370833333333344 ], [ 67.895833333333329, 26.3725 ], [ 67.8975, 26.3775 ], [ 67.8975, 26.38416666666668 ], [ 67.895833333333329, 26.385833333333345 ], [ 67.899166666666659, 26.395 ], [ 67.894166666666663, 26.405 ], [ 67.885833333333338, 26.409166666666678 ], [ 67.88, 26.416666666666679 ], [ 67.879166666666663, 26.424166666666679 ] ] } },
{ "type": "Feature", "properties": { "COMID": 45043687, "id": "37044", "lengthkm": 13.817941704037899, "order": 8, "uparea": 825699.62993286818 }, "geometry": { "type": "LineString", "coordinates": [ [ 67.928333333333327, 26.2475 ], [ 67.918333333333337, 26.256666666666675 ], [ 67.918333333333337, 26.261666666666677 ], [ 67.921666666666667, 26.266666666666676 ], [ 67.9275, 26.271666666666675 ], [ 67.933333333333337, 26.271666666666675 ], [ 67.93416666666667, 26.273333333333344 ], [ 67.945833333333326, 26.276666666666678 ], [ 67.94916666666667, 26.28 ], [ 67.951666666666668, 26.278333333333343 ], [ 67.958333333333329, 26.280833333333344 ], [ 67.9675, 26.2875 ], [ 67.965833333333336, 26.2925 ], [ 67.953333333333333, 26.304166666666678 ], [ 67.95, 26.305833333333347 ], [ 67.944166666666661, 26.305 ], [ 67.935, 26.314166666666679 ], [ 67.933333333333337, 26.314166666666679 ] ] } },
{ "type": "Feature", "properties": { "COMID": 45043686, "id": "37044", "lengthkm": 14.964591384706635, "order": 8, "uparea": 825837.56857267255 }, "geometry": { "type": "LineString", "coordinates": [ [ 68.013333333333335, 26.186666666666678 ], [ 68.01166666666667, 26.188333333333343 ], [ 68.01, 26.19666666666668 ], [ 68.014166666666668, 26.209166666666675 ], [ 68.01, 26.215 ], [ 68.01, 26.225 ], [ 68.001666666666665, 26.235 ], [ 67.99666666666667, 26.235 ], [ 67.993333333333325, 26.2375 ], [ 67.976666666666659, 26.2375 ], [ 67.964166666666671, 26.233333333333341 ], [ 67.948333333333338, 26.230833333333344 ], [ 67.94083333333333, 26.233333333333341 ], [ 67.928333333333327, 26.2475 ] ] } },
{ "type": "Feature", "properties": { "COMID": 45043685, "id": "37044", "lengthkm": 2.3337515046411661, "order": 8, "uparea": 825898.65616356942 }, "geometry": { "type": "LineString", "coordinates": [ [ 68.028333333333336, 26.170833333333341 ], [ 68.013333333333335, 26.186666666666678 ] ] } },
{ "type": "Feature", "properties": { "COMID": 45043684, "id": "37044", "lengthkm": 1.171910256217783, "order": 8, "uparea": 826694.1947731924 }, "geometry": { "type": "LineString", "coordinates": [ [ 68.035833333333329, 26.163333333333345 ], [ 68.028333333333336, 26.170833333333341 ] ] } },
{ "type": "Feature", "properties": { "COMID": 45043683, "id": "37044", "lengthkm": 3.4974618238921238, "order": 8, "uparea": 826779.16380995768 }, "geometry": { "type": "LineString", "coordinates": [ [ 68.060833333333335, 26.144166666666678 ], [ 68.046666666666667, 26.1525 ], [ 68.035833333333329, 26.163333333333345 ] ] } },
{ "type": "Feature", "properties": { "COMID": 45043682, "id": "37044", "lengthkm": 6.1933988735253864, "order": 8, "uparea": 826906.44360829657 }, "geometry": { "type": "LineString", "coordinates": [ [ 68.11666666666666, 26.146666666666675 ], [ 68.110833333333332, 26.145833333333343 ], [ 68.100833333333327, 26.140833333333344 ], [ 68.089166666666671, 26.139166666666675 ], [ 68.0775, 26.139166666666675 ], [ 68.060833333333335, 26.144166666666678 ] ] } },
{ "type": "Feature", "properties": { "COMID": 45043681, "id": "37044", "lengthkm": 10.259031985096977, "order": 8, "uparea": 827027.21627638326 }, "geometry": { "type": "LineString", "coordinates": [ [ 68.120833333333337, 26.07916666666668 ], [ 68.125, 26.089166666666678 ], [ 68.1275, 26.091666666666676 ], [ 68.125833333333333, 26.099166666666676 ], [ 68.131666666666661, 26.105 ], [ 68.13, 26.116666666666678 ], [ 68.135833333333338, 26.14166666666668 ], [ 68.13, 26.146666666666675 ], [ 68.11666666666666, 26.146666666666675 ] ] } },
{ "type": "Feature", "properties": { "COMID": 45043680, "id": "37044", "lengthkm": 4.0919949104506612, "order": 8, "uparea": 827221.74162941938 }, "geometry": { "type": "LineString", "coordinates": [ [ 68.14, 26.05 ], [ 68.123333333333335, 26.065833333333345 ], [ 68.12, 26.073333333333345 ], [ 68.120833333333337, 26.07916666666668 ] ] } },
{ "type": "Feature", "properties": { "COMID": 45047750, "id": "37044", "lengthkm": 32.398419805479243, "order": 8, "uparea": 827702.67723157548 }, "geometry": { "type": "LineString", "coordinates": [ [ 68.3325, 25.875833333333347 ], [ 68.326666666666668, 25.876666666666679 ], [ 68.325, 25.875 ], [ 68.321666666666658, 25.875 ], [ 68.32, 25.876666666666679 ], [ 68.310833333333335, 25.875833333333347 ], [ 68.30916666666667, 25.8775 ], [ 68.3, 25.875833333333347 ], [ 68.296666666666667, 25.8775 ], [ 68.2825, 25.878333333333345 ], [ 68.264166666666668, 25.889166666666675 ], [ 68.259166666666658, 25.898333333333344 ], [ 68.259166666666658, 25.900833333333345 ], [ 68.26166666666667, 25.903333333333343 ], [ 68.26, 25.918333333333344 ], [ 68.255833333333328, 25.9225 ], [ 68.256666666666661, 25.923333333333346 ], [ 68.245833333333337, 25.941666666666677 ], [ 68.240833333333327, 25.94666666666668 ], [ 68.240833333333327, 25.949166666666677 ], [ 68.2375, 25.953333333333344 ], [ 68.2325, 25.965 ], [ 68.231666666666669, 25.970833333333346 ], [ 68.22, 25.9925 ], [ 68.200833333333335, 26.013333333333343 ], [ 68.194166666666661, 26.018333333333345 ], [ 68.14, 26.05 ] ] } },
{ "type": "Feature", "properties": { "COMID": 45047749, "id": "37044", "lengthkm": 12.1799135882504, "order": 8, "uparea": 827984.76704310114 }, "geometry": { "type": "LineString", "coordinates": [ [ 68.381666666666661, 25.789166666666677 ], [ 68.376666666666665, 25.795833333333345 ], [ 68.376666666666665, 25.805 ], [ 68.359166666666667, 25.8225 ], [ 68.356666666666669, 25.83 ], [ 68.345, 25.843333333333344 ], [ 68.34, 25.860833333333346 ], [ 68.340833333333336, 25.8725 ], [ 68.336666666666659, 25.875833333333347 ], [ 68.3325, 25.875833333333347 ] ] } },
{ "type": "Feature", "properties": { "COMID": 45047748, "id": "37044", "lengthkm": 11.953752872280704, "order": 8, "uparea": 828390.60089591052 }, "geometry": { "type": "LineString", "coordinates": [ [ 68.319166666666661, 25.713333333333345 ], [ 68.321666666666658, 25.715833333333343 ], [ 68.333333333333329, 25.720833333333346 ], [ 68.3325, 25.724166666666676 ], [ 68.3425, 25.729166666666679 ], [ 68.345833333333331, 25.7325 ], [ 68.3475, 25.735833333333346 ], [ 68.345833333333331, 25.7375 ], [ 68.353333333333325, 25.748333333333342 ], [ 68.355, 25.753333333333345 ], [ 68.38, 25.781666666666677 ], [ 68.381666666666661, 25.784166666666678 ], [ 68.381666666666661, 25.789166666666677 ] ] } },
{ "type": "Feature", "properties": { "COMID": 45047747, "id": "37044", "lengthkm": 15.901375433785295, "order": 8, "uparea": 829337.52867651812 }, "geometry": { "type": "LineString", "coordinates": [ [ 68.426666666666662, 25.648333333333344 ], [ 68.424166666666665, 25.650833333333345 ], [ 68.423333333333332, 25.6575 ], [ 68.415, 25.663333333333345 ], [ 68.411666666666662, 25.670833333333345 ], [ 68.405833333333334, 25.675833333333344 ], [ 68.405833333333334, 25.6775 ], [ 68.409166666666664, 25.68 ], [ 68.405833333333334, 25.685833333333342 ], [ 68.375833333333333, 25.684166666666677 ], [ 68.360833333333332, 25.6875 ], [ 68.3475, 25.6925 ], [ 68.335833333333326, 25.7 ], [ 68.32416666666667, 25.705 ], [ 68.32, 25.709166666666675 ], [ 68.319166666666661, 25.713333333333345 ] ] } },
{ "type": "Feature", "properties": { "COMID": 45047746, "id": "37044", "lengthkm": 8.1926186510774226, "order": 8, "uparea": 829524.47395390016 }, "geometry": { "type": "LineString", "coordinates": [ [ 68.37166666666667, 25.608333333333345 ], [ 68.396666666666661, 25.615 ], [ 68.406666666666666, 25.621666666666677 ], [ 68.4075, 25.620833333333344 ], [ 68.415833333333325, 25.630833333333342 ], [ 68.419166666666669, 25.6425 ], [ 68.426666666666662, 25.648333333333344 ] ] } },
{ "type": "Feature", "properties": { "COMID": 45047745, "id": "37044", "lengthkm": 7.8705876456181123, "order": 8, "uparea": 829758.79830574768 }, "geometry": { "type": "LineString", "coordinates": [ [ 68.390833333333333, 25.549166666666679 ], [ 68.393333333333331, 25.555 ], [ 68.393333333333331, 25.561666666666678 ], [ 68.385833333333338, 25.573333333333345 ], [ 68.3825, 25.575 ], [ 68.375, 25.584166666666675 ], [ 68.368333333333325, 25.598333333333343 ], [ 68.368333333333325, 25.605 ], [ 68.37166666666667, 25.608333333333345 ] ] } },
{ "type": "Feature", "properties": { "COMID": 45047744, "id": "37044", "lengthkm": 2.7929150899053168, "order": 8, "uparea": 829846.95857476629 }, "geometry": { "type": "LineString", "coordinates": [ [ 68.368333333333325, 25.538333333333345 ], [ 68.3775, 25.545 ], [ 68.38666666666667, 25.546666666666678 ], [ 68.390833333333333, 25.549166666666679 ] ] } },
{ "type": "Feature", "properties": { "COMID": 45047743, "id": "37044", "lengthkm": 6.7733636194292286, "order": 8, "uparea": 830615.75133765815 }, "geometry": { "type": "LineString", "coordinates": [ [ 68.321666666666658, 25.505 ], [ 68.329166666666666, 25.511666666666677 ], [ 68.343333333333334, 25.511666666666677 ], [ 68.351666666666659, 25.515833333333344 ], [ 68.359166666666667, 25.523333333333344 ], [ 68.368333333333325, 25.538333333333345 ] ] } },
{ "type": "Feature", "properties": { "COMID": 45047742, "id": "37044", "lengthkm": 5.4335074070052691, "order": 8, "uparea": 830679.77834853542 }, "geometry": { "type": "LineString", "coordinates": [ [ 68.316666666666663, 25.4625 ], [ 68.3125, 25.47 ], [ 68.31, 25.481666666666676 ], [ 68.311666666666667, 25.488333333333344 ], [ 68.321666666666658, 25.505 ] ] } },
{ "type": "Feature", "properties": { "COMID": 45047741, "id": "37044", "lengthkm": 2.606223330534279, "order": 8, "uparea": 830902.20851079375 }, "geometry": { "type": "LineString", "coordinates": [ [ 68.31583333333333, 25.441666666666677 ], [ 68.32, 25.453333333333344 ], [ 68.316666666666663, 25.4625 ] ] } },
{ "type": "Feature", "properties": { "COMID": 45047740, "id": "37044", "lengthkm": 0.31017766657950802, "order": 8, "uparea": 831076.57329535985 }, "geometry": { "type": "LineString", "coordinates": [ [ 68.315, 25.439166666666679 ], [ 68.31583333333333, 25.441666666666677 ] ] } },
{ "type": "Feature", "properties": { "COMID": 45051878, "id": "37044", "lengthkm": 41.309578193004533, "order": 8, "uparea": 831348.94610087201 }, "geometry": { "type": "LineString", "coordinates": [ [ 68.339166666666671, 25.179166666666678 ], [ 68.336666666666659, 25.178333333333345 ], [ 68.328333333333333, 25.1825 ], [ 68.320833333333326, 25.178333333333345 ], [ 68.315, 25.181666666666679 ], [ 68.31, 25.1825 ], [ 68.2875, 25.1825 ], [ 68.2825, 25.185 ], [ 68.279166666666669, 25.19 ], [ 68.279166666666669, 25.1975 ], [ 68.284166666666664, 25.206666666666678 ], [ 68.290833333333325, 25.2125 ], [ 68.295833333333334, 25.220833333333346 ], [ 68.315, 25.2425 ], [ 68.330833333333331, 25.254166666666677 ], [ 68.34, 25.2675 ], [ 68.34, 25.27 ], [ 68.3425, 25.271666666666675 ], [ 68.346666666666664, 25.28 ], [ 68.350833333333327, 25.295 ], [ 68.350833333333327, 25.301666666666677 ], [ 68.349166666666662, 25.304166666666678 ], [ 68.35, 25.310833333333342 ], [ 68.344166666666666, 25.3175 ], [ 68.344166666666666, 25.326666666666679 ], [ 68.334166666666661, 25.350833333333345 ], [ 68.331666666666663, 25.353333333333346 ], [ 68.331666666666663, 25.356666666666676 ], [ 68.325833333333335, 25.363333333333344 ], [ 68.306666666666658, 25.375833333333347 ], [ 68.3075, 25.380833333333342 ], [ 68.305, 25.3875 ], [ 68.3075, 25.395833333333343 ], [ 68.310833333333335, 25.400833333333345 ], [ 68.31, 25.404166666666676 ], [ 68.313333333333333, 25.41 ], [ 68.31583333333333, 25.420833333333345 ], [ 68.315, 25.439166666666679 ] ] } },
{ "type": "Feature", "properties": { "COMID": 45051877, "id": "37044", "lengthkm": 4.3262078763479277, "order": 8, "uparea": 831391.3757437981 }, "geometry": { "type": "LineString", "coordinates": [ [ 68.360833333333332, 25.1525 ], [ 68.354166666666657, 25.161666666666676 ], [ 68.355, 25.164166666666677 ], [ 68.346666666666664, 25.173333333333346 ], [ 68.345833333333331, 25.1725 ], [ 68.344166666666666, 25.174166666666679 ], [ 68.344166666666666, 25.176666666666677 ], [ 68.340833333333336, 25.176666666666677 ], [ 68.339166666666671, 25.179166666666678 ] ] } },
{ "type": "Feature", "properties": { "COMID": 45051876, "id": "37044", "lengthkm": 14.043984848270064, "order": 8, "uparea": 831471.66551537905 }, "geometry": { "type": "LineString", "coordinates": [ [ 68.2975, 25.136666666666677 ], [ 68.30416666666666, 25.138333333333343 ], [ 68.306666666666658, 25.135833333333345 ], [ 68.310833333333335, 25.135 ], [ 68.31, 25.1325 ], [ 68.311666666666667, 25.13 ], [ 68.314166666666665, 25.130833333333342 ], [ 68.31583333333333, 25.128333333333345 ], [ 68.319166666666661, 25.13 ], [ 68.320833333333326, 25.1275 ], [ 68.323333333333338, 25.1275 ], [ 68.325, 25.124166666666678 ], [ 68.326666666666668, 25.125 ], [ 68.329166666666666, 25.121666666666677 ], [ 68.335, 25.12 ], [ 68.345, 25.111666666666679 ], [ 68.3475, 25.1125 ], [ 68.350833333333327, 25.110833333333346 ], [ 68.353333333333325, 25.1125 ], [ 68.350833333333327, 25.115 ], [ 68.355833333333337, 25.118333333333347 ], [ 68.3575, 25.1175 ], [ 68.3625, 25.121666666666677 ], [ 68.36666666666666, 25.128333333333345 ], [ 68.365833333333327, 25.1425 ], [ 68.36333333333333, 25.145 ], [ 68.360833333333332, 25.1525 ] ] } },
{ "type": "Feature", "properties": { "COMID": 45051875, "id": "37044", "lengthkm": 38.614078005323854, "order": 8, "uparea": 835656.97047156526 }, "geometry": { "type": "LineString", "coordinates": [ [ 68.188333333333333, 24.9875 ], [ 68.195, 24.984166666666678 ], [ 68.2075, 24.971666666666678 ], [ 68.205, 24.966666666666676 ], [ 68.2075, 24.9625 ], [ 68.214166666666671, 24.965 ], [ 68.221666666666664, 24.9575 ], [ 68.229166666666657, 24.953333333333347 ], [ 68.2325, 24.95416666666668 ], [ 68.235, 24.9525 ], [ 68.2425, 24.955 ], [ 68.245833333333337, 24.96 ], [ 68.2475, 24.958333333333343 ], [ 68.25, 24.960833333333344 ], [ 68.249166666666667, 24.96166666666668 ], [ 68.2525, 24.9675 ], [ 68.255, 24.966666666666676 ], [ 68.255833333333328, 24.96916666666668 ], [ 68.25333333333333, 24.970833333333346 ], [ 68.254166666666663, 24.9725 ], [ 68.25, 24.973333333333343 ], [ 68.25, 24.975 ], [ 68.2525, 24.9775 ], [ 68.255, 24.975833333333345 ], [ 68.254166666666663, 24.9775 ], [ 68.2575, 24.984166666666678 ], [ 68.256666666666661, 24.9925 ], [ 68.258333333333326, 24.995 ], [ 68.259166666666658, 24.993333333333347 ], [ 68.263333333333335, 24.995833333333344 ], [ 68.264166666666668, 25.000833333333347 ], [ 68.2675, 25.003333333333345 ], [ 68.265833333333333, 25.010833333333345 ], [ 68.263333333333335, 25.0125 ], [ 68.264166666666668, 25.015 ], [ 68.260833333333338, 25.015833333333347 ], [ 68.2625, 25.018333333333345 ], [ 68.260833333333338, 25.020833333333343 ], [ 68.264166666666668, 25.0225 ], [ 68.26166666666667, 25.0275 ], [ 68.266666666666666, 25.03166666666668 ], [ 68.265, 25.040833333333346 ], [ 68.266666666666666, 25.045 ], [ 68.2675, 25.044166666666676 ], [ 68.2725, 25.046666666666678 ], [ 68.271666666666661, 25.049166666666679 ], [ 68.276666666666671, 25.063333333333347 ], [ 68.275833333333338, 25.065833333333345 ], [ 68.2775, 25.075 ], [ 68.284166666666664, 25.0775 ], [ 68.285833333333329, 25.080833333333345 ], [ 68.284166666666664, 25.0825 ], [ 68.285833333333329, 25.085833333333344 ], [ 68.284166666666664, 25.09 ], [ 68.281666666666666, 25.091666666666676 ], [ 68.2825, 25.093333333333344 ], [ 68.2775, 25.096666666666678 ], [ 68.2775, 25.1 ], [ 68.28, 25.104166666666679 ], [ 68.276666666666671, 25.105833333333344 ], [ 68.276666666666671, 25.113333333333344 ], [ 68.284166666666664, 25.128333333333345 ], [ 68.291666666666657, 25.135 ], [ 68.2975, 25.136666666666677 ] ] } },
{ "type": "Feature", "properties": { "COMID": 45051874, "id": "37044", "lengthkm": 22.750940921305677, "order": 8, "uparea": 835755.60182853043 }, "geometry": { "type": "LineString", "coordinates": [ [ 68.125, 24.86 ], [ 68.120833333333337, 24.865 ], [ 68.1225, 24.869166666666679 ], [ 68.119166666666658, 24.870833333333344 ], [ 68.1175, 24.875 ], [ 68.1175, 24.888333333333343 ], [ 68.1125, 24.890833333333347 ], [ 68.114166666666662, 24.894166666666678 ], [ 68.1125, 24.898333333333344 ], [ 68.1125, 24.910833333333343 ], [ 68.114166666666662, 24.911666666666676 ], [ 68.114166666666662, 24.914166666666681 ], [ 68.110833333333332, 24.915833333333346 ], [ 68.110833333333332, 24.919166666666676 ], [ 68.11333333333333, 24.921666666666678 ], [ 68.115, 24.9275 ], [ 68.115833333333327, 24.926666666666677 ], [ 68.1175, 24.928333333333345 ], [ 68.115833333333327, 24.931666666666679 ], [ 68.11333333333333, 24.9325 ], [ 68.1175, 24.9425 ], [ 68.12166666666667, 24.945833333333347 ], [ 68.12833333333333, 24.956666666666678 ], [ 68.138333333333335, 24.966666666666676 ], [ 68.1475, 24.979166666666679 ], [ 68.160833333333329, 24.990833333333345 ], [ 68.166666666666657, 24.9925 ], [ 68.178333333333327, 24.991666666666678 ], [ 68.180833333333325, 24.989166666666677 ], [ 68.188333333333333, 24.9875 ] ] } },
{ "type": "Feature", "properties": { "COMID": 45055797, "id": "37044", "lengthkm": 43.417762073482791, "order": 8, "uparea": 835955.41910785297 }, "geometry": { "type": "LineString", "coordinates": [ [ 68.005833333333328, 24.698333333333345 ], [ 68.008333333333326, 24.706666666666678 ], [ 68.0125, 24.71166666666668 ], [ 68.010833333333338, 24.713333333333345 ], [ 68.0125, 24.716666666666679 ], [ 68.009166666666658, 24.718333333333344 ], [ 68.01166666666667, 24.72 ], [ 68.0125, 24.7225 ], [ 68.010833333333338, 24.725 ], [ 68.0125, 24.726666666666681 ], [ 68.010833333333338, 24.728333333333346 ], [ 68.01, 24.735833333333346 ], [ 68.006666666666661, 24.7375 ], [ 68.006666666666661, 24.740833333333345 ], [ 68.008333333333326, 24.7425 ], [ 68.0075, 24.745 ], [ 68.010833333333338, 24.748333333333346 ], [ 68.010833333333338, 24.750833333333347 ], [ 68.015, 24.7525 ], [ 68.0175, 24.751666666666679 ], [ 68.024166666666659, 24.755833333333346 ], [ 68.026666666666671, 24.753333333333345 ], [ 68.03, 24.755833333333346 ], [ 68.044166666666669, 24.755 ], [ 68.051666666666662, 24.758333333333347 ], [ 68.055, 24.7575 ], [ 68.058333333333337, 24.76 ], [ 68.0625, 24.769166666666678 ], [ 68.0575, 24.779166666666676 ], [ 68.055, 24.779166666666676 ], [ 68.053333333333327, 24.7825 ], [ 68.0525, 24.78166666666668 ], [ 68.049166666666665, 24.785 ], [ 68.045833333333334, 24.784166666666678 ], [ 68.04, 24.7875 ], [ 68.039166666666659, 24.786666666666676 ], [ 68.0375, 24.789166666666681 ], [ 68.036666666666662, 24.788333333333345 ], [ 68.03, 24.795 ], [ 68.031666666666666, 24.796666666666678 ], [ 68.025833333333338, 24.8 ], [ 68.0225, 24.806666666666679 ], [ 68.025, 24.81 ], [ 68.023333333333326, 24.811666666666678 ], [ 68.026666666666671, 24.8125 ], [ 68.026666666666671, 24.815 ], [ 68.025, 24.815833333333345 ], [ 68.0275, 24.819166666666678 ], [ 68.025833333333338, 24.824166666666677 ], [ 68.0325, 24.83 ], [ 68.030833333333334, 24.831666666666678 ], [ 68.033333333333331, 24.834166666666679 ], [ 68.031666666666666, 24.835833333333344 ], [ 68.033333333333331, 24.8425 ], [ 68.036666666666662, 24.845833333333346 ], [ 68.04, 24.845 ], [ 68.039166666666659, 24.8475 ], [ 68.040833333333325, 24.846666666666678 ], [ 68.044166666666669, 24.85 ], [ 68.043333333333337, 24.851666666666681 ], [ 68.0475, 24.855833333333344 ], [ 68.05, 24.865 ], [ 68.053333333333327, 24.869166666666679 ], [ 68.0525, 24.870833333333344 ], [ 68.06, 24.875833333333347 ], [ 68.068333333333328, 24.875 ], [ 68.071666666666658, 24.870833333333344 ], [ 68.080833333333331, 24.8675 ], [ 68.0825, 24.865 ], [ 68.084166666666661, 24.865833333333345 ], [ 68.084166666666661, 24.863333333333344 ], [ 68.089166666666671, 24.864166666666677 ], [ 68.09, 24.8625 ], [ 68.0925, 24.8625 ], [ 68.096666666666664, 24.855 ], [ 68.1, 24.8575 ], [ 68.105, 24.854166666666679 ], [ 68.11333333333333, 24.8525 ], [ 68.12, 24.8525 ], [ 68.125, 24.86 ] ] } },
{ "type": "Feature", "properties": { "COMID": 45055796, "id": "37044", "lengthkm": 3.7186977128934608, "order": 8, "uparea": 835991.43815334793 }, "geometry": { "type": "LineString", "coordinates": [ [ 67.98, 24.686666666666678 ], [ 67.9925, 24.690833333333345 ], [ 67.9975, 24.689166666666679 ], [ 68.005, 24.695 ], [ 68.005833333333328, 24.698333333333345 ] ] } },
{ "type": "Feature", "properties": { "COMID": 45055795, "id": "37044", "lengthkm": 15.895332144277935, "order": 8, "uparea": 836071.35997435113 }, "geometry": { "type": "LineString", "coordinates": [ [ 68.014166666666668, 24.588333333333345 ], [ 67.984166666666667, 24.6175 ], [ 67.981666666666669, 24.6175 ], [ 67.9775, 24.621666666666677 ], [ 67.970833333333331, 24.6225 ], [ 67.96, 24.629166666666677 ], [ 67.954166666666666, 24.640833333333347 ], [ 67.958333333333329, 24.651666666666678 ], [ 67.9575, 24.655833333333344 ], [ 67.959166666666661, 24.65666666666668 ], [ 67.961666666666659, 24.668333333333344 ], [ 67.971666666666664, 24.681666666666679 ], [ 67.98, 24.686666666666678 ] ] } },
{ "type": "Feature", "properties": { "COMID": 45055794, "id": "37044", "lengthkm": 12.188917286982925, "order": 8, "uparea": 836124.51385290094 }, "geometry": { "type": "LineString", "coordinates": [ [ 67.955833333333331, 24.551666666666677 ], [ 67.959166666666661, 24.55 ], [ 67.963333333333338, 24.551666666666677 ], [ 67.97, 24.551666666666677 ], [ 67.974166666666662, 24.554166666666678 ], [ 67.98, 24.554166666666678 ], [ 67.981666666666669, 24.5575 ], [ 67.986666666666665, 24.559166666666677 ], [ 67.998333333333335, 24.559166666666677 ], [ 68.006666666666661, 24.555833333333347 ], [ 68.0225, 24.558333333333344 ], [ 68.0275, 24.565 ], [ 68.0275, 24.57 ], [ 68.023333333333326, 24.576666666666679 ], [ 68.024166666666659, 24.5775 ], [ 68.020833333333329, 24.57916666666668 ], [ 68.021666666666661, 24.580833333333345 ], [ 68.014166666666668, 24.588333333333345 ] ] } },
{ "type": "Feature", "properties": { "COMID": 45055793, "id": "37044", "lengthkm": 53.767782192068204, "order": 8, "uparea": 836344.08608211798 }, "geometry": { "type": "LineString", "coordinates": [ [ 67.773333333333326, 24.338333333333345 ], [ 67.791666666666671, 24.355 ], [ 67.8125, 24.361666666666679 ], [ 67.820833333333326, 24.3625 ], [ 67.83, 24.360833333333346 ], [ 67.838333333333338, 24.3525 ], [ 67.845833333333331, 24.3475 ], [ 67.855, 24.346666666666678 ], [ 67.8575, 24.34916666666668 ], [ 67.859166666666667, 24.360833333333346 ], [ 67.856666666666669, 24.366666666666678 ], [ 67.85, 24.375 ], [ 67.846666666666664, 24.383333333333347 ], [ 67.845, 24.390833333333347 ], [ 67.845, 24.405 ], [ 67.848333333333329, 24.411666666666676 ], [ 67.848333333333329, 24.424166666666679 ], [ 67.854166666666671, 24.4325 ], [ 67.87166666666667, 24.448333333333345 ], [ 67.87833333333333, 24.450833333333346 ], [ 67.885, 24.450833333333346 ], [ 67.9, 24.4425 ], [ 67.905833333333334, 24.440833333333345 ], [ 67.915, 24.440833333333345 ], [ 67.919166666666669, 24.438333333333347 ], [ 67.925, 24.4375 ], [ 67.939166666666665, 24.438333333333347 ], [ 67.941666666666663, 24.436666666666678 ], [ 67.9625, 24.435 ], [ 67.975, 24.438333333333347 ], [ 67.986666666666665, 24.449166666666677 ], [ 67.98833333333333, 24.45416666666668 ], [ 67.9875, 24.458333333333343 ], [ 67.9825, 24.468333333333344 ], [ 67.976666666666659, 24.4875 ], [ 67.974166666666662, 24.49 ], [ 67.968333333333334, 24.493333333333347 ], [ 67.948333333333338, 24.495833333333344 ], [ 67.9375, 24.498333333333346 ], [ 67.935833333333335, 24.5 ], [ 67.935833333333335, 24.506666666666678 ], [ 67.95, 24.521666666666679 ], [ 67.951666666666668, 24.525833333333345 ], [ 67.95, 24.534166666666678 ], [ 67.946666666666658, 24.5375 ], [ 67.945, 24.544166666666676 ], [ 67.95, 24.549166666666679 ], [ 67.955833333333331, 24.551666666666677 ] ] } },
{ "type": "Feature", "properties": { "COMID": 45059533, "id": "37044", "lengthkm": 12.133903850640225, "order": 8, "uparea": 836810.92422479833 }, "geometry": { "type": "LineString", "coordinates": [ [ 67.805833333333325, 24.248333333333346 ], [ 67.810833333333335, 24.255833333333346 ], [ 67.810833333333335, 24.268333333333345 ], [ 67.785, 24.305833333333347 ], [ 67.78, 24.316666666666677 ], [ 67.7725, 24.325 ], [ 67.769166666666663, 24.334166666666679 ], [ 67.773333333333326, 24.338333333333345 ] ] } },
{ "type": "Feature", "properties": { "COMID": 45059532, "id": "37044", "lengthkm": 31.661031307937503, "order": 8, "uparea": 836932.21579652128 }, "geometry": { "type": "LineString", "coordinates": [ [ 67.635, 24.1525 ], [ 67.64, 24.155833333333348 ], [ 67.660833333333329, 24.153333333333343 ], [ 67.67, 24.1575 ], [ 67.67583333333333, 24.165 ], [ 67.680833333333325, 24.176666666666677 ], [ 67.685833333333335, 24.181666666666679 ], [ 67.691666666666663, 24.184166666666677 ], [ 67.701666666666668, 24.184166666666677 ], [ 67.705833333333331, 24.18 ], [ 67.721666666666664, 24.170833333333345 ], [ 67.73, 24.17 ], [ 67.733333333333334, 24.171666666666681 ], [ 67.736666666666665, 24.175 ], [ 67.7375, 24.18 ], [ 67.736666666666665, 24.19 ], [ 67.731666666666669, 24.206666666666678 ], [ 67.731666666666669, 24.216666666666679 ], [ 67.735833333333332, 24.2325 ], [ 67.745, 24.248333333333346 ], [ 67.745, 24.2575 ], [ 67.75, 24.2625 ], [ 67.759166666666658, 24.265 ], [ 67.778333333333336, 24.265833333333347 ], [ 67.788333333333327, 24.2625 ], [ 67.793333333333337, 24.258333333333347 ], [ 67.795, 24.255833333333346 ], [ 67.795, 24.25 ], [ 67.796666666666667, 24.248333333333346 ], [ 67.8, 24.246666666666677 ], [ 67.805833333333325, 24.248333333333346 ] ] } },
{ "type": "Feature", "properties": { "COMID": 45059531, "id": "37044", "lengthkm": 8.8085119127682425, "order": 8, "uparea": 837163.65821221401 }, "geometry": { "type": "LineString", "coordinates": [ [ 67.650833333333338, 24.085 ], [ 67.6525, 24.108333333333345 ], [ 67.649166666666659, 24.121666666666677 ], [ 67.645833333333329, 24.129166666666677 ], [ 67.63, 24.143333333333345 ], [ 67.63, 24.145833333333343 ], [ 67.635, 24.1525 ] ] } }
]
}
