{
"type": "FeatureCollection",
"name": "downstream_67579",
"crs": { "type": "name", "properties": { "name": "urn:ogc:def:crs:OGC:1.3:CRS84" } },
"features": [
{ "type": "Feature", "properties": { "COMID": 45050079, "id": "18997", "lengthkm": 8.780090849698329, "order": 1, "uparea": 45.204829735467641 }, "geometry": { "type": "LineString", "coordinates": [ [ 78.504166666666663, 25.42 ], [ 78.496666666666655, 25.418333333333344 ], [ 78.494166666666658, 25.42 ], [ 78.494166666666658, 25.4225 ], [ 78.493333333333325, 25.421666666666678 ], [ 78.485833333333318, 25.426666666666677 ], [ 78.48333333333332, 25.425833333333344 ], [ 78.48333333333332, 25.4275 ], [ 78.480833333333322, 25.4275 ], [ 78.474166666666662, 25.435833333333342 ], [ 78.4675, 25.439166666666679 ], [ 78.46833333333332, 25.441666666666677 ], [ 78.466666666666654, 25.444166666666678 ], [ 78.46, 25.438333333333347 ], [ 78.4525, 25.44 ], [ 78.45, 25.436666666666678 ] ] } },
{ "type": "Feature", "properties": { "COMID": 45048960, "id": "18997", "lengthkm": 8.035374566330006, "order": 2, "uparea": 250.49077849324144 }, "geometry": { "type": "LineString", "coordinates": [ [ 78.52, 25.47 ], [ 78.524166666666659, 25.4675 ], [ 78.525, 25.460833333333344 ], [ 78.521666666666661, 25.450833333333343 ], [ 78.516666666666652, 25.4475 ], [ 78.520833333333329, 25.440833333333345 ], [ 78.521666666666661, 25.434166666666677 ], [ 78.5125, 25.428333333333345 ], [ 78.505, 25.4275 ], [ 78.504166666666663, 25.42 ] ] } },
{ "type": "Feature", "properties": { "COMID": 45048904, "id": "18997", "lengthkm": 4.3872048733737632, "order": 2, "uparea": 288.55583664782961 }, "geometry": { "type": "LineString", "coordinates": [ [ 78.535833333333329, 25.499166666666678 ], [ 78.5325, 25.495 ], [ 78.534166666666664, 25.485 ], [ 78.5225, 25.4725 ], [ 78.520833333333329, 25.4725 ], [ 78.52, 25.47 ] ] } },
{ "type": "Feature", "properties": { "COMID": 45048872, "id": "18997", "lengthkm": 11.298513669868374, "order": 2, "uparea": 369.29035072880623 }, "geometry": { "type": "LineString", "coordinates": [ [ 78.581666666666649, 25.561666666666678 ], [ 78.576666666666654, 25.560833333333342 ], [ 78.571666666666658, 25.5575 ], [ 78.570833333333326, 25.554166666666678 ], [ 78.564166666666651, 25.549166666666679 ], [ 78.563333333333318, 25.545833333333345 ], [ 78.559166666666655, 25.540833333333346 ], [ 78.561666666666653, 25.538333333333345 ], [ 78.56, 25.535 ], [ 78.561666666666653, 25.530833333333344 ], [ 78.55416666666666, 25.529166666666676 ], [ 78.54916666666665, 25.531666666666677 ], [ 78.545, 25.531666666666677 ], [ 78.538333333333327, 25.525 ], [ 78.539166666666659, 25.510833333333345 ], [ 78.535, 25.506666666666678 ], [ 78.535833333333329, 25.499166666666678 ] ] } },
{ "type": "Feature", "properties": { "COMID": 45048789, "id": "18997", "lengthkm": 20.808258520868719, "order": 3, "uparea": 661.43657542491428 }, "geometry": { "type": "LineString", "coordinates": [ [ 78.716666666666654, 25.605 ], [ 78.715833333333322, 25.603333333333346 ], [ 78.7175, 25.599166666666676 ], [ 78.709166666666661, 25.6 ], [ 78.703333333333319, 25.5975 ], [ 78.696666666666658, 25.5875 ], [ 78.689166666666651, 25.589166666666678 ], [ 78.681666666666658, 25.58666666666668 ], [ 78.676666666666662, 25.5825 ], [ 78.676666666666662, 25.578333333333344 ], [ 78.675, 25.576666666666675 ], [ 78.666666666666657, 25.573333333333345 ], [ 78.661666666666662, 25.566666666666677 ], [ 78.660833333333329, 25.561666666666678 ], [ 78.6575, 25.559166666666677 ], [ 78.631666666666661, 25.564166666666679 ], [ 78.618333333333325, 25.57 ], [ 78.61166666666665, 25.575833333333343 ], [ 78.604166666666657, 25.5775 ], [ 78.599166666666662, 25.574166666666677 ], [ 78.590833333333322, 25.5575 ], [ 78.586666666666659, 25.556666666666679 ], [ 78.581666666666649, 25.561666666666678 ] ] } },
{ "type": "Feature", "properties": { "COMID": 45048703, "id": "18997", "lengthkm": 4.721679399250184, "order": 3, "uparea": 783.68834040570323 }, "geometry": { "type": "LineString", "coordinates": [ [ 78.749166666666653, 25.598333333333343 ], [ 78.74166666666666, 25.596666666666678 ], [ 78.739166666666662, 25.6 ], [ 78.735, 25.601666666666677 ], [ 78.7325, 25.6075 ], [ 78.725833333333327, 25.601666666666677 ], [ 78.721666666666664, 25.605 ], [ 78.716666666666654, 25.605 ] ] } },
{ "type": "Feature", "properties": { "COMID": 45048678, "id": "18997", "lengthkm": 25.506746278965263, "order": 3, "uparea": 1102.5164109330412 }, "geometry": { "type": "LineString", "coordinates": [ [ 78.759166666666658, 25.725 ], [ 78.765, 25.719166666666677 ], [ 78.775, 25.7175 ], [ 78.784166666666664, 25.708333333333343 ], [ 78.800833333333316, 25.705 ], [ 78.79583333333332, 25.7 ], [ 78.79583333333332, 25.6975 ], [ 78.79916666666665, 25.695 ], [ 78.8025, 25.695 ], [ 78.805833333333325, 25.691666666666677 ], [ 78.806666666666658, 25.685 ], [ 78.8125, 25.681666666666679 ], [ 78.816666666666663, 25.676666666666677 ], [ 78.818333333333328, 25.666666666666679 ], [ 78.81583333333333, 25.664166666666677 ], [ 78.81583333333333, 25.661666666666676 ], [ 78.82, 25.6525 ], [ 78.82, 25.645833333333343 ], [ 78.816666666666663, 25.635833333333345 ], [ 78.811666666666653, 25.6325 ], [ 78.811666666666653, 25.62 ], [ 78.809166666666655, 25.618333333333347 ], [ 78.798333333333318, 25.616666666666678 ], [ 78.7975, 25.614166666666677 ], [ 78.793333333333322, 25.611666666666679 ], [ 78.781666666666652, 25.6125 ], [ 78.775833333333324, 25.610833333333346 ], [ 78.773333333333326, 25.6125 ], [ 78.765833333333319, 25.610833333333346 ], [ 78.761666666666656, 25.6075 ], [ 78.755833333333328, 25.6075 ], [ 78.75, 25.603333333333346 ], [ 78.749166666666653, 25.598333333333343 ] ] } },
{ "type": "Feature", "properties": { "COMID": 45048607, "id": "18997", "lengthkm": 8.4628272619648079, "order": 3, "uparea": 1301.879529939373 }, "geometry": { "type": "LineString", "coordinates": [ [ 78.731666666666655, 25.761666666666677 ], [ 78.735, 25.761666666666677 ], [ 78.738333333333316, 25.768333333333345 ], [ 78.74166666666666, 25.7675 ], [ 78.739166666666662, 25.761666666666677 ], [ 78.74166666666666, 25.756666666666678 ], [ 78.74166666666666, 25.750833333333347 ], [ 78.743333333333325, 25.749166666666678 ], [ 78.7475, 25.749166666666678 ], [ 78.751666666666651, 25.7525 ], [ 78.754166666666663, 25.748333333333342 ], [ 78.75333333333333, 25.740833333333342 ], [ 78.756666666666661, 25.733333333333345 ], [ 78.755833333333328, 25.73 ], [ 78.759166666666658, 25.725 ] ] } },
{ "type": "Feature", "properties": { "COMID": 45048592, "id": "18997", "lengthkm": 10.754763415168084, "order": 3, "uparea": 1357.3956617373269 }, "geometry": { "type": "LineString", "coordinates": [ [ 78.685, 25.789166666666677 ], [ 78.69083333333333, 25.7875 ], [ 78.691666666666663, 25.781666666666677 ], [ 78.694166666666661, 25.783333333333346 ], [ 78.698333333333323, 25.781666666666677 ], [ 78.699166666666656, 25.771666666666675 ], [ 78.704166666666652, 25.771666666666675 ], [ 78.705833333333317, 25.775 ], [ 78.71, 25.776666666666678 ], [ 78.7125, 25.775833333333345 ], [ 78.713333333333324, 25.77416666666668 ], [ 78.709166666666661, 25.768333333333345 ], [ 78.713333333333324, 25.7675 ], [ 78.7125, 25.763333333333343 ], [ 78.714166666666657, 25.75916666666668 ], [ 78.71833333333332, 25.761666666666677 ], [ 78.71833333333332, 25.765833333333344 ], [ 78.729166666666657, 25.764166666666675 ], [ 78.731666666666655, 25.761666666666677 ] ] } },
{ "type": "Feature", "properties": { "COMID": 45048574, "id": "18997", "lengthkm": 1.6513976665558541, "order": 3, "uparea": 1499.2620870199978 }, "geometry": { "type": "LineString", "coordinates": [ [ 78.684166666666655, 25.7975 ], [ 78.684166666666655, 25.795 ], [ 78.67916666666666, 25.790833333333346 ], [ 78.685, 25.789166666666677 ] ] } },
{ "type": "Feature", "properties": { "COMID": 45048571, "id": "18997", "lengthkm": 15.135138079566998, "order": 3, "uparea": 1750.831405612895 }, "geometry": { "type": "LineString", "coordinates": [ [ 78.76, 25.855 ], [ 78.746666666666655, 25.859166666666678 ], [ 78.744166666666658, 25.858333333333345 ], [ 78.744166666666658, 25.855 ], [ 78.7425, 25.854166666666679 ], [ 78.73666666666665, 25.855 ], [ 78.735, 25.853333333333346 ], [ 78.735833333333318, 25.849166666666676 ], [ 78.731666666666655, 25.8425 ], [ 78.726666666666659, 25.845 ], [ 78.721666666666664, 25.841666666666676 ], [ 78.719166666666652, 25.83666666666668 ], [ 78.716666666666654, 25.83666666666668 ], [ 78.7125, 25.8325 ], [ 78.709166666666661, 25.8325 ], [ 78.705833333333317, 25.83 ], [ 78.7075, 25.824166666666677 ], [ 78.703333333333319, 25.819166666666678 ], [ 78.703333333333319, 25.815 ], [ 78.7, 25.810833333333342 ], [ 78.7, 25.8075 ], [ 78.698333333333323, 25.805833333333347 ], [ 78.695833333333326, 25.8075 ], [ 78.6925, 25.806666666666679 ], [ 78.6925, 25.805 ], [ 78.695833333333326, 25.8025 ], [ 78.694166666666661, 25.8 ], [ 78.691666666666663, 25.8 ], [ 78.685833333333321, 25.804166666666678 ], [ 78.684166666666655, 25.8025 ], [ 78.684166666666655, 25.7975 ] ] } },
{ "type": "Feature", "properties": { "COMID": 45048550, "id": "18997", "lengthkm": 6.3466461662346134, "order": 3, "uparea": 1837.5045370873615 }, "geometry": { "type": "LineString", "coordinates": [ [ 78.789166666666659, 25.878333333333345 ], [ 78.7875, 25.876666666666679 ], [ 78.7875, 25.8725 ], [ 78.783333333333331, 25.866666666666678 ], [ 78.776666666666657, 25.864166666666677 ], [ 78.768333333333317, 25.866666666666678 ], [ 78.768333333333317, 25.860833333333346 ], [ 78.765, 25.861666666666679 ], [ 78.763333333333321, 25.86 ], [ 78.765, 25.853333333333346 ], [ 78.7625, 25.8525 ], [ 78.761666666666656, 25.855 ], [ 78.76, 25.855 ] ] } },
{ "type": "Feature", "properties": { "COMID": 45048544, "id": "18997", "lengthkm": 12.827578904255571, "order": 3, "uparea": 1938.7364871928476 }, "geometry": { "type": "LineString", "coordinates": [ [ 78.8675, 25.8975 ], [ 78.865, 25.9 ], [ 78.856666666666655, 25.9 ], [ 78.855833333333322, 25.900833333333345 ], [ 78.859166666666653, 25.905833333333344 ], [ 78.8575, 25.9075 ], [ 78.851666666666659, 25.9075 ], [ 78.848333333333329, 25.905 ], [ 78.844166666666652, 25.8975 ], [ 78.838333333333324, 25.8975 ], [ 78.833333333333329, 25.893333333333345 ], [ 78.826666666666654, 25.896666666666675 ], [ 78.825, 25.8925 ], [ 78.821666666666658, 25.89 ], [ 78.823333333333323, 25.88416666666668 ], [ 78.819166666666661, 25.881666666666678 ], [ 78.803333333333327, 25.88 ], [ 78.801666666666662, 25.8775 ], [ 78.796666666666653, 25.876666666666679 ], [ 78.795, 25.876666666666679 ], [ 78.7925, 25.88 ], [ 78.789166666666659, 25.878333333333345 ] ] } },
{ "type": "Feature", "properties": { "COMID": 45048542, "id": "18997", "lengthkm": 9.4703990626628318, "order": 3, "uparea": 2121.349582943209 }, "geometry": { "type": "LineString", "coordinates": [ [ 78.9125, 25.931666666666679 ], [ 78.90583333333332, 25.93 ], [ 78.904166666666654, 25.924166666666679 ], [ 78.898333333333326, 25.9175 ], [ 78.8925, 25.915833333333346 ], [ 78.890833333333319, 25.914166666666677 ], [ 78.891666666666652, 25.911666666666676 ], [ 78.886666666666656, 25.915 ], [ 78.884166666666658, 25.913333333333345 ], [ 78.8825, 25.908333333333346 ], [ 78.879166666666663, 25.9125 ], [ 78.876666666666651, 25.911666666666676 ], [ 78.876666666666651, 25.904166666666676 ], [ 78.880833333333328, 25.9025 ], [ 78.879166666666663, 25.899166666666677 ], [ 78.8675, 25.8975 ] ] } },
{ "type": "Feature", "properties": { "COMID": 45044412, "id": "18997", "lengthkm": 21.445178798324161, "order": 3, "uparea": 2244.7795760741947 }, "geometry": { "type": "LineString", "coordinates": [ [ 78.946666666666658, 26.025 ], [ 78.943333333333328, 26.0225 ], [ 78.9475, 26.0175 ], [ 78.9425, 26.011666666666677 ], [ 78.948333333333323, 26.01 ], [ 78.945, 26.006666666666675 ], [ 78.9475, 26.000833333333343 ], [ 78.950833333333321, 25.998333333333342 ], [ 78.956666666666649, 25.998333333333342 ], [ 78.956666666666649, 25.996666666666677 ], [ 78.948333333333323, 25.993333333333347 ], [ 78.949166666666656, 25.990833333333342 ], [ 78.9525, 25.991666666666678 ], [ 78.953333333333319, 25.989166666666677 ], [ 78.946666666666658, 25.984166666666678 ], [ 78.946666666666658, 25.981666666666676 ], [ 78.9425, 25.978333333333346 ], [ 78.939166666666651, 25.978333333333346 ], [ 78.936666666666653, 25.981666666666676 ], [ 78.934166666666655, 25.981666666666676 ], [ 78.933333333333323, 25.98 ], [ 78.933333333333323, 25.975833333333345 ], [ 78.9375, 25.973333333333343 ], [ 78.94083333333333, 25.974166666666676 ], [ 78.939166666666651, 25.969166666666677 ], [ 78.945, 25.968333333333344 ], [ 78.946666666666658, 25.964166666666678 ], [ 78.94083333333333, 25.965 ], [ 78.933333333333323, 25.963333333333345 ], [ 78.935833333333321, 25.96 ], [ 78.938333333333318, 25.96 ], [ 78.94, 25.955833333333345 ], [ 78.939166666666651, 25.953333333333344 ], [ 78.936666666666653, 25.9525 ], [ 78.933333333333323, 25.9475 ], [ 78.9275, 25.9475 ], [ 78.9225, 25.941666666666677 ], [ 78.916666666666657, 25.94 ], [ 78.915833333333325, 25.9375 ], [ 78.919166666666655, 25.935 ], [ 78.9125, 25.931666666666679 ] ] } },
{ "type": "Feature", "properties": { "COMID": 45044405, "id": "18997", "lengthkm": 8.7870150491169721, "order": 3, "uparea": 2320.5330924745408 }, "geometry": { "type": "LineString", "coordinates": [ [ 79.0025, 26.060833333333342 ], [ 78.995833333333323, 26.058333333333344 ], [ 78.9925, 26.054166666666678 ], [ 78.993333333333325, 26.051666666666677 ], [ 78.99166666666666, 26.049166666666679 ], [ 78.9875, 26.048333333333346 ], [ 78.985, 26.05 ], [ 78.980833333333322, 26.05 ], [ 78.976666666666659, 26.048333333333346 ], [ 78.974166666666662, 26.045 ], [ 78.970833333333317, 26.046666666666678 ], [ 78.9625, 26.039166666666677 ], [ 78.96, 26.034166666666678 ], [ 78.955833333333317, 26.034166666666678 ], [ 78.953333333333319, 26.03 ], [ 78.949166666666656, 26.029166666666676 ], [ 78.948333333333323, 26.025833333333345 ], [ 78.946666666666658, 26.025 ] ] } },
{ "type": "Feature", "properties": { "COMID": 45044388, "id": "18997", "lengthkm": 7.4505210269597129, "order": 3, "uparea": 2446.6221960667285 }, "geometry": { "type": "LineString", "coordinates": [ [ 79.015833333333319, 26.115833333333342 ], [ 79.013333333333321, 26.1125 ], [ 79.015, 26.109166666666678 ], [ 79.014166666666654, 26.1025 ], [ 79.015833333333319, 26.099166666666676 ], [ 79.015833333333319, 26.095 ], [ 79.011666666666656, 26.0875 ], [ 79.013333333333321, 26.083333333333343 ], [ 79.008333333333326, 26.07916666666668 ], [ 79.008333333333326, 26.074166666666677 ], [ 79.00333333333333, 26.069166666666675 ], [ 79.0025, 26.060833333333342 ] ] } },
{ "type": "Feature", "properties": { "COMID": 45044378, "id": "18997", "lengthkm": 1.7346091167109079, "order": 3, "uparea": 2477.8804439210089 }, "geometry": { "type": "LineString", "coordinates": [ [ 79.011666666666656, 26.13 ], [ 79.0125, 26.123333333333342 ], [ 79.015833333333319, 26.115833333333342 ] ] } },
{ "type": "Feature", "properties": { "COMID": 45044376, "id": "18997", "lengthkm": 7.4468519422891557, "order": 3, "uparea": 2607.6599718272078 }, "geometry": { "type": "LineString", "coordinates": [ [ 79.0175, 26.169166666666676 ], [ 79.019166666666649, 26.168333333333344 ], [ 79.024166666666659, 26.174166666666679 ], [ 79.0275, 26.173333333333346 ], [ 79.025, 26.161666666666676 ], [ 79.02, 26.155833333333344 ], [ 79.02, 26.150833333333345 ], [ 79.021666666666661, 26.149166666666677 ], [ 79.02, 26.145833333333343 ], [ 79.02, 26.14 ], [ 79.015833333333319, 26.138333333333343 ], [ 79.014166666666654, 26.133333333333344 ], [ 79.010833333333323, 26.1325 ], [ 79.011666666666656, 26.13 ] ] } },
{ "type": "Feature", "properties": { "COMID": 45044371, "id": "18997", "lengthkm": 6.7366292577928748, "order": 4, "uparea": 3730.0487033287932 }, "geometry": { "type": "LineString", "coordinates": [ [ 79.025833333333324, 26.211666666666677 ], [ 79.025, 26.208333333333343 ], [ 79.0275, 26.2025 ], [ 79.0225, 26.200833333333343 ], [ 79.020833333333329, 26.19666666666668 ], [ 79.0275, 26.190833333333345 ], [ 79.029166666666654, 26.1875 ], [ 79.0275, 26.184166666666677 ], [ 79.02, 26.184166666666677 ], [ 79.0175, 26.169166666666676 ] ] } },
{ "type": "Feature", "properties": { "COMID": 45044367, "id": "18997", "lengthkm": 10.220459268116096, "order": 4, "uparea": 3814.7957332709743 }, "geometry": { "type": "LineString", "coordinates": [ [ 79.085, 26.246666666666677 ], [ 79.0775, 26.248333333333342 ], [ 79.07, 26.24 ], [ 79.065, 26.239166666666677 ], [ 79.0625, 26.236666666666679 ], [ 79.0625, 26.234166666666678 ], [ 79.06583333333333, 26.229166666666679 ], [ 79.065, 26.226666666666677 ], [ 79.06, 26.225833333333345 ], [ 79.053333333333327, 26.228333333333346 ], [ 79.05, 26.225 ], [ 79.043333333333322, 26.224166666666676 ], [ 79.0375, 26.2275 ], [ 79.025, 26.216666666666676 ], [ 79.025833333333324, 26.211666666666677 ] ] } },
{ "type": "Feature", "properties": { "COMID": 45044359, "id": "18997", "lengthkm": 3.5893324404569231, "order": 4, "uparea": 3913.8887824580079 }, "geometry": { "type": "LineString", "coordinates": [ [ 79.084166666666661, 26.27 ], [ 79.080833333333317, 26.268333333333345 ], [ 79.080833333333317, 26.265833333333344 ], [ 79.085833333333326, 26.261666666666677 ], [ 79.085, 26.258333333333344 ], [ 79.088333333333324, 26.253333333333345 ], [ 79.0875, 26.2475 ], [ 79.085, 26.246666666666677 ] ] } },
{ "type": "Feature", "properties": { "COMID": 45044356, "id": "18997", "lengthkm": 11.749438776394346, "order": 4, "uparea": 4064.181806901759 }, "geometry": { "type": "LineString", "coordinates": [ [ 79.12, 26.301666666666677 ], [ 79.11666666666666, 26.296666666666678 ], [ 79.106666666666655, 26.3 ], [ 79.11166666666665, 26.306666666666679 ], [ 79.113333333333316, 26.311666666666678 ], [ 79.110833333333318, 26.315833333333345 ], [ 79.10833333333332, 26.315833333333345 ], [ 79.098333333333329, 26.301666666666677 ], [ 79.0975, 26.294166666666676 ], [ 79.090833333333322, 26.289166666666677 ], [ 79.090833333333322, 26.285833333333343 ], [ 79.096666666666664, 26.28 ], [ 79.096666666666664, 26.2775 ], [ 79.09333333333332, 26.274166666666677 ], [ 79.090833333333322, 26.268333333333345 ], [ 79.084166666666661, 26.27 ] ] } },
{ "type": "Feature", "properties": { "COMID": 45044346, "id": "18997", "lengthkm": 5.9078793893319759, "order": 4, "uparea": 4120.7506283999446 }, "geometry": { "type": "LineString", "coordinates": [ [ 79.1225, 26.33 ], [ 79.125833333333318, 26.325833333333343 ], [ 79.125, 26.320833333333344 ], [ 79.133333333333326, 26.320833333333344 ], [ 79.134166666666658, 26.315 ], [ 79.130833333333328, 26.315833333333345 ], [ 79.1275, 26.31 ], [ 79.12, 26.310833333333342 ], [ 79.118333333333325, 26.309166666666677 ], [ 79.12, 26.301666666666677 ] ] } },
{ "type": "Feature", "properties": { "COMID": 45044344, "id": "18997", "lengthkm": 23.247935256790985, "order": 4, "uparea": 4250.2683296465993 }, "geometry": { "type": "LineString", "coordinates": [ [ 79.15583333333332, 26.420833333333341 ], [ 79.163333333333327, 26.409166666666678 ], [ 79.158333333333317, 26.4 ], [ 79.158333333333317, 26.395833333333343 ], [ 79.1625, 26.3925 ], [ 79.165833333333325, 26.3925 ], [ 79.169166666666655, 26.3975 ], [ 79.171666666666653, 26.3975 ], [ 79.173333333333318, 26.395833333333343 ], [ 79.17, 26.393333333333345 ], [ 79.169166666666655, 26.389166666666675 ], [ 79.1725, 26.385833333333345 ], [ 79.17916666666666, 26.388333333333343 ], [ 79.18, 26.385 ], [ 79.17416666666665, 26.381666666666675 ], [ 79.1675, 26.3825 ], [ 79.164166666666659, 26.379166666666677 ], [ 79.168333333333322, 26.369166666666679 ], [ 79.1625, 26.368333333333347 ], [ 79.16, 26.3625 ], [ 79.155, 26.3625 ], [ 79.151666666666657, 26.356666666666676 ], [ 79.1425, 26.356666666666676 ], [ 79.1425, 26.355 ], [ 79.145833333333329, 26.3525 ], [ 79.155, 26.3525 ], [ 79.156666666666652, 26.351666666666677 ], [ 79.15583333333332, 26.35 ], [ 79.1475, 26.346666666666678 ], [ 79.143333333333317, 26.3425 ], [ 79.138333333333321, 26.343333333333344 ], [ 79.136666666666656, 26.340833333333343 ], [ 79.14, 26.339166666666678 ], [ 79.14, 26.335833333333344 ], [ 79.1325, 26.335 ], [ 79.130833333333328, 26.33 ], [ 79.126666666666651, 26.331666666666678 ], [ 79.1225, 26.33 ] ] } },
{ "type": "Feature", "properties": { "COMID": 45044010, "id": "18997", "lengthkm": 3.41072243737332, "order": 5, "uparea": 20864.326230539657 }, "geometry": { "type": "LineString", "coordinates": [ [ 79.183333333333323, 26.43 ], [ 79.1725, 26.423333333333346 ], [ 79.16, 26.424166666666679 ], [ 79.15583333333332, 26.420833333333341 ] ] } },
{ "type": "Feature", "properties": { "COMID": 45043867, "id": "18997", "lengthkm": 4.2175287626517006, "order": 5, "uparea": 27728.574716696603 }, "geometry": { "type": "LineString", "coordinates": [ [ 79.213333333333324, 26.438333333333343 ], [ 79.208333333333329, 26.436666666666675 ], [ 79.204166666666652, 26.43 ], [ 79.1975, 26.425 ], [ 79.195, 26.426666666666677 ], [ 79.193333333333328, 26.425833333333344 ], [ 79.186666666666653, 26.430833333333343 ], [ 79.183333333333323, 26.43 ] ] } },
{ "type": "Feature", "properties": { "COMID": 45043753, "id": "18997", "lengthkm": 7.3707267410416826, "order": 7, "uparea": 244150.05728628649 }, "geometry": { "type": "LineString", "coordinates": [ [ 79.275, 26.435 ], [ 79.259166666666658, 26.429166666666678 ], [ 79.24166666666666, 26.425833333333344 ], [ 79.2325, 26.425833333333344 ], [ 79.22, 26.429166666666678 ], [ 79.213333333333324, 26.438333333333343 ] ] } },
{ "type": "Feature", "properties": { "COMID": 45043752, "id": "18997", "lengthkm": 20.235458877363797, "order": 7, "uparea": 244280.61515138712 }, "geometry": { "type": "LineString", "coordinates": [ [ 79.425833333333316, 26.4275 ], [ 79.408333333333317, 26.425 ], [ 79.4025, 26.4225 ], [ 79.3975, 26.423333333333346 ], [ 79.3725, 26.409166666666678 ], [ 79.3525, 26.4025 ], [ 79.341666666666654, 26.401666666666678 ], [ 79.335, 26.399166666666677 ], [ 79.324166666666656, 26.399166666666677 ], [ 79.313333333333318, 26.405 ], [ 79.310833333333321, 26.41 ], [ 79.31, 26.419166666666676 ], [ 79.303333333333327, 26.435 ], [ 79.29916666666665, 26.44 ], [ 79.290833333333325, 26.441666666666677 ], [ 79.285833333333329, 26.438333333333343 ], [ 79.275, 26.435 ] ] } },
{ "type": "Feature", "properties": { "COMID": 45043750, "id": "18997", "lengthkm": 11.321201457956345, "order": 7, "uparea": 244424.59673438003 }, "geometry": { "type": "LineString", "coordinates": [ [ 79.4875, 26.385 ], [ 79.489166666666662, 26.386666666666677 ], [ 79.488333333333316, 26.3975 ], [ 79.49, 26.408333333333346 ], [ 79.484166666666653, 26.421666666666678 ], [ 79.4775, 26.43 ], [ 79.470833333333317, 26.4325 ], [ 79.454166666666652, 26.433333333333344 ], [ 79.4525, 26.431666666666679 ], [ 79.443333333333328, 26.431666666666679 ], [ 79.425833333333316, 26.4275 ] ] } },
{ "type": "Feature", "properties": { "COMID": 45043748, "id": "18997", "lengthkm": 3.983382618517981, "order": 7, "uparea": 244469.58032669785 }, "geometry": { "type": "LineString", "coordinates": [ [ 79.506666666666661, 26.356666666666676 ], [ 79.49, 26.373333333333342 ], [ 79.4875, 26.379166666666677 ], [ 79.4875, 26.385 ] ] } },
{ "type": "Feature", "properties": { "COMID": 45043747, "id": "18997", "lengthkm": 0.41490051146499501, "order": 7, "uparea": 244887.78204750011 }, "geometry": { "type": "LineString", "coordinates": [ [ 79.51, 26.355 ], [ 79.506666666666661, 26.356666666666676 ] ] } },
{ "type": "Feature", "properties": { "COMID": 45043746, "id": "18997", "lengthkm": 5.8912927808235978, "order": 7, "uparea": 244945.62882992747 }, "geometry": { "type": "LineString", "coordinates": [ [ 79.555833333333325, 26.361666666666679 ], [ 79.546666666666653, 26.3575 ], [ 79.533333333333317, 26.3475 ], [ 79.525, 26.345 ], [ 79.518333333333317, 26.346666666666678 ], [ 79.51, 26.355 ] ] } },
{ "type": "Feature", "properties": { "COMID": 45043745, "id": "18997", "lengthkm": 2.9888460688554388, "order": 7, "uparea": 244992.10140980768 }, "geometry": { "type": "LineString", "coordinates": [ [ 79.5675, 26.345 ], [ 79.569166666666661, 26.35 ], [ 79.5675, 26.359166666666678 ], [ 79.564166666666651, 26.361666666666679 ], [ 79.555833333333325, 26.361666666666679 ] ] } },
{ "type": "Feature", "properties": { "COMID": 45043744, "id": "18997", "lengthkm": 9.401242756307731, "order": 7, "uparea": 245046.28354267968 }, "geometry": { "type": "LineString", "coordinates": [ [ 79.536666666666662, 26.285833333333343 ], [ 79.533333333333317, 26.289166666666677 ], [ 79.526666666666657, 26.301666666666677 ], [ 79.526666666666657, 26.315833333333345 ], [ 79.535, 26.324166666666677 ], [ 79.559166666666655, 26.335833333333344 ], [ 79.5675, 26.345 ] ] } },
{ "type": "Feature", "properties": { "COMID": 45043743, "id": "18997", "lengthkm": 8.87078158555709, "order": 7, "uparea": 245135.39390783626 }, "geometry": { "type": "LineString", "coordinates": [ [ 79.605, 26.254166666666677 ], [ 79.600833333333327, 26.253333333333345 ], [ 79.588333333333324, 26.258333333333344 ], [ 79.585, 26.255833333333342 ], [ 79.568333333333328, 26.258333333333344 ], [ 79.561666666666653, 26.2625 ], [ 79.558333333333323, 26.265833333333344 ], [ 79.558333333333323, 26.268333333333345 ], [ 79.536666666666662, 26.285833333333343 ] ] } },
{ "type": "Feature", "properties": { "COMID": 45043742, "id": "18997", "lengthkm": 14.527569586679428, "order": 7, "uparea": 245241.28192350548 }, "geometry": { "type": "LineString", "coordinates": [ [ 79.694166666666661, 26.1925 ], [ 79.685833333333321, 26.195833333333344 ], [ 79.663333333333327, 26.209166666666675 ], [ 79.649166666666659, 26.21 ], [ 79.646666666666661, 26.211666666666677 ], [ 79.644166666666649, 26.216666666666676 ], [ 79.644166666666649, 26.223333333333343 ], [ 79.650833333333324, 26.233333333333341 ], [ 79.650833333333324, 26.2375 ], [ 79.641666666666652, 26.246666666666677 ], [ 79.630833333333328, 26.248333333333342 ], [ 79.625, 26.251666666666679 ], [ 79.614166666666662, 26.250833333333343 ], [ 79.605, 26.254166666666677 ] ] } },
{ "type": "Feature", "properties": { "COMID": 45043741, "id": "18997", "lengthkm": 1.2463341576114679, "order": 7, "uparea": 245338.54018347358 }, "geometry": { "type": "LineString", "coordinates": [ [ 79.705, 26.189166666666679 ], [ 79.694166666666661, 26.1925 ] ] } },
{ "type": "Feature", "properties": { "COMID": 45043740, "id": "18997", "lengthkm": 12.758038134973646, "order": 7, "uparea": 247809.47529379238 }, "geometry": { "type": "LineString", "coordinates": [ [ 79.749166666666653, 26.133333333333344 ], [ 79.746666666666655, 26.139166666666675 ], [ 79.746666666666655, 26.145833333333343 ], [ 79.75, 26.1525 ], [ 79.76, 26.1625 ], [ 79.764166666666654, 26.169166666666676 ], [ 79.765, 26.1775 ], [ 79.763333333333321, 26.181666666666679 ], [ 79.756666666666661, 26.185833333333342 ], [ 79.73666666666665, 26.186666666666678 ], [ 79.734166666666653, 26.185 ], [ 79.716666666666654, 26.185 ], [ 79.705, 26.189166666666679 ] ] } },
{ "type": "Feature", "properties": { "COMID": 45043739, "id": "18997", "lengthkm": 4.6172862859850552, "order": 7, "uparea": 247937.05770138238 }, "geometry": { "type": "LineString", "coordinates": [ [ 79.781666666666652, 26.110833333333346 ], [ 79.7775, 26.115 ], [ 79.775833333333324, 26.120833333333344 ], [ 79.771666666666661, 26.125 ], [ 79.749166666666653, 26.133333333333344 ] ] } },
{ "type": "Feature", "properties": { "COMID": 45043738, "id": "18997", "lengthkm": 14.69922825000892, "order": 7, "uparea": 248184.38229390769 }, "geometry": { "type": "LineString", "coordinates": [ [ 79.9025, 26.0925 ], [ 79.885833333333323, 26.099166666666676 ], [ 79.865833333333327, 26.116666666666678 ], [ 79.86166666666665, 26.116666666666678 ], [ 79.855833333333322, 26.114166666666677 ], [ 79.845, 26.105 ], [ 79.835, 26.100833333333345 ], [ 79.826666666666654, 26.100833333333345 ], [ 79.824166666666656, 26.1025 ], [ 79.7875, 26.1075 ], [ 79.781666666666652, 26.110833333333346 ] ] } },
{ "type": "Feature", "properties": { "COMID": 45043737, "id": "18997", "lengthkm": 9.9444337797030915, "order": 7, "uparea": 248402.44218985905 }, "geometry": { "type": "LineString", "coordinates": [ [ 79.938333333333318, 26.159166666666678 ], [ 79.936666666666653, 26.156666666666677 ], [ 79.933333333333323, 26.124166666666678 ], [ 79.93, 26.118333333333347 ], [ 79.925, 26.099166666666676 ], [ 79.918333333333322, 26.091666666666676 ], [ 79.9025, 26.0925 ] ] } },
{ "type": "Feature", "properties": { "COMID": 45043736, "id": "18997", "lengthkm": 5.2912503259639996, "order": 7, "uparea": 256162.20252760121 }, "geometry": { "type": "LineString", "coordinates": [ [ 79.966666666666654, 26.13416666666668 ], [ 79.965, 26.150833333333345 ], [ 79.960833333333326, 26.155833333333344 ], [ 79.949166666666656, 26.161666666666676 ], [ 79.941666666666663, 26.161666666666676 ], [ 79.938333333333318, 26.159166666666678 ] ] } },
{ "type": "Feature", "properties": { "COMID": 45047826, "id": "18997", "lengthkm": 49.377987497866108, "order": 7, "uparea": 256752.17803054585 }, "geometry": { "type": "LineString", "coordinates": [ [ 80.2125, 25.92 ], [ 80.209166666666661, 25.921666666666678 ], [ 80.203333333333319, 25.931666666666679 ], [ 80.199166666666656, 25.935 ], [ 80.195833333333326, 25.943333333333342 ], [ 80.1925, 25.945833333333344 ], [ 80.155, 25.96 ], [ 80.143333333333317, 25.966666666666676 ], [ 80.134166666666658, 25.975833333333345 ], [ 80.121666666666655, 25.984166666666678 ], [ 80.106666666666655, 25.990833333333342 ], [ 80.09, 25.995 ], [ 80.0825, 26.000833333333343 ], [ 80.083333333333329, 26.005833333333342 ], [ 80.09, 26.0125 ], [ 80.098333333333329, 26.0175 ], [ 80.10833333333332, 26.0325 ], [ 80.11166666666665, 26.041666666666679 ], [ 80.11166666666665, 26.05 ], [ 80.105833333333322, 26.060833333333342 ], [ 80.098333333333329, 26.065 ], [ 80.084166666666661, 26.068333333333342 ], [ 80.0825, 26.066666666666677 ], [ 80.071666666666658, 26.068333333333342 ], [ 80.0425, 26.068333333333342 ], [ 80.0375, 26.066666666666677 ], [ 80.0325, 26.068333333333342 ], [ 80.0275, 26.065 ], [ 79.996666666666655, 26.066666666666677 ], [ 79.9875, 26.065833333333345 ], [ 79.958333333333329, 26.075 ], [ 79.955, 26.07916666666668 ], [ 79.955, 26.088333333333345 ], [ 79.959166666666661, 26.099166666666676 ], [ 79.958333333333329, 26.104166666666679 ], [ 79.961666666666659, 26.108333333333341 ], [ 79.961666666666659, 26.114166666666677 ], [ 79.965, 26.12 ], [ 79.966666666666654, 26.13416666666668 ] ] } },
{ "type": "Feature", "properties": { "COMID": 45047824, "id": "18997", "lengthkm": 19.522483159862254, "order": 7, "uparea": 300540.44788674853 }, "geometry": { "type": "LineString", "coordinates": [ [ 80.364166666666648, 25.9075 ], [ 80.356666666666655, 25.901666666666678 ], [ 80.336666666666659, 25.896666666666675 ], [ 80.320833333333326, 25.889166666666675 ], [ 80.3125, 25.8875 ], [ 80.301666666666648, 25.8925 ], [ 80.294166666666655, 25.900833333333345 ], [ 80.281666666666652, 25.920833333333345 ], [ 80.275833333333324, 25.926666666666677 ], [ 80.266666666666652, 25.9325 ], [ 80.254166666666663, 25.931666666666679 ], [ 80.231666666666655, 25.921666666666678 ], [ 80.2125, 25.92 ] ] } },
{ "type": "Feature", "properties": { "COMID": 45047823, "id": "18997", "lengthkm": 2.7481427734600401, "order": 7, "uparea": 301649.39522443549 }, "geometry": { "type": "LineString", "coordinates": [ [ 80.389166666666654, 25.9125 ], [ 80.375, 25.910833333333343 ], [ 80.364166666666648, 25.9075 ] ] } },
{ "type": "Feature", "properties": { "COMID": 45047822, "id": "18997", "lengthkm": 9.9941538176778302, "order": 7, "uparea": 301759.00947201345 }, "geometry": { "type": "LineString", "coordinates": [ [ 80.480833333333322, 25.8975 ], [ 80.451666666666654, 25.905833333333344 ], [ 80.425, 25.909166666666678 ], [ 80.413333333333327, 25.9125 ], [ 80.389166666666654, 25.9125 ] ] } },
{ "type": "Feature", "properties": { "COMID": 45047819, "id": "18997", "lengthkm": 7.7425515597551966, "order": 7, "uparea": 301845.67902042362 }, "geometry": { "type": "LineString", "coordinates": [ [ 80.5475, 25.875833333333347 ], [ 80.53, 25.880833333333342 ], [ 80.509166666666658, 25.8825 ], [ 80.5025, 25.885 ], [ 80.494166666666658, 25.89166666666668 ], [ 80.480833333333322, 25.8975 ] ] } },
{ "type": "Feature", "properties": { "COMID": 45047818, "id": "18997", "lengthkm": 22.773590045830172, "order": 7, "uparea": 304803.97936505714 }, "geometry": { "type": "LineString", "coordinates": [ [ 80.526666666666657, 25.7725 ], [ 80.515833333333319, 25.776666666666678 ], [ 80.475833333333327, 25.805833333333347 ], [ 80.4675, 25.816666666666677 ], [ 80.465833333333322, 25.828333333333344 ], [ 80.469166666666652, 25.8325 ], [ 80.480833333333322, 25.835833333333344 ], [ 80.490833333333327, 25.83666666666668 ], [ 80.5, 25.834166666666675 ], [ 80.520833333333314, 25.834166666666675 ], [ 80.5375, 25.839166666666678 ], [ 80.54583333333332, 25.845833333333346 ], [ 80.555, 25.861666666666679 ], [ 80.55416666666666, 25.8675 ], [ 80.5475, 25.875833333333347 ] ] } },
{ "type": "Feature", "properties": { "COMID": 45047817, "id": "18997", "lengthkm": 6.5955713357858254, "order": 7, "uparea": 333601.33207033353 }, "geometry": { "type": "LineString", "coordinates": [ [ 80.578333333333319, 25.773333333333344 ], [ 80.575833333333321, 25.780833333333344 ], [ 80.573333333333323, 25.783333333333346 ], [ 80.561666666666653, 25.784166666666678 ], [ 80.5375, 25.7775 ], [ 80.533333333333317, 25.77416666666668 ], [ 80.526666666666657, 25.7725 ] ] } },
{ "type": "Feature", "properties": { "COMID": 45047816, "id": "18997", "lengthkm": 4.6790881433929581, "order": 7, "uparea": 333646.0660036034 }, "geometry": { "type": "LineString", "coordinates": [ [ 80.5675, 25.735 ], [ 80.576666666666654, 25.7525 ], [ 80.578333333333319, 25.75916666666668 ], [ 80.578333333333319, 25.773333333333344 ] ] } },
{ "type": "Feature", "properties": { "COMID": 45047815, "id": "18997", "lengthkm": 9.4166636405479807, "order": 7, "uparea": 333709.91469472839 }, "geometry": { "type": "LineString", "coordinates": [ [ 80.6375, 25.708333333333343 ], [ 80.629166666666663, 25.71 ], [ 80.6125, 25.709166666666675 ], [ 80.5925, 25.714166666666678 ], [ 80.585833333333326, 25.72 ], [ 80.575, 25.723333333333343 ], [ 80.5675, 25.729166666666679 ], [ 80.5625, 25.730833333333344 ], [ 80.5675, 25.735 ] ] } },
{ "type": "Feature", "properties": { "COMID": 45047814, "id": "18997", "lengthkm": 8.8766385454100529, "order": 7, "uparea": 333795.90392959322 }, "geometry": { "type": "LineString", "coordinates": [ [ 80.713333333333324, 25.6825 ], [ 80.705833333333317, 25.684166666666677 ], [ 80.699166666666656, 25.688333333333347 ], [ 80.688333333333318, 25.689166666666679 ], [ 80.681666666666658, 25.694166666666678 ], [ 80.673333333333318, 25.69666666666668 ], [ 80.6675, 25.700833333333343 ], [ 80.656666666666652, 25.7025 ], [ 80.65, 25.7075 ], [ 80.6375, 25.708333333333343 ] ] } },
{ "type": "Feature", "properties": { "COMID": 45047813, "id": "18997", "lengthkm": 0.50104925622636398, "order": 7, "uparea": 335271.85612803849 }, "geometry": { "type": "LineString", "coordinates": [ [ 80.71833333333332, 25.6825 ], [ 80.713333333333324, 25.6825 ] ] } },
{ "type": "Feature", "properties": { "COMID": 45047812, "id": "18997", "lengthkm": 12.126249645510654, "order": 7, "uparea": 335391.92165036593 }, "geometry": { "type": "LineString", "coordinates": [ [ 80.820833333333326, 25.72 ], [ 80.803333333333327, 25.70416666666668 ], [ 80.7875, 25.694166666666678 ], [ 80.78083333333332, 25.691666666666677 ], [ 80.758333333333326, 25.685 ], [ 80.71833333333332, 25.6825 ] ] } },
{ "type": "Feature", "properties": { "COMID": 45047811, "id": "18997", "lengthkm": 15.326990765630811, "order": 7, "uparea": 335492.46073201031 }, "geometry": { "type": "LineString", "coordinates": [ [ 80.9225, 25.689166666666679 ], [ 80.889166666666654, 25.68 ], [ 80.8625, 25.678333333333345 ], [ 80.85833333333332, 25.68 ], [ 80.855, 25.684166666666677 ], [ 80.850833333333327, 25.699166666666677 ], [ 80.849166666666662, 25.716666666666676 ], [ 80.84666666666665, 25.720833333333346 ], [ 80.841666666666654, 25.725 ], [ 80.834166666666661, 25.725833333333345 ], [ 80.825833333333321, 25.724166666666676 ], [ 80.820833333333326, 25.72 ] ] } },
{ "type": "Feature", "properties": { "COMID": 45047810, "id": "18997", "lengthkm": 10.825711187108524, "order": 7, "uparea": 335597.67531189625 }, "geometry": { "type": "LineString", "coordinates": [ [ 80.9475, 25.6175 ], [ 80.943333333333328, 25.628333333333345 ], [ 80.943333333333328, 25.630833333333342 ], [ 80.945, 25.631666666666678 ], [ 80.945, 25.64166666666668 ], [ 80.9475, 25.645833333333343 ], [ 80.946666666666658, 25.655833333333344 ], [ 80.949166666666656, 25.670833333333345 ], [ 80.9475, 25.681666666666679 ], [ 80.945, 25.685833333333342 ], [ 80.939166666666651, 25.69 ], [ 80.9225, 25.689166666666679 ] ] } },
{ "type": "Feature", "properties": { "COMID": 45047809, "id": "18997", "lengthkm": 19.088076848683336, "order": 7, "uparea": 336138.74921118486 }, "geometry": { "type": "LineString", "coordinates": [ [ 80.998333333333321, 25.573333333333345 ], [ 81.006666666666661, 25.58 ], [ 81.0225, 25.585833333333344 ], [ 81.031666666666652, 25.595 ], [ 81.031666666666652, 25.598333333333343 ], [ 81.035833333333329, 25.606666666666676 ], [ 81.036666666666662, 25.6175 ], [ 81.035833333333329, 25.625 ], [ 81.031666666666652, 25.63 ], [ 81.025, 25.6325 ], [ 81.0175, 25.6325 ], [ 80.994166666666658, 25.62 ], [ 80.965833333333322, 25.6075 ], [ 80.955, 25.609166666666678 ], [ 80.9475, 25.6175 ] ] } },
{ "type": "Feature", "properties": { "COMID": 45047808, "id": "18997", "lengthkm": 3.9357763550759, "order": 7, "uparea": 336222.10233828169 }, "geometry": { "type": "LineString", "coordinates": [ [ 81.020833333333314, 25.546666666666678 ], [ 80.998333333333321, 25.5675 ], [ 80.998333333333321, 25.573333333333345 ] ] } },
{ "type": "Feature", "properties": { "COMID": 45047807, "id": "18997", "lengthkm": 12.535290035655732, "order": 7, "uparea": 339326.71774527302 }, "geometry": { "type": "LineString", "coordinates": [ [ 81.126666666666651, 25.51 ], [ 81.115833333333313, 25.5125 ], [ 81.106666666666655, 25.5125 ], [ 81.048333333333318, 25.5275 ], [ 81.031666666666652, 25.534166666666678 ], [ 81.020833333333314, 25.546666666666678 ] ] } },
{ "type": "Feature", "properties": { "COMID": 45047806, "id": "18997", "lengthkm": 7.5185729474719682, "order": 7, "uparea": 340707.88127207174 }, "geometry": { "type": "LineString", "coordinates": [ [ 81.189166666666651, 25.4875 ], [ 81.186666666666653, 25.4875 ], [ 81.17916666666666, 25.494166666666679 ], [ 81.1675, 25.5 ], [ 81.126666666666651, 25.51 ] ] } },
{ "type": "Feature", "properties": { "COMID": 45047805, "id": "18997", "lengthkm": 10.223480074747368, "order": 7, "uparea": 340800.57835318026 }, "geometry": { "type": "LineString", "coordinates": [ [ 81.15, 25.421666666666678 ], [ 81.155, 25.429166666666678 ], [ 81.165833333333325, 25.433333333333344 ], [ 81.183333333333323, 25.444166666666678 ], [ 81.193333333333328, 25.455 ], [ 81.195, 25.46 ], [ 81.194166666666661, 25.471666666666678 ], [ 81.1925, 25.475 ], [ 81.193333333333328, 25.484166666666678 ], [ 81.189166666666651, 25.4875 ] ] } },
{ "type": "Feature", "properties": { "COMID": 45051956, "id": "18997", "lengthkm": 11.028884392787488, "order": 7, "uparea": 342533.74434707745 }, "geometry": { "type": "LineString", "coordinates": [ [ 81.211666666666659, 25.365 ], [ 81.178333333333313, 25.375 ], [ 81.169166666666655, 25.379166666666677 ], [ 81.1575, 25.3875 ], [ 81.150833333333324, 25.395 ], [ 81.1475, 25.403333333333343 ], [ 81.148333333333326, 25.405 ], [ 81.146666666666647, 25.41 ], [ 81.1475, 25.414166666666677 ], [ 81.150833333333324, 25.4175 ], [ 81.15, 25.421666666666678 ] ] } },
{ "type": "Feature", "properties": { "COMID": 45051955, "id": "18997", "lengthkm": 5.1588559287968518, "order": 7, "uparea": 342622.68721653556 }, "geometry": { "type": "LineString", "coordinates": [ [ 81.25, 25.345833333333346 ], [ 81.2475, 25.354166666666679 ], [ 81.243333333333325, 25.358333333333345 ], [ 81.211666666666659, 25.365 ] ] } },
{ "type": "Feature", "properties": { "COMID": 45051954, "id": "18997", "lengthkm": 10.098273459214017, "order": 7, "uparea": 343133.24156330799 }, "geometry": { "type": "LineString", "coordinates": [ [ 81.324166666666656, 25.346666666666678 ], [ 81.3225, 25.345 ], [ 81.30416666666666, 25.34 ], [ 81.301666666666648, 25.34 ], [ 81.29916666666665, 25.3425 ], [ 81.2925, 25.341666666666676 ], [ 81.28, 25.335 ], [ 81.276666666666657, 25.32916666666668 ], [ 81.270833333333314, 25.326666666666679 ], [ 81.2675, 25.326666666666679 ], [ 81.260833333333323, 25.33 ], [ 81.25333333333333, 25.338333333333345 ], [ 81.25, 25.345833333333346 ] ] } },
{ "type": "Feature", "properties": { "COMID": 45051953, "id": "18997", "lengthkm": 5.8931478094195722, "order": 7, "uparea": 343190.56183352141 }, "geometry": { "type": "LineString", "coordinates": [ [ 81.376666666666651, 25.3375 ], [ 81.35833333333332, 25.34416666666668 ], [ 81.345833333333317, 25.345833333333346 ], [ 81.34333333333332, 25.3475 ], [ 81.330833333333317, 25.348333333333343 ], [ 81.324166666666656, 25.346666666666678 ] ] } },
{ "type": "Feature", "properties": { "COMID": 45051952, "id": "18997", "lengthkm": 7.7861444654480216, "order": 7, "uparea": 343328.82425477443 }, "geometry": { "type": "LineString", "coordinates": [ [ 81.3875, 25.286666666666676 ], [ 81.396666666666647, 25.2975 ], [ 81.400833333333324, 25.305 ], [ 81.401666666666657, 25.316666666666677 ], [ 81.398333333333326, 25.325833333333343 ], [ 81.394166666666649, 25.33 ], [ 81.383333333333326, 25.335833333333344 ], [ 81.376666666666651, 25.3375 ] ] } },
{ "type": "Feature", "properties": { "COMID": 45051951, "id": "18997", "lengthkm": 8.7379431556716565, "order": 7, "uparea": 343426.68366453744 }, "geometry": { "type": "LineString", "coordinates": [ [ 81.449166666666656, 25.25916666666668 ], [ 81.423333333333318, 25.268333333333345 ], [ 81.42, 25.270833333333343 ], [ 81.416666666666657, 25.269166666666678 ], [ 81.410833333333329, 25.270833333333343 ], [ 81.404166666666654, 25.27 ], [ 81.396666666666647, 25.273333333333344 ], [ 81.39, 25.273333333333344 ], [ 81.385833333333323, 25.2775 ], [ 81.3875, 25.286666666666676 ] ] } },
{ "type": "Feature", "properties": { "COMID": 45051950, "id": "18997", "lengthkm": 7.2075750290702914, "order": 7, "uparea": 343500.89727316808 }, "geometry": { "type": "LineString", "coordinates": [ [ 81.51, 25.270833333333343 ], [ 81.494166666666658, 25.268333333333345 ], [ 81.485833333333318, 25.269166666666678 ], [ 81.475833333333327, 25.26666666666668 ], [ 81.470833333333317, 25.268333333333345 ], [ 81.461666666666659, 25.258333333333347 ], [ 81.453333333333319, 25.2575 ], [ 81.449166666666656, 25.25916666666668 ] ] } },
{ "type": "Feature", "properties": { "COMID": 45051949, "id": "18997", "lengthkm": 2.7633766675171332, "order": 7, "uparea": 343553.44696569059 }, "geometry": { "type": "LineString", "coordinates": [ [ 81.53083333333332, 25.28166666666668 ], [ 81.519166666666649, 25.27416666666668 ], [ 81.514166666666654, 25.2725 ], [ 81.5125, 25.273333333333344 ], [ 81.51, 25.270833333333343 ] ] } },
{ "type": "Feature", "properties": { "COMID": 45051948, "id": "18997", "lengthkm": 25.884190892539738, "order": 7, "uparea": 344129.09974478412 }, "geometry": { "type": "LineString", "coordinates": [ [ 81.744166666666658, 25.3475 ], [ 81.73333333333332, 25.351666666666677 ], [ 81.703333333333319, 25.356666666666676 ], [ 81.6825, 25.356666666666676 ], [ 81.65916666666665, 25.353333333333346 ], [ 81.6425, 25.354166666666679 ], [ 81.634166666666658, 25.3525 ], [ 81.598333333333329, 25.333333333333343 ], [ 81.589166666666657, 25.323333333333345 ], [ 81.5875, 25.319166666666678 ], [ 81.56, 25.299166666666679 ], [ 81.555, 25.2975 ], [ 81.541666666666657, 25.2875 ], [ 81.53083333333332, 25.28166666666668 ] ] } },
{ "type": "Feature", "properties": { "COMID": 45051947, "id": "18997", "lengthkm": 9.7298079347750157, "order": 7, "uparea": 344349.9975652516 }, "geometry": { "type": "LineString", "coordinates": [ [ 81.813333333333318, 25.343333333333344 ], [ 81.813333333333318, 25.338333333333345 ], [ 81.810833333333321, 25.3325 ], [ 81.805, 25.3275 ], [ 81.7925, 25.3225 ], [ 81.789166666666659, 25.325 ], [ 81.7825, 25.326666666666679 ], [ 81.761666666666656, 25.34 ], [ 81.744166666666658, 25.3475 ] ] } },
{ "type": "Feature", "properties": { "COMID": 45051946, "id": "18997", "lengthkm": 2.5824537339089249, "order": 7, "uparea": 344445.65653988393 }, "geometry": { "type": "LineString", "coordinates": [ [ 81.801666666666648, 25.3625 ], [ 81.810833333333321, 25.351666666666677 ], [ 81.813333333333318, 25.343333333333344 ] ] } },
{ "type": "Feature", "properties": { "COMID": 45051945, "id": "18997", "lengthkm": 6.3721127025066533, "order": 7, "uparea": 344498.55246370478 }, "geometry": { "type": "LineString", "coordinates": [ [ 81.815, 25.408333333333346 ], [ 81.7925, 25.379166666666677 ], [ 81.7925, 25.375833333333347 ], [ 81.801666666666648, 25.3625 ] ] } },
{ "type": "Feature", "properties": { "COMID": 45047804, "id": "18997", "lengthkm": 8.4016022199852785, "order": 7, "uparea": 346011.31517300889 }, "geometry": { "type": "LineString", "coordinates": [ [ 81.886666666666656, 25.423333333333346 ], [ 81.8725, 25.4275 ], [ 81.85833333333332, 25.426666666666677 ], [ 81.84333333333332, 25.4225 ], [ 81.835, 25.418333333333344 ], [ 81.825, 25.416666666666679 ], [ 81.815, 25.408333333333346 ] ] } },
{ "type": "Feature", "properties": { "COMID": 45051944, "id": "18997", "lengthkm": 5.3910331526695332, "order": 7, "uparea": 440157.7655184553 }, "geometry": { "type": "LineString", "coordinates": [ [ 81.916666666666657, 25.386666666666677 ], [ 81.914166666666659, 25.39166666666668 ], [ 81.905, 25.401666666666678 ], [ 81.899166666666659, 25.4125 ], [ 81.894166666666649, 25.4175 ], [ 81.890833333333319, 25.418333333333344 ], [ 81.886666666666656, 25.423333333333346 ] ] } },
{ "type": "Feature", "properties": { "COMID": 45051943, "id": "18997", "lengthkm": 8.006486974127041, "order": 7, "uparea": 440207.55211653112 }, "geometry": { "type": "LineString", "coordinates": [ [ 81.944166666666661, 25.330833333333345 ], [ 81.931666666666658, 25.33666666666668 ], [ 81.921666666666653, 25.348333333333343 ], [ 81.916666666666657, 25.360833333333346 ], [ 81.916666666666657, 25.3725 ], [ 81.919166666666655, 25.375 ], [ 81.915833333333325, 25.380833333333342 ], [ 81.916666666666657, 25.386666666666677 ] ] } },
{ "type": "Feature", "properties": { "COMID": 45051942, "id": "18997", "lengthkm": 12.700587817069335, "order": 7, "uparea": 440319.19580751611 }, "geometry": { "type": "LineString", "coordinates": [ [ 82.04583333333332, 25.349166666666676 ], [ 82.040833333333325, 25.345833333333346 ], [ 82.035, 25.345 ], [ 82.03, 25.340833333333343 ], [ 82.0225, 25.34 ], [ 82.02, 25.3375 ], [ 82.020833333333314, 25.334166666666675 ], [ 82.013333333333321, 25.32916666666668 ], [ 82.009166666666658, 25.32916666666668 ], [ 82.0075, 25.326666666666679 ], [ 81.996666666666655, 25.325 ], [ 81.9875, 25.320833333333347 ], [ 81.969166666666652, 25.320833333333347 ], [ 81.944166666666661, 25.330833333333345 ] ] } },
{ "type": "Feature", "properties": { "COMID": 45051941, "id": "18997", "lengthkm": 5.2846094823123471, "order": 7, "uparea": 440363.69980243931 }, "geometry": { "type": "LineString", "coordinates": [ [ 82.079166666666652, 25.318333333333342 ], [ 82.073333333333323, 25.32916666666668 ], [ 82.060833333333321, 25.3425 ], [ 82.050833333333316, 25.349166666666676 ], [ 82.04583333333332, 25.349166666666676 ] ] } },
{ "type": "Feature", "properties": { "COMID": 45051940, "id": "18997", "lengthkm": 5.316790396351597, "order": 7, "uparea": 440597.0359284397 }, "geometry": { "type": "LineString", "coordinates": [ [ 82.084166666666647, 25.276666666666678 ], [ 82.079166666666652, 25.29 ], [ 82.079166666666652, 25.294166666666676 ], [ 82.075, 25.296666666666678 ], [ 82.0775, 25.305 ], [ 82.076666666666654, 25.3125 ], [ 82.079166666666652, 25.315 ], [ 82.079166666666652, 25.318333333333342 ] ] } },
{ "type": "Feature", "properties": { "COMID": 45051939, "id": "18997", "lengthkm": 15.227760911984188, "order": 7, "uparea": 458226.65842863679 }, "geometry": { "type": "LineString", "coordinates": [ [ 82.201666666666654, 25.306666666666679 ], [ 82.18, 25.315833333333345 ], [ 82.1675, 25.316666666666677 ], [ 82.1575, 25.3125 ], [ 82.150833333333324, 25.305 ], [ 82.145, 25.305833333333347 ], [ 82.1375, 25.295833333333345 ], [ 82.124166666666653, 25.283333333333346 ], [ 82.1175, 25.2775 ], [ 82.109166666666653, 25.273333333333344 ], [ 82.099166666666662, 25.27 ], [ 82.094166666666652, 25.27 ], [ 82.084166666666647, 25.276666666666678 ] ] } },
{ "type": "Feature", "properties": { "COMID": 45051938, "id": "18997", "lengthkm": 8.6550279316258276, "order": 7, "uparea": 458322.50007860182 }, "geometry": { "type": "LineString", "coordinates": [ [ 82.208333333333314, 25.243333333333347 ], [ 82.219166666666652, 25.2625 ], [ 82.2225, 25.2825 ], [ 82.2175, 25.295 ], [ 82.201666666666654, 25.306666666666679 ] ] } },
{ "type": "Feature", "properties": { "COMID": 45051937, "id": "18997", "lengthkm": 5.2746720286859512, "order": 7, "uparea": 458386.70744924893 }, "geometry": { "type": "LineString", "coordinates": [ [ 82.1975, 25.200833333333343 ], [ 82.195833333333326, 25.2075 ], [ 82.196666666666658, 25.225833333333345 ], [ 82.208333333333314, 25.243333333333347 ] ] } },
{ "type": "Feature", "properties": { "COMID": 45051936, "id": "18997", "lengthkm": 3.9438695724608368, "order": 7, "uparea": 458481.5013803101 }, "geometry": { "type": "LineString", "coordinates": [ [ 82.22166666666665, 25.1775 ], [ 82.209166666666647, 25.183333333333344 ], [ 82.201666666666654, 25.191666666666677 ], [ 82.1975, 25.200833333333343 ] ] } },
{ "type": "Feature", "properties": { "COMID": 45051935, "id": "18997", "lengthkm": 41.467301491321749, "order": 7, "uparea": 458753.48088462773 }, "geometry": { "type": "LineString", "coordinates": [ [ 82.386666666666656, 25.2575 ], [ 82.3825, 25.2575 ], [ 82.375833333333318, 25.250833333333347 ], [ 82.3725, 25.245 ], [ 82.365, 25.229166666666679 ], [ 82.363333333333316, 25.214166666666678 ], [ 82.3575, 25.209166666666675 ], [ 82.34333333333332, 25.2075 ], [ 82.333333333333314, 25.209166666666675 ], [ 82.329166666666652, 25.2125 ], [ 82.33, 25.21916666666668 ], [ 82.325833333333321, 25.223333333333343 ], [ 82.325833333333321, 25.2325 ], [ 82.3275, 25.235833333333346 ], [ 82.3225, 25.24 ], [ 82.3125, 25.258333333333347 ], [ 82.305833333333325, 25.26666666666668 ], [ 82.29916666666665, 25.270833333333343 ], [ 82.2925, 25.2725 ], [ 82.275, 25.2725 ], [ 82.263333333333321, 25.265833333333344 ], [ 82.255833333333328, 25.256666666666678 ], [ 82.25, 25.238333333333344 ], [ 82.244166666666658, 25.230833333333344 ], [ 82.245, 25.218333333333344 ], [ 82.243333333333325, 25.216666666666676 ], [ 82.253333333333316, 25.209166666666675 ], [ 82.28, 25.203333333333347 ], [ 82.28416666666665, 25.199166666666677 ], [ 82.2825, 25.190833333333345 ], [ 82.275, 25.185 ], [ 82.260833333333323, 25.18 ], [ 82.235833333333318, 25.175833333333344 ], [ 82.22166666666665, 25.1775 ] ] } },
{ "type": "Feature", "properties": { "COMID": 45051934, "id": "18997", "lengthkm": 13.97028762191376, "order": 7, "uparea": 458841.46387179993 }, "geometry": { "type": "LineString", "coordinates": [ [ 82.4675, 25.181666666666679 ], [ 82.4675, 25.19 ], [ 82.460833333333312, 25.201666666666679 ], [ 82.460833333333312, 25.21166666666668 ], [ 82.4575, 25.22 ], [ 82.449166666666656, 25.229166666666679 ], [ 82.438333333333318, 25.2375 ], [ 82.430833333333325, 25.24 ], [ 82.421666666666653, 25.246666666666677 ], [ 82.404166666666654, 25.255833333333342 ], [ 82.3925, 25.25916666666668 ], [ 82.386666666666656, 25.2575 ] ] } },
{ "type": "Feature", "properties": { "COMID": 45051933, "id": "18997", "lengthkm": 7.5868147603874947, "order": 7, "uparea": 459463.85376711295 }, "geometry": { "type": "LineString", "coordinates": [ [ 82.53083333333332, 25.159166666666678 ], [ 82.495, 25.174166666666679 ], [ 82.474166666666662, 25.175 ], [ 82.470833333333317, 25.176666666666677 ], [ 82.4675, 25.181666666666679 ] ] } },
{ "type": "Feature", "properties": { "COMID": 45051932, "id": "18997", "lengthkm": 15.108521519554699, "order": 7, "uparea": 459755.19336439751 }, "geometry": { "type": "LineString", "coordinates": [ [ 82.565, 25.223333333333343 ], [ 82.561666666666653, 25.22 ], [ 82.561666666666653, 25.215 ], [ 82.565833333333316, 25.205 ], [ 82.579166666666652, 25.191666666666677 ], [ 82.59333333333332, 25.180833333333347 ], [ 82.595833333333317, 25.175833333333344 ], [ 82.59333333333332, 25.168333333333344 ], [ 82.585833333333312, 25.161666666666676 ], [ 82.569166666666661, 25.155833333333344 ], [ 82.548333333333318, 25.155 ], [ 82.54583333333332, 25.15666666666668 ], [ 82.536666666666662, 25.15666666666668 ], [ 82.53083333333332, 25.159166666666678 ] ] } },
{ "type": "Feature", "properties": { "COMID": 45051931, "id": "18997", "lengthkm": 8.156361663805539, "order": 7, "uparea": 459866.36770297773 }, "geometry": { "type": "LineString", "coordinates": [ [ 82.6375, 25.224166666666676 ], [ 82.635833333333323, 25.225833333333345 ], [ 82.631666666666661, 25.225833333333345 ], [ 82.625833333333318, 25.23 ], [ 82.59666666666665, 25.23 ], [ 82.581666666666649, 25.226666666666677 ], [ 82.576666666666654, 25.2275 ], [ 82.565, 25.223333333333343 ] ] } },
{ "type": "Feature", "properties": { "COMID": 45051930, "id": "18997", "lengthkm": 9.2469786046108968, "order": 7, "uparea": 459920.08193638362 }, "geometry": { "type": "LineString", "coordinates": [ [ 82.704166666666652, 25.175833333333344 ], [ 82.68, 25.199166666666677 ], [ 82.653333333333322, 25.214166666666678 ], [ 82.644166666666649, 25.215833333333343 ], [ 82.6375, 25.224166666666676 ] ] } },
{ "type": "Feature", "properties": { "COMID": 45051929, "id": "18997", "lengthkm": 2.8060093267427639, "order": 7, "uparea": 460191.89169272885 }, "geometry": { "type": "LineString", "coordinates": [ [ 82.725, 25.1625 ], [ 82.720833333333317, 25.1625 ], [ 82.704166666666652, 25.175833333333344 ] ] } },
{ "type": "Feature", "properties": { "COMID": 45051928, "id": "18997", "lengthkm": 4.1575650929346999, "order": 7, "uparea": 460245.24228078156 }, "geometry": { "type": "LineString", "coordinates": [ [ 82.753333333333316, 25.139166666666679 ], [ 82.743333333333325, 25.145 ], [ 82.73, 25.16 ], [ 82.725, 25.1625 ] ] } },
{ "type": "Feature", "properties": { "COMID": 45051927, "id": "18997", "lengthkm": 2.2977081339593801, "order": 7, "uparea": 460510.3952017501 }, "geometry": { "type": "LineString", "coordinates": [ [ 82.771666666666647, 25.13 ], [ 82.753333333333316, 25.139166666666679 ] ] } },
{ "type": "Feature", "properties": { "COMID": 45051926, "id": "18997", "lengthkm": 14.163858969945199, "order": 7, "uparea": 460624.20941914071 }, "geometry": { "type": "LineString", "coordinates": [ [ 82.884166666666658, 25.144166666666678 ], [ 82.868333333333325, 25.121666666666677 ], [ 82.855, 25.115 ], [ 82.84333333333332, 25.1125 ], [ 82.823333333333323, 25.113333333333344 ], [ 82.78083333333332, 25.125833333333347 ], [ 82.771666666666647, 25.13 ] ] } },
{ "type": "Feature", "properties": { "COMID": 45051925, "id": "18997", "lengthkm": 9.1424636763275675, "order": 7, "uparea": 460936.33665100037 }, "geometry": { "type": "LineString", "coordinates": [ [ 82.92416666666665, 25.205833333333345 ], [ 82.92, 25.205 ], [ 82.908333333333317, 25.198333333333345 ], [ 82.905, 25.195 ], [ 82.895, 25.175 ], [ 82.886666666666656, 25.169166666666676 ], [ 82.884166666666658, 25.144166666666678 ] ] } },
{ "type": "Feature", "properties": { "COMID": 45051924, "id": "18997", "lengthkm": 5.7389323472872737, "order": 7, "uparea": 461064.70344767033 }, "geometry": { "type": "LineString", "coordinates": [ [ 82.979166666666657, 25.206666666666678 ], [ 82.97, 25.208333333333343 ], [ 82.940833333333316, 25.208333333333343 ], [ 82.92416666666665, 25.205833333333345 ] ] } },
{ "type": "Feature", "properties": { "COMID": 45051923, "id": "18997", "lengthkm": 4.9377819027119996, "order": 7, "uparea": 461630.8813674706 }, "geometry": { "type": "LineString", "coordinates": [ [ 83.018333333333317, 25.2175 ], [ 83.013333333333321, 25.21166666666668 ], [ 83.003333333333316, 25.20416666666668 ], [ 82.9925, 25.20416666666668 ], [ 82.989166666666648, 25.205833333333345 ], [ 82.984166666666653, 25.205 ], [ 82.979166666666657, 25.206666666666678 ] ] } },
{ "type": "Feature", "properties": { "COMID": 45051922, "id": "18997", "lengthkm": 3.9128509924291608, "order": 7, "uparea": 462147.54865489033 }, "geometry": { "type": "LineString", "coordinates": [ [ 83.029166666666654, 25.248333333333346 ], [ 83.03, 25.236666666666679 ], [ 83.028333333333322, 25.231666666666676 ], [ 83.0225, 25.221666666666678 ], [ 83.018333333333317, 25.2175 ] ] } },
{ "type": "Feature", "properties": { "COMID": 45051921, "id": "18997", "lengthkm": 2.764232230378751, "order": 7, "uparea": 462182.73054877139 }, "geometry": { "type": "LineString", "coordinates": [ [ 83.02, 25.27 ], [ 83.025, 25.261666666666677 ], [ 83.029166666666654, 25.248333333333346 ] ] } },
{ "type": "Feature", "properties": { "COMID": 45051920, "id": "18997", "lengthkm": 8.9443642348094148, "order": 7, "uparea": 462273.71801418951 }, "geometry": { "type": "LineString", "coordinates": [ [ 83.045, 25.326666666666679 ], [ 83.023333333333312, 25.316666666666677 ], [ 83.013333333333321, 25.3075 ], [ 83.01, 25.301666666666677 ], [ 83.008333333333326, 25.29 ], [ 83.018333333333317, 25.275 ], [ 83.02, 25.27 ] ] } },
{ "type": "Feature", "properties": { "COMID": 45051919, "id": "18997", "lengthkm": 2.8858890283038079, "order": 7, "uparea": 466481.38672579953 }, "geometry": { "type": "LineString", "coordinates": [ [ 83.071666666666658, 25.330833333333345 ], [ 83.045, 25.326666666666679 ] ] } },
{ "type": "Feature", "properties": { "COMID": 45051918, "id": "18997", "lengthkm": 17.339040224586736, "order": 7, "uparea": 466621.93866915151 }, "geometry": { "type": "LineString", "coordinates": [ [ 83.185, 25.398333333333344 ], [ 83.181666666666658, 25.383333333333347 ], [ 83.173333333333318, 25.360833333333346 ], [ 83.168333333333322, 25.351666666666677 ], [ 83.15, 25.334166666666675 ], [ 83.141666666666652, 25.32916666666668 ], [ 83.138333333333321, 25.3275 ], [ 83.12, 25.326666666666679 ], [ 83.088333333333324, 25.3325 ], [ 83.075, 25.3325 ], [ 83.071666666666658, 25.330833333333345 ] ] } },
{ "type": "Feature", "properties": { "COMID": 45047802, "id": "18997", "lengthkm": 8.4751671410313474, "order": 7, "uparea": 466868.77791393967 }, "geometry": { "type": "LineString", "coordinates": [ [ 83.135, 25.436666666666678 ], [ 83.1425, 25.434166666666677 ], [ 83.149166666666659, 25.436666666666678 ], [ 83.151666666666657, 25.434166666666677 ], [ 83.1575, 25.4325 ], [ 83.163333333333327, 25.4275 ], [ 83.175, 25.424166666666679 ], [ 83.1825, 25.42 ], [ 83.184166666666655, 25.418333333333344 ], [ 83.186666666666653, 25.408333333333346 ], [ 83.185, 25.398333333333344 ] ] } },
{ "type": "Feature", "properties": { "COMID": 45047800, "id": "18997", "lengthkm": 10.715529610669432, "order": 7, "uparea": 466954.57381022745 }, "geometry": { "type": "LineString", "coordinates": [ [ 83.171666666666653, 25.505833333333342 ], [ 83.165833333333325, 25.491666666666678 ], [ 83.1575, 25.485 ], [ 83.144166666666649, 25.4775 ], [ 83.133333333333326, 25.465833333333343 ], [ 83.125833333333318, 25.4525 ], [ 83.124166666666653, 25.449166666666677 ], [ 83.125, 25.441666666666677 ], [ 83.135, 25.436666666666678 ] ] } },
{ "type": "Feature", "properties": { "COMID": 45047798, "id": "18997", "lengthkm": 9.2225027180076502, "order": 7, "uparea": 498572.49669641396 }, "geometry": { "type": "LineString", "coordinates": [ [ 83.238333333333316, 25.525 ], [ 83.230833333333322, 25.529166666666676 ], [ 83.215, 25.533333333333346 ], [ 83.198333333333323, 25.533333333333346 ], [ 83.195, 25.535 ], [ 83.190833333333316, 25.533333333333346 ], [ 83.185833333333321, 25.528333333333343 ], [ 83.171666666666653, 25.505833333333342 ] ] } },
{ "type": "Feature", "properties": { "COMID": 45047796, "id": "18997", "lengthkm": 9.9145106850821083, "order": 7, "uparea": 498669.4279977851 }, "geometry": { "type": "LineString", "coordinates": [ [ 83.3125, 25.479166666666679 ], [ 83.3075, 25.483333333333345 ], [ 83.300833333333316, 25.4925 ], [ 83.29583333333332, 25.493333333333347 ], [ 83.295, 25.495 ], [ 83.29, 25.496666666666677 ], [ 83.273333333333312, 25.510833333333345 ], [ 83.256666666666661, 25.519166666666678 ], [ 83.238333333333316, 25.525 ] ] } },
{ "type": "Feature", "properties": { "COMID": 45047794, "id": "18997", "lengthkm": 17.226991239817792, "order": 7, "uparea": 498795.21913750313 }, "geometry": { "type": "LineString", "coordinates": [ [ 83.440833333333316, 25.455833333333345 ], [ 83.405, 25.493333333333347 ], [ 83.399166666666645, 25.495 ], [ 83.390833333333319, 25.495 ], [ 83.3775, 25.490833333333345 ], [ 83.355, 25.478333333333346 ], [ 83.339166666666657, 25.465833333333343 ], [ 83.335, 25.465833333333343 ], [ 83.331666666666649, 25.47 ], [ 83.325, 25.47 ], [ 83.316666666666649, 25.478333333333346 ], [ 83.3125, 25.479166666666679 ] ] } },
{ "type": "Feature", "properties": { "COMID": 45051917, "id": "18997", "lengthkm": 12.354436883029358, "order": 7, "uparea": 498874.53568391647 }, "geometry": { "type": "LineString", "coordinates": [ [ 83.531666666666652, 25.3925 ], [ 83.5175, 25.396666666666675 ], [ 83.499166666666653, 25.4075 ], [ 83.4725, 25.4275 ], [ 83.440833333333316, 25.455833333333345 ] ] } },
{ "type": "Feature", "properties": { "COMID": 45047787, "id": "18997", "lengthkm": 13.705744889559393, "order": 7, "uparea": 499281.97336183867 }, "geometry": { "type": "LineString", "coordinates": [ [ 83.518333333333317, 25.483333333333345 ], [ 83.518333333333317, 25.473333333333343 ], [ 83.515833333333319, 25.46916666666668 ], [ 83.515, 25.46166666666668 ], [ 83.529166666666654, 25.445833333333347 ], [ 83.54583333333332, 25.433333333333344 ], [ 83.54583333333332, 25.425 ], [ 83.54916666666665, 25.418333333333344 ], [ 83.551666666666648, 25.4075 ], [ 83.550833333333316, 25.4 ], [ 83.546666666666653, 25.395 ], [ 83.540833333333325, 25.3925 ], [ 83.531666666666652, 25.3925 ] ] } },
{ "type": "Feature", "properties": { "COMID": 45047786, "id": "18997", "lengthkm": 5.0948237028645353, "order": 7, "uparea": 499334.78142409038 }, "geometry": { "type": "LineString", "coordinates": [ [ 83.5375, 25.5225 ], [ 83.53, 25.5075 ], [ 83.524166666666645, 25.500833333333347 ], [ 83.524166666666645, 25.496666666666677 ], [ 83.52, 25.490833333333345 ], [ 83.518333333333317, 25.483333333333345 ] ] } },
{ "type": "Feature", "properties": { "COMID": 45047785, "id": "18997", "lengthkm": 2.303331847605893, "order": 7, "uparea": 500210.0107598324 }, "geometry": { "type": "LineString", "coordinates": [ [ 83.54916666666665, 25.539166666666677 ], [ 83.54583333333332, 25.534166666666678 ], [ 83.54583333333332, 25.530833333333344 ], [ 83.5375, 25.5225 ] ] } },
{ "type": "Feature", "properties": { "COMID": 45047784, "id": "18997", "lengthkm": 13.333918129535803, "order": 7, "uparea": 500361.77097620361 }, "geometry": { "type": "LineString", "coordinates": [ [ 83.6475, 25.604166666666679 ], [ 83.635833333333323, 25.600833333333345 ], [ 83.620833333333323, 25.593333333333344 ], [ 83.605833333333322, 25.583333333333343 ], [ 83.589166666666657, 25.575833333333343 ], [ 83.584166666666647, 25.57 ], [ 83.575, 25.5675 ], [ 83.5625, 25.555833333333347 ], [ 83.54916666666665, 25.539166666666677 ] ] } },
{ "type": "Feature", "properties": { "COMID": 45047783, "id": "18997", "lengthkm": 8.2189957559433786, "order": 7, "uparea": 501914.02101265953 }, "geometry": { "type": "LineString", "coordinates": [ [ 83.720833333333317, 25.601666666666677 ], [ 83.71833333333332, 25.603333333333346 ], [ 83.713333333333324, 25.603333333333346 ], [ 83.701666666666654, 25.609166666666678 ], [ 83.69, 25.605 ], [ 83.663333333333327, 25.605 ], [ 83.6575, 25.6025 ], [ 83.650833333333324, 25.6025 ], [ 83.6475, 25.604166666666679 ] ] } },
{ "type": "Feature", "properties": { "COMID": 45047782, "id": "18997", "lengthkm": 13.795874758155739, "order": 7, "uparea": 502018.47403670143 }, "geometry": { "type": "LineString", "coordinates": [ [ 83.796666666666653, 25.5125 ], [ 83.7875, 25.523333333333344 ], [ 83.78083333333332, 25.545 ], [ 83.77, 25.563333333333347 ], [ 83.7425, 25.5925 ], [ 83.73, 25.5925 ], [ 83.720833333333317, 25.601666666666677 ] ] } },
{ "type": "Feature", "properties": { "COMID": 45047781, "id": "18997", "lengthkm": 6.9298764065569376, "order": 7, "uparea": 502334.46943446179 }, "geometry": { "type": "LineString", "coordinates": [ [ 83.85833333333332, 25.519166666666678 ], [ 83.848333333333315, 25.5175 ], [ 83.836666666666645, 25.5125 ], [ 83.816666666666649, 25.508333333333347 ], [ 83.8025, 25.50916666666668 ], [ 83.796666666666653, 25.5125 ] ] } },
{ "type": "Feature", "properties": { "COMID": 45047780, "id": "18997", "lengthkm": 1.963278497031175, "order": 7, "uparea": 502378.91865654907 }, "geometry": { "type": "LineString", "coordinates": [ [ 83.876666666666651, 25.518333333333345 ], [ 83.85833333333332, 25.519166666666678 ] ] } },
{ "type": "Feature", "properties": { "COMID": 45047779, "id": "18997", "lengthkm": 9.4165217566447357, "order": 7, "uparea": 510308.32283211243 }, "geometry": { "type": "LineString", "coordinates": [ [ 83.9425, 25.561666666666678 ], [ 83.921666666666653, 25.553333333333345 ], [ 83.911666666666662, 25.540833333333346 ], [ 83.906666666666652, 25.5275 ], [ 83.9, 25.521666666666675 ], [ 83.876666666666651, 25.518333333333345 ] ] } },
{ "type": "Feature", "properties": { "COMID": 45047778, "id": "18997", "lengthkm": 2.9161738145354219, "order": 7, "uparea": 511687.56138011924 }, "geometry": { "type": "LineString", "coordinates": [ [ 83.965, 25.575 ], [ 83.956666666666649, 25.568333333333342 ], [ 83.9425, 25.561666666666678 ] ] } },
{ "type": "Feature", "properties": { "COMID": 45047777, "id": "18997", "lengthkm": 6.2024781743781654, "order": 7, "uparea": 511742.82746927469 }, "geometry": { "type": "LineString", "coordinates": [ [ 84.01, 25.609166666666678 ], [ 84.005, 25.606666666666676 ], [ 83.965, 25.575 ] ] } },
{ "type": "Feature", "properties": { "COMID": 45047776, "id": "18997", "lengthkm": 27.148460823052282, "order": 7, "uparea": 511873.96570006048 }, "geometry": { "type": "LineString", "coordinates": [ [ 84.180833333333311, 25.719166666666677 ], [ 84.1775, 25.716666666666676 ], [ 84.1675, 25.716666666666676 ], [ 84.164166666666659, 25.715 ], [ 84.155, 25.7175 ], [ 84.148333333333312, 25.7175 ], [ 84.140833333333319, 25.725833333333345 ], [ 84.125, 25.725833333333345 ], [ 84.115, 25.724166666666676 ], [ 84.103333333333325, 25.719166666666677 ], [ 84.09666666666665, 25.713333333333345 ], [ 84.094166666666652, 25.708333333333343 ], [ 84.085833333333312, 25.7 ], [ 84.076666666666654, 25.686666666666678 ], [ 84.075833333333321, 25.68 ], [ 84.079166666666652, 25.676666666666677 ], [ 84.079166666666652, 25.671666666666678 ], [ 84.075833333333321, 25.669166666666676 ], [ 84.075833333333321, 25.665833333333346 ], [ 84.078333333333319, 25.6575 ], [ 84.070833333333326, 25.6425 ], [ 84.063333333333318, 25.6375 ], [ 84.051666666666648, 25.625833333333347 ], [ 84.041666666666657, 25.620833333333344 ], [ 84.031666666666652, 25.618333333333347 ], [ 84.018333333333317, 25.61 ], [ 84.01, 25.609166666666678 ] ] } },
{ "type": "Feature", "properties": { "COMID": 45047775, "id": "18997", "lengthkm": 10.524308951218982, "order": 7, "uparea": 521421.2575023364 }, "geometry": { "type": "LineString", "coordinates": [ [ 84.263333333333321, 25.70416666666668 ], [ 84.255, 25.7 ], [ 84.24, 25.700833333333343 ], [ 84.2375, 25.699166666666677 ], [ 84.231666666666655, 25.699166666666677 ], [ 84.225, 25.70416666666668 ], [ 84.225833333333327, 25.708333333333343 ], [ 84.2225, 25.714166666666678 ], [ 84.214166666666657, 25.719166666666677 ], [ 84.200833333333321, 25.72 ], [ 84.1975, 25.7225 ], [ 84.19, 25.7225 ], [ 84.185, 25.718333333333344 ], [ 84.180833333333311, 25.719166666666677 ] ] } },
{ "type": "Feature", "properties": { "COMID": 45047774, "id": "18997", "lengthkm": 8.3400206629159896, "order": 7, "uparea": 521481.43888113857 }, "geometry": { "type": "LineString", "coordinates": [ [ 84.339166666666657, 25.714166666666678 ], [ 84.330833333333317, 25.708333333333343 ], [ 84.319166666666661, 25.706666666666678 ], [ 84.298333333333318, 25.705 ], [ 84.2875, 25.705833333333345 ], [ 84.2725, 25.7025 ], [ 84.265833333333319, 25.7025 ], [ 84.263333333333321, 25.70416666666668 ] ] } },
{ "type": "Feature", "properties": { "COMID": 45047773, "id": "18997", "lengthkm": 26.056157423623823, "order": 7, "uparea": 521687.93972337787 }, "geometry": { "type": "LineString", "coordinates": [ [ 84.494166666666658, 25.684166666666677 ], [ 84.48666666666665, 25.691666666666677 ], [ 84.478333333333325, 25.69666666666668 ], [ 84.461666666666645, 25.710833333333344 ], [ 84.4575, 25.706666666666678 ], [ 84.455, 25.7075 ], [ 84.4525, 25.714166666666678 ], [ 84.448333333333323, 25.718333333333344 ], [ 84.4475, 25.724166666666676 ], [ 84.441666666666649, 25.730833333333344 ], [ 84.428333333333313, 25.7325 ], [ 84.4225, 25.735 ], [ 84.419166666666655, 25.738333333333344 ], [ 84.418333333333322, 25.743333333333347 ], [ 84.411666666666648, 25.748333333333342 ], [ 84.401666666666657, 25.76 ], [ 84.394166666666649, 25.764166666666675 ], [ 84.390833333333319, 25.771666666666675 ], [ 84.385, 25.773333333333344 ], [ 84.3775, 25.7725 ], [ 84.366666666666646, 25.763333333333343 ], [ 84.364166666666648, 25.755 ], [ 84.3575, 25.744166666666679 ], [ 84.356666666666655, 25.735833333333346 ], [ 84.35, 25.724166666666676 ], [ 84.339166666666657, 25.714166666666678 ] ] } },
{ "type": "Feature", "properties": { "COMID": 45047772, "id": "18997", "lengthkm": 4.5979382600631444, "order": 7, "uparea": 522410.60512557102 }, "geometry": { "type": "LineString", "coordinates": [ [ 84.5275, 25.660833333333343 ], [ 84.5075, 25.670833333333345 ], [ 84.499166666666653, 25.680833333333347 ], [ 84.494166666666658, 25.684166666666677 ] ] } },
{ "type": "Feature", "properties": { "COMID": 45047771, "id": "18997", "lengthkm": 6.6221770234787103, "order": 7, "uparea": 523400.43604177213 }, "geometry": { "type": "LineString", "coordinates": [ [ 84.58, 25.686666666666678 ], [ 84.5475, 25.661666666666676 ], [ 84.54, 25.66 ], [ 84.5275, 25.660833333333343 ] ] } },
{ "type": "Feature", "properties": { "COMID": 45047770, "id": "18997", "lengthkm": 7.4444147506055094, "order": 7, "uparea": 523460.62248187274 }, "geometry": { "type": "LineString", "coordinates": [ [ 84.631666666666661, 25.7325 ], [ 84.58, 25.686666666666678 ] ] } },
{ "type": "Feature", "properties": { "COMID": 45047769, "id": "18997", "lengthkm": 4.1397883912909332, "order": 7, "uparea": 523533.53624963725 }, "geometry": { "type": "LineString", "coordinates": [ [ 84.6625, 25.746666666666677 ], [ 84.655, 25.739166666666677 ], [ 84.649166666666645, 25.741666666666678 ], [ 84.645, 25.740833333333342 ], [ 84.6375, 25.7375 ], [ 84.631666666666661, 25.7325 ] ] } },
{ "type": "Feature", "properties": { "COMID": 45047768, "id": "18997", "lengthkm": 19.867446654314282, "order": 7, "uparea": 654169.8918963169 }, "geometry": { "type": "LineString", "coordinates": [ [ 84.8275, 25.725833333333345 ], [ 84.815, 25.735 ], [ 84.803333333333313, 25.74 ], [ 84.8, 25.74 ], [ 84.791666666666657, 25.748333333333342 ], [ 84.7875, 25.749166666666678 ], [ 84.783333333333317, 25.749166666666678 ], [ 84.7775, 25.746666666666677 ], [ 84.765833333333319, 25.738333333333344 ], [ 84.754166666666649, 25.7325 ], [ 84.746666666666655, 25.730833333333344 ], [ 84.735833333333318, 25.731666666666676 ], [ 84.714166666666657, 25.743333333333347 ], [ 84.701666666666654, 25.741666666666678 ], [ 84.699166666666656, 25.743333333333347 ], [ 84.6875, 25.743333333333347 ], [ 84.6825, 25.745 ], [ 84.676666666666648, 25.744166666666679 ], [ 84.67083333333332, 25.749166666666678 ], [ 84.665833333333325, 25.749166666666678 ], [ 84.6625, 25.746666666666677 ] ] } },
{ "type": "Feature", "properties": { "COMID": 45047767, "id": "18997", "lengthkm": 4.9668784044983534, "order": 7, "uparea": 655804.84740852099 }, "geometry": { "type": "LineString", "coordinates": [ [ 84.868333333333311, 25.709166666666675 ], [ 84.8625, 25.714166666666678 ], [ 84.84666666666665, 25.718333333333344 ], [ 84.8275, 25.725833333333345 ] ] } },
{ "type": "Feature", "properties": { "COMID": 45047766, "id": "18997", "lengthkm": 0.33294504959229998, "order": 7, "uparea": 723070.40022800479 }, "geometry": { "type": "LineString", "coordinates": [ [ 84.870833333333323, 25.7075 ], [ 84.868333333333311, 25.709166666666675 ] ] } },
{ "type": "Feature", "properties": { "COMID": 45047765, "id": "18997", "lengthkm": 7.5233841715602416, "order": 7, "uparea": 723147.2849433081 }, "geometry": { "type": "LineString", "coordinates": [ [ 84.92, 25.6675 ], [ 84.903333333333322, 25.6725 ], [ 84.8975, 25.6775 ], [ 84.891666666666652, 25.68 ], [ 84.885833333333323, 25.685833333333342 ], [ 84.880833333333314, 25.6875 ], [ 84.873333333333321, 25.695833333333344 ], [ 84.870833333333323, 25.7075 ] ] } },
{ "type": "Feature", "properties": { "COMID": 45047764, "id": "18997", "lengthkm": 15.603854057999206, "order": 7, "uparea": 723353.45167212817 }, "geometry": { "type": "LineString", "coordinates": [ [ 85.041666666666657, 25.6425 ], [ 85.04, 25.640833333333344 ], [ 85.03083333333332, 25.6425 ], [ 85.028333333333322, 25.645833333333343 ], [ 85.025, 25.66 ], [ 85.013333333333321, 25.6725 ], [ 85.0075, 25.675 ], [ 85.005, 25.675 ], [ 85.001666666666651, 25.671666666666678 ], [ 84.98666666666665, 25.671666666666678 ], [ 84.98333333333332, 25.674166666666679 ], [ 84.9775, 25.674166666666679 ], [ 84.956666666666649, 25.67 ], [ 84.938333333333318, 25.668333333333344 ], [ 84.928333333333313, 25.668333333333344 ], [ 84.92416666666665, 25.670833333333345 ], [ 84.92, 25.6675 ] ] } },
{ "type": "Feature", "properties": { "COMID": 45047763, "id": "18997", "lengthkm": 4.4174258623186677, "order": 7, "uparea": 723613.35287147295 }, "geometry": { "type": "LineString", "coordinates": [ [ 85.078333333333319, 25.655833333333344 ], [ 85.073333333333323, 25.655 ], [ 85.0525, 25.644166666666678 ], [ 85.044166666666655, 25.645 ], [ 85.041666666666657, 25.6425 ] ] } },
{ "type": "Feature", "properties": { "COMID": 45047762, "id": "18997", "lengthkm": 13.62517435667665, "order": 7, "uparea": 723818.65044348629 }, "geometry": { "type": "LineString", "coordinates": [ [ 85.1825, 25.623333333333342 ], [ 85.163333333333327, 25.624166666666678 ], [ 85.158333333333317, 25.625833333333347 ], [ 85.151666666666657, 25.625 ], [ 85.145833333333314, 25.6275 ], [ 85.143333333333317, 25.630833333333342 ], [ 85.140833333333319, 25.64166666666668 ], [ 85.130833333333314, 25.651666666666678 ], [ 85.1275, 25.6525 ], [ 85.125833333333318, 25.655833333333344 ], [ 85.1225, 25.6575 ], [ 85.11, 25.660833333333343 ], [ 85.105833333333322, 25.664166666666677 ], [ 85.078333333333319, 25.655833333333344 ] ] } },
{ "type": "Feature", "properties": { "COMID": 45047761, "id": "18997", "lengthkm": 30.113487532903513, "order": 7, "uparea": 767508.01009255531 }, "geometry": { "type": "LineString", "coordinates": [ [ 85.430833333333311, 25.58 ], [ 85.413333333333327, 25.581666666666678 ], [ 85.4, 25.585833333333344 ], [ 85.385833333333323, 25.595833333333346 ], [ 85.3675, 25.601666666666677 ], [ 85.349166666666648, 25.61 ], [ 85.338333333333324, 25.619166666666679 ], [ 85.326666666666654, 25.625 ], [ 85.323333333333323, 25.628333333333345 ], [ 85.301666666666648, 25.638333333333343 ], [ 85.285833333333315, 25.639166666666675 ], [ 85.28, 25.635833333333345 ], [ 85.273333333333312, 25.6275 ], [ 85.2675, 25.626666666666679 ], [ 85.2625, 25.621666666666677 ], [ 85.255, 25.6225 ], [ 85.253333333333316, 25.620833333333344 ], [ 85.2475, 25.62 ], [ 85.230833333333322, 25.610833333333346 ], [ 85.219166666666652, 25.613333333333344 ], [ 85.2025, 25.62 ], [ 85.195833333333326, 25.62 ], [ 85.1825, 25.623333333333342 ] ] } },
{ "type": "Feature", "properties": { "COMID": 45047760, "id": "18997", "lengthkm": 9.0384393626184476, "order": 7, "uparea": 767569.71665228531 }, "geometry": { "type": "LineString", "coordinates": [ [ 85.4925, 25.535833333333343 ], [ 85.488333333333316, 25.5425 ], [ 85.4825, 25.545833333333345 ], [ 85.476666666666659, 25.5525 ], [ 85.4725, 25.559166666666677 ], [ 85.470833333333317, 25.565833333333345 ], [ 85.465833333333322, 25.57 ], [ 85.460833333333312, 25.5725 ], [ 85.439166666666651, 25.575 ], [ 85.430833333333311, 25.58 ] ] } },
{ "type": "Feature", "properties": { "COMID": 45047759, "id": "18997", "lengthkm": 8.2564527523421436, "order": 7, "uparea": 767659.27251053485 }, "geometry": { "type": "LineString", "coordinates": [ [ 85.539166666666659, 25.483333333333345 ], [ 85.5175, 25.499166666666678 ], [ 85.510833333333323, 25.501666666666679 ], [ 85.503333333333316, 25.50916666666668 ], [ 85.498333333333321, 25.528333333333343 ], [ 85.4925, 25.535833333333343 ] ] } },
{ "type": "Feature", "properties": { "COMID": 45047758, "id": "18997", "lengthkm": 8.8055427635086136, "order": 7, "uparea": 777324.74148085795 }, "geometry": { "type": "LineString", "coordinates": [ [ 85.615, 25.5025 ], [ 85.609166666666653, 25.501666666666679 ], [ 85.598333333333315, 25.504166666666677 ], [ 85.583333333333314, 25.501666666666679 ], [ 85.575, 25.499166666666678 ], [ 85.56, 25.489166666666677 ], [ 85.539166666666659, 25.483333333333345 ] ] } },
{ "type": "Feature", "properties": { "COMID": 45047757, "id": "18997", "lengthkm": 22.634750168892783, "order": 7, "uparea": 777513.88358226442 }, "geometry": { "type": "LineString", "coordinates": [ [ 85.814166666666651, 25.508333333333347 ], [ 85.800833333333316, 25.510833333333345 ], [ 85.769166666666649, 25.510833333333345 ], [ 85.7525, 25.515 ], [ 85.730833333333322, 25.515 ], [ 85.723333333333315, 25.513333333333343 ], [ 85.7125, 25.5025 ], [ 85.686666666666653, 25.4975 ], [ 85.673333333333318, 25.491666666666678 ], [ 85.66, 25.491666666666678 ], [ 85.653333333333322, 25.494166666666679 ], [ 85.6325, 25.4925 ], [ 85.623333333333321, 25.499166666666678 ], [ 85.615, 25.5025 ] ] } },
{ "type": "Feature", "properties": { "COMID": 45047756, "id": "18997", "lengthkm": 10.308416660271217, "order": 7, "uparea": 777638.42763592943 }, "geometry": { "type": "LineString", "coordinates": [ [ 85.903333333333322, 25.4875 ], [ 85.8875, 25.493333333333347 ], [ 85.871666666666655, 25.490833333333345 ], [ 85.853333333333325, 25.500833333333347 ], [ 85.8475, 25.5025 ], [ 85.833333333333314, 25.5025 ], [ 85.814166666666651, 25.508333333333347 ] ] } },
{ "type": "Feature", "properties": { "COMID": 45047755, "id": "18997", "lengthkm": 0.99993157790438203, "order": 7, "uparea": 777695.62104906433 }, "geometry": { "type": "LineString", "coordinates": [ [ 85.910833333333315, 25.4825 ], [ 85.903333333333322, 25.4875 ] ] } },
{ "type": "Feature", "properties": { "COMID": 45051904, "id": "18997", "lengthkm": 13.817278566774267, "order": 7, "uparea": 779994.32015777251 }, "geometry": { "type": "LineString", "coordinates": [ [ 85.988333333333316, 25.403333333333343 ], [ 85.98666666666665, 25.415833333333346 ], [ 85.98, 25.431666666666679 ], [ 85.975833333333327, 25.435833333333342 ], [ 85.938333333333318, 25.443333333333342 ], [ 85.930833333333311, 25.453333333333344 ], [ 85.92416666666665, 25.46916666666668 ], [ 85.910833333333315, 25.4825 ] ] } },
{ "type": "Feature", "properties": { "COMID": 45051903, "id": "18997", "lengthkm": 9.658181609541872, "order": 7, "uparea": 780083.72666677891 }, "geometry": { "type": "LineString", "coordinates": [ [ 86.033333333333317, 25.335833333333344 ], [ 86.01, 25.360833333333346 ], [ 85.994166666666644, 25.375 ], [ 85.9925, 25.380833333333342 ], [ 85.98666666666665, 25.389166666666679 ], [ 85.99, 25.398333333333344 ], [ 85.99, 25.401666666666678 ], [ 85.988333333333316, 25.403333333333343 ] ] } },
{ "type": "Feature", "properties": { "COMID": 45051902, "id": "18997", "lengthkm": 15.462205649258101, "order": 7, "uparea": 780184.89537061797 }, "geometry": { "type": "LineString", "coordinates": [ [ 86.169166666666655, 25.32916666666668 ], [ 86.15083333333331, 25.3275 ], [ 86.146666666666647, 25.32916666666668 ], [ 86.141666666666652, 25.334166666666675 ], [ 86.134166666666658, 25.33666666666668 ], [ 86.1175, 25.335 ], [ 86.1125, 25.3325 ], [ 86.09333333333332, 25.3325 ], [ 86.0875, 25.334166666666675 ], [ 86.081666666666649, 25.330833333333345 ], [ 86.071666666666658, 25.335833333333344 ], [ 86.063333333333318, 25.330833333333345 ], [ 86.0475, 25.331666666666678 ], [ 86.043333333333322, 25.334166666666675 ], [ 86.033333333333317, 25.335833333333344 ] ] } },
{ "type": "Feature", "properties": { "COMID": 45051901, "id": "18997", "lengthkm": 3.344402738247271, "order": 7, "uparea": 780233.96666283952 }, "geometry": { "type": "LineString", "coordinates": [ [ 86.199166666666656, 25.3275 ], [ 86.195, 25.328333333333344 ], [ 86.185833333333321, 25.325833333333343 ], [ 86.179166666666646, 25.325833333333343 ], [ 86.169166666666655, 25.32916666666668 ] ] } },
{ "type": "Feature", "properties": { "COMID": 45051900, "id": "18997", "lengthkm": 2.6302205788259521, "order": 7, "uparea": 780284.04408593173 }, "geometry": { "type": "LineString", "coordinates": [ [ 86.220833333333317, 25.33666666666668 ], [ 86.199166666666656, 25.3275 ] ] } },
{ "type": "Feature", "properties": { "COMID": 45051899, "id": "18997", "lengthkm": 30.224758920126764, "order": 7, "uparea": 780524.47802505293 }, "geometry": { "type": "LineString", "coordinates": [ [ 86.455, 25.390833333333344 ], [ 86.4525, 25.388333333333343 ], [ 86.4425, 25.385833333333345 ], [ 86.4275, 25.379166666666677 ], [ 86.42083333333332, 25.378333333333345 ], [ 86.418333333333322, 25.375833333333347 ], [ 86.413333333333313, 25.376666666666679 ], [ 86.408333333333317, 25.3725 ], [ 86.405, 25.371666666666677 ], [ 86.4, 25.360833333333346 ], [ 86.40083333333331, 25.358333333333345 ], [ 86.399166666666645, 25.354166666666679 ], [ 86.386666666666656, 25.3375 ], [ 86.383333333333326, 25.33 ], [ 86.375833333333318, 25.3225 ], [ 86.366666666666646, 25.316666666666677 ], [ 86.35, 25.313333333333347 ], [ 86.34, 25.313333333333347 ], [ 86.320833333333326, 25.3175 ], [ 86.3075, 25.3225 ], [ 86.286666666666648, 25.333333333333343 ], [ 86.264166666666654, 25.3325 ], [ 86.26, 25.33 ], [ 86.255, 25.33 ], [ 86.245833333333323, 25.330833333333345 ], [ 86.235833333333318, 25.33666666666668 ], [ 86.220833333333317, 25.33666666666668 ] ] } },
{ "type": "Feature", "properties": { "COMID": 45051898, "id": "18997", "lengthkm": 1.517771935763004, "order": 7, "uparea": 797978.70179993298 }, "geometry": { "type": "LineString", "coordinates": [ [ 86.464166666666642, 25.400833333333345 ], [ 86.464166666666642, 25.39916666666668 ], [ 86.455, 25.390833333333344 ] ] } },
{ "type": "Feature", "properties": { "COMID": 45047754, "id": "18997", "lengthkm": 20.421149380785184, "order": 7, "uparea": 798180.41303007549 }, "geometry": { "type": "LineString", "coordinates": [ [ 86.605833333333322, 25.445 ], [ 86.599166666666648, 25.455 ], [ 86.581666666666649, 25.470833333333346 ], [ 86.565, 25.478333333333346 ], [ 86.546666666666653, 25.476666666666677 ], [ 86.538333333333313, 25.473333333333343 ], [ 86.505833333333314, 25.4375 ], [ 86.493333333333311, 25.4275 ], [ 86.4875, 25.418333333333344 ], [ 86.481666666666655, 25.4125 ], [ 86.470833333333317, 25.4075 ], [ 86.464166666666642, 25.400833333333345 ] ] } },
{ "type": "Feature", "properties": { "COMID": 45051897, "id": "18997", "lengthkm": 12.983959519354329, "order": 7, "uparea": 812325.75933562126 }, "geometry": { "type": "LineString", "coordinates": [ [ 86.573333333333323, 25.348333333333343 ], [ 86.574166666666656, 25.35 ], [ 86.5675, 25.36 ], [ 86.5675, 25.365833333333345 ], [ 86.569166666666646, 25.368333333333347 ], [ 86.566666666666649, 25.375 ], [ 86.569166666666646, 25.38416666666668 ], [ 86.573333333333323, 25.393333333333345 ], [ 86.576666666666654, 25.396666666666675 ], [ 86.5775, 25.40666666666668 ], [ 86.6, 25.4275 ], [ 86.606666666666655, 25.439166666666679 ], [ 86.605833333333322, 25.445 ] ] } },
{ "type": "Feature", "properties": { "COMID": 45051896, "id": "18997", "lengthkm": 14.840987314726481, "order": 7, "uparea": 812440.08428712515 }, "geometry": { "type": "LineString", "coordinates": [ [ 86.639166666666654, 25.248333333333346 ], [ 86.636666666666656, 25.250833333333347 ], [ 86.6325, 25.250833333333347 ], [ 86.629166666666649, 25.253333333333345 ], [ 86.629166666666649, 25.258333333333347 ], [ 86.623333333333321, 25.264166666666679 ], [ 86.616666666666646, 25.268333333333345 ], [ 86.609166666666653, 25.269166666666678 ], [ 86.5875, 25.290833333333346 ], [ 86.584166666666647, 25.2975 ], [ 86.585833333333312, 25.31 ], [ 86.576666666666654, 25.331666666666678 ], [ 86.573333333333323, 25.348333333333343 ] ] } },
{ "type": "Feature", "properties": { "COMID": 45051895, "id": "18997", "lengthkm": 2.3420771517654129, "order": 7, "uparea": 812804.86404177081 }, "geometry": { "type": "LineString", "coordinates": [ [ 86.66, 25.245 ], [ 86.65583333333332, 25.246666666666677 ], [ 86.646666666666647, 25.245833333333344 ], [ 86.639166666666654, 25.248333333333346 ] ] } },
{ "type": "Feature", "properties": { "COMID": 45051894, "id": "18997", "lengthkm": 8.5315261258591235, "order": 7, "uparea": 813444.02121682768 }, "geometry": { "type": "LineString", "coordinates": [ [ 86.735833333333318, 25.263333333333343 ], [ 86.7325, 25.26 ], [ 86.719166666666652, 25.254166666666677 ], [ 86.7025, 25.249166666666678 ], [ 86.671666666666653, 25.245 ], [ 86.66, 25.245 ] ] } },
{ "type": "Feature", "properties": { "COMID": 45051893, "id": "18997", "lengthkm": 22.268182584772731, "order": 7, "uparea": 813709.90019180183 }, "geometry": { "type": "LineString", "coordinates": [ [ 86.919166666666655, 25.3275 ], [ 86.916666666666657, 25.328333333333344 ], [ 86.906666666666652, 25.3225 ], [ 86.9025, 25.318333333333342 ], [ 86.90083333333331, 25.314166666666679 ], [ 86.896666666666647, 25.311666666666678 ], [ 86.876666666666651, 25.3075 ], [ 86.863333333333316, 25.308333333333344 ], [ 86.855833333333322, 25.305 ], [ 86.83833333333331, 25.306666666666679 ], [ 86.835833333333312, 25.305833333333347 ], [ 86.826666666666654, 25.295 ], [ 86.8225, 25.2925 ], [ 86.81, 25.29 ], [ 86.803333333333313, 25.285 ], [ 86.78416666666665, 25.28166666666668 ], [ 86.754166666666649, 25.27 ], [ 86.7475, 25.265833333333344 ], [ 86.735833333333318, 25.263333333333343 ] ] } },
{ "type": "Feature", "properties": { "COMID": 45051892, "id": "18997", "lengthkm": 12.385365758953569, "order": 7, "uparea": 813980.71451910015 }, "geometry": { "type": "LineString", "coordinates": [ [ 87.005833333333314, 25.275833333333345 ], [ 87.0025, 25.289166666666677 ], [ 86.994166666666644, 25.301666666666677 ], [ 86.975833333333313, 25.309166666666677 ], [ 86.97166666666665, 25.3125 ], [ 86.956666666666649, 25.313333333333347 ], [ 86.951666666666654, 25.316666666666677 ], [ 86.948333333333323, 25.316666666666677 ], [ 86.9425, 25.3225 ], [ 86.934166666666655, 25.32166666666668 ], [ 86.9225, 25.325 ], [ 86.919166666666655, 25.3275 ] ] } },
{ "type": "Feature", "properties": { "COMID": 45051891, "id": "18997", "lengthkm": 19.399482122811264, "order": 7, "uparea": 815681.5700693588 }, "geometry": { "type": "LineString", "coordinates": [ [ 87.1775, 25.285833333333343 ], [ 87.165833333333325, 25.285833333333343 ], [ 87.1575, 25.289166666666677 ], [ 87.143333333333317, 25.291666666666679 ], [ 87.13, 25.289166666666677 ], [ 87.119166666666644, 25.291666666666679 ], [ 87.099166666666648, 25.2825 ], [ 87.09666666666665, 25.28 ], [ 87.078333333333319, 25.275 ], [ 87.066666666666649, 25.275833333333345 ], [ 87.055833333333311, 25.2725 ], [ 87.0325, 25.2725 ], [ 87.014166666666654, 25.275833333333345 ], [ 87.005833333333314, 25.275833333333345 ] ] } },
{ "type": "Feature", "properties": { "COMID": 45051890, "id": "18997", "lengthkm": 5.6081068768050901, "order": 7, "uparea": 815785.04170398985 }, "geometry": { "type": "LineString", "coordinates": [ [ 87.21833333333332, 25.261666666666677 ], [ 87.211666666666645, 25.264166666666679 ], [ 87.206666666666649, 25.264166666666679 ], [ 87.189166666666651, 25.270833333333343 ], [ 87.181666666666644, 25.280833333333344 ], [ 87.180833333333311, 25.284166666666678 ], [ 87.1775, 25.285833333333343 ] ] } },
{ "type": "Feature", "properties": { "COMID": 45051889, "id": "18997", "lengthkm": 18.197669785274751, "order": 7, "uparea": 820852.02448098827 }, "geometry": { "type": "LineString", "coordinates": [ [ 87.263333333333321, 25.405833333333344 ], [ 87.263333333333321, 25.388333333333343 ], [ 87.26, 25.380833333333342 ], [ 87.260833333333323, 25.378333333333345 ], [ 87.2575, 25.364166666666677 ], [ 87.259166666666658, 25.3525 ], [ 87.2575, 25.345 ], [ 87.251666666666651, 25.334166666666675 ], [ 87.251666666666651, 25.326666666666679 ], [ 87.248333333333321, 25.314166666666679 ], [ 87.248333333333321, 25.296666666666678 ], [ 87.238333333333316, 25.2825 ], [ 87.223333333333315, 25.268333333333345 ], [ 87.21833333333332, 25.261666666666677 ] ] } },
{ "type": "Feature", "properties": { "COMID": 45047753, "id": "18997", "lengthkm": 10.63545491288312, "order": 8, "uparea": 908465.45903252438 }, "geometry": { "type": "LineString", "coordinates": [ [ 87.329166666666652, 25.471666666666678 ], [ 87.308333333333309, 25.46166666666668 ], [ 87.281666666666652, 25.43 ], [ 87.27583333333331, 25.419166666666676 ], [ 87.263333333333321, 25.405833333333344 ] ] } },
{ "type": "Feature", "properties": { "COMID": 45047752, "id": "18997", "lengthkm": 11.928686171297414, "order": 8, "uparea": 909001.60085836588 }, "geometry": { "type": "LineString", "coordinates": [ [ 87.425833333333316, 25.43 ], [ 87.41, 25.4425 ], [ 87.399166666666645, 25.448333333333345 ], [ 87.3875, 25.46 ], [ 87.38, 25.465 ], [ 87.374166666666653, 25.465 ], [ 87.359166666666653, 25.46916666666668 ], [ 87.3575, 25.470833333333346 ], [ 87.341666666666654, 25.470833333333346 ], [ 87.3375, 25.473333333333343 ], [ 87.329166666666652, 25.471666666666678 ] ] } },
{ "type": "Feature", "properties": { "COMID": 45047751, "id": "18997", "lengthkm": 0.249715855933, "order": 8, "uparea": 909088.14573655487 }, "geometry": { "type": "LineString", "coordinates": [ [ 87.4275, 25.428333333333345 ], [ 87.425833333333316, 25.43 ] ] } },
{ "type": "Feature", "properties": { "COMID": 45051888, "id": "18997", "lengthkm": 2.542436208690138, "order": 8, "uparea": 909148.18835281557 }, "geometry": { "type": "LineString", "coordinates": [ [ 87.446666666666658, 25.415833333333346 ], [ 87.4275, 25.428333333333345 ] ] } },
{ "type": "Feature", "properties": { "COMID": 45051887, "id": "18997", "lengthkm": 16.223620669381372, "order": 8, "uparea": 909268.28953174292 }, "geometry": { "type": "LineString", "coordinates": [ [ 87.58, 25.37 ], [ 87.565833333333316, 25.375833333333347 ], [ 87.56, 25.381666666666678 ], [ 87.551666666666648, 25.386666666666677 ], [ 87.546666666666653, 25.388333333333343 ], [ 87.545, 25.386666666666677 ], [ 87.535833333333315, 25.386666666666677 ], [ 87.5225, 25.39 ], [ 87.518333333333317, 25.393333333333345 ], [ 87.51, 25.39166666666668 ], [ 87.501666666666651, 25.395 ], [ 87.496666666666655, 25.4025 ], [ 87.493333333333311, 25.404166666666676 ], [ 87.4675, 25.409166666666678 ], [ 87.446666666666658, 25.415833333333346 ] ] } },
{ "type": "Feature", "properties": { "COMID": 45051886, "id": "18997", "lengthkm": 11.340273762566071, "order": 8, "uparea": 911533.71387224959 }, "geometry": { "type": "LineString", "coordinates": [ [ 87.633333333333326, 25.3 ], [ 87.623333333333321, 25.32166666666668 ], [ 87.615833333333313, 25.33 ], [ 87.61166666666665, 25.330833333333345 ], [ 87.6025, 25.326666666666679 ], [ 87.6, 25.32916666666668 ], [ 87.59, 25.3475 ], [ 87.59, 25.3525 ], [ 87.586666666666645, 25.359166666666678 ], [ 87.580833333333317, 25.365 ], [ 87.58, 25.37 ] ] } },
{ "type": "Feature", "properties": { "COMID": 45051885, "id": "18997", "lengthkm": 13.863521198171522, "order": 8, "uparea": 911647.70952676877 }, "geometry": { "type": "LineString", "coordinates": [ [ 87.7475, 25.283333333333346 ], [ 87.735833333333318, 25.294166666666676 ], [ 87.728333333333325, 25.2975 ], [ 87.720833333333317, 25.295833333333345 ], [ 87.703333333333319, 25.296666666666678 ], [ 87.6925, 25.301666666666677 ], [ 87.683333333333309, 25.308333333333344 ], [ 87.678333333333313, 25.305833333333347 ], [ 87.67, 25.305 ], [ 87.651666666666642, 25.299166666666679 ], [ 87.646666666666647, 25.294166666666676 ], [ 87.633333333333326, 25.3 ] ] } },
{ "type": "Feature", "properties": { "COMID": 45051884, "id": "18997", "lengthkm": 19.453443007339239, "order": 8, "uparea": 912311.87636824907 }, "geometry": { "type": "LineString", "coordinates": [ [ 87.79583333333332, 25.138333333333343 ], [ 87.8, 25.146666666666679 ], [ 87.79916666666665, 25.160833333333343 ], [ 87.8025, 25.165833333333346 ], [ 87.8, 25.185833333333346 ], [ 87.7975, 25.19 ], [ 87.7975, 25.19666666666668 ], [ 87.8, 25.203333333333347 ], [ 87.8, 25.216666666666676 ], [ 87.798333333333318, 25.223333333333343 ], [ 87.789166666666645, 25.234166666666678 ], [ 87.7875, 25.244166666666679 ], [ 87.7725, 25.268333333333345 ], [ 87.765833333333319, 25.275 ], [ 87.75, 25.283333333333346 ], [ 87.7475, 25.283333333333346 ] ] } },
{ "type": "Feature", "properties": { "COMID": 45051883, "id": "18997", "lengthkm": 8.4233897037171097, "order": 8, "uparea": 912398.53779064561 }, "geometry": { "type": "LineString", "coordinates": [ [ 87.8425, 25.09 ], [ 87.831666666666649, 25.096666666666678 ], [ 87.824166666666656, 25.0975 ], [ 87.809166666666655, 25.104166666666679 ], [ 87.800833333333316, 25.111666666666679 ], [ 87.79583333333332, 25.138333333333343 ] ] } },
{ "type": "Feature", "properties": { "COMID": 45051882, "id": "18997", "lengthkm": 4.624669222525001, "order": 8, "uparea": 925782.72516854433 }, "geometry": { "type": "LineString", "coordinates": [ [ 87.859166666666653, 25.056666666666679 ], [ 87.859166666666653, 25.065 ], [ 87.855833333333322, 25.07166666666668 ], [ 87.850833333333313, 25.076666666666679 ], [ 87.84333333333332, 25.080833333333345 ], [ 87.8425, 25.09 ] ] } },
{ "type": "Feature", "properties": { "COMID": 45051881, "id": "18997", "lengthkm": 16.310926103587931, "order": 8, "uparea": 926013.7177719574 }, "geometry": { "type": "LineString", "coordinates": [ [ 87.9775, 24.986666666666679 ], [ 87.975, 24.9925 ], [ 87.975, 24.998333333333346 ], [ 87.9725, 25.0025 ], [ 87.955833333333317, 25.02 ], [ 87.945833333333326, 25.02416666666668 ], [ 87.9375, 25.0225 ], [ 87.915, 25.039166666666681 ], [ 87.884166666666658, 25.048333333333346 ], [ 87.88, 25.048333333333346 ], [ 87.859166666666653, 25.056666666666679 ] ] } },
{ "type": "Feature", "properties": { "COMID": 45051880, "id": "18997", "lengthkm": 5.8290387575091316, "order": 8, "uparea": 926120.48174118099 }, "geometry": { "type": "LineString", "coordinates": [ [ 87.954166666666652, 24.945 ], [ 87.958333333333314, 24.964166666666678 ], [ 87.965, 24.9725 ], [ 87.9675, 24.9725 ], [ 87.973333333333315, 24.978333333333346 ], [ 87.9775, 24.986666666666679 ] ] } },
{ "type": "Feature", "properties": { "COMID": 45051879, "id": "18997", "lengthkm": 1.9875447233118191, "order": 8, "uparea": 926150.97283760435 }, "geometry": { "type": "LineString", "coordinates": [ [ 87.948333333333323, 24.929166666666678 ], [ 87.954166666666652, 24.945 ] ] } },
{ "type": "Feature", "properties": { "COMID": 45055811, "id": "18997", "lengthkm": 11.842913045794596, "order": 8, "uparea": 926235.6052297313 }, "geometry": { "type": "LineString", "coordinates": [ [ 87.933333333333309, 24.830833333333345 ], [ 87.9375, 24.838333333333345 ], [ 87.95, 24.8725 ], [ 87.950833333333321, 24.8875 ], [ 87.948333333333323, 24.905 ], [ 87.95, 24.919166666666676 ], [ 87.948333333333323, 24.929166666666678 ] ] } },
{ "type": "Feature", "properties": { "COMID": 45055810, "id": "18997", "lengthkm": 4.1564438395794436, "order": 8, "uparea": 928053.97487974737 }, "geometry": { "type": "LineString", "coordinates": [ [ 87.935833333333321, 24.796666666666678 ], [ 87.93, 24.811666666666678 ], [ 87.933333333333309, 24.830833333333345 ] ] } },
{ "type": "Feature", "properties": { "COMID": 45055809, "id": "18997", "lengthkm": 18.91204942228471, "order": 8, "uparea": 928162.58505011222 }, "geometry": { "type": "LineString", "coordinates": [ [ 87.9975, 24.655 ], [ 87.985, 24.661666666666676 ], [ 87.951666666666654, 24.69666666666668 ], [ 87.948333333333323, 24.7025 ], [ 87.945, 24.7175 ], [ 87.940833333333316, 24.725 ], [ 87.941666666666649, 24.731666666666676 ], [ 87.935833333333321, 24.744166666666679 ], [ 87.935833333333321, 24.753333333333345 ], [ 87.9375, 24.75916666666668 ], [ 87.936666666666653, 24.77 ], [ 87.938333333333318, 24.773333333333348 ], [ 87.938333333333318, 24.785 ], [ 87.935833333333321, 24.79 ], [ 87.935833333333321, 24.796666666666678 ] ] } },
{ "type": "Feature", "properties": { "COMID": 45055808, "id": "18997", "lengthkm": 13.442091377572416, "order": 8, "uparea": 928295.92314064282 }, "geometry": { "type": "LineString", "coordinates": [ [ 88.114166666666648, 24.630833333333346 ], [ 88.106666666666655, 24.630833333333346 ], [ 88.0975, 24.635 ], [ 88.086666666666645, 24.631666666666678 ], [ 88.065833333333316, 24.6325 ], [ 88.0625, 24.636666666666677 ], [ 88.051666666666648, 24.6375 ], [ 88.0425, 24.64166666666668 ], [ 88.03083333333332, 24.64166666666668 ], [ 88.018333333333317, 24.64916666666668 ], [ 88.001666666666651, 24.651666666666678 ], [ 87.9975, 24.655 ] ] } },
{ "type": "Feature", "properties": { "COMID": 45055807, "id": "18997", "lengthkm": 2.017086504194705, "order": 8, "uparea": 928364.89436697715 }, "geometry": { "type": "LineString", "coordinates": [ [ 88.1325, 24.6275 ], [ 88.114166666666648, 24.630833333333346 ] ] } },
{ "type": "Feature", "properties": { "COMID": 45055806, "id": "18997", "lengthkm": 0.58739129867411499, "order": 8, "uparea": 928465.09523491957 }, "geometry": { "type": "LineString", "coordinates": [ [ 88.1375, 24.625833333333347 ], [ 88.1325, 24.6275 ] ] } },
{ "type": "Feature", "properties": { "COMID": 45055805, "id": "18997", "lengthkm": 8.8614851493486899, "order": 8, "uparea": 928806.70236828271 }, "geometry": { "type": "LineString", "coordinates": [ [ 88.17083333333332, 24.563333333333347 ], [ 88.17, 24.58 ], [ 88.168333333333322, 24.581666666666678 ], [ 88.17083333333332, 24.58666666666668 ], [ 88.166666666666657, 24.5975 ], [ 88.16, 24.605 ], [ 88.148333333333312, 24.610833333333346 ], [ 88.141666666666652, 24.6225 ], [ 88.1375, 24.625833333333347 ] ] } },
{ "type": "Feature", "properties": { "COMID": 45055804, "id": "18997", "lengthkm": 14.818630745559563, "order": 8, "uparea": 928925.58192239841 }, "geometry": { "type": "LineString", "coordinates": [ [ 88.166666666666657, 24.4575 ], [ 88.163333333333313, 24.4725 ], [ 88.156666666666652, 24.485 ], [ 88.155, 24.486666666666679 ], [ 88.145833333333314, 24.486666666666679 ], [ 88.144166666666649, 24.488333333333344 ], [ 88.144166666666649, 24.504166666666677 ], [ 88.1425, 24.511666666666677 ], [ 88.148333333333312, 24.5225 ], [ 88.1525, 24.540833333333346 ], [ 88.158333333333317, 24.5425 ], [ 88.166666666666657, 24.551666666666677 ], [ 88.17, 24.553333333333345 ], [ 88.169166666666655, 24.558333333333344 ], [ 88.17083333333332, 24.563333333333347 ] ] } },
{ "type": "Feature", "properties": { "COMID": 45055803, "id": "18997", "lengthkm": 16.926292420309789, "order": 8, "uparea": 929096.59630489291 }, "geometry": { "type": "LineString", "coordinates": [ [ 88.310833333333321, 24.466666666666679 ], [ 88.29, 24.47 ], [ 88.285833333333315, 24.46916666666668 ], [ 88.27583333333331, 24.474166666666676 ], [ 88.2675, 24.4725 ], [ 88.258333333333312, 24.468333333333344 ], [ 88.250833333333318, 24.4675 ], [ 88.23666666666665, 24.46 ], [ 88.214166666666642, 24.4525 ], [ 88.206666666666649, 24.451666666666679 ], [ 88.199166666666656, 24.4475 ], [ 88.194166666666646, 24.44666666666668 ], [ 88.181666666666644, 24.4475 ], [ 88.175833333333316, 24.45 ], [ 88.166666666666657, 24.4575 ] ] } },
{ "type": "Feature", "properties": { "COMID": 45055802, "id": "18997", "lengthkm": 10.477427731132073, "order": 8, "uparea": 939805.3367173369 }, "geometry": { "type": "LineString", "coordinates": [ [ 88.376666666666651, 24.3975 ], [ 88.350833333333313, 24.420833333333345 ], [ 88.310833333333321, 24.466666666666679 ] ] } },
{ "type": "Feature", "properties": { "COMID": 45055801, "id": "18997", "lengthkm": 16.764260880470527, "order": 8, "uparea": 939927.1019903702 }, "geometry": { "type": "LineString", "coordinates": [ [ 88.499166666666653, 24.355833333333344 ], [ 88.4925, 24.354166666666679 ], [ 88.485833333333318, 24.359166666666681 ], [ 88.476666666666645, 24.361666666666679 ], [ 88.47166666666665, 24.365833333333345 ], [ 88.465, 24.368333333333347 ], [ 88.460833333333312, 24.375 ], [ 88.451666666666654, 24.380833333333346 ], [ 88.448333333333323, 24.376666666666679 ], [ 88.44, 24.375 ], [ 88.42416666666665, 24.376666666666679 ], [ 88.415833333333325, 24.375 ], [ 88.40916666666665, 24.368333333333347 ], [ 88.40083333333331, 24.37 ], [ 88.383333333333312, 24.385833333333345 ], [ 88.376666666666651, 24.3975 ] ] } },
{ "type": "Feature", "properties": { "COMID": 45055800, "id": "18997", "lengthkm": 4.7403365705019116, "order": 8, "uparea": 939965.39136937284 }, "geometry": { "type": "LineString", "coordinates": [ [ 88.536666666666648, 24.33666666666668 ], [ 88.52583333333331, 24.346666666666678 ], [ 88.514166666666654, 24.35 ], [ 88.510833333333323, 24.353333333333346 ], [ 88.501666666666651, 24.354166666666679 ], [ 88.499166666666653, 24.355833333333344 ] ] } },
{ "type": "Feature", "properties": { "COMID": 45055799, "id": "18997", "lengthkm": 13.622724206393936, "order": 8, "uparea": 940189.5927166536 }, "geometry": { "type": "LineString", "coordinates": [ [ 88.65083333333331, 24.3425 ], [ 88.6425, 24.348333333333343 ], [ 88.628333333333316, 24.348333333333343 ], [ 88.62, 24.353333333333346 ], [ 88.613333333333316, 24.353333333333346 ], [ 88.599166666666648, 24.3575 ], [ 88.581666666666649, 24.358333333333345 ], [ 88.569166666666646, 24.355 ], [ 88.563333333333318, 24.355 ], [ 88.558333333333309, 24.34916666666668 ], [ 88.536666666666648, 24.33666666666668 ] ] } },
{ "type": "Feature", "properties": { "COMID": 45055798, "id": "18997", "lengthkm": 12.084574955454938, "order": 8, "uparea": 940269.46241819265 }, "geometry": { "type": "LineString", "coordinates": [ [ 88.73, 24.280833333333348 ], [ 88.71833333333332, 24.303333333333345 ], [ 88.71333333333331, 24.308333333333344 ], [ 88.710833333333312, 24.314166666666679 ], [ 88.700833333333321, 24.326666666666679 ], [ 88.691666666666649, 24.3325 ], [ 88.6875, 24.3325 ], [ 88.684166666666641, 24.335833333333348 ], [ 88.67416666666665, 24.34 ], [ 88.65083333333331, 24.3425 ] ] } },
{ "type": "Feature", "properties": { "COMID": 45059549, "id": "18997", "lengthkm": 9.8177318212372029, "order": 8, "uparea": 940453.68058515922 }, "geometry": { "type": "LineString", "coordinates": [ [ 88.7425, 24.201666666666679 ], [ 88.738333333333316, 24.209166666666679 ], [ 88.738333333333316, 24.23 ], [ 88.740833333333313, 24.249166666666678 ], [ 88.7425, 24.251666666666679 ], [ 88.741666666666646, 24.261666666666677 ], [ 88.7375, 24.271666666666679 ], [ 88.73, 24.280833333333348 ] ] } },
{ "type": "Feature", "properties": { "COMID": 45059548, "id": "18997", "lengthkm": 14.781405750183545, "order": 8, "uparea": 940599.66758226848 }, "geometry": { "type": "LineString", "coordinates": [ [ 88.825833333333321, 24.109166666666681 ], [ 88.8225, 24.1125 ], [ 88.810833333333321, 24.116666666666681 ], [ 88.796666666666653, 24.13416666666668 ], [ 88.794166666666655, 24.140833333333347 ], [ 88.795, 24.15 ], [ 88.788333333333313, 24.160833333333343 ], [ 88.783333333333317, 24.165833333333346 ], [ 88.78083333333332, 24.171666666666681 ], [ 88.766666666666652, 24.183333333333344 ], [ 88.758333333333312, 24.1875 ], [ 88.748333333333321, 24.198333333333345 ], [ 88.7425, 24.201666666666679 ] ] } },
{ "type": "Feature", "properties": { "COMID": 45059547, "id": "18997", "lengthkm": 3.7864573176344982, "order": 8, "uparea": 940665.13999928441 }, "geometry": { "type": "LineString", "coordinates": [ [ 88.8575, 24.09916666666668 ], [ 88.8475, 24.09916666666668 ], [ 88.84, 24.105 ], [ 88.825833333333321, 24.109166666666681 ] ] } },
{ "type": "Feature", "properties": { "COMID": 45059546, "id": "18997", "lengthkm": 5.1835086046142838, "order": 8, "uparea": 940831.0093502223 }, "geometry": { "type": "LineString", "coordinates": [ [ 88.903333333333308, 24.106666666666676 ], [ 88.894166666666649, 24.104166666666679 ], [ 88.885833333333323, 24.104166666666679 ], [ 88.883333333333312, 24.1025 ], [ 88.875, 24.103333333333346 ], [ 88.870833333333309, 24.100833333333345 ], [ 88.866666666666646, 24.101666666666681 ], [ 88.8575, 24.09916666666668 ] ] } },
{ "type": "Feature", "properties": { "COMID": 45059545, "id": "18997", "lengthkm": 11.847255038531785, "order": 8, "uparea": 940936.67437459121 }, "geometry": { "type": "LineString", "coordinates": [ [ 88.990833333333313, 24.160833333333343 ], [ 88.978333333333325, 24.153333333333343 ], [ 88.97, 24.151666666666678 ], [ 88.96, 24.140833333333347 ], [ 88.945833333333312, 24.13416666666668 ], [ 88.936666666666653, 24.1325 ], [ 88.92083333333332, 24.115 ], [ 88.9125, 24.113333333333344 ], [ 88.903333333333308, 24.106666666666676 ] ] } },
{ "type": "Feature", "properties": { "COMID": 45059544, "id": "18997", "lengthkm": 15.193131007366883, "order": 8, "uparea": 941063.0249915187 }, "geometry": { "type": "LineString", "coordinates": [ [ 89.029166666666654, 24.051666666666677 ], [ 89.026666666666642, 24.069166666666678 ], [ 89.024166666666645, 24.075 ], [ 89.025, 24.080833333333345 ], [ 89.0225, 24.08666666666668 ], [ 89.021666666666647, 24.096666666666678 ], [ 89.023333333333312, 24.115 ], [ 89.026666666666642, 24.119166666666679 ], [ 89.026666666666642, 24.124166666666678 ], [ 89.024166666666645, 24.133333333333347 ], [ 89.020833333333314, 24.138333333333346 ], [ 89.019166666666649, 24.15 ], [ 89.011666666666656, 24.155833333333348 ], [ 89.005, 24.15666666666668 ], [ 89.0, 24.16 ], [ 88.990833333333313, 24.160833333333343 ] ] } },
{ "type": "Feature", "properties": { "COMID": 45059543, "id": "18997", "lengthkm": 22.919025509622344, "order": 8, "uparea": 941232.2068096787 }, "geometry": { "type": "LineString", "coordinates": [ [ 89.165833333333325, 23.938333333333347 ], [ 89.144166666666649, 23.944166666666678 ], [ 89.13, 23.951666666666679 ], [ 89.123333333333321, 23.951666666666679 ], [ 89.119166666666644, 23.953333333333347 ], [ 89.115, 23.9575 ], [ 89.099166666666648, 23.966666666666679 ], [ 89.090833333333308, 23.965833333333347 ], [ 89.083333333333314, 23.971666666666678 ], [ 89.074166666666656, 23.973333333333347 ], [ 89.0725, 23.975 ], [ 89.074166666666656, 23.9825 ], [ 89.068333333333314, 23.985833333333346 ], [ 89.0575, 23.985833333333346 ], [ 89.054166666666646, 23.991666666666678 ], [ 89.046666666666653, 23.999166666666678 ], [ 89.04583333333332, 24.003333333333345 ], [ 89.04, 24.013333333333346 ], [ 89.035, 24.025833333333345 ], [ 89.03083333333332, 24.05 ], [ 89.029166666666654, 24.051666666666677 ] ] } },
{ "type": "Feature", "properties": { "COMID": 45059542, "id": "18997", "lengthkm": 15.197449232252884, "order": 8, "uparea": 941358.96584197984 }, "geometry": { "type": "LineString", "coordinates": [ [ 89.3025, 23.921666666666678 ], [ 89.279166666666654, 23.9225 ], [ 89.270833333333314, 23.923333333333346 ], [ 89.268333333333317, 23.925 ], [ 89.260833333333323, 23.924166666666679 ], [ 89.255, 23.9275 ], [ 89.230833333333322, 23.931666666666679 ], [ 89.203333333333319, 23.931666666666679 ], [ 89.199166666666656, 23.93 ], [ 89.1875, 23.93 ], [ 89.165833333333325, 23.938333333333347 ] ] } },
{ "type": "Feature", "properties": { "COMID": 45059541, "id": "18997", "lengthkm": 6.1512703978047636, "order": 8, "uparea": 941533.36392942001 }, "geometry": { "type": "LineString", "coordinates": [ [ 89.348333333333315, 23.893333333333345 ], [ 89.336666666666645, 23.901666666666678 ], [ 89.3275, 23.904166666666679 ], [ 89.320833333333312, 23.91166666666668 ], [ 89.315, 23.914166666666677 ], [ 89.310833333333321, 23.914166666666677 ], [ 89.3025, 23.921666666666678 ] ] } },
{ "type": "Feature", "properties": { "COMID": 45059540, "id": "18997", "lengthkm": 9.8895827490848394, "order": 8, "uparea": 941605.2616197234 }, "geometry": { "type": "LineString", "coordinates": [ [ 89.4275, 23.875 ], [ 89.40583333333332, 23.875 ], [ 89.3975, 23.880833333333346 ], [ 89.389166666666654, 23.883333333333347 ], [ 89.3825, 23.8925 ], [ 89.373333333333321, 23.895 ], [ 89.366666666666646, 23.89916666666668 ], [ 89.36, 23.89916666666668 ], [ 89.355833333333322, 23.894166666666678 ], [ 89.348333333333315, 23.893333333333345 ] ] } },
{ "type": "Feature", "properties": { "COMID": 45059539, "id": "18997", "lengthkm": 14.848932183059439, "order": 8, "uparea": 941696.71093742794 }, "geometry": { "type": "LineString", "coordinates": [ [ 89.538333333333313, 23.813333333333347 ], [ 89.52583333333331, 23.82 ], [ 89.508333333333312, 23.8325 ], [ 89.485833333333318, 23.841666666666679 ], [ 89.4775, 23.850833333333345 ], [ 89.466666666666654, 23.851666666666677 ], [ 89.464166666666642, 23.8575 ], [ 89.459166666666647, 23.8625 ], [ 89.439166666666651, 23.875 ], [ 89.4275, 23.875 ] ] } },
{ "type": "Feature", "properties": { "COMID": 45059538, "id": "18997", "lengthkm": 23.557629231964349, "order": 8, "uparea": 942043.13008880126 }, "geometry": { "type": "LineString", "coordinates": [ [ 89.7425, 23.810833333333346 ], [ 89.731666666666655, 23.803333333333345 ], [ 89.706666666666649, 23.798333333333346 ], [ 89.696666666666644, 23.8025 ], [ 89.695, 23.805 ], [ 89.690833333333316, 23.805 ], [ 89.685833333333321, 23.8 ], [ 89.676666666666648, 23.7975 ], [ 89.661666666666648, 23.796666666666678 ], [ 89.65583333333332, 23.798333333333346 ], [ 89.644166666666649, 23.796666666666678 ], [ 89.623333333333321, 23.796666666666678 ], [ 89.619166666666644, 23.798333333333346 ], [ 89.615, 23.8025 ], [ 89.604166666666657, 23.805 ], [ 89.571666666666644, 23.806666666666679 ], [ 89.565833333333316, 23.81 ], [ 89.551666666666648, 23.814166666666679 ], [ 89.538333333333313, 23.813333333333347 ] ] } },
{ "type": "Feature", "properties": { "COMID": 45059537, "id": "18997", "lengthkm": 2.364264633039713, "order": 8, "uparea": 1480070.8617546074 }, "geometry": { "type": "LineString", "coordinates": [ [ 89.763333333333321, 23.8125 ], [ 89.7425, 23.810833333333346 ] ] } },
{ "type": "Feature", "properties": { "COMID": 45059536, "id": "18997", "lengthkm": 3.3533933894008552, "order": 8, "uparea": 1480461.6324491578 }, "geometry": { "type": "LineString", "coordinates": [ [ 89.786666666666648, 23.7925 ], [ 89.765, 23.8125 ], [ 89.763333333333321, 23.8125 ] ] } },
{ "type": "Feature", "properties": { "COMID": 45059535, "id": "18997", "lengthkm": 2.028552639801394, "order": 8, "uparea": 1480549.6332875148 }, "geometry": { "type": "LineString", "coordinates": [ [ 89.79916666666665, 23.779166666666679 ], [ 89.786666666666648, 23.7925 ] ] } },
{ "type": "Feature", "properties": { "COMID": 45059534, "id": "18997", "lengthkm": 24.147820154197287, "order": 8, "uparea": 1480725.0136060892 }, "geometry": { "type": "LineString", "coordinates": [ [ 89.995, 23.705833333333345 ], [ 89.9925, 23.708333333333346 ], [ 89.9825, 23.7125 ], [ 89.960833333333312, 23.715833333333347 ], [ 89.94, 23.723333333333347 ], [ 89.919166666666655, 23.725833333333345 ], [ 89.910833333333315, 23.725 ], [ 89.9025, 23.729166666666679 ], [ 89.886666666666656, 23.729166666666679 ], [ 89.871666666666641, 23.733333333333345 ], [ 89.855, 23.73 ], [ 89.83833333333331, 23.743333333333347 ], [ 89.813333333333318, 23.768333333333345 ], [ 89.79916666666665, 23.779166666666679 ] ] } },
{ "type": "Feature", "properties": { "COMID": 45063347, "id": "18997", "lengthkm": 5.2676845882940846, "order": 8, "uparea": 1480789.2229896402 }, "geometry": { "type": "LineString", "coordinates": [ [ 89.991666666666646, 23.660833333333347 ], [ 89.996666666666641, 23.67666666666668 ], [ 89.995, 23.705833333333345 ] ] } },
{ "type": "Feature", "properties": { "COMID": 45063346, "id": "18997", "lengthkm": 7.283326201289265, "order": 8, "uparea": 1480948.0639584674 }, "geometry": { "type": "LineString", "coordinates": [ [ 90.009166666666644, 23.605 ], [ 90.008333333333312, 23.620833333333344 ], [ 90.0125, 23.628333333333345 ], [ 90.0125, 23.633333333333347 ], [ 90.003333333333316, 23.65 ], [ 89.991666666666646, 23.660833333333347 ] ] } },
{ "type": "Feature", "properties": { "COMID": 45063345, "id": "18997", "lengthkm": 7.3301595308811152, "order": 8, "uparea": 1481136.7888560903 }, "geometry": { "type": "LineString", "coordinates": [ [ 90.059166666666641, 23.5625 ], [ 90.03, 23.5925 ], [ 90.0125, 23.601666666666681 ], [ 90.009166666666644, 23.605 ] ] } },
{ "type": "Feature", "properties": { "COMID": 45063344, "id": "18997", "lengthkm": 12.769887712414294, "order": 8, "uparea": 1481312.4314660509 }, "geometry": { "type": "LineString", "coordinates": [ [ 90.115833333333313, 23.475 ], [ 90.109166666666653, 23.4875 ], [ 90.0975, 23.503333333333345 ], [ 90.0925, 23.514166666666679 ], [ 90.090833333333308, 23.520833333333346 ], [ 90.09166666666664, 23.541666666666679 ], [ 90.084166666666647, 23.5475 ], [ 90.065, 23.5575 ], [ 90.059166666666641, 23.5625 ] ] } },
{ "type": "Feature", "properties": { "COMID": 45063343, "id": "18997", "lengthkm": 7.5193073133645347, "order": 8, "uparea": 1481911.4042069917 }, "geometry": { "type": "LineString", "coordinates": [ [ 90.179166666666646, 23.466666666666679 ], [ 90.176666666666648, 23.4675 ], [ 90.17083333333332, 23.465 ], [ 90.146666666666647, 23.460833333333348 ], [ 90.1275, 23.465833333333347 ], [ 90.115833333333313, 23.475 ] ] } },
{ "type": "Feature", "properties": { "COMID": 45063342, "id": "18997", "lengthkm": 0.084998536493851001, "order": 8, "uparea": 1482022.2761364332 }, "geometry": { "type": "LineString", "coordinates": [ [ 90.18, 23.466666666666679 ], [ 90.179166666666646, 23.466666666666679 ] ] } },
{ "type": "Feature", "properties": { "COMID": 45063341, "id": "18997", "lengthkm": 22.24883309536888, "order": 8, "uparea": 1482212.7252700049 }, "geometry": { "type": "LineString", "coordinates": [ [ 90.373333333333306, 23.42 ], [ 90.355, 23.423333333333346 ], [ 90.3325, 23.433333333333344 ], [ 90.315833333333316, 23.4325 ], [ 90.313333333333318, 23.43416666666668 ], [ 90.301666666666648, 23.435 ], [ 90.28083333333332, 23.44666666666668 ], [ 90.25, 23.45 ], [ 90.241666666666646, 23.4525 ], [ 90.24, 23.451666666666679 ], [ 90.215833333333308, 23.460833333333348 ], [ 90.203333333333319, 23.460833333333348 ], [ 90.193333333333314, 23.465 ], [ 90.18, 23.466666666666679 ] ] } },
{ "type": "Feature", "properties": { "COMID": 45063340, "id": "18997", "lengthkm": 11.879566167536154, "order": 8, "uparea": 1482501.2272524796 }, "geometry": { "type": "LineString", "coordinates": [ [ 90.436666666666653, 23.34 ], [ 90.434166666666641, 23.343333333333344 ], [ 90.430833333333311, 23.360833333333346 ], [ 90.419166666666655, 23.375833333333347 ], [ 90.40916666666665, 23.385833333333345 ], [ 90.399166666666645, 23.401666666666678 ], [ 90.373333333333306, 23.42 ] ] } },
{ "type": "Feature", "properties": { "COMID": 45063339, "id": "18997", "lengthkm": 0.714071485172183, "order": 8, "uparea": 1482555.5706116247 }, "geometry": { "type": "LineString", "coordinates": [ [ 90.441666666666649, 23.335833333333348 ], [ 90.436666666666653, 23.34 ] ] } },
{ "type": "Feature", "properties": { "COMID": 45063338, "id": "18997", "lengthkm": 3.684757535951662, "order": 8, "uparea": 1482765.1194097816 }, "geometry": { "type": "LineString", "coordinates": [ [ 90.474166666666648, 23.331666666666678 ], [ 90.454166666666652, 23.330833333333345 ], [ 90.449166666666656, 23.331666666666678 ], [ 90.441666666666649, 23.335833333333348 ] ] } },
{ "type": "Feature", "properties": { "COMID": 45063337, "id": "18997", "lengthkm": 1.9350875813103481, "order": 8, "uparea": 1482797.5267805532 }, "geometry": { "type": "LineString", "coordinates": [ [ 90.488333333333316, 23.32166666666668 ], [ 90.481666666666655, 23.324166666666681 ], [ 90.474166666666648, 23.331666666666678 ] ] } },
{ "type": "Feature", "properties": { "COMID": 45063336, "id": "18997", "lengthkm": 5.8385379776508346, "order": 8, "uparea": 1482976.942876504 }, "geometry": { "type": "LineString", "coordinates": [ [ 90.538333333333313, 23.306666666666679 ], [ 90.52916666666664, 23.3075 ], [ 90.5225, 23.310833333333346 ], [ 90.5125, 23.32 ], [ 90.488333333333316, 23.32166666666668 ] ] } },
{ "type": "Feature", "properties": { "COMID": 45063335, "id": "18997", "lengthkm": 6.305659495608567, "order": 8, "uparea": 1483033.5524042775 }, "geometry": { "type": "LineString", "coordinates": [ [ 90.5875, 23.295833333333345 ], [ 90.575833333333321, 23.293333333333347 ], [ 90.5625, 23.30166666666668 ], [ 90.554166666666646, 23.305 ], [ 90.550833333333316, 23.31 ], [ 90.543333333333322, 23.306666666666679 ], [ 90.538333333333313, 23.306666666666679 ] ] } },
{ "type": "Feature", "properties": { "COMID": 45063334, "id": "18997", "lengthkm": 7.8191387100587306, "order": 8, "uparea": 1483124.8605031187 }, "geometry": { "type": "LineString", "coordinates": [ [ 90.626666666666651, 23.24 ], [ 90.610833333333318, 23.25916666666668 ], [ 90.60833333333332, 23.268333333333345 ], [ 90.6, 23.276666666666678 ], [ 90.599166666666648, 23.28166666666668 ], [ 90.595833333333317, 23.2875 ], [ 90.5875, 23.295833333333345 ] ] } },
{ "type": "Feature", "properties": { "COMID": 45063333, "id": "18997", "lengthkm": 8.8182140991362683, "order": 8, "uparea": 1572400.525695469 }, "geometry": { "type": "LineString", "coordinates": [ [ 90.61166666666665, 23.166666666666679 ], [ 90.615, 23.186666666666678 ], [ 90.620833333333309, 23.1975 ], [ 90.626666666666651, 23.218333333333344 ], [ 90.626666666666651, 23.24 ] ] } },
{ "type": "Feature", "properties": { "COMID": 45063332, "id": "18997", "lengthkm": 7.6543775006214121, "order": 8, "uparea": 1572504.0563616927 }, "geometry": { "type": "LineString", "coordinates": [ [ 90.59333333333332, 23.105 ], [ 90.5975, 23.113333333333347 ], [ 90.601666666666645, 23.133333333333347 ], [ 90.60833333333332, 23.14916666666668 ], [ 90.6075, 23.1525 ], [ 90.61166666666665, 23.16166666666668 ], [ 90.61166666666665, 23.166666666666679 ] ] } },
{ "type": "Feature", "properties": { "COMID": 45066867, "id": "18997", "lengthkm": 8.8264913247611076, "order": 8, "uparea": 1572667.3889131162 }, "geometry": { "type": "LineString", "coordinates": [ [ 90.584166666666647, 23.0325 ], [ 90.584166666666647, 23.035 ], [ 90.590833333333308, 23.043333333333347 ], [ 90.598333333333315, 23.07166666666668 ], [ 90.598333333333315, 23.085833333333348 ], [ 90.59333333333332, 23.105 ] ] } },
{ "type": "Feature", "properties": { "COMID": 45066866, "id": "18997", "lengthkm": 11.626908692823784, "order": 8, "uparea": 1573607.9737473868 }, "geometry": { "type": "LineString", "coordinates": [ [ 90.631666666666646, 22.945 ], [ 90.628333333333316, 22.953333333333347 ], [ 90.615, 22.975 ], [ 90.61, 22.98 ], [ 90.605, 22.991666666666681 ], [ 90.600833333333313, 22.995833333333348 ], [ 90.594166666666652, 23.0125 ], [ 90.5875, 23.02 ], [ 90.584166666666647, 23.0325 ] ] } },
{ "type": "Feature", "properties": { "COMID": 45066865, "id": "18997", "lengthkm": 2.2123776367557291, "order": 8, "uparea": 1573652.1037601084 }, "geometry": { "type": "LineString", "coordinates": [ [ 90.638333333333321, 22.9275 ], [ 90.631666666666646, 22.945 ] ] } },
{ "type": "Feature", "properties": { "COMID": 45066864, "id": "18997", "lengthkm": 2.286353277797005, "order": 8, "uparea": 1573882.3011841814 }, "geometry": { "type": "LineString", "coordinates": [ [ 90.649166666666645, 22.910833333333347 ], [ 90.638333333333321, 22.9275 ] ] } },
{ "type": "Feature", "properties": { "COMID": 45066863, "id": "18997", "lengthkm": 10.136653461461982, "order": 8, "uparea": 1574012.6907671301 }, "geometry": { "type": "LineString", "coordinates": [ [ 90.7125, 22.846666666666678 ], [ 90.694166666666646, 22.861666666666679 ], [ 90.6875, 22.8725 ], [ 90.673333333333318, 22.8875 ], [ 90.663333333333313, 22.900833333333345 ], [ 90.649166666666645, 22.910833333333347 ] ] } },
{ "type": "Feature", "properties": { "COMID": 45066862, "id": "18997", "lengthkm": 6.9867986145700964, "order": 8, "uparea": 1574545.5744448761 }, "geometry": { "type": "LineString", "coordinates": [ [ 90.723333333333315, 22.788333333333345 ], [ 90.719166666666652, 22.7975 ], [ 90.7125, 22.846666666666678 ] ] } },
{ "type": "Feature", "properties": { "COMID": 45066861, "id": "18997", "lengthkm": 1.3973938849260481, "order": 8, "uparea": 1574591.2623521597 }, "geometry": { "type": "LineString", "coordinates": [ [ 90.720833333333317, 22.776666666666681 ], [ 90.723333333333315, 22.788333333333345 ] ] } },
{ "type": "Feature", "properties": { "COMID": 45066860, "id": "18997", "lengthkm": 3.3249251226456198, "order": 8, "uparea": 1574680.9067696885 }, "geometry": { "type": "LineString", "coordinates": [ [ 90.7275, 22.749166666666678 ], [ 90.7225, 22.764166666666679 ], [ 90.720833333333317, 22.776666666666681 ] ] } },
{ "type": "Feature", "properties": { "COMID": 45066859, "id": "18997", "lengthkm": 0.31137575033335202, "order": 8, "uparea": 1574708.4456096634 }, "geometry": { "type": "LineString", "coordinates": [ [ 90.72833333333331, 22.74666666666668 ], [ 90.7275, 22.749166666666678 ] ] } },
{ "type": "Feature", "properties": { "COMID": 45066858, "id": "18997", "lengthkm": 7.2847450964907097, "order": 8, "uparea": 1574834.2982043759 }, "geometry": { "type": "LineString", "coordinates": [ [ 90.7575, 22.691666666666681 ], [ 90.744166666666644, 22.713333333333345 ], [ 90.740833333333313, 22.725 ], [ 90.72833333333331, 22.74666666666668 ] ] } },
{ "type": "Feature", "properties": { "COMID": 45066857, "id": "18997", "lengthkm": 2.3985656537863922, "order": 8, "uparea": 1574898.6207858638 }, "geometry": { "type": "LineString", "coordinates": [ [ 90.764166666666654, 22.6725 ], [ 90.7575, 22.691666666666681 ] ] } },
{ "type": "Feature", "properties": { "COMID": 45066856, "id": "18997", "lengthkm": 7.0912977241002322, "order": 8, "uparea": 1575032.5004286871 }, "geometry": { "type": "LineString", "coordinates": [ [ 90.81, 22.626666666666679 ], [ 90.795, 22.644166666666681 ], [ 90.764166666666654, 22.6725 ] ] } },
{ "type": "Feature", "properties": { "COMID": 45066855, "id": "18997", "lengthkm": 7.5775848669324732, "order": 8, "uparea": 1575385.9506649468 }, "geometry": { "type": "LineString", "coordinates": [ [ 90.803333333333313, 22.563333333333347 ], [ 90.8, 22.573333333333348 ], [ 90.8, 22.589166666666681 ], [ 90.8075, 22.6125 ], [ 90.81, 22.626666666666679 ] ] } },
{ "type": "Feature", "properties": { "COMID": 45070323, "id": "18997", "lengthkm": 16.643676992320035, "order": 8, "uparea": 1575630.991704083 }, "geometry": { "type": "LineString", "coordinates": [ [ 90.9, 22.4575 ], [ 90.888333333333321, 22.4625 ], [ 90.88, 22.46916666666668 ], [ 90.868333333333311, 22.475 ], [ 90.850833333333313, 22.490833333333345 ], [ 90.839166666666642, 22.508333333333347 ], [ 90.83833333333331, 22.5175 ], [ 90.814166666666651, 22.54416666666668 ], [ 90.803333333333313, 22.563333333333347 ] ] } },
{ "type": "Feature", "properties": { "COMID": 45070322, "id": "18997", "lengthkm": 0.12617354695302499, "order": 8, "uparea": 1575661.803881095 }, "geometry": { "type": "LineString", "coordinates": [ [ 90.90083333333331, 22.456666666666681 ], [ 90.9, 22.4575 ] ] } }
]
}
