{
"type": "FeatureCollection",
"name": "downstream_89641",
"crs": { "type": "name", "properties": { "name": "urn:ogc:def:crs:OGC:1.3:CRS84" } },
"features": [
{ "type": "Feature", "properties": { "COMID": 45004692, "id": "311", "lengthkm": 21.874221758021864, "order": 7, "uparea": 198117.48902382446 }, "geometry": { "type": "LineString", "coordinates": [ [ 72.659166666666664, 34.039166666666674 ], [ 72.6575, 34.044166666666669 ], [ 72.658333333333331, 34.046666666666674 ], [ 72.6675, 34.058333333333337 ], [ 72.666666666666657, 34.06333333333334 ], [ 72.673333333333332, 34.069166666666675 ], [ 72.6825, 34.069166666666675 ], [ 72.685833333333335, 34.073333333333338 ], [ 72.69083333333333, 34.07416666666667 ], [ 72.693333333333328, 34.07416666666667 ], [ 72.6975, 34.07083333333334 ], [ 72.706666666666663, 34.069166666666675 ], [ 72.715, 34.07083333333334 ], [ 72.730833333333322, 34.08 ], [ 72.731666666666655, 34.081666666666671 ], [ 72.729166666666657, 34.084166666666675 ], [ 72.729166666666657, 34.101666666666674 ], [ 72.731666666666655, 34.104166666666671 ], [ 72.745, 34.110833333333339 ], [ 72.756666666666661, 34.111666666666672 ], [ 72.765833333333333, 34.115 ], [ 72.783333333333331, 34.12583333333334 ], [ 72.795833333333334, 34.130833333333342 ], [ 72.805, 34.138333333333335 ] ] } },
{ "type": "Feature", "properties": { "COMID": 45004691, "id": "311", "lengthkm": 7.5861945690831689, "order": 7, "uparea": 198184.46341399106 }, "geometry": { "type": "LineString", "coordinates": [ [ 72.601666666666659, 34.00416666666667 ], [ 72.618333333333325, 34.019166666666671 ], [ 72.626666666666665, 34.019166666666671 ], [ 72.635833333333323, 34.026666666666671 ], [ 72.6375, 34.025 ], [ 72.646666666666661, 34.025833333333338 ], [ 72.659166666666664, 34.039166666666674 ] ] } },
{ "type": "Feature", "properties": { "COMID": 45004690, "id": "311", "lengthkm": 11.411237729506164, "order": 7, "uparea": 198320.51205770852 }, "geometry": { "type": "LineString", "coordinates": [ [ 72.504166666666663, 33.9925 ], [ 72.531666666666666, 34.0 ], [ 72.535, 33.9975 ], [ 72.544166666666655, 33.995833333333337 ], [ 72.55083333333333, 33.9975 ], [ 72.568333333333328, 33.995833333333337 ], [ 72.576666666666654, 33.988333333333337 ], [ 72.583333333333329, 33.986666666666672 ], [ 72.590833333333322, 33.991666666666674 ], [ 72.595, 33.995833333333337 ], [ 72.5975, 34.001666666666672 ], [ 72.601666666666659, 34.00416666666667 ] ] } },
{ "type": "Feature", "properties": { "COMID": 45004689, "id": "311", "lengthkm": 8.1523732971927689, "order": 7, "uparea": 198370.16566488254 }, "geometry": { "type": "LineString", "coordinates": [ [ 72.433333333333323, 34.003333333333337 ], [ 72.4375, 34.003333333333337 ], [ 72.444166666666661, 34.0 ], [ 72.450833333333321, 33.994166666666672 ], [ 72.46, 33.99 ], [ 72.461666666666659, 33.991666666666674 ], [ 72.4675, 33.991666666666674 ], [ 72.48, 33.9975 ], [ 72.483333333333334, 33.9975 ], [ 72.48833333333333, 33.991666666666674 ], [ 72.49166666666666, 33.991666666666674 ], [ 72.4925, 33.993333333333339 ], [ 72.504166666666663, 33.9925 ] ] } },
{ "type": "Feature", "properties": { "COMID": 45004688, "id": "311", "lengthkm": 5.0209813855495451, "order": 7, "uparea": 198834.673086942 }, "geometry": { "type": "LineString", "coordinates": [ [ 72.394166666666663, 33.990833333333342 ], [ 72.399166666666659, 33.9925 ], [ 72.403333333333322, 33.991666666666674 ], [ 72.410833333333329, 33.986666666666672 ], [ 72.414166666666659, 33.986666666666672 ], [ 72.419166666666655, 33.989166666666669 ], [ 72.424166666666665, 33.99666666666667 ], [ 72.433333333333323, 34.003333333333337 ] ] } },
{ "type": "Feature", "properties": { "COMID": 45004687, "id": "311", "lengthkm": 7.1092851274982252, "order": 7, "uparea": 199333.66366118987 }, "geometry": { "type": "LineString", "coordinates": [ [ 72.356666666666655, 33.95 ], [ 72.358333333333334, 33.96 ], [ 72.365, 33.959166666666675 ], [ 72.37, 33.960833333333341 ], [ 72.371666666666655, 33.963333333333338 ], [ 72.374166666666667, 33.974166666666669 ], [ 72.3775, 33.978333333333339 ], [ 72.376666666666665, 33.9825 ], [ 72.380833333333328, 33.985833333333339 ], [ 72.394166666666663, 33.990833333333342 ] ] } },
{ "type": "Feature", "properties": { "COMID": 45004686, "id": "311", "lengthkm": 3.0064092369728841, "order": 7, "uparea": 199415.39214987145 }, "geometry": { "type": "LineString", "coordinates": [ [ 72.334166666666661, 33.946666666666673 ], [ 72.3375, 33.943333333333342 ], [ 72.346666666666664, 33.940833333333337 ], [ 72.349166666666662, 33.94166666666667 ], [ 72.356666666666655, 33.95 ] ] } },
{ "type": "Feature", "properties": { "COMID": 45004685, "id": "311", "lengthkm": 0.54826970840010703, "order": 7, "uparea": 199498.07796235909 }, "geometry": { "type": "LineString", "coordinates": [ [ 72.329166666666666, 33.945 ], [ 72.334166666666661, 33.946666666666673 ] ] } },
{ "type": "Feature", "properties": { "COMID": 45004684, "id": "311", "lengthkm": 7.9632227686851396, "order": 7, "uparea": 199787.11107447275 }, "geometry": { "type": "LineString", "coordinates": [ [ 72.278333333333322, 33.915 ], [ 72.289166666666659, 33.915833333333339 ], [ 72.296666666666667, 33.925833333333337 ], [ 72.305833333333325, 33.9275 ], [ 72.306666666666658, 33.9325 ], [ 72.3025, 33.939166666666672 ], [ 72.3125, 33.9475 ], [ 72.326666666666668, 33.946666666666673 ], [ 72.329166666666666, 33.945 ] ] } },
{ "type": "Feature", "properties": { "COMID": 45004683, "id": "311", "lengthkm": 5.2721386802961856, "order": 7, "uparea": 199896.20146377012 }, "geometry": { "type": "LineString", "coordinates": [ [ 72.236666666666665, 33.900833333333338 ], [ 72.245, 33.900833333333338 ], [ 72.250833333333333, 33.905 ], [ 72.255, 33.905833333333341 ], [ 72.2575, 33.910833333333336 ], [ 72.265833333333333, 33.914166666666674 ], [ 72.270833333333329, 33.918333333333337 ], [ 72.273333333333326, 33.918333333333337 ], [ 72.278333333333322, 33.915 ] ] } },
{ "type": "Feature", "properties": { "COMID": 45004682, "id": "311", "lengthkm": 1.0931982448708299, "order": 7, "uparea": 292547.45516143821 }, "geometry": { "type": "LineString", "coordinates": [ [ 72.231666666666655, 33.8925 ], [ 72.236666666666665, 33.900833333333338 ] ] } },
{ "type": "Feature", "properties": { "COMID": 45004681, "id": "311", "lengthkm": 8.9785785597269552, "order": 7, "uparea": 292650.06064323976 }, "geometry": { "type": "LineString", "coordinates": [ [ 72.2375, 33.8175 ], [ 72.2375, 33.833333333333336 ], [ 72.239166666666662, 33.839166666666671 ], [ 72.235833333333332, 33.849166666666669 ], [ 72.235833333333332, 33.854166666666671 ], [ 72.239166666666662, 33.86 ], [ 72.24, 33.869166666666672 ], [ 72.236666666666665, 33.8725 ], [ 72.2325, 33.881666666666675 ], [ 72.230833333333322, 33.88666666666667 ], [ 72.231666666666655, 33.8925 ] ] } },
{ "type": "Feature", "properties": { "COMID": 45004680, "id": "311", "lengthkm": 5.9771468576326443, "order": 7, "uparea": 292728.48414497264 }, "geometry": { "type": "LineString", "coordinates": [ [ 72.243333333333325, 33.7675 ], [ 72.236666666666665, 33.778333333333336 ], [ 72.234166666666667, 33.785833333333336 ], [ 72.234166666666667, 33.799166666666672 ], [ 72.2375, 33.8175 ] ] } },
{ "type": "Feature", "properties": { "COMID": 45004679, "id": "311", "lengthkm": 10.499372686864849, "order": 7, "uparea": 295912.74803611945 }, "geometry": { "type": "LineString", "coordinates": [ [ 72.159166666666664, 33.769166666666671 ], [ 72.1675, 33.769166666666671 ], [ 72.1875, 33.76166666666667 ], [ 72.2025, 33.7625 ], [ 72.206666666666663, 33.765 ], [ 72.2075, 33.764166666666668 ], [ 72.210833333333326, 33.766666666666673 ], [ 72.209166666666661, 33.769166666666671 ], [ 72.210833333333326, 33.7725 ], [ 72.2175, 33.7725 ], [ 72.235833333333332, 33.76166666666667 ], [ 72.2425, 33.76166666666667 ], [ 72.244166666666658, 33.763333333333335 ], [ 72.243333333333325, 33.7675 ] ] } },
{ "type": "Feature", "properties": { "COMID": 45004678, "id": "311", "lengthkm": 4.9220094886338774, "order": 7, "uparea": 295975.76757961017 }, "geometry": { "type": "LineString", "coordinates": [ [ 72.1125, 33.780833333333341 ], [ 72.1375, 33.770833333333336 ], [ 72.159166666666664, 33.769166666666671 ] ] } },
{ "type": "Feature", "properties": { "COMID": 45004677, "id": "311", "lengthkm": 3.153865046053252, "order": 7, "uparea": 296009.64348266128 }, "geometry": { "type": "LineString", "coordinates": [ [ 72.081666666666663, 33.786666666666669 ], [ 72.091666666666669, 33.786666666666669 ], [ 72.1125, 33.780833333333341 ] ] } },
{ "type": "Feature", "properties": { "COMID": 45004676, "id": "311", "lengthkm": 5.9197210865492478, "order": 7, "uparea": 296089.49662608426 }, "geometry": { "type": "LineString", "coordinates": [ [ 72.056666666666658, 33.75833333333334 ], [ 72.069166666666661, 33.75833333333334 ], [ 72.08, 33.7675 ], [ 72.08, 33.771666666666675 ], [ 72.071666666666658, 33.78 ], [ 72.071666666666658, 33.7825 ], [ 72.081666666666663, 33.786666666666669 ] ] } },
{ "type": "Feature", "properties": { "COMID": 45004675, "id": "311", "lengthkm": 3.889870985250155, "order": 7, "uparea": 296367.31955419609 }, "geometry": { "type": "LineString", "coordinates": [ [ 72.033333333333331, 33.7375 ], [ 72.033333333333331, 33.745833333333337 ], [ 72.039166666666659, 33.753333333333337 ], [ 72.05, 33.755 ], [ 72.056666666666658, 33.75833333333334 ] ] } },
{ "type": "Feature", "properties": { "COMID": 45004674, "id": "311", "lengthkm": 0.93629062016986198, "order": 7, "uparea": 296415.79007837083 }, "geometry": { "type": "LineString", "coordinates": [ [ 72.0275, 33.730833333333337 ], [ 72.033333333333331, 33.7375 ] ] } },
{ "type": "Feature", "properties": { "COMID": 45004673, "id": "311", "lengthkm": 5.0886380309129438, "order": 7, "uparea": 296497.3966389799 }, "geometry": { "type": "LineString", "coordinates": [ [ 72.001666666666665, 33.694166666666675 ], [ 72.001666666666665, 33.7 ], [ 72.005, 33.706666666666671 ], [ 72.019166666666663, 33.718333333333341 ], [ 72.0275, 33.730833333333337 ] ] } },
{ "type": "Feature", "properties": { "COMID": 45004672, "id": "311", "lengthkm": 4.4243992558046514, "order": 7, "uparea": 296563.98706527491 }, "geometry": { "type": "LineString", "coordinates": [ [ 71.983333333333334, 33.665 ], [ 71.9925, 33.675833333333337 ], [ 71.999166666666667, 33.6775 ], [ 72.00333333333333, 33.680833333333339 ], [ 72.005, 33.68833333333334 ], [ 72.001666666666665, 33.69166666666667 ], [ 72.001666666666665, 33.694166666666675 ] ] } },
{ "type": "Feature", "properties": { "COMID": 45004671, "id": "311", "lengthkm": 1.566288251386049, "order": 7, "uparea": 296591.62046936061 }, "geometry": { "type": "LineString", "coordinates": [ [ 71.980833333333322, 33.651666666666671 ], [ 71.980833333333322, 33.660833333333336 ], [ 71.983333333333334, 33.665 ] ] } },
{ "type": "Feature", "properties": { "COMID": 45004670, "id": "311", "lengthkm": 0.91767832281343997, "order": 7, "uparea": 296755.94719288091 }, "geometry": { "type": "LineString", "coordinates": [ [ 71.983333333333334, 33.644166666666671 ], [ 71.980833333333322, 33.651666666666671 ] ] } },
{ "type": "Feature", "properties": { "COMID": 45004669, "id": "311", "lengthkm": 4.4032056431863094, "order": 7, "uparea": 296953.52032537287 }, "geometry": { "type": "LineString", "coordinates": [ [ 71.979166666666657, 33.608333333333341 ], [ 71.978333333333325, 33.63 ], [ 71.985, 33.639166666666668 ], [ 71.985, 33.6425 ], [ 71.983333333333334, 33.644166666666671 ] ] } },
{ "type": "Feature", "properties": { "COMID": 45006373, "id": "311", "lengthkm": 5.680005850884986, "order": 7, "uparea": 297096.74637896538 }, "geometry": { "type": "LineString", "coordinates": [ [ 71.9525, 33.5725 ], [ 71.9625, 33.579166666666673 ], [ 71.9725, 33.580833333333338 ], [ 71.978333333333325, 33.5875 ], [ 71.98, 33.591666666666669 ], [ 71.979166666666657, 33.608333333333341 ] ] } },
{ "type": "Feature", "properties": { "COMID": 45006372, "id": "311", "lengthkm": 2.7012868241978452, "order": 7, "uparea": 297140.33115209104 }, "geometry": { "type": "LineString", "coordinates": [ [ 71.959166666666661, 33.551666666666669 ], [ 71.951666666666668, 33.561666666666675 ], [ 71.9525, 33.5725 ] ] } },
{ "type": "Feature", "properties": { "COMID": 45006371, "id": "311", "lengthkm": 1.7835312231418929, "order": 7, "uparea": 297273.52192485682 }, "geometry": { "type": "LineString", "coordinates": [ [ 71.966666666666669, 33.538333333333341 ], [ 71.9625, 33.549166666666672 ], [ 71.959166666666661, 33.551666666666669 ] ] } },
{ "type": "Feature", "properties": { "COMID": 45006370, "id": "311", "lengthkm": 3.035472908492439, "order": 7, "uparea": 297351.67086520058 }, "geometry": { "type": "LineString", "coordinates": [ [ 71.955, 33.515 ], [ 71.958333333333329, 33.523333333333341 ], [ 71.966666666666669, 33.535 ], [ 71.966666666666669, 33.538333333333341 ] ] } },
{ "type": "Feature", "properties": { "COMID": 45006369, "id": "311", "lengthkm": 13.582034900812138, "order": 7, "uparea": 297564.38240928896 }, "geometry": { "type": "LineString", "coordinates": [ [ 71.871666666666655, 33.435 ], [ 71.871666666666655, 33.44583333333334 ], [ 71.875833333333333, 33.454166666666673 ], [ 71.88, 33.458333333333336 ], [ 71.888333333333321, 33.46 ], [ 71.9, 33.465833333333336 ], [ 71.909166666666664, 33.4775 ], [ 71.908333333333331, 33.485 ], [ 71.92916666666666, 33.491666666666674 ], [ 71.946666666666658, 33.505833333333342 ], [ 71.955, 33.515 ] ] } },
{ "type": "Feature", "properties": { "COMID": 45006368, "id": "311", "lengthkm": 2.689554089957837, "order": 7, "uparea": 297623.69713440997 }, "geometry": { "type": "LineString", "coordinates": [ [ 71.871666666666655, 33.413333333333341 ], [ 71.875833333333333, 33.42 ], [ 71.875833333333333, 33.426666666666669 ], [ 71.871666666666655, 33.435 ] ] } },
{ "type": "Feature", "properties": { "COMID": 45006367, "id": "311", "lengthkm": 7.9869818205924217, "order": 7, "uparea": 298771.30288236612 }, "geometry": { "type": "LineString", "coordinates": [ [ 71.8025, 33.395833333333343 ], [ 71.8325, 33.41 ], [ 71.839166666666657, 33.410833333333336 ], [ 71.8525, 33.405833333333341 ], [ 71.859166666666667, 33.405 ], [ 71.871666666666655, 33.413333333333341 ] ] } },
{ "type": "Feature", "properties": { "COMID": 45006366, "id": "311", "lengthkm": 8.1560221106033861, "order": 7, "uparea": 302081.63451105374 }, "geometry": { "type": "LineString", "coordinates": [ [ 71.733333333333334, 33.3625 ], [ 71.746666666666655, 33.370833333333337 ], [ 71.755, 33.373333333333335 ], [ 71.7775, 33.385833333333338 ], [ 71.795833333333334, 33.391666666666673 ], [ 71.8025, 33.395833333333343 ] ] } },
{ "type": "Feature", "properties": { "COMID": 45006365, "id": "311", "lengthkm": 3.0328356246149442, "order": 7, "uparea": 302129.32296644896 }, "geometry": { "type": "LineString", "coordinates": [ [ 71.715, 33.341666666666669 ], [ 71.72, 33.346666666666671 ], [ 71.724166666666662, 33.355 ], [ 71.733333333333334, 33.3625 ] ] } },
{ "type": "Feature", "properties": { "COMID": 45006364, "id": "311", "lengthkm": 6.6154214698024596, "order": 7, "uparea": 302282.56631353986 }, "geometry": { "type": "LineString", "coordinates": [ [ 71.720833333333331, 33.295833333333341 ], [ 71.730833333333322, 33.311666666666675 ], [ 71.730833333333322, 33.32083333333334 ], [ 71.726666666666659, 33.334166666666675 ], [ 71.7225, 33.336666666666673 ], [ 71.715, 33.336666666666673 ], [ 71.715, 33.341666666666669 ] ] } },
{ "type": "Feature", "properties": { "COMID": 45006363, "id": "311", "lengthkm": 2.4980782061996161, "order": 7, "uparea": 302380.8458158744 }, "geometry": { "type": "LineString", "coordinates": [ [ 71.705, 33.280833333333341 ], [ 71.705, 33.284166666666671 ], [ 71.709166666666661, 33.289166666666674 ], [ 71.720833333333331, 33.295833333333341 ] ] } },
{ "type": "Feature", "properties": { "COMID": 45006362, "id": "311", "lengthkm": 6.8147430198956034, "order": 7, "uparea": 304072.1992597889 }, "geometry": { "type": "LineString", "coordinates": [ [ 71.730833333333322, 33.229166666666671 ], [ 71.7125, 33.245833333333337 ], [ 71.709166666666661, 33.25083333333334 ], [ 71.708333333333329, 33.265 ], [ 71.705, 33.280833333333341 ] ] } },
{ "type": "Feature", "properties": { "COMID": 45006361, "id": "311", "lengthkm": 10.686478776850915, "order": 7, "uparea": 304295.78856262669 }, "geometry": { "type": "LineString", "coordinates": [ [ 71.749166666666667, 33.1475 ], [ 71.7575, 33.164166666666674 ], [ 71.760833333333323, 33.1775 ], [ 71.760833333333323, 33.185833333333342 ], [ 71.751666666666665, 33.21 ], [ 71.730833333333322, 33.229166666666671 ] ] } },
{ "type": "Feature", "properties": { "COMID": 45006360, "id": "311", "lengthkm": 2.7144222386174688, "order": 7, "uparea": 304339.64662684721 }, "geometry": { "type": "LineString", "coordinates": [ [ 71.730833333333322, 33.13 ], [ 71.73833333333333, 33.135 ], [ 71.749166666666667, 33.1475 ] ] } },
{ "type": "Feature", "properties": { "COMID": 45006359, "id": "311", "lengthkm": 8.684589678067276, "order": 7, "uparea": 304489.35861998616 }, "geometry": { "type": "LineString", "coordinates": [ [ 71.716666666666669, 33.061666666666675 ], [ 71.7125, 33.080833333333338 ], [ 71.713333333333324, 33.083333333333343 ], [ 71.710833333333326, 33.099166666666676 ], [ 71.711666666666659, 33.105833333333337 ], [ 71.720833333333331, 33.12166666666667 ], [ 71.730833333333322, 33.13 ] ] } },
{ "type": "Feature", "properties": { "COMID": 45006358, "id": "311", "lengthkm": 1.986535243994487, "order": 7, "uparea": 304522.87057383638 }, "geometry": { "type": "LineString", "coordinates": [ [ 71.723333333333329, 33.045833333333341 ], [ 71.716666666666669, 33.061666666666675 ] ] } },
{ "type": "Feature", "properties": { "COMID": 45006357, "id": "311", "lengthkm": 2.8621363659967889, "order": 7, "uparea": 304571.35242813459 }, "geometry": { "type": "LineString", "coordinates": [ [ 71.720833333333331, 33.023333333333341 ], [ 71.724166666666662, 33.025833333333338 ], [ 71.726666666666659, 33.030833333333341 ], [ 71.726666666666659, 33.0375 ], [ 71.723333333333329, 33.045833333333341 ] ] } },
{ "type": "Feature", "properties": { "COMID": 45006356, "id": "311", "lengthkm": 1.312658195034732, "order": 7, "uparea": 315807.46506810858 }, "geometry": { "type": "LineString", "coordinates": [ [ 71.71, 33.0175 ], [ 71.7175, 33.02 ], [ 71.720833333333331, 33.023333333333341 ] ] } },
{ "type": "Feature", "properties": { "COMID": 45006355, "id": "311", "lengthkm": 2.871337201878343, "order": 7, "uparea": 315842.57594274572 }, "geometry": { "type": "LineString", "coordinates": [ [ 71.6975, 33.0 ], [ 71.6975, 33.0125 ], [ 71.7025, 33.01583333333334 ], [ 71.71, 33.0175 ] ] } },
{ "type": "Feature", "properties": { "COMID": 45007959, "id": "311", "lengthkm": 14.434537304735784, "order": 7, "uparea": 316070.92928259034 }, "geometry": { "type": "LineString", "coordinates": [ [ 71.579166666666666, 32.965 ], [ 71.585, 32.963333333333338 ], [ 71.596666666666664, 32.95333333333334 ], [ 71.605, 32.951666666666675 ], [ 71.61666666666666, 32.958333333333343 ], [ 71.62, 32.965 ], [ 71.63, 32.970833333333339 ], [ 71.634166666666658, 32.9725 ], [ 71.645, 32.9725 ], [ 71.658333333333331, 32.9775 ], [ 71.674166666666665, 32.980833333333337 ], [ 71.6975, 33.0 ] ] } },
{ "type": "Feature", "properties": { "COMID": 45007958, "id": "311", "lengthkm": 5.7037009297378347, "order": 7, "uparea": 316303.07489481912 }, "geometry": { "type": "LineString", "coordinates": [ [ 71.535833333333329, 32.939166666666672 ], [ 71.553333333333327, 32.958333333333343 ], [ 71.559166666666655, 32.9625 ], [ 71.565, 32.965 ], [ 71.579166666666666, 32.965 ] ] } },
{ "type": "Feature", "properties": { "COMID": 45007957, "id": "311", "lengthkm": 2.491592393498181, "order": 7, "uparea": 316349.13864039001 }, "geometry": { "type": "LineString", "coordinates": [ [ 71.524166666666659, 32.920833333333341 ], [ 71.5275, 32.925 ], [ 71.526666666666657, 32.926666666666669 ], [ 71.528333333333336, 32.93 ], [ 71.535833333333329, 32.939166666666672 ] ] } },
{ "type": "Feature", "properties": { "COMID": 45007956, "id": "311", "lengthkm": 0.24196383460340401, "order": 7, "uparea": 316399.23254301504 }, "geometry": { "type": "LineString", "coordinates": [ [ 71.5225, 32.919166666666669 ], [ 71.524166666666659, 32.920833333333341 ] ] } },
{ "type": "Feature", "properties": { "COMID": 45007955, "id": "311", "lengthkm": 5.7770286459616731, "order": 7, "uparea": 317365.16671809315 }, "geometry": { "type": "LineString", "coordinates": [ [ 71.474166666666662, 32.903333333333336 ], [ 71.480833333333322, 32.91 ], [ 71.484166666666667, 32.91 ], [ 71.486666666666665, 32.913333333333341 ], [ 71.5, 32.914166666666674 ], [ 71.50333333333333, 32.915833333333339 ], [ 71.5125, 32.9125 ], [ 71.5225, 32.919166666666669 ] ] } },
{ "type": "Feature", "properties": { "COMID": 45007954, "id": "311", "lengthkm": 0.21365444340760401, "order": 7, "uparea": 317566.33310342091 }, "geometry": { "type": "LineString", "coordinates": [ [ 71.473333333333329, 32.901666666666671 ], [ 71.474166666666662, 32.903333333333336 ] ] } },
{ "type": "Feature", "properties": { "COMID": 45007953, "id": "311", "lengthkm": 24.501484944392772, "order": 7, "uparea": 317753.02362537012 }, "geometry": { "type": "LineString", "coordinates": [ [ 71.416666666666657, 32.7225 ], [ 71.415, 32.725 ], [ 71.416666666666657, 32.728333333333339 ], [ 71.415833333333325, 32.738333333333337 ], [ 71.42, 32.7425 ], [ 71.420833333333334, 32.75 ], [ 71.4225, 32.7525 ], [ 71.418333333333322, 32.768333333333338 ], [ 71.42, 32.7725 ], [ 71.424166666666665, 32.775 ], [ 71.424166666666665, 32.785 ], [ 71.42916666666666, 32.788333333333341 ], [ 71.433333333333323, 32.795 ], [ 71.441666666666663, 32.8025 ], [ 71.443333333333328, 32.8075 ], [ 71.443333333333328, 32.814166666666672 ], [ 71.4375, 32.82416666666667 ], [ 71.439166666666665, 32.826666666666675 ], [ 71.433333333333323, 32.831666666666671 ], [ 71.4325, 32.835 ], [ 71.42916666666666, 32.838333333333338 ], [ 71.42916666666666, 32.8475 ], [ 71.4325, 32.8525 ], [ 71.436666666666667, 32.855 ], [ 71.438333333333333, 32.858333333333341 ], [ 71.438333333333333, 32.865833333333342 ], [ 71.4475, 32.880833333333342 ], [ 71.450833333333321, 32.884166666666673 ], [ 71.455833333333331, 32.885833333333338 ], [ 71.468333333333334, 32.894166666666671 ], [ 71.4725, 32.898333333333341 ], [ 71.473333333333329, 32.901666666666671 ] ] } },
{ "type": "Feature", "properties": { "COMID": 45007952, "id": "311", "lengthkm": 15.548476127237107, "order": 7, "uparea": 317827.87472582114 }, "geometry": { "type": "LineString", "coordinates": [ [ 71.361666666666665, 32.620833333333337 ], [ 71.364166666666662, 32.6275 ], [ 71.364166666666662, 32.6325 ], [ 71.371666666666655, 32.64083333333334 ], [ 71.373333333333335, 32.645833333333343 ], [ 71.3825, 32.6525 ], [ 71.383333333333326, 32.655 ], [ 71.38, 32.659166666666671 ], [ 71.381666666666661, 32.661666666666676 ], [ 71.380833333333328, 32.665833333333339 ], [ 71.383333333333326, 32.668333333333337 ], [ 71.385833333333323, 32.668333333333337 ], [ 71.385833333333323, 32.671666666666674 ], [ 71.39, 32.6775 ], [ 71.389166666666668, 32.679166666666674 ], [ 71.396666666666661, 32.685 ], [ 71.4, 32.683333333333337 ], [ 71.406666666666666, 32.685833333333342 ], [ 71.405, 32.696666666666673 ], [ 71.405833333333334, 32.700833333333335 ], [ 71.403333333333336, 32.705 ], [ 71.405, 32.711666666666673 ], [ 71.404166666666669, 32.715 ], [ 71.406666666666666, 32.7175 ], [ 71.41, 32.716666666666676 ], [ 71.416666666666657, 32.7225 ] ] } },
{ "type": "Feature", "properties": { "COMID": 45007951, "id": "311", "lengthkm": 1.74621538870138, "order": 7, "uparea": 318846.69752208045 }, "geometry": { "type": "LineString", "coordinates": [ [ 71.361666666666665, 32.606666666666669 ], [ 71.36333333333333, 32.61 ], [ 71.36333333333333, 32.618333333333339 ], [ 71.361666666666665, 32.620833333333337 ] ] } },
{ "type": "Feature", "properties": { "COMID": 45007950, "id": "311", "lengthkm": 15.997952845714169, "order": 7, "uparea": 344376.69527020119 }, "geometry": { "type": "LineString", "coordinates": [ [ 71.349166666666662, 32.498333333333342 ], [ 71.350833333333327, 32.505 ], [ 71.354166666666657, 32.51 ], [ 71.353333333333325, 32.519166666666671 ], [ 71.356666666666655, 32.52 ], [ 71.36, 32.525 ], [ 71.365833333333327, 32.526666666666671 ], [ 71.369166666666658, 32.530833333333341 ], [ 71.370833333333323, 32.529166666666676 ], [ 71.374166666666667, 32.530833333333341 ], [ 71.376666666666665, 32.535 ], [ 71.375833333333333, 32.54 ], [ 71.37, 32.544166666666669 ], [ 71.369166666666658, 32.5475 ], [ 71.3725, 32.555833333333339 ], [ 71.373333333333335, 32.564166666666672 ], [ 71.375833333333333, 32.565833333333337 ], [ 71.374166666666667, 32.568333333333342 ], [ 71.374166666666667, 32.57416666666667 ], [ 71.37833333333333, 32.580833333333338 ], [ 71.376666666666665, 32.583333333333343 ], [ 71.375, 32.5825 ], [ 71.3725, 32.585 ], [ 71.373333333333335, 32.590833333333336 ], [ 71.369166666666658, 32.5975 ], [ 71.369166666666658, 32.601666666666674 ], [ 71.36666666666666, 32.601666666666674 ], [ 71.361666666666665, 32.606666666666669 ] ] } },
{ "type": "Feature", "properties": { "COMID": 45007949, "id": "311", "lengthkm": 7.5928369081598603, "order": 7, "uparea": 344768.882660134 }, "geometry": { "type": "LineString", "coordinates": [ [ 71.380833333333328, 32.44166666666667 ], [ 71.369166666666658, 32.455833333333338 ], [ 71.36666666666666, 32.463333333333338 ], [ 71.3625, 32.468333333333341 ], [ 71.3625, 32.4725 ], [ 71.360833333333332, 32.475 ], [ 71.348333333333329, 32.4875 ], [ 71.349166666666662, 32.498333333333342 ] ] } },
{ "type": "Feature", "properties": { "COMID": 45009605, "id": "311", "lengthkm": 27.443822564197912, "order": 7, "uparea": 345515.13181110611 }, "geometry": { "type": "LineString", "coordinates": [ [ 71.30416666666666, 32.2575 ], [ 71.310833333333335, 32.266666666666673 ], [ 71.309166666666655, 32.269166666666671 ], [ 71.31, 32.271666666666675 ], [ 71.31583333333333, 32.274166666666673 ], [ 71.31583333333333, 32.285833333333343 ], [ 71.32, 32.2925 ], [ 71.32, 32.299166666666672 ], [ 71.325, 32.305833333333339 ], [ 71.325833333333335, 32.3175 ], [ 71.331666666666663, 32.3325 ], [ 71.346666666666664, 32.34 ], [ 71.351666666666659, 32.344166666666673 ], [ 71.36333333333333, 32.346666666666671 ], [ 71.388333333333335, 32.355833333333337 ], [ 71.396666666666661, 32.365 ], [ 71.400833333333324, 32.374166666666675 ], [ 71.400833333333324, 32.376666666666672 ], [ 71.396666666666661, 32.380833333333342 ], [ 71.3975, 32.3875 ], [ 71.395833333333329, 32.391666666666673 ], [ 71.4, 32.399166666666673 ], [ 71.399166666666659, 32.405 ], [ 71.39, 32.4125 ], [ 71.385833333333323, 32.420833333333341 ], [ 71.385833333333323, 32.424166666666672 ], [ 71.380833333333328, 32.43 ], [ 71.380833333333328, 32.44166666666667 ] ] } },
{ "type": "Feature", "properties": { "COMID": 45009604, "id": "311", "lengthkm": 3.5739696247743771, "order": 7, "uparea": 345556.02509140701 }, "geometry": { "type": "LineString", "coordinates": [ [ 71.275833333333324, 32.2425 ], [ 71.278333333333336, 32.245833333333337 ], [ 71.283333333333331, 32.245 ], [ 71.290833333333325, 32.25083333333334 ], [ 71.30416666666666, 32.2575 ] ] } },
{ "type": "Feature", "properties": { "COMID": 45009603, "id": "311", "lengthkm": 0.76344354898936995, "order": 7, "uparea": 345626.22419840441 }, "geometry": { "type": "LineString", "coordinates": [ [ 71.2725, 32.236666666666672 ], [ 71.275833333333324, 32.2425 ] ] } },
{ "type": "Feature", "properties": { "COMID": 45009602, "id": "311", "lengthkm": 6.9055115082448593, "order": 7, "uparea": 345692.42372863559 }, "geometry": { "type": "LineString", "coordinates": [ [ 71.27, 32.1825 ], [ 71.268333333333331, 32.185 ], [ 71.268333333333331, 32.19166666666667 ], [ 71.26, 32.2025 ], [ 71.26, 32.211666666666673 ], [ 71.265833333333333, 32.223333333333343 ], [ 71.265833333333333, 32.23 ], [ 71.2725, 32.236666666666672 ] ] } },
{ "type": "Feature", "properties": { "COMID": 45009601, "id": "311", "lengthkm": 4.1886034962237391, "order": 7, "uparea": 345741.94983392122 }, "geometry": { "type": "LineString", "coordinates": [ [ 71.2475, 32.155833333333341 ], [ 71.25333333333333, 32.156666666666673 ], [ 71.266666666666666, 32.1675 ], [ 71.27, 32.173333333333339 ], [ 71.27, 32.1825 ] ] } },
{ "type": "Feature", "properties": { "COMID": 45009600, "id": "311", "lengthkm": 25.455699731304581, "order": 7, "uparea": 345869.89698156761 }, "geometry": { "type": "LineString", "coordinates": [ [ 71.084166666666661, 32.03 ], [ 71.081666666666663, 32.034166666666671 ], [ 71.083333333333329, 32.038333333333341 ], [ 71.0825, 32.054166666666674 ], [ 71.09, 32.0625 ], [ 71.098333333333329, 32.065 ], [ 71.098333333333329, 32.07083333333334 ], [ 71.100833333333327, 32.073333333333338 ], [ 71.109166666666667, 32.07833333333334 ], [ 71.1175, 32.079166666666673 ], [ 71.131666666666661, 32.085 ], [ 71.145, 32.093333333333341 ], [ 71.150833333333324, 32.093333333333341 ], [ 71.155833333333334, 32.100833333333341 ], [ 71.165833333333325, 32.105833333333337 ], [ 71.17, 32.11 ], [ 71.173333333333332, 32.116666666666674 ], [ 71.18, 32.120833333333337 ], [ 71.191666666666663, 32.12 ], [ 71.1975, 32.124166666666675 ], [ 71.21, 32.1225 ], [ 71.223333333333329, 32.125 ], [ 71.228333333333325, 32.13 ], [ 71.228333333333325, 32.1325 ], [ 71.234166666666667, 32.134166666666673 ], [ 71.236666666666665, 32.13666666666667 ], [ 71.2375, 32.146666666666675 ], [ 71.2475, 32.155833333333341 ] ] } },
{ "type": "Feature", "properties": { "COMID": 45009599, "id": "311", "lengthkm": 4.5565847319318022, "order": 7, "uparea": 345968.68687450612 }, "geometry": { "type": "LineString", "coordinates": [ [ 71.05, 32.010833333333338 ], [ 71.05916666666667, 32.0175 ], [ 71.080833333333331, 32.020833333333343 ], [ 71.084166666666661, 32.025833333333338 ], [ 71.084166666666661, 32.03 ] ] } },
{ "type": "Feature", "properties": { "COMID": 45009598, "id": "311", "lengthkm": 4.0344022691772663, "order": 7, "uparea": 346156.36863031308 }, "geometry": { "type": "LineString", "coordinates": [ [ 71.030833333333334, 31.984166666666674 ], [ 71.035, 31.989166666666673 ], [ 71.0425, 31.990833333333342 ], [ 71.05083333333333, 32.006666666666675 ], [ 71.05, 32.010833333333338 ] ] } },
{ "type": "Feature", "properties": { "COMID": 45009597, "id": "311", "lengthkm": 8.3325349902640884, "order": 7, "uparea": 347667.00387463329 }, "geometry": { "type": "LineString", "coordinates": [ [ 71.004166666666663, 31.923333333333339 ], [ 71.004166666666663, 31.933333333333341 ], [ 71.000833333333333, 31.936666666666675 ], [ 71.0025, 31.941666666666674 ], [ 71.0025, 31.951666666666675 ], [ 71.006666666666661, 31.9575 ], [ 71.01, 31.959166666666675 ], [ 71.0125, 31.968333333333341 ], [ 71.030833333333334, 31.984166666666674 ] ] } },
{ "type": "Feature", "properties": { "COMID": 45009596, "id": "311", "lengthkm": 3.5174869756926999, "order": 7, "uparea": 347705.77875063213 }, "geometry": { "type": "LineString", "coordinates": [ [ 70.973333333333329, 31.9175 ], [ 70.981666666666655, 31.916666666666671 ], [ 70.98833333333333, 31.91833333333334 ], [ 70.994166666666658, 31.916666666666671 ], [ 71.001666666666665, 31.92 ], [ 71.004166666666663, 31.923333333333339 ] ] } },
{ "type": "Feature", "properties": { "COMID": 45009595, "id": "311", "lengthkm": 6.1860215449587734, "order": 7, "uparea": 347796.31758416729 }, "geometry": { "type": "LineString", "coordinates": [ [ 70.944166666666661, 31.874166666666675 ], [ 70.945, 31.879166666666674 ], [ 70.951666666666668, 31.885 ], [ 70.953333333333333, 31.89083333333334 ], [ 70.958333333333329, 31.896666666666675 ], [ 70.9575, 31.9025 ], [ 70.9625, 31.91083333333334 ], [ 70.965833333333336, 31.914166666666674 ], [ 70.973333333333329, 31.9175 ] ] } },
{ "type": "Feature", "properties": { "COMID": 45009594, "id": "311", "lengthkm": 5.1865712838889646, "order": 7, "uparea": 353373.95342968538 }, "geometry": { "type": "LineString", "coordinates": [ [ 70.93416666666667, 31.836666666666673 ], [ 70.933333333333323, 31.84083333333334 ], [ 70.926666666666662, 31.84833333333334 ], [ 70.9275, 31.856666666666673 ], [ 70.93, 31.860833333333339 ], [ 70.93416666666667, 31.86333333333334 ], [ 70.944166666666661, 31.874166666666675 ] ] } },
{ "type": "Feature", "properties": { "COMID": 45011403, "id": "311", "lengthkm": 5.5246880555212892, "order": 7, "uparea": 353420.64070614561 }, "geometry": { "type": "LineString", "coordinates": [ [ 70.935833333333335, 31.791666666666671 ], [ 70.935, 31.794166666666673 ], [ 70.9375, 31.796666666666674 ], [ 70.9375, 31.8 ], [ 70.931666666666658, 31.808333333333341 ], [ 70.93, 31.816666666666674 ], [ 70.93416666666667, 31.836666666666673 ] ] } },
{ "type": "Feature", "properties": { "COMID": 45011402, "id": "311", "lengthkm": 3.8281048618623732, "order": 7, "uparea": 353482.01430707023 }, "geometry": { "type": "LineString", "coordinates": [ [ 70.943333333333328, 31.761666666666674 ], [ 70.944166666666661, 31.77 ], [ 70.941666666666663, 31.774166666666673 ], [ 70.941666666666663, 31.78 ], [ 70.943333333333328, 31.781666666666673 ], [ 70.935833333333335, 31.791666666666671 ] ] } },
{ "type": "Feature", "properties": { "COMID": 45011401, "id": "311", "lengthkm": 3.4112972762776939, "order": 7, "uparea": 353633.51802393165 }, "geometry": { "type": "LineString", "coordinates": [ [ 70.944166666666661, 31.733333333333341 ], [ 70.94, 31.7375 ], [ 70.94, 31.756666666666675 ], [ 70.943333333333328, 31.761666666666674 ] ] } },
{ "type": "Feature", "properties": { "COMID": 45011400, "id": "311", "lengthkm": 22.372698919097108, "order": 7, "uparea": 353802.61603520904 }, "geometry": { "type": "LineString", "coordinates": [ [ 70.854166666666657, 31.6175 ], [ 70.858333333333334, 31.620833333333341 ], [ 70.853333333333325, 31.626666666666672 ], [ 70.855, 31.6325 ], [ 70.8675, 31.639166666666675 ], [ 70.88, 31.64 ], [ 70.888333333333335, 31.644166666666674 ], [ 70.923333333333332, 31.645833333333339 ], [ 70.935, 31.6525 ], [ 70.94, 31.651666666666671 ], [ 70.945833333333326, 31.656666666666673 ], [ 70.943333333333328, 31.66083333333334 ], [ 70.938333333333333, 31.661666666666676 ], [ 70.93416666666667, 31.665833333333339 ], [ 70.93416666666667, 31.681666666666672 ], [ 70.93, 31.685833333333342 ], [ 70.92916666666666, 31.690833333333337 ], [ 70.935, 31.699166666666674 ], [ 70.935, 31.706666666666674 ], [ 70.944166666666661, 31.715 ], [ 70.944166666666661, 31.733333333333341 ] ] } },
{ "type": "Feature", "properties": { "COMID": 45011399, "id": "311", "lengthkm": 1.3208001586340139, "order": 7, "uparea": 354285.84505089174 }, "geometry": { "type": "LineString", "coordinates": [ [ 70.850833333333327, 31.606666666666673 ], [ 70.851666666666659, 31.614166666666673 ], [ 70.854166666666657, 31.6175 ] ] } },
{ "type": "Feature", "properties": { "COMID": 45011398, "id": "311", "lengthkm": 1.8163349063059171, "order": 7, "uparea": 354336.93242054165 }, "geometry": { "type": "LineString", "coordinates": [ [ 70.86, 31.595 ], [ 70.859166666666667, 31.600833333333341 ], [ 70.854166666666657, 31.6025 ], [ 70.850833333333327, 31.606666666666673 ] ] } },
{ "type": "Feature", "properties": { "COMID": 45011397, "id": "311", "lengthkm": 10.698734293948318, "order": 7, "uparea": 354418.56669374515 }, "geometry": { "type": "LineString", "coordinates": [ [ 70.828333333333333, 31.520833333333343 ], [ 70.835833333333326, 31.5225 ], [ 70.845, 31.5275 ], [ 70.848333333333329, 31.530833333333341 ], [ 70.848333333333329, 31.534166666666671 ], [ 70.853333333333325, 31.539166666666674 ], [ 70.855833333333322, 31.5475 ], [ 70.86, 31.551666666666673 ], [ 70.860833333333332, 31.555833333333339 ], [ 70.855, 31.561666666666675 ], [ 70.8575, 31.575 ], [ 70.859166666666667, 31.576666666666675 ], [ 70.855, 31.583333333333339 ], [ 70.86, 31.595 ] ] } },
{ "type": "Feature", "properties": { "COMID": 45011396, "id": "311", "lengthkm": 3.6625445112059269, "order": 7, "uparea": 354465.36353209306 }, "geometry": { "type": "LineString", "coordinates": [ [ 70.81, 31.495 ], [ 70.816666666666663, 31.50083333333334 ], [ 70.819166666666661, 31.5125 ], [ 70.828333333333333, 31.520833333333343 ] ] } },
{ "type": "Feature", "properties": { "COMID": 45011395, "id": "311", "lengthkm": 9.2901306222117039, "order": 7, "uparea": 354627.34214447509 }, "geometry": { "type": "LineString", "coordinates": [ [ 70.791666666666657, 31.425 ], [ 70.8, 31.426666666666673 ], [ 70.801666666666662, 31.428333333333342 ], [ 70.801666666666662, 31.436666666666675 ], [ 70.799166666666665, 31.44 ], [ 70.799166666666665, 31.4475 ], [ 70.803333333333327, 31.451666666666675 ], [ 70.803333333333327, 31.4575 ], [ 70.8, 31.479166666666671 ], [ 70.80916666666667, 31.491666666666674 ], [ 70.81, 31.495 ] ] } },
{ "type": "Feature", "properties": { "COMID": 45011394, "id": "311", "lengthkm": 2.9496344918265578, "order": 7, "uparea": 354837.6237379706 }, "geometry": { "type": "LineString", "coordinates": [ [ 70.784166666666664, 31.400833333333338 ], [ 70.785833333333329, 31.409166666666671 ], [ 70.79, 31.415 ], [ 70.791666666666657, 31.425 ] ] } },
{ "type": "Feature", "properties": { "COMID": 45011393, "id": "311", "lengthkm": 9.6248299549548477, "order": 7, "uparea": 355080.25755519303 }, "geometry": { "type": "LineString", "coordinates": [ [ 70.793333333333322, 31.32833333333334 ], [ 70.793333333333322, 31.331666666666674 ], [ 70.788333333333327, 31.336666666666673 ], [ 70.7875, 31.34 ], [ 70.776666666666657, 31.3475 ], [ 70.773333333333326, 31.351666666666674 ], [ 70.775, 31.358333333333341 ], [ 70.78, 31.365833333333342 ], [ 70.780833333333334, 31.370833333333341 ], [ 70.7875, 31.380833333333342 ], [ 70.7875, 31.394166666666674 ], [ 70.784166666666664, 31.400833333333338 ] ] } },
{ "type": "Feature", "properties": { "COMID": 45011392, "id": "311", "lengthkm": 7.7246412858406472, "order": 7, "uparea": 355230.48391157313 }, "geometry": { "type": "LineString", "coordinates": [ [ 70.8025, 31.270833333333343 ], [ 70.8025, 31.2725 ], [ 70.796666666666667, 31.276666666666674 ], [ 70.795, 31.281666666666673 ], [ 70.796666666666667, 31.2875 ], [ 70.795, 31.2925 ], [ 70.8, 31.301666666666673 ], [ 70.799166666666665, 31.306666666666672 ], [ 70.795, 31.310833333333342 ], [ 70.7925, 31.310833333333342 ], [ 70.789166666666659, 31.315 ], [ 70.793333333333322, 31.32833333333334 ] ] } },
{ "type": "Feature", "properties": { "COMID": 45013246, "id": "311", "lengthkm": 10.201112008220411, "order": 7, "uparea": 355305.07387187367 }, "geometry": { "type": "LineString", "coordinates": [ [ 70.801666666666662, 31.193333333333342 ], [ 70.7925, 31.204166666666673 ], [ 70.791666666666657, 31.208333333333343 ], [ 70.795, 31.215 ], [ 70.794166666666669, 31.220833333333339 ], [ 70.798333333333332, 31.226666666666674 ], [ 70.798333333333332, 31.23083333333334 ], [ 70.795, 31.235 ], [ 70.796666666666667, 31.2375 ], [ 70.796666666666667, 31.241666666666674 ], [ 70.8025, 31.245833333333341 ], [ 70.796666666666667, 31.264166666666675 ], [ 70.801666666666662, 31.268333333333338 ], [ 70.8025, 31.270833333333343 ] ] } },
{ "type": "Feature", "properties": { "COMID": 45013245, "id": "311", "lengthkm": 3.5312359271625162, "order": 7, "uparea": 355340.2372716433 }, "geometry": { "type": "LineString", "coordinates": [ [ 70.794166666666669, 31.165 ], [ 70.7975, 31.17 ], [ 70.7975, 31.175 ], [ 70.801666666666662, 31.184166666666673 ], [ 70.801666666666662, 31.193333333333342 ] ] } },
{ "type": "Feature", "properties": { "COMID": 45013244, "id": "311", "lengthkm": 8.5777215588453952, "order": 7, "uparea": 400585.00706634281 }, "geometry": { "type": "LineString", "coordinates": [ [ 70.785833333333329, 31.096666666666675 ], [ 70.785833333333329, 31.1025 ], [ 70.7875, 31.104166666666671 ], [ 70.79, 31.114166666666673 ], [ 70.7925, 31.118333333333339 ], [ 70.7975, 31.121666666666673 ], [ 70.796666666666667, 31.12583333333334 ], [ 70.791666666666657, 31.134166666666673 ], [ 70.7925, 31.1475 ], [ 70.790833333333325, 31.1525 ], [ 70.791666666666657, 31.16 ], [ 70.794166666666669, 31.165 ] ] } },
{ "type": "Feature", "properties": { "COMID": 45013243, "id": "311", "lengthkm": 17.591374524295482, "order": 7, "uparea": 400718.32153545454 }, "geometry": { "type": "LineString", "coordinates": [ [ 70.815, 30.959166666666675 ], [ 70.814166666666665, 30.961666666666673 ], [ 70.81583333333333, 30.963333333333338 ], [ 70.81583333333333, 30.969166666666673 ], [ 70.8075, 30.984166666666674 ], [ 70.805833333333325, 30.994166666666672 ], [ 70.8125, 31.013333333333343 ], [ 70.814166666666665, 31.033333333333339 ], [ 70.81583333333333, 31.035 ], [ 70.815, 31.038333333333341 ], [ 70.82, 31.046666666666674 ], [ 70.82, 31.05 ], [ 70.8075, 31.065 ], [ 70.805833333333325, 31.07 ], [ 70.8, 31.075 ], [ 70.796666666666667, 31.085 ], [ 70.785833333333329, 31.096666666666675 ] ] } },
{ "type": "Feature", "properties": { "COMID": 45013242, "id": "311", "lengthkm": 0.73241164182294305, "order": 7, "uparea": 400862.52862454753 }, "geometry": { "type": "LineString", "coordinates": [ [ 70.82, 30.954166666666673 ], [ 70.815, 30.959166666666675 ] ] } },
{ "type": "Feature", "properties": { "COMID": 45013241, "id": "311", "lengthkm": 17.223091568855882, "order": 7, "uparea": 401147.54456046532 }, "geometry": { "type": "LineString", "coordinates": [ [ 70.833333333333329, 30.849166666666676 ], [ 70.838333333333324, 30.855 ], [ 70.859166666666667, 30.855 ], [ 70.86333333333333, 30.856666666666676 ], [ 70.868333333333325, 30.861666666666672 ], [ 70.87166666666667, 30.868333333333339 ], [ 70.87166666666667, 30.878333333333341 ], [ 70.8675, 30.886666666666674 ], [ 70.8575, 30.895833333333343 ], [ 70.8525, 30.905833333333341 ], [ 70.8475, 30.91 ], [ 70.836666666666659, 30.914166666666674 ], [ 70.835, 30.9225 ], [ 70.8325, 30.923333333333339 ], [ 70.8275, 30.929166666666674 ], [ 70.821666666666658, 30.9425 ], [ 70.82, 30.946666666666673 ], [ 70.82, 30.954166666666673 ] ] } },
{ "type": "Feature", "properties": { "COMID": 45013240, "id": "311", "lengthkm": 1.5652897391010849, "order": 7, "uparea": 401194.54920239717 }, "geometry": { "type": "LineString", "coordinates": [ [ 70.819166666666661, 30.845 ], [ 70.820833333333326, 30.846666666666675 ], [ 70.833333333333329, 30.849166666666676 ] ] } },
{ "type": "Feature", "properties": { "COMID": 45013239, "id": "311", "lengthkm": 19.26872989371693, "order": 7, "uparea": 401311.6870193457 }, "geometry": { "type": "LineString", "coordinates": [ [ 70.765, 30.69583333333334 ], [ 70.7725, 30.699166666666674 ], [ 70.776666666666657, 30.70333333333334 ], [ 70.78, 30.711666666666673 ], [ 70.784166666666664, 30.716666666666676 ], [ 70.788333333333327, 30.740833333333342 ], [ 70.801666666666662, 30.77 ], [ 70.803333333333327, 30.775 ], [ 70.8025, 30.7825 ], [ 70.805, 30.784166666666675 ], [ 70.8075, 30.790833333333339 ], [ 70.806666666666658, 30.795 ], [ 70.803333333333327, 30.799166666666672 ], [ 70.805833333333325, 30.811666666666675 ], [ 70.805, 30.821666666666673 ], [ 70.81, 30.835 ], [ 70.819166666666661, 30.845 ] ] } },
{ "type": "Feature", "properties": { "COMID": 45015433, "id": "311", "lengthkm": 10.991812697393383, "order": 7, "uparea": 408195.92052006407 }, "geometry": { "type": "LineString", "coordinates": [ [ 70.7925, 30.610833333333339 ], [ 70.784166666666664, 30.618333333333339 ], [ 70.7825, 30.621666666666677 ], [ 70.78, 30.6325 ], [ 70.78, 30.645833333333343 ], [ 70.776666666666657, 30.649166666666673 ], [ 70.773333333333326, 30.658333333333339 ], [ 70.766666666666666, 30.666666666666675 ], [ 70.766666666666666, 30.67 ], [ 70.764166666666668, 30.674166666666672 ], [ 70.760833333333323, 30.690833333333341 ], [ 70.765, 30.69583333333334 ] ] } },
{ "type": "Feature", "properties": { "COMID": 45015432, "id": "311", "lengthkm": 3.5185823276811199, "order": 7, "uparea": 408264.35451936658 }, "geometry": { "type": "LineString", "coordinates": [ [ 70.806666666666658, 30.584166666666675 ], [ 70.799166666666665, 30.591666666666676 ], [ 70.7925, 30.610833333333339 ] ] } },
{ "type": "Feature", "properties": { "COMID": 45015431, "id": "311", "lengthkm": 2.7387842871769328, "order": 7, "uparea": 408407.76919303578 }, "geometry": { "type": "LineString", "coordinates": [ [ 70.806666666666658, 30.561666666666675 ], [ 70.806666666666658, 30.571666666666673 ], [ 70.80416666666666, 30.575833333333343 ], [ 70.805, 30.5825 ], [ 70.806666666666658, 30.584166666666675 ] ] } },
{ "type": "Feature", "properties": { "COMID": 45015430, "id": "311", "lengthkm": 6.0269387038461968, "order": 7, "uparea": 408889.49425571173 }, "geometry": { "type": "LineString", "coordinates": [ [ 70.845, 30.523333333333341 ], [ 70.831666666666663, 30.533333333333339 ], [ 70.828333333333333, 30.534166666666675 ], [ 70.82, 30.541666666666675 ], [ 70.806666666666658, 30.561666666666675 ] ] } },
{ "type": "Feature", "properties": { "COMID": 45015429, "id": "311", "lengthkm": 1.3528170778229229, "order": 7, "uparea": 410815.54941715545 }, "geometry": { "type": "LineString", "coordinates": [ [ 70.849166666666662, 30.5125 ], [ 70.849166666666662, 30.518333333333342 ], [ 70.845, 30.523333333333341 ] ] } },
{ "type": "Feature", "properties": { "COMID": 45015428, "id": "311", "lengthkm": 0.092662443658761001, "order": 7, "uparea": 410859.68305782147 }, "geometry": { "type": "LineString", "coordinates": [ [ 70.849166666666662, 30.511666666666674 ], [ 70.849166666666662, 30.5125 ] ] } },
{ "type": "Feature", "properties": { "COMID": 45015427, "id": "311", "lengthkm": 17.49327488108986, "order": 7, "uparea": 411232.21846517094 }, "geometry": { "type": "LineString", "coordinates": [ [ 70.814166666666665, 30.3925 ], [ 70.819166666666661, 30.395 ], [ 70.824166666666656, 30.405833333333341 ], [ 70.8275, 30.405833333333341 ], [ 70.8325, 30.410833333333343 ], [ 70.84, 30.420833333333341 ], [ 70.840833333333336, 30.424166666666672 ], [ 70.845, 30.42583333333334 ], [ 70.849166666666662, 30.434166666666677 ], [ 70.850833333333327, 30.435833333333342 ], [ 70.8525, 30.435 ], [ 70.856666666666669, 30.439166666666672 ], [ 70.858333333333334, 30.443333333333342 ], [ 70.8575, 30.448333333333341 ], [ 70.861666666666665, 30.4525 ], [ 70.86333333333333, 30.46 ], [ 70.855833333333322, 30.460833333333341 ], [ 70.855, 30.463333333333338 ], [ 70.860833333333332, 30.47 ], [ 70.861666666666665, 30.474166666666676 ], [ 70.86, 30.485 ], [ 70.8625, 30.49 ], [ 70.8625, 30.495 ], [ 70.849166666666662, 30.511666666666674 ] ] } },
{ "type": "Feature", "properties": { "COMID": 45015426, "id": "311", "lengthkm": 14.398439059799941, "order": 7, "uparea": 411330.61486506171 }, "geometry": { "type": "LineString", "coordinates": [ [ 70.785, 30.294166666666676 ], [ 70.793333333333322, 30.296666666666674 ], [ 70.795833333333334, 30.30083333333334 ], [ 70.801666666666662, 30.3025 ], [ 70.806666666666658, 30.3075 ], [ 70.806666666666658, 30.310833333333342 ], [ 70.801666666666662, 30.314166666666672 ], [ 70.810833333333335, 30.319166666666675 ], [ 70.81, 30.325 ], [ 70.813333333333333, 30.331666666666674 ], [ 70.811666666666667, 30.339166666666674 ], [ 70.81583333333333, 30.345833333333339 ], [ 70.819166666666661, 30.356666666666676 ], [ 70.825833333333335, 30.3625 ], [ 70.824166666666656, 30.370833333333341 ], [ 70.820833333333326, 30.374166666666675 ], [ 70.814166666666665, 30.3925 ] ] } },
{ "type": "Feature", "properties": { "COMID": 45015425, "id": "311", "lengthkm": 2.554701976101855, "order": 7, "uparea": 411483.95432206814 }, "geometry": { "type": "LineString", "coordinates": [ [ 70.788333333333327, 30.273333333333341 ], [ 70.783333333333331, 30.2875 ], [ 70.783333333333331, 30.2925 ], [ 70.785, 30.294166666666676 ] ] } },
{ "type": "Feature", "properties": { "COMID": 45015424, "id": "311", "lengthkm": 4.5615384354987514, "order": 7, "uparea": 411551.50621081592 }, "geometry": { "type": "LineString", "coordinates": [ [ 70.778333333333336, 30.2375 ], [ 70.78, 30.243333333333339 ], [ 70.783333333333331, 30.245 ], [ 70.7825, 30.259166666666673 ], [ 70.788333333333327, 30.273333333333341 ] ] } },
{ "type": "Feature", "properties": { "COMID": 45015423, "id": "311", "lengthkm": 13.206536385150418, "order": 7, "uparea": 411670.56612353853 }, "geometry": { "type": "LineString", "coordinates": [ [ 70.810833333333335, 30.145 ], [ 70.80416666666666, 30.155833333333341 ], [ 70.80416666666666, 30.160833333333343 ], [ 70.8075, 30.166666666666675 ], [ 70.808333333333323, 30.1775 ], [ 70.805, 30.191666666666677 ], [ 70.793333333333322, 30.206666666666674 ], [ 70.778333333333336, 30.2125 ], [ 70.7725, 30.216666666666676 ], [ 70.773333333333326, 30.2225 ], [ 70.770833333333329, 30.228333333333339 ], [ 70.774166666666659, 30.2325 ], [ 70.778333333333336, 30.234166666666674 ], [ 70.778333333333336, 30.2375 ] ] } },
{ "type": "Feature", "properties": { "COMID": 45015422, "id": "311", "lengthkm": 6.5924821963374738, "order": 7, "uparea": 411723.9953955668 }, "geometry": { "type": "LineString", "coordinates": [ [ 70.793333333333322, 30.096666666666675 ], [ 70.805833333333325, 30.103333333333339 ], [ 70.805, 30.11 ], [ 70.80916666666667, 30.119166666666672 ], [ 70.813333333333333, 30.124166666666675 ], [ 70.810833333333335, 30.145 ] ] } },
{ "type": "Feature", "properties": { "COMID": 45018443, "id": "311", "lengthkm": 3.4859405238402061, "order": 7, "uparea": 411771.4906387474 }, "geometry": { "type": "LineString", "coordinates": [ [ 70.806666666666658, 30.0725 ], [ 70.80416666666666, 30.075833333333343 ], [ 70.7975, 30.079166666666673 ], [ 70.796666666666667, 30.085833333333341 ], [ 70.793333333333322, 30.089166666666674 ], [ 70.795, 30.090833333333343 ], [ 70.795, 30.095 ], [ 70.793333333333322, 30.096666666666675 ] ] } },
{ "type": "Feature", "properties": { "COMID": 45018442, "id": "311", "lengthkm": 1.2458742900742319, "order": 7, "uparea": 411799.60449122603 }, "geometry": { "type": "LineString", "coordinates": [ [ 70.814166666666665, 30.064166666666672 ], [ 70.806666666666658, 30.0725 ] ] } },
{ "type": "Feature", "properties": { "COMID": 45018441, "id": "311", "lengthkm": 26.789539704372331, "order": 7, "uparea": 411972.89481832687 }, "geometry": { "type": "LineString", "coordinates": [ [ 70.806666666666658, 29.896666666666675 ], [ 70.793333333333322, 29.913333333333341 ], [ 70.789166666666659, 29.924166666666675 ], [ 70.7825, 29.93 ], [ 70.776666666666657, 29.93 ], [ 70.775, 29.931666666666676 ], [ 70.775, 29.939166666666672 ], [ 70.7725, 29.941666666666677 ], [ 70.7725, 29.944166666666675 ], [ 70.775833333333324, 29.949166666666674 ], [ 70.775833333333324, 29.9525 ], [ 70.779166666666669, 29.954166666666673 ], [ 70.784166666666664, 29.960833333333341 ], [ 70.7875, 29.961666666666673 ], [ 70.791666666666657, 29.958333333333343 ], [ 70.8025, 29.958333333333343 ], [ 70.806666666666658, 29.961666666666673 ], [ 70.806666666666658, 29.965 ], [ 70.811666666666667, 29.971666666666675 ], [ 70.810833333333335, 29.973333333333343 ], [ 70.814166666666665, 29.985 ], [ 70.806666666666658, 29.994166666666672 ], [ 70.799166666666665, 29.9925 ], [ 70.796666666666667, 29.995 ], [ 70.796666666666667, 29.9975 ], [ 70.79, 30.004166666666677 ], [ 70.79, 30.0075 ], [ 70.7925, 30.0175 ], [ 70.795, 30.02 ], [ 70.7975, 30.02 ], [ 70.80083333333333, 30.024166666666673 ], [ 70.80416666666666, 30.0325 ], [ 70.803333333333327, 30.0375 ], [ 70.806666666666658, 30.041666666666675 ], [ 70.808333333333323, 30.0475 ], [ 70.81583333333333, 30.053333333333342 ], [ 70.81583333333333, 30.06 ], [ 70.814166666666665, 30.064166666666672 ] ] } },
{ "type": "Feature", "properties": { "COMID": 45018440, "id": "311", "lengthkm": 9.1709729641396187, "order": 7, "uparea": 412050.0900093189 }, "geometry": { "type": "LineString", "coordinates": [ [ 70.7875, 29.82833333333334 ], [ 70.79, 29.835 ], [ 70.790833333333325, 29.845833333333342 ], [ 70.796666666666667, 29.848333333333343 ], [ 70.796666666666667, 29.8525 ], [ 70.8, 29.855833333333344 ], [ 70.8025, 29.863333333333344 ], [ 70.810833333333335, 29.869166666666676 ], [ 70.810833333333335, 29.873333333333342 ], [ 70.806666666666658, 29.88333333333334 ], [ 70.808333333333323, 29.885833333333341 ], [ 70.806666666666658, 29.896666666666675 ] ] } },
{ "type": "Feature", "properties": { "COMID": 45018439, "id": "311", "lengthkm": 8.5317777575561653, "order": 7, "uparea": 412117.10120609094 }, "geometry": { "type": "LineString", "coordinates": [ [ 70.7825, 29.759166666666673 ], [ 70.7825, 29.763333333333343 ], [ 70.775, 29.7825 ], [ 70.78, 29.791666666666675 ], [ 70.78, 29.8 ], [ 70.785833333333329, 29.8075 ], [ 70.785833333333329, 29.82083333333334 ], [ 70.7875, 29.82833333333334 ] ] } },
{ "type": "Feature", "properties": { "COMID": 45018438, "id": "311", "lengthkm": 15.053204649039472, "order": 7, "uparea": 412356.15126077353 }, "geometry": { "type": "LineString", "coordinates": [ [ 70.710833333333326, 29.655833333333341 ], [ 70.7225, 29.665833333333342 ], [ 70.729166666666657, 29.675 ], [ 70.7325, 29.685 ], [ 70.731666666666669, 29.694166666666675 ], [ 70.734166666666667, 29.6975 ], [ 70.734166666666667, 29.708333333333343 ], [ 70.7375, 29.711666666666673 ], [ 70.73833333333333, 29.715833333333343 ], [ 70.751666666666665, 29.7325 ], [ 70.751666666666665, 29.7375 ], [ 70.755833333333328, 29.740833333333342 ], [ 70.775833333333324, 29.749166666666675 ], [ 70.781666666666666, 29.755833333333342 ], [ 70.7825, 29.759166666666673 ] ] } },
{ "type": "Feature", "properties": { "COMID": 45022508, "id": "311", "lengthkm": 21.675502711497153, "order": 7, "uparea": 412516.68684205326 }, "geometry": { "type": "LineString", "coordinates": [ [ 70.688333333333333, 29.486666666666675 ], [ 70.693333333333328, 29.493333333333339 ], [ 70.69, 29.504166666666677 ], [ 70.69, 29.519166666666674 ], [ 70.6925, 29.5225 ], [ 70.6925, 29.526666666666674 ], [ 70.688333333333333, 29.535 ], [ 70.686666666666667, 29.5425 ], [ 70.68416666666667, 29.545 ], [ 70.685, 29.553333333333342 ], [ 70.689166666666665, 29.561666666666675 ], [ 70.6925, 29.565 ], [ 70.701666666666668, 29.569166666666675 ], [ 70.72, 29.594166666666673 ], [ 70.718333333333334, 29.5975 ], [ 70.718333333333334, 29.61 ], [ 70.715, 29.6175 ], [ 70.715833333333336, 29.623333333333342 ], [ 70.711666666666659, 29.6325 ], [ 70.711666666666659, 29.636666666666677 ], [ 70.709166666666661, 29.639166666666675 ], [ 70.710833333333326, 29.655833333333341 ] ] } },
{ "type": "Feature", "properties": { "COMID": 45022507, "id": "311", "lengthkm": 2.5882987728277782, "order": 7, "uparea": 412609.93954647455 }, "geometry": { "type": "LineString", "coordinates": [ [ 70.685833333333335, 29.465833333333343 ], [ 70.683333333333323, 29.471666666666675 ], [ 70.683333333333323, 29.479166666666675 ], [ 70.688333333333333, 29.484166666666674 ], [ 70.688333333333333, 29.486666666666675 ] ] } },
{ "type": "Feature", "properties": { "COMID": 45022506, "id": "311", "lengthkm": 2.1198321844304608, "order": 7, "uparea": 412658.33304444811 }, "geometry": { "type": "LineString", "coordinates": [ [ 70.7025, 29.455833333333342 ], [ 70.69, 29.461666666666673 ], [ 70.685833333333335, 29.465833333333343 ] ] } },
{ "type": "Feature", "properties": { "COMID": 45022505, "id": "311", "lengthkm": 0.338397799991564, "order": 7, "uparea": 412710.46505099506 }, "geometry": { "type": "LineString", "coordinates": [ [ 70.704166666666666, 29.45333333333334 ], [ 70.7025, 29.455833333333342 ] ] } },
{ "type": "Feature", "properties": { "COMID": 45022504, "id": "311", "lengthkm": 8.9244356389956803, "order": 7, "uparea": 412764.03043247241 }, "geometry": { "type": "LineString", "coordinates": [ [ 70.686666666666667, 29.386666666666677 ], [ 70.68416666666667, 29.396666666666675 ], [ 70.689166666666665, 29.401666666666674 ], [ 70.689166666666665, 29.405 ], [ 70.685, 29.41 ], [ 70.685833333333335, 29.418333333333344 ], [ 70.695833333333326, 29.429166666666674 ], [ 70.6975, 29.434166666666677 ], [ 70.7025, 29.436666666666675 ], [ 70.7075, 29.444166666666675 ], [ 70.704166666666666, 29.45333333333334 ] ] } },
{ "type": "Feature", "properties": { "COMID": 45022503, "id": "311", "lengthkm": 40.891558012405312, "order": 7, "uparea": 413299.71059662796 }, "geometry": { "type": "LineString", "coordinates": [ [ 70.650833333333324, 29.1075 ], [ 70.656666666666666, 29.101666666666674 ], [ 70.660833333333329, 29.101666666666674 ], [ 70.664166666666659, 29.105 ], [ 70.678333333333327, 29.106666666666676 ], [ 70.693333333333328, 29.120833333333344 ], [ 70.694166666666661, 29.131666666666675 ], [ 70.691666666666663, 29.144166666666678 ], [ 70.691666666666663, 29.160833333333343 ], [ 70.694166666666661, 29.1675 ], [ 70.694166666666661, 29.1725 ], [ 70.691666666666663, 29.1775 ], [ 70.695, 29.1825 ], [ 70.695, 29.18833333333334 ], [ 70.6975, 29.190833333333341 ], [ 70.6975, 29.198333333333341 ], [ 70.695833333333326, 29.200833333333343 ], [ 70.696666666666658, 29.205 ], [ 70.695, 29.21 ], [ 70.700833333333335, 29.215833333333343 ], [ 70.7125, 29.221666666666675 ], [ 70.7125, 29.225 ], [ 70.709166666666661, 29.23 ], [ 70.709166666666661, 29.238333333333344 ], [ 70.7075, 29.240833333333342 ], [ 70.7025, 29.245 ], [ 70.694166666666661, 29.245833333333344 ], [ 70.69083333333333, 29.249166666666675 ], [ 70.688333333333333, 29.255 ], [ 70.6925, 29.261666666666677 ], [ 70.69083333333333, 29.268333333333342 ], [ 70.695833333333326, 29.276666666666674 ], [ 70.694166666666661, 29.2875 ], [ 70.700833333333335, 29.2975 ], [ 70.700833333333335, 29.305 ], [ 70.705, 29.3125 ], [ 70.704166666666666, 29.315833333333341 ], [ 70.705833333333331, 29.319166666666675 ], [ 70.7025, 29.325833333333343 ], [ 70.6825, 29.343333333333341 ], [ 70.68, 29.35 ], [ 70.678333333333327, 29.368333333333339 ], [ 70.6825, 29.380833333333342 ], [ 70.686666666666667, 29.386666666666677 ] ] } },
{ "type": "Feature", "properties": { "COMID": 45022502, "id": "311", "lengthkm": 5.1753723494641619, "order": 7, "uparea": 413349.57209739788 }, "geometry": { "type": "LineString", "coordinates": [ [ 70.6175, 29.080833333333342 ], [ 70.618333333333325, 29.0875 ], [ 70.62166666666667, 29.090833333333343 ], [ 70.6275, 29.095 ], [ 70.635833333333323, 29.095833333333342 ], [ 70.639166666666668, 29.101666666666674 ], [ 70.644166666666663, 29.105833333333344 ], [ 70.650833333333324, 29.1075 ] ] } },
{ "type": "Feature", "properties": { "COMID": 45022501, "id": "311", "lengthkm": 8.550671100559736, "order": 8, "uparea": 694109.00468849204 }, "geometry": { "type": "LineString", "coordinates": [ [ 70.571666666666658, 29.024166666666673 ], [ 70.5775, 29.030833333333341 ], [ 70.576666666666668, 29.033333333333342 ], [ 70.580833333333331, 29.040833333333342 ], [ 70.58, 29.045 ], [ 70.585, 29.0525 ], [ 70.595, 29.061666666666675 ], [ 70.603333333333325, 29.065833333333345 ], [ 70.609166666666667, 29.07083333333334 ], [ 70.6175, 29.080833333333342 ] ] } },
{ "type": "Feature", "properties": { "COMID": 45022500, "id": "311", "lengthkm": 3.9849245568691729, "order": 8, "uparea": 694220.25549729599 }, "geometry": { "type": "LineString", "coordinates": [ [ 70.586666666666659, 28.994166666666676 ], [ 70.580833333333331, 29.00083333333334 ], [ 70.580833333333331, 29.006666666666675 ], [ 70.575833333333335, 29.016666666666673 ], [ 70.5725, 29.02 ], [ 70.571666666666658, 29.024166666666673 ] ] } },
{ "type": "Feature", "properties": { "COMID": 45022499, "id": "311", "lengthkm": 2.4052873739025742, "order": 8, "uparea": 694271.26496319158 }, "geometry": { "type": "LineString", "coordinates": [ [ 70.5825, 28.975 ], [ 70.586666666666659, 28.981666666666676 ], [ 70.586666666666659, 28.994166666666676 ] ] } },
{ "type": "Feature", "properties": { "COMID": 45022498, "id": "311", "lengthkm": 5.575188132316713, "order": 8, "uparea": 694340.64501228149 }, "geometry": { "type": "LineString", "coordinates": [ [ 70.538333333333327, 28.978333333333342 ], [ 70.55, 28.978333333333342 ], [ 70.56, 28.9675 ], [ 70.56583333333333, 28.965833333333343 ], [ 70.57, 28.965833333333343 ], [ 70.5825, 28.975 ] ] } },
{ "type": "Feature", "properties": { "COMID": 45026948, "id": "311", "lengthkm": 26.967780072702471, "order": 8, "uparea": 694493.60835969227 }, "geometry": { "type": "LineString", "coordinates": [ [ 70.389166666666668, 28.831666666666678 ], [ 70.4025, 28.8375 ], [ 70.41, 28.845 ], [ 70.409166666666664, 28.848333333333343 ], [ 70.415, 28.8575 ], [ 70.414166666666659, 28.859166666666674 ], [ 70.4175, 28.8625 ], [ 70.421666666666667, 28.8625 ], [ 70.423333333333332, 28.865 ], [ 70.44, 28.863333333333344 ], [ 70.446666666666658, 28.873333333333342 ], [ 70.45, 28.88333333333334 ], [ 70.455, 28.8875 ], [ 70.459166666666661, 28.901666666666678 ], [ 70.464166666666657, 28.91 ], [ 70.4775, 28.915833333333342 ], [ 70.483333333333334, 28.915 ], [ 70.484166666666667, 28.918333333333344 ], [ 70.48833333333333, 28.9175 ], [ 70.49166666666666, 28.9225 ], [ 70.495833333333323, 28.923333333333343 ], [ 70.498333333333335, 28.925833333333344 ], [ 70.501666666666665, 28.930833333333339 ], [ 70.5, 28.935833333333342 ], [ 70.498333333333335, 28.936666666666675 ], [ 70.499166666666667, 28.948333333333341 ], [ 70.505, 28.96 ], [ 70.508333333333326, 28.963333333333342 ], [ 70.514166666666668, 28.9625 ], [ 70.524166666666659, 28.973333333333343 ], [ 70.538333333333327, 28.978333333333342 ] ] } },
{ "type": "Feature", "properties": { "COMID": 45026946, "id": "311", "lengthkm": 4.196408377782852, "order": 8, "uparea": 694600.38637904671 }, "geometry": { "type": "LineString", "coordinates": [ [ 70.350833333333327, 28.825833333333343 ], [ 70.3725, 28.825833333333343 ], [ 70.385, 28.831666666666678 ], [ 70.389166666666668, 28.831666666666678 ] ] } },
{ "type": "Feature", "properties": { "COMID": 45026945, "id": "311", "lengthkm": 10.103787458180069, "order": 8, "uparea": 694729.10518677882 }, "geometry": { "type": "LineString", "coordinates": [ [ 70.258333333333326, 28.82083333333334 ], [ 70.281666666666666, 28.8175 ], [ 70.294166666666669, 28.819166666666675 ], [ 70.30416666666666, 28.8175 ], [ 70.324166666666656, 28.825 ], [ 70.330833333333331, 28.823333333333341 ], [ 70.345, 28.823333333333341 ], [ 70.350833333333327, 28.825833333333343 ] ] } },
{ "type": "Feature", "properties": { "COMID": 45026944, "id": "311", "lengthkm": 0.52912021563301204, "order": 8, "uparea": 694762.17397426162 }, "geometry": { "type": "LineString", "coordinates": [ [ 70.25333333333333, 28.82 ], [ 70.258333333333326, 28.82083333333334 ] ] } },
{ "type": "Feature", "properties": { "COMID": 45026943, "id": "311", "lengthkm": 1.635081047167718, "order": 8, "uparea": 712274.05577187939 }, "geometry": { "type": "LineString", "coordinates": [ [ 70.24, 28.81333333333334 ], [ 70.245833333333337, 28.8175 ], [ 70.25333333333333, 28.82 ] ] } },
{ "type": "Feature", "properties": { "COMID": 45026942, "id": "311", "lengthkm": 3.8444448122293671, "order": 8, "uparea": 712313.23790665797 }, "geometry": { "type": "LineString", "coordinates": [ [ 70.209166666666661, 28.798333333333343 ], [ 70.215833333333336, 28.798333333333343 ], [ 70.2225, 28.804166666666674 ], [ 70.2275, 28.805 ], [ 70.24, 28.81333333333334 ] ] } },
{ "type": "Feature", "properties": { "COMID": 45026941, "id": "311", "lengthkm": 19.134266524289998, "order": 8, "uparea": 712463.98799553642 }, "geometry": { "type": "LineString", "coordinates": [ [ 70.129166666666663, 28.6725 ], [ 70.129166666666663, 28.675833333333344 ], [ 70.133333333333326, 28.683333333333344 ], [ 70.133333333333326, 28.6875 ], [ 70.135833333333323, 28.690833333333345 ], [ 70.1375, 28.70333333333334 ], [ 70.141666666666666, 28.706666666666678 ], [ 70.141666666666666, 28.71 ], [ 70.145833333333329, 28.715833333333343 ], [ 70.1425, 28.7175 ], [ 70.1425, 28.72 ], [ 70.15, 28.73 ], [ 70.1575, 28.735 ], [ 70.159166666666664, 28.740833333333342 ], [ 70.164166666666659, 28.745833333333344 ], [ 70.173333333333332, 28.745833333333344 ], [ 70.17583333333333, 28.7475 ], [ 70.185833333333335, 28.746666666666677 ], [ 70.19083333333333, 28.75083333333334 ], [ 70.195833333333326, 28.75833333333334 ], [ 70.199166666666656, 28.773333333333341 ], [ 70.203333333333333, 28.781666666666673 ], [ 70.201666666666668, 28.788333333333341 ], [ 70.209166666666661, 28.798333333333343 ] ] } },
{ "type": "Feature", "properties": { "COMID": 45026940, "id": "311", "lengthkm": 1.835966345497829, "order": 8, "uparea": 712554.87956731906 }, "geometry": { "type": "LineString", "coordinates": [ [ 70.1175, 28.661666666666676 ], [ 70.124166666666667, 28.665 ], [ 70.129166666666663, 28.6725 ] ] } },
{ "type": "Feature", "properties": { "COMID": 45026939, "id": "311", "lengthkm": 15.841067081226774, "order": 8, "uparea": 713026.87101838097 }, "geometry": { "type": "LineString", "coordinates": [ [ 70.02, 28.5925 ], [ 70.020833333333329, 28.599166666666676 ], [ 70.025, 28.608333333333341 ], [ 70.0225, 28.611666666666675 ], [ 70.021666666666661, 28.6175 ], [ 70.023333333333326, 28.621666666666677 ], [ 70.03, 28.6275 ], [ 70.041666666666657, 28.63333333333334 ], [ 70.045, 28.636666666666677 ], [ 70.049166666666665, 28.636666666666677 ], [ 70.05916666666667, 28.646666666666675 ], [ 70.073333333333323, 28.645 ], [ 70.075833333333335, 28.644166666666678 ], [ 70.0775, 28.64083333333334 ], [ 70.086666666666659, 28.6425 ], [ 70.09, 28.645833333333343 ], [ 70.0975, 28.645 ], [ 70.103333333333325, 28.646666666666675 ], [ 70.11666666666666, 28.6575 ], [ 70.1175, 28.661666666666676 ] ] } },
{ "type": "Feature", "properties": { "COMID": 45026938, "id": "311", "lengthkm": 18.026843579595155, "order": 8, "uparea": 713179.33508696314 }, "geometry": { "type": "LineString", "coordinates": [ [ 69.884166666666658, 28.539166666666674 ], [ 69.891666666666666, 28.538333333333341 ], [ 69.906666666666666, 28.541666666666675 ], [ 69.91, 28.544166666666676 ], [ 69.914166666666659, 28.544166666666676 ], [ 69.920833333333334, 28.5425 ], [ 69.925, 28.539166666666674 ], [ 69.9375, 28.539166666666674 ], [ 69.9425, 28.534166666666678 ], [ 69.945833333333326, 28.534166666666678 ], [ 69.95, 28.535833333333343 ], [ 69.948333333333323, 28.54 ], [ 69.949166666666656, 28.541666666666675 ], [ 69.956666666666663, 28.545833333333341 ], [ 69.964166666666657, 28.5475 ], [ 69.981666666666669, 28.5625 ], [ 69.99, 28.565833333333345 ], [ 69.995833333333337, 28.571666666666676 ], [ 70.010833333333323, 28.57833333333334 ], [ 70.018333333333331, 28.586666666666673 ], [ 70.02, 28.5925 ] ] } },
{ "type": "Feature", "properties": { "COMID": 45026937, "id": "311", "lengthkm": 8.5432413779990863, "order": 8, "uparea": 715705.76616665209 }, "geometry": { "type": "LineString", "coordinates": [ [ 69.825, 28.496666666666677 ], [ 69.834166666666661, 28.505833333333342 ], [ 69.8425, 28.519166666666678 ], [ 69.853333333333325, 28.53 ], [ 69.86333333333333, 28.531666666666673 ], [ 69.875, 28.540833333333342 ], [ 69.884166666666658, 28.539166666666674 ] ] } },
{ "type": "Feature", "properties": { "COMID": 45026936, "id": "311", "lengthkm": 11.850686222807205, "order": 8, "uparea": 715840.36816750199 }, "geometry": { "type": "LineString", "coordinates": [ [ 69.735, 28.443333333333342 ], [ 69.74166666666666, 28.44583333333334 ], [ 69.7475, 28.450833333333343 ], [ 69.751666666666665, 28.450833333333343 ], [ 69.758333333333326, 28.458333333333343 ], [ 69.77, 28.4675 ], [ 69.7825, 28.470833333333342 ], [ 69.795833333333334, 28.484166666666674 ], [ 69.803333333333327, 28.484166666666674 ], [ 69.814166666666665, 28.49 ], [ 69.818333333333328, 28.494166666666676 ], [ 69.825, 28.496666666666677 ] ] } },
{ "type": "Feature", "properties": { "COMID": 45026935, "id": "311", "lengthkm": 3.4000631224601721, "order": 8, "uparea": 717828.80684695439 }, "geometry": { "type": "LineString", "coordinates": [ [ 69.7125, 28.4225 ], [ 69.723333333333329, 28.435833333333342 ], [ 69.730833333333337, 28.439166666666676 ], [ 69.735, 28.443333333333342 ] ] } },
{ "type": "Feature", "properties": { "COMID": 45026934, "id": "311", "lengthkm": 0.64819039516898502, "order": 8, "uparea": 717997.44677729532 }, "geometry": { "type": "LineString", "coordinates": [ [ 69.71, 28.4175 ], [ 69.7125, 28.4225 ] ] } },
{ "type": "Feature", "properties": { "COMID": 45031344, "id": "311", "lengthkm": 10.90656646350692, "order": 8, "uparea": 718163.75414190907 }, "geometry": { "type": "LineString", "coordinates": [ [ 69.693333333333328, 28.3325 ], [ 69.69083333333333, 28.335 ], [ 69.691666666666663, 28.34 ], [ 69.698333333333323, 28.3475 ], [ 69.699166666666656, 28.3525 ], [ 69.694166666666661, 28.359166666666674 ], [ 69.691666666666663, 28.379166666666677 ], [ 69.6975, 28.3875 ], [ 69.699166666666656, 28.405833333333341 ], [ 69.7025, 28.411666666666676 ], [ 69.71, 28.4175 ] ] } },
{ "type": "Feature", "properties": { "COMID": 45031343, "id": "311", "lengthkm": 22.765749322144874, "order": 8, "uparea": 718341.15355420392 }, "geometry": { "type": "LineString", "coordinates": [ [ 69.5225, 28.284166666666678 ], [ 69.53, 28.275833333333342 ], [ 69.558333333333337, 28.269166666666678 ], [ 69.565, 28.270833333333343 ], [ 69.5675, 28.274166666666677 ], [ 69.573333333333323, 28.275 ], [ 69.588333333333324, 28.289166666666674 ], [ 69.591666666666669, 28.293333333333344 ], [ 69.594166666666666, 28.305833333333343 ], [ 69.599166666666662, 28.31 ], [ 69.611666666666665, 28.313333333333343 ], [ 69.61666666666666, 28.316666666666677 ], [ 69.62833333333333, 28.315 ], [ 69.63, 28.316666666666677 ], [ 69.6375, 28.3175 ], [ 69.654166666666669, 28.3325 ], [ 69.656666666666666, 28.3325 ], [ 69.663333333333327, 28.326666666666675 ], [ 69.6725, 28.323333333333345 ], [ 69.68, 28.324166666666677 ], [ 69.68416666666667, 28.32833333333334 ], [ 69.69, 28.32833333333334 ], [ 69.693333333333328, 28.3325 ] ] } },
{ "type": "Feature", "properties": { "COMID": 45031342, "id": "311", "lengthkm": 26.557111213514329, "order": 8, "uparea": 718598.53908972372 }, "geometry": { "type": "LineString", "coordinates": [ [ 69.38, 28.195 ], [ 69.3875, 28.209166666666675 ], [ 69.396666666666661, 28.219166666666673 ], [ 69.399166666666659, 28.224166666666676 ], [ 69.411666666666662, 28.235833333333343 ], [ 69.415, 28.236666666666675 ], [ 69.43416666666667, 28.235 ], [ 69.443333333333328, 28.23 ], [ 69.45, 28.231666666666676 ], [ 69.456666666666663, 28.228333333333342 ], [ 69.466666666666669, 28.218333333333341 ], [ 69.484166666666667, 28.211666666666677 ], [ 69.490833333333327, 28.213333333333342 ], [ 69.495, 28.2175 ], [ 69.500833333333333, 28.218333333333341 ], [ 69.50333333333333, 28.220833333333342 ], [ 69.50333333333333, 28.225 ], [ 69.499166666666667, 28.228333333333342 ], [ 69.5, 28.231666666666676 ], [ 69.4975, 28.235 ], [ 69.49166666666666, 28.255833333333342 ], [ 69.4925, 28.264166666666675 ], [ 69.495, 28.270833333333343 ], [ 69.501666666666665, 28.279166666666676 ], [ 69.508333333333326, 28.2825 ], [ 69.51, 28.281666666666673 ], [ 69.5125, 28.283333333333342 ], [ 69.5225, 28.284166666666678 ] ] } },
{ "type": "Feature", "properties": { "COMID": 45031341, "id": "311", "lengthkm": 6.2388793093101764, "order": 8, "uparea": 718653.57007076137 }, "geometry": { "type": "LineString", "coordinates": [ [ 69.3675, 28.144166666666678 ], [ 69.37166666666667, 28.153333333333343 ], [ 69.37166666666667, 28.160833333333343 ], [ 69.375, 28.166666666666679 ], [ 69.374166666666667, 28.170833333333341 ], [ 69.3775, 28.179166666666674 ], [ 69.3775, 28.19 ], [ 69.38, 28.195 ] ] } },
{ "type": "Feature", "properties": { "COMID": 45031340, "id": "311", "lengthkm": 23.809422622173923, "order": 8, "uparea": 719233.96853579825 }, "geometry": { "type": "LineString", "coordinates": [ [ 69.223333333333329, 28.074166666666677 ], [ 69.235833333333332, 28.07 ], [ 69.251666666666665, 28.0575 ], [ 69.260833333333323, 28.0575 ], [ 69.2675, 28.0625 ], [ 69.27, 28.066666666666677 ], [ 69.27, 28.073333333333345 ], [ 69.268333333333331, 28.075 ], [ 69.2675, 28.081666666666678 ], [ 69.265, 28.084166666666675 ], [ 69.265833333333333, 28.0875 ], [ 69.264166666666668, 28.094166666666673 ], [ 69.2725, 28.1125 ], [ 69.276666666666671, 28.1175 ], [ 69.281666666666666, 28.12 ], [ 69.284166666666664, 28.124166666666675 ], [ 69.3025, 28.125833333333343 ], [ 69.3175, 28.121666666666677 ], [ 69.331666666666663, 28.121666666666677 ], [ 69.339166666666671, 28.126666666666676 ], [ 69.3425, 28.125 ], [ 69.345833333333331, 28.125833333333343 ], [ 69.35, 28.13 ], [ 69.360833333333332, 28.135833333333345 ], [ 69.3675, 28.144166666666678 ] ] } },
{ "type": "Feature", "properties": { "COMID": 45031339, "id": "311", "lengthkm": 8.645352700308905, "order": 8, "uparea": 719316.2911320877 }, "geometry": { "type": "LineString", "coordinates": [ [ 69.144166666666663, 28.073333333333345 ], [ 69.1475, 28.07 ], [ 69.156666666666666, 28.07 ], [ 69.18416666666667, 28.075833333333343 ], [ 69.1975, 28.076666666666675 ], [ 69.204166666666666, 28.075 ], [ 69.206666666666663, 28.0725 ], [ 69.2125, 28.074166666666677 ], [ 69.223333333333329, 28.074166666666677 ] ] } },
{ "type": "Feature", "properties": { "COMID": 45031338, "id": "311", "lengthkm": 16.906501876606345, "order": 8, "uparea": 719997.55243481952 }, "geometry": { "type": "LineString", "coordinates": [ [ 69.035833333333329, 28.026666666666678 ], [ 69.035833333333329, 28.0475 ], [ 69.0425, 28.064166666666676 ], [ 69.049166666666665, 28.0725 ], [ 69.055, 28.073333333333345 ], [ 69.060833333333335, 28.07833333333334 ], [ 69.071666666666658, 28.08 ], [ 69.085, 28.070833333333344 ], [ 69.0875, 28.0675 ], [ 69.100833333333327, 28.061666666666675 ], [ 69.108333333333334, 28.061666666666675 ], [ 69.1225, 28.065833333333345 ], [ 69.134166666666658, 28.071666666666676 ], [ 69.144166666666663, 28.073333333333345 ] ] } },
{ "type": "Feature", "properties": { "COMID": 45031337, "id": "311", "lengthkm": 5.0553832652608088, "order": 8, "uparea": 720055.64252519608 }, "geometry": { "type": "LineString", "coordinates": [ [ 69.039166666666659, 27.985 ], [ 69.041666666666657, 27.988333333333344 ], [ 69.0425, 27.994166666666676 ], [ 69.035833333333329, 28.026666666666678 ] ] } },
{ "type": "Feature", "properties": { "COMID": 45031336, "id": "311", "lengthkm": 23.928026427529158, "order": 8, "uparea": 720207.22080329061 }, "geometry": { "type": "LineString", "coordinates": [ [ 68.935, 27.919166666666676 ], [ 68.941666666666663, 27.92 ], [ 68.946666666666658, 27.918333333333344 ], [ 68.94916666666667, 27.92 ], [ 68.956666666666663, 27.92 ], [ 68.9625, 27.916666666666679 ], [ 68.975, 27.916666666666679 ], [ 68.984166666666667, 27.910833333333343 ], [ 68.985, 27.906666666666677 ], [ 68.993333333333325, 27.898333333333341 ], [ 69.005, 27.893333333333345 ], [ 69.01166666666667, 27.893333333333345 ], [ 69.014166666666668, 27.895833333333343 ], [ 69.0175, 27.895833333333343 ], [ 69.0225, 27.900833333333345 ], [ 69.028333333333336, 27.9025 ], [ 69.045833333333334, 27.919166666666676 ], [ 69.0525, 27.9225 ], [ 69.056666666666658, 27.928333333333342 ], [ 69.055833333333325, 27.934166666666677 ], [ 69.04, 27.9425 ], [ 69.035, 27.946666666666676 ], [ 69.0325, 27.95333333333334 ], [ 69.031666666666666, 27.956666666666678 ], [ 69.035833333333329, 27.97 ], [ 69.033333333333331, 27.975 ], [ 69.036666666666662, 27.9775 ], [ 69.039166666666659, 27.985 ] ] } },
{ "type": "Feature", "properties": { "COMID": 45031335, "id": "311", "lengthkm": 11.298976075927918, "order": 8, "uparea": 720267.65667102311 }, "geometry": { "type": "LineString", "coordinates": [ [ 68.935, 27.829166666666676 ], [ 68.931666666666658, 27.835 ], [ 68.931666666666658, 27.84 ], [ 68.920833333333334, 27.855 ], [ 68.918333333333337, 27.860833333333343 ], [ 68.92, 27.885 ], [ 68.9225, 27.89083333333334 ], [ 68.924166666666665, 27.901666666666678 ], [ 68.926666666666662, 27.905833333333341 ], [ 68.926666666666662, 27.909166666666678 ], [ 68.935, 27.919166666666676 ] ] } },
{ "type": "Feature", "properties": { "COMID": 45031334, "id": "311", "lengthkm": 10.854470374262039, "order": 8, "uparea": 720352.41136622441 }, "geometry": { "type": "LineString", "coordinates": [ [ 68.906666666666666, 27.755833333333342 ], [ 68.9075, 27.759166666666676 ], [ 68.920833333333334, 27.7725 ], [ 68.926666666666662, 27.784166666666678 ], [ 68.924166666666665, 27.795 ], [ 68.9275, 27.799166666666679 ], [ 68.9275, 27.8025 ], [ 68.92, 27.810833333333342 ], [ 68.92, 27.814166666666676 ], [ 68.923333333333332, 27.815833333333345 ], [ 68.93, 27.815833333333345 ], [ 68.933333333333337, 27.818333333333342 ], [ 68.936666666666667, 27.8225 ], [ 68.935, 27.829166666666676 ] ] } },
{ "type": "Feature", "properties": { "COMID": 45035617, "id": "311", "lengthkm": 8.8148458587319833, "order": 8, "uparea": 720806.50809727504 }, "geometry": { "type": "LineString", "coordinates": [ [ 68.9725, 27.738333333333344 ], [ 68.9725, 27.7425 ], [ 68.969166666666666, 27.7475 ], [ 68.960833333333326, 27.753333333333345 ], [ 68.946666666666658, 27.751666666666676 ], [ 68.938333333333333, 27.746666666666677 ], [ 68.928333333333327, 27.743333333333343 ], [ 68.921666666666667, 27.743333333333343 ], [ 68.915, 27.745833333333344 ], [ 68.906666666666666, 27.755833333333342 ] ] } },
{ "type": "Feature", "properties": { "COMID": 45035616, "id": "311", "lengthkm": 5.3145249460224511, "order": 8, "uparea": 720970.37176067394 }, "geometry": { "type": "LineString", "coordinates": [ [ 68.94, 27.7075 ], [ 68.9525, 27.713333333333345 ], [ 68.968333333333334, 27.725833333333341 ], [ 68.9725, 27.731666666666676 ], [ 68.9725, 27.738333333333344 ] ] } },
{ "type": "Feature", "properties": { "COMID": 45035615, "id": "311", "lengthkm": 5.1367013931669954, "order": 8, "uparea": 721151.39022426785 }, "geometry": { "type": "LineString", "coordinates": [ [ 68.893333333333331, 27.696666666666676 ], [ 68.9025, 27.696666666666676 ], [ 68.92, 27.70333333333334 ], [ 68.94, 27.7075 ] ] } },
{ "type": "Feature", "properties": { "COMID": 45035614, "id": "311", "lengthkm": 4.4849107363797884, "order": 8, "uparea": 721200.78510424017 }, "geometry": { "type": "LineString", "coordinates": [ [ 68.855833333333337, 27.6825 ], [ 68.885, 27.694166666666675 ], [ 68.889166666666668, 27.693333333333342 ], [ 68.893333333333331, 27.696666666666676 ] ] } },
{ "type": "Feature", "properties": { "COMID": 45035613, "id": "311", "lengthkm": 0.65920788276590903, "order": 8, "uparea": 722513.58506188809 }, "geometry": { "type": "LineString", "coordinates": [ [ 68.850833333333327, 27.679166666666674 ], [ 68.855833333333337, 27.6825 ] ] } },
{ "type": "Feature", "properties": { "COMID": 45035612, "id": "311", "lengthkm": 0.65784239676258904, "order": 8, "uparea": 722560.52017581521 }, "geometry": { "type": "LineString", "coordinates": [ [ 68.845, 27.6775 ], [ 68.850833333333327, 27.679166666666674 ] ] } },
{ "type": "Feature", "properties": { "COMID": 45035611, "id": "311", "lengthkm": 2.1794084962279281, "order": 8, "uparea": 722643.66939963412 }, "geometry": { "type": "LineString", "coordinates": [ [ 68.825833333333335, 27.671666666666674 ], [ 68.831666666666663, 27.675 ], [ 68.845, 27.6775 ] ] } },
{ "type": "Feature", "properties": { "COMID": 45035610, "id": "311", "lengthkm": 13.59351269015178, "order": 8, "uparea": 722709.36783217953 }, "geometry": { "type": "LineString", "coordinates": [ [ 68.724166666666662, 27.705 ], [ 68.725833333333327, 27.706666666666678 ], [ 68.73833333333333, 27.705 ], [ 68.7425, 27.700833333333343 ], [ 68.74666666666667, 27.7 ], [ 68.7525, 27.690833333333345 ], [ 68.759166666666658, 27.685833333333342 ], [ 68.763333333333335, 27.675 ], [ 68.766666666666666, 27.671666666666674 ], [ 68.775833333333324, 27.6675 ], [ 68.780833333333334, 27.669166666666676 ], [ 68.786666666666662, 27.6675 ], [ 68.79, 27.664166666666674 ], [ 68.8, 27.665833333333342 ], [ 68.8075, 27.664166666666674 ], [ 68.811666666666667, 27.6675 ], [ 68.825833333333335, 27.671666666666674 ] ] } },
{ "type": "Feature", "properties": { "COMID": 45035609, "id": "311", "lengthkm": 29.38889155439788, "order": 8, "uparea": 722824.81488652527 }, "geometry": { "type": "LineString", "coordinates": [ [ 68.57416666666667, 27.690833333333345 ], [ 68.576666666666668, 27.696666666666676 ], [ 68.585833333333326, 27.7025 ], [ 68.5875, 27.706666666666678 ], [ 68.594166666666666, 27.711666666666677 ], [ 68.5975, 27.718333333333341 ], [ 68.605, 27.725833333333341 ], [ 68.608333333333334, 27.730833333333344 ], [ 68.611666666666665, 27.741666666666674 ], [ 68.615833333333327, 27.745 ], [ 68.6175, 27.75 ], [ 68.625, 27.759166666666676 ], [ 68.633333333333326, 27.76583333333334 ], [ 68.635833333333323, 27.771666666666675 ], [ 68.648333333333326, 27.783333333333342 ], [ 68.665, 27.79 ], [ 68.669166666666669, 27.79 ], [ 68.673333333333332, 27.7875 ], [ 68.68416666666667, 27.774166666666677 ], [ 68.68416666666667, 27.771666666666675 ], [ 68.688333333333333, 27.765 ], [ 68.685833333333335, 27.758333333333344 ], [ 68.691666666666663, 27.75 ], [ 68.69083333333333, 27.745833333333344 ], [ 68.6925, 27.744166666666676 ], [ 68.69083333333333, 27.7425 ], [ 68.700833333333335, 27.731666666666676 ], [ 68.7, 27.7275 ], [ 68.705, 27.7225 ], [ 68.705833333333331, 27.718333333333341 ], [ 68.709166666666661, 27.715 ], [ 68.710833333333326, 27.715833333333343 ], [ 68.7175, 27.7075 ], [ 68.718333333333334, 27.708333333333343 ], [ 68.724166666666662, 27.705 ] ] } },
{ "type": "Feature", "properties": { "COMID": 45035608, "id": "311", "lengthkm": 8.9178648726943948, "order": 8, "uparea": 722957.98013355059 }, "geometry": { "type": "LineString", "coordinates": [ [ 68.513333333333335, 27.715 ], [ 68.516666666666666, 27.710833333333341 ], [ 68.518333333333331, 27.711666666666677 ], [ 68.524166666666659, 27.708333333333343 ], [ 68.526666666666671, 27.704166666666676 ], [ 68.531666666666666, 27.7025 ], [ 68.535, 27.698333333333345 ], [ 68.534166666666664, 27.695 ], [ 68.535833333333329, 27.6925 ], [ 68.545, 27.685 ], [ 68.55083333333333, 27.683333333333344 ], [ 68.55416666666666, 27.684166666666677 ], [ 68.5575, 27.681666666666676 ], [ 68.564166666666665, 27.684166666666677 ], [ 68.57416666666667, 27.690833333333345 ] ] } },
{ "type": "Feature", "properties": { "COMID": 45035607, "id": "311", "lengthkm": 19.738909378812398, "order": 8, "uparea": 723083.04431653966 }, "geometry": { "type": "LineString", "coordinates": [ [ 68.436666666666667, 27.631666666666675 ], [ 68.431666666666658, 27.638333333333343 ], [ 68.428333333333327, 27.638333333333343 ], [ 68.42916666666666, 27.640833333333344 ], [ 68.4225, 27.648333333333341 ], [ 68.421666666666667, 27.654166666666676 ], [ 68.421666666666667, 27.664166666666674 ], [ 68.424166666666665, 27.669166666666676 ], [ 68.428333333333327, 27.674166666666679 ], [ 68.42916666666666, 27.6775 ], [ 68.436666666666667, 27.683333333333344 ], [ 68.43416666666667, 27.689166666666676 ], [ 68.438333333333333, 27.6925 ], [ 68.445833333333326, 27.691666666666677 ], [ 68.448333333333338, 27.694166666666675 ], [ 68.448333333333338, 27.6975 ], [ 68.453333333333333, 27.7 ], [ 68.465, 27.7 ], [ 68.469166666666666, 27.696666666666676 ], [ 68.470833333333331, 27.698333333333345 ], [ 68.4775, 27.6975 ], [ 68.4875, 27.700833333333343 ], [ 68.49166666666666, 27.704166666666676 ], [ 68.493333333333325, 27.70333333333334 ], [ 68.495, 27.705 ], [ 68.4975, 27.70333333333334 ], [ 68.499166666666667, 27.705 ], [ 68.500833333333333, 27.704166666666676 ], [ 68.5075, 27.706666666666678 ], [ 68.5125, 27.706666666666678 ], [ 68.514166666666668, 27.709166666666675 ], [ 68.51, 27.715 ], [ 68.513333333333335, 27.715 ] ] } },
{ "type": "Feature", "properties": { "COMID": 45035606, "id": "311", "lengthkm": 10.446086497068034, "order": 8, "uparea": 723198.7436753267 }, "geometry": { "type": "LineString", "coordinates": [ [ 68.36666666666666, 27.603333333333342 ], [ 68.373333333333335, 27.6025 ], [ 68.381666666666661, 27.604166666666679 ], [ 68.3875, 27.601666666666674 ], [ 68.395833333333329, 27.6025 ], [ 68.401666666666671, 27.601666666666674 ], [ 68.408333333333331, 27.598333333333343 ], [ 68.411666666666662, 27.598333333333343 ], [ 68.413333333333327, 27.600833333333341 ], [ 68.421666666666667, 27.600833333333341 ], [ 68.425, 27.6025 ], [ 68.436666666666667, 27.615833333333342 ], [ 68.436666666666667, 27.62 ], [ 68.438333333333333, 27.621666666666677 ], [ 68.436666666666667, 27.631666666666675 ] ] } },
{ "type": "Feature", "properties": { "COMID": 45035605, "id": "311", "lengthkm": 0.57480710766870902, "order": 8, "uparea": 723256.71740359813 }, "geometry": { "type": "LineString", "coordinates": [ [ 68.360833333333332, 27.603333333333342 ], [ 68.36666666666666, 27.603333333333342 ] ] } },
{ "type": "Feature", "properties": { "COMID": 45035604, "id": "311", "lengthkm": 20.607878585447608, "order": 8, "uparea": 723351.04927540058 }, "geometry": { "type": "LineString", "coordinates": [ [ 68.346666666666664, 27.54 ], [ 68.3425, 27.536666666666676 ], [ 68.339166666666671, 27.536666666666676 ], [ 68.3375, 27.535 ], [ 68.335833333333326, 27.535833333333343 ], [ 68.330833333333331, 27.5325 ], [ 68.313333333333333, 27.53 ], [ 68.308333333333337, 27.534166666666678 ], [ 68.3, 27.534166666666678 ], [ 68.295833333333334, 27.536666666666676 ], [ 68.29, 27.541666666666679 ], [ 68.288333333333327, 27.545833333333341 ], [ 68.289166666666659, 27.55 ], [ 68.295, 27.555 ], [ 68.294166666666669, 27.561666666666675 ], [ 68.2975, 27.565 ], [ 68.2975, 27.569166666666675 ], [ 68.293333333333337, 27.579166666666676 ], [ 68.295833333333334, 27.585833333333341 ], [ 68.303333333333327, 27.593333333333341 ], [ 68.3075, 27.593333333333341 ], [ 68.32, 27.601666666666674 ], [ 68.323333333333338, 27.601666666666674 ], [ 68.325, 27.6 ], [ 68.330833333333331, 27.600833333333341 ], [ 68.334166666666661, 27.599166666666676 ], [ 68.341666666666669, 27.599166666666676 ], [ 68.350833333333327, 27.6025 ], [ 68.360833333333332, 27.603333333333342 ] ] } },
{ "type": "Feature", "properties": { "COMID": 45035603, "id": "311", "lengthkm": 8.9331569295446478, "order": 8, "uparea": 723402.10034099058 }, "geometry": { "type": "LineString", "coordinates": [ [ 68.380833333333328, 27.506666666666675 ], [ 68.380833333333328, 27.510833333333345 ], [ 68.38666666666667, 27.519166666666678 ], [ 68.385, 27.52 ], [ 68.385833333333338, 27.526666666666678 ], [ 68.3825, 27.531666666666677 ], [ 68.379166666666663, 27.533333333333346 ], [ 68.38, 27.535 ], [ 68.3775, 27.538333333333341 ], [ 68.37833333333333, 27.539166666666677 ], [ 68.374166666666667, 27.543333333333344 ], [ 68.373333333333335, 27.5425 ], [ 68.370833333333337, 27.544166666666676 ], [ 68.3675, 27.5425 ], [ 68.358333333333334, 27.5425 ], [ 68.355833333333337, 27.543333333333344 ], [ 68.355, 27.545833333333341 ], [ 68.35, 27.540833333333342 ], [ 68.346666666666664, 27.54 ] ] } },
{ "type": "Feature", "properties": { "COMID": 45035602, "id": "311", "lengthkm": 21.659131694553615, "order": 8, "uparea": 723563.70968910749 }, "geometry": { "type": "LineString", "coordinates": [ [ 68.273333333333326, 27.435 ], [ 68.273333333333326, 27.440833333333345 ], [ 68.268333333333331, 27.450833333333343 ], [ 68.270833333333329, 27.4525 ], [ 68.271666666666661, 27.461666666666677 ], [ 68.275833333333338, 27.464166666666678 ], [ 68.275, 27.465 ], [ 68.283333333333331, 27.473333333333343 ], [ 68.285, 27.481666666666676 ], [ 68.299166666666665, 27.490833333333342 ], [ 68.295833333333334, 27.4925 ], [ 68.3, 27.4975 ], [ 68.305833333333325, 27.4925 ], [ 68.3125, 27.494166666666676 ], [ 68.314166666666665, 27.491666666666674 ], [ 68.3125, 27.49 ], [ 68.3225, 27.483333333333341 ], [ 68.334166666666661, 27.481666666666676 ], [ 68.333333333333329, 27.4825 ], [ 68.335833333333326, 27.485 ], [ 68.338333333333338, 27.485 ], [ 68.3475, 27.480833333333344 ], [ 68.353333333333325, 27.480833333333344 ], [ 68.355833333333337, 27.479166666666679 ], [ 68.379166666666663, 27.503333333333345 ], [ 68.380833333333328, 27.506666666666675 ] ] } },
{ "type": "Feature", "properties": { "COMID": 45035601, "id": "311", "lengthkm": 11.179846654719707, "order": 8, "uparea": 723612.48167111003 }, "geometry": { "type": "LineString", "coordinates": [ [ 68.294166666666669, 27.358333333333341 ], [ 68.293333333333337, 27.359166666666674 ], [ 68.295, 27.361666666666679 ], [ 68.293333333333337, 27.364166666666677 ], [ 68.295833333333334, 27.368333333333343 ], [ 68.295833333333334, 27.375 ], [ 68.294166666666669, 27.376666666666676 ], [ 68.295, 27.379166666666677 ], [ 68.288333333333327, 27.388333333333343 ], [ 68.283333333333331, 27.3925 ], [ 68.2825, 27.396666666666675 ], [ 68.2825, 27.398333333333341 ], [ 68.289166666666659, 27.405 ], [ 68.288333333333327, 27.408333333333346 ], [ 68.2925, 27.41 ], [ 68.2925, 27.415 ], [ 68.289166666666659, 27.4175 ], [ 68.289166666666659, 27.419166666666676 ], [ 68.285, 27.420833333333341 ], [ 68.275833333333338, 27.429166666666674 ], [ 68.273333333333326, 27.435 ] ] } },
{ "type": "Feature", "properties": { "COMID": 45035600, "id": "311", "lengthkm": 20.411610614677716, "order": 8, "uparea": 724106.69153357798 }, "geometry": { "type": "LineString", "coordinates": [ [ 68.1425, 27.295 ], [ 68.1425, 27.299166666666679 ], [ 68.146666666666661, 27.300833333333344 ], [ 68.161666666666662, 27.326666666666675 ], [ 68.18, 27.341666666666676 ], [ 68.195833333333326, 27.351666666666677 ], [ 68.2, 27.351666666666677 ], [ 68.204166666666666, 27.354166666666679 ], [ 68.205833333333331, 27.353333333333342 ], [ 68.2125, 27.356666666666676 ], [ 68.223333333333329, 27.356666666666676 ], [ 68.233333333333334, 27.3525 ], [ 68.283333333333331, 27.35 ], [ 68.290833333333325, 27.3525 ], [ 68.290833333333325, 27.355833333333344 ], [ 68.294166666666669, 27.358333333333341 ] ] } },
{ "type": "Feature", "properties": { "COMID": 45035599, "id": "311", "lengthkm": 7.2916957294129059, "order": 8, "uparea": 724143.82346580457 }, "geometry": { "type": "LineString", "coordinates": [ [ 68.1625, 27.238333333333344 ], [ 68.149166666666659, 27.253333333333345 ], [ 68.145833333333329, 27.259166666666676 ], [ 68.145, 27.265833333333344 ], [ 68.143333333333331, 27.2675 ], [ 68.143333333333331, 27.274166666666677 ], [ 68.14, 27.2825 ], [ 68.1425, 27.295 ] ] } },
{ "type": "Feature", "properties": { "COMID": 45035598, "id": "311", "lengthkm": 5.3898421970529418, "order": 8, "uparea": 724228.46936634998 }, "geometry": { "type": "LineString", "coordinates": [ [ 68.193333333333328, 27.201666666666675 ], [ 68.17583333333333, 27.225 ], [ 68.1625, 27.238333333333344 ] ] } },
{ "type": "Feature", "properties": { "COMID": 45035597, "id": "311", "lengthkm": 17.127368461647546, "order": 8, "uparea": 724326.70844985091 }, "geometry": { "type": "LineString", "coordinates": [ [ 68.083333333333329, 27.168333333333344 ], [ 68.088333333333338, 27.1675 ], [ 68.0925, 27.17 ], [ 68.098333333333329, 27.165 ], [ 68.11333333333333, 27.164166666666677 ], [ 68.125833333333333, 27.159166666666678 ], [ 68.140833333333333, 27.16 ], [ 68.149166666666659, 27.1575 ], [ 68.1575, 27.164166666666677 ], [ 68.165, 27.165833333333346 ], [ 68.168333333333337, 27.168333333333344 ], [ 68.176666666666662, 27.169166666666676 ], [ 68.180833333333325, 27.171666666666674 ], [ 68.191666666666663, 27.171666666666674 ], [ 68.2, 27.1775 ], [ 68.200833333333335, 27.183333333333344 ], [ 68.198333333333338, 27.185833333333342 ], [ 68.2, 27.188333333333343 ], [ 68.193333333333328, 27.201666666666675 ] ] } },
{ "type": "Feature", "properties": { "COMID": 45039699, "id": "311", "lengthkm": 7.8831239566046998, "order": 8, "uparea": 724438.57051780738 }, "geometry": { "type": "LineString", "coordinates": [ [ 68.105, 27.11 ], [ 68.1025, 27.115833333333342 ], [ 68.091666666666669, 27.129166666666677 ], [ 68.091666666666669, 27.131666666666675 ], [ 68.088333333333338, 27.135 ], [ 68.088333333333338, 27.138333333333343 ], [ 68.085, 27.140833333333344 ], [ 68.085, 27.145833333333343 ], [ 68.081666666666663, 27.149166666666677 ], [ 68.081666666666663, 27.154166666666676 ], [ 68.085, 27.1575 ], [ 68.083333333333329, 27.168333333333344 ] ] } },
{ "type": "Feature", "properties": { "COMID": 45039698, "id": "311", "lengthkm": 11.728215632135219, "order": 8, "uparea": 724547.73056466423 }, "geometry": { "type": "LineString", "coordinates": [ [ 68.0425, 27.0825 ], [ 68.049166666666665, 27.091666666666676 ], [ 68.055833333333325, 27.093333333333341 ], [ 68.0575, 27.090833333333343 ], [ 68.06583333333333, 27.09 ], [ 68.070833333333326, 27.081666666666678 ], [ 68.0725, 27.081666666666678 ], [ 68.078333333333333, 27.075833333333343 ], [ 68.085, 27.075 ], [ 68.091666666666669, 27.076666666666675 ], [ 68.095, 27.08 ], [ 68.0975, 27.08 ], [ 68.1025, 27.086666666666677 ], [ 68.1025, 27.094166666666677 ], [ 68.104166666666657, 27.095 ], [ 68.104166666666657, 27.100833333333341 ], [ 68.1025, 27.103333333333346 ], [ 68.105, 27.11 ] ] } },
{ "type": "Feature", "properties": { "COMID": 45039697, "id": "311", "lengthkm": 10.652198633938212, "order": 8, "uparea": 724626.97589413519 }, "geometry": { "type": "LineString", "coordinates": [ [ 68.0375, 26.996666666666677 ], [ 68.035833333333329, 27.0 ], [ 68.035, 27.010833333333345 ], [ 68.03, 27.014166666666675 ], [ 68.03, 27.015833333333344 ], [ 68.033333333333331, 27.024166666666677 ], [ 68.0325, 27.0275 ], [ 68.0375, 27.038333333333341 ], [ 68.0375, 27.048333333333343 ], [ 68.035833333333329, 27.050833333333344 ], [ 68.036666666666662, 27.060833333333342 ], [ 68.039166666666659, 27.063333333333343 ], [ 68.04, 27.074166666666677 ], [ 68.0425, 27.0825 ] ] } },
{ "type": "Feature", "properties": { "COMID": 45039696, "id": "311", "lengthkm": 24.856730813250113, "order": 8, "uparea": 724735.06584753876 }, "geometry": { "type": "LineString", "coordinates": [ [ 67.893333333333331, 26.8875 ], [ 67.898333333333326, 26.890833333333344 ], [ 67.9, 26.893333333333345 ], [ 67.899166666666659, 26.895 ], [ 67.909166666666664, 26.9075 ], [ 67.91, 26.9125 ], [ 67.9075, 26.935833333333342 ], [ 67.911666666666662, 26.940833333333345 ], [ 67.918333333333337, 26.944166666666675 ], [ 67.924166666666665, 26.94 ], [ 67.930833333333325, 26.94 ], [ 67.93416666666667, 26.941666666666677 ], [ 67.936666666666667, 26.945 ], [ 67.935833333333335, 26.9475 ], [ 67.939166666666665, 26.95 ], [ 67.955833333333331, 26.954166666666676 ], [ 67.974166666666662, 26.955 ], [ 67.98, 26.96 ], [ 67.983333333333334, 26.960833333333344 ], [ 67.985833333333332, 26.959166666666675 ], [ 67.994166666666658, 26.9625 ], [ 68.0, 26.96 ], [ 68.006666666666661, 26.96 ], [ 68.019166666666663, 26.964166666666678 ], [ 68.023333333333326, 26.964166666666678 ], [ 68.035, 26.9725 ], [ 68.034166666666664, 26.986666666666679 ], [ 68.0375, 26.990833333333342 ], [ 68.0375, 26.996666666666677 ] ] } },
{ "type": "Feature", "properties": { "COMID": 45039695, "id": "311", "lengthkm": 9.518847419204107, "order": 8, "uparea": 724941.02505042206 }, "geometry": { "type": "LineString", "coordinates": [ [ 67.945833333333326, 26.8575 ], [ 67.945833333333326, 26.86 ], [ 67.941666666666663, 26.865 ], [ 67.9325, 26.870833333333344 ], [ 67.923333333333332, 26.874166666666675 ], [ 67.908333333333331, 26.875 ], [ 67.899166666666659, 26.87 ], [ 67.89, 26.87 ], [ 67.88666666666667, 26.875 ], [ 67.888333333333335, 26.875833333333343 ], [ 67.890833333333333, 26.880833333333342 ], [ 67.89, 26.883333333333344 ], [ 67.893333333333331, 26.8875 ] ] } },
{ "type": "Feature", "properties": { "COMID": 45039694, "id": "311", "lengthkm": 18.202396807757388, "order": 8, "uparea": 725054.0774251495 }, "geometry": { "type": "LineString", "coordinates": [ [ 67.883333333333326, 26.728333333333346 ], [ 67.874166666666667, 26.745833333333344 ], [ 67.876666666666665, 26.755833333333342 ], [ 67.88, 26.760833333333345 ], [ 67.889166666666668, 26.764166666666675 ], [ 67.895833333333329, 26.770833333333343 ], [ 67.9, 26.7725 ], [ 67.9, 26.775 ], [ 67.906666666666666, 26.7825 ], [ 67.9075, 26.786666666666676 ], [ 67.914166666666659, 26.794166666666676 ], [ 67.916666666666671, 26.804166666666674 ], [ 67.921666666666667, 26.811666666666675 ], [ 67.92583333333333, 26.8225 ], [ 67.926666666666662, 26.83 ], [ 67.93, 26.8325 ], [ 67.930833333333325, 26.836666666666677 ], [ 67.944166666666661, 26.849166666666676 ], [ 67.945833333333326, 26.8575 ] ] } },
{ "type": "Feature", "properties": { "COMID": 45039693, "id": "311", "lengthkm": 16.733600497292134, "order": 8, "uparea": 725247.77805659513 }, "geometry": { "type": "LineString", "coordinates": [ [ 67.831666666666663, 26.624166666666675 ], [ 67.839166666666671, 26.6275 ], [ 67.845, 26.635 ], [ 67.850833333333327, 26.633333333333344 ], [ 67.861666666666665, 26.633333333333344 ], [ 67.87166666666667, 26.643333333333345 ], [ 67.876666666666665, 26.650833333333345 ], [ 67.875833333333333, 26.654166666666676 ], [ 67.885, 26.669166666666676 ], [ 67.885, 26.674166666666679 ], [ 67.895, 26.689166666666679 ], [ 67.894166666666663, 26.695833333333344 ], [ 67.895833333333329, 26.7 ], [ 67.895833333333329, 26.710833333333344 ], [ 67.893333333333331, 26.721666666666678 ], [ 67.885833333333338, 26.728333333333346 ], [ 67.883333333333326, 26.728333333333346 ] ] } },
{ "type": "Feature", "properties": { "COMID": 45043692, "id": "311", "lengthkm": 7.7661556103213751, "order": 8, "uparea": 725339.20992777497 }, "geometry": { "type": "LineString", "coordinates": [ [ 67.806666666666672, 26.57166666666668 ], [ 67.801666666666662, 26.574166666666677 ], [ 67.801666666666662, 26.580833333333345 ], [ 67.799166666666665, 26.585833333333344 ], [ 67.8025, 26.591666666666676 ], [ 67.8025, 26.595 ], [ 67.805, 26.599166666666676 ], [ 67.8125, 26.604166666666679 ], [ 67.813333333333333, 26.606666666666676 ], [ 67.831666666666663, 26.624166666666675 ] ] } },
{ "type": "Feature", "properties": { "COMID": 45039692, "id": "311", "lengthkm": 10.520167311711894, "order": 8, "uparea": 725899.64001959621 }, "geometry": { "type": "LineString", "coordinates": [ [ 67.884166666666658, 26.585 ], [ 67.879166666666663, 26.593333333333344 ], [ 67.873333333333335, 26.598333333333343 ], [ 67.870833333333337, 26.598333333333343 ], [ 67.869166666666658, 26.596666666666678 ], [ 67.856666666666669, 26.593333333333344 ], [ 67.8475, 26.583333333333343 ], [ 67.846666666666664, 26.58 ], [ 67.838333333333338, 26.575833333333343 ], [ 67.835, 26.5725 ], [ 67.8325, 26.573333333333345 ], [ 67.830833333333331, 26.57166666666668 ], [ 67.820833333333326, 26.570833333333344 ], [ 67.816666666666663, 26.5725 ], [ 67.80916666666667, 26.57 ], [ 67.806666666666672, 26.57166666666668 ] ] } },
{ "type": "Feature", "properties": { "COMID": 45043691, "id": "311", "lengthkm": 7.4110955847659374, "order": 8, "uparea": 726656.26038760238 }, "geometry": { "type": "LineString", "coordinates": [ [ 67.9325, 26.548333333333346 ], [ 67.928333333333327, 26.55 ], [ 67.9225, 26.549166666666679 ], [ 67.915, 26.550833333333344 ], [ 67.9075, 26.555833333333343 ], [ 67.904166666666669, 26.555833333333343 ], [ 67.889166666666668, 26.57 ], [ 67.885, 26.576666666666675 ], [ 67.884166666666658, 26.585 ] ] } },
{ "type": "Feature", "properties": { "COMID": 45043690, "id": "311", "lengthkm": 2.781867491324137, "order": 8, "uparea": 726725.03803351813 }, "geometry": { "type": "LineString", "coordinates": [ [ 67.946666666666658, 26.53 ], [ 67.945, 26.535 ], [ 67.938333333333333, 26.539166666666677 ], [ 67.935833333333335, 26.545833333333341 ], [ 67.9325, 26.548333333333346 ] ] } },
{ "type": "Feature", "properties": { "COMID": 45043689, "id": "311", "lengthkm": 15.678099533324835, "order": 8, "uparea": 726863.16318658588 }, "geometry": { "type": "LineString", "coordinates": [ [ 67.879166666666663, 26.424166666666679 ], [ 67.895833333333329, 26.429166666666678 ], [ 67.905, 26.4375 ], [ 67.906666666666666, 26.445833333333344 ], [ 67.903333333333336, 26.450833333333343 ], [ 67.9025, 26.464166666666678 ], [ 67.905833333333334, 26.478333333333346 ], [ 67.9125, 26.4875 ], [ 67.928333333333327, 26.503333333333345 ], [ 67.93416666666667, 26.506666666666675 ], [ 67.945, 26.516666666666676 ], [ 67.946666666666658, 26.53 ] ] } },
{ "type": "Feature", "properties": { "COMID": 45043688, "id": "311", "lengthkm": 18.574411575187227, "order": 8, "uparea": 825523.61787449906 }, "geometry": { "type": "LineString", "coordinates": [ [ 67.933333333333337, 26.314166666666679 ], [ 67.926666666666662, 26.315833333333345 ], [ 67.9075, 26.314166666666679 ], [ 67.9, 26.316666666666677 ], [ 67.8925, 26.320833333333344 ], [ 67.885833333333338, 26.33 ], [ 67.880833333333328, 26.345833333333346 ], [ 67.881666666666661, 26.349166666666676 ], [ 67.890833333333333, 26.358333333333341 ], [ 67.893333333333331, 26.370833333333344 ], [ 67.895833333333329, 26.3725 ], [ 67.8975, 26.3775 ], [ 67.8975, 26.38416666666668 ], [ 67.895833333333329, 26.385833333333345 ], [ 67.899166666666659, 26.395 ], [ 67.894166666666663, 26.405 ], [ 67.885833333333338, 26.409166666666678 ], [ 67.88, 26.416666666666679 ], [ 67.879166666666663, 26.424166666666679 ] ] } },
{ "type": "Feature", "properties": { "COMID": 45043687, "id": "311", "lengthkm": 13.817941704037899, "order": 8, "uparea": 825699.62993286818 }, "geometry": { "type": "LineString", "coordinates": [ [ 67.928333333333327, 26.2475 ], [ 67.918333333333337, 26.256666666666675 ], [ 67.918333333333337, 26.261666666666677 ], [ 67.921666666666667, 26.266666666666676 ], [ 67.9275, 26.271666666666675 ], [ 67.933333333333337, 26.271666666666675 ], [ 67.93416666666667, 26.273333333333344 ], [ 67.945833333333326, 26.276666666666678 ], [ 67.94916666666667, 26.28 ], [ 67.951666666666668, 26.278333333333343 ], [ 67.958333333333329, 26.280833333333344 ], [ 67.9675, 26.2875 ], [ 67.965833333333336, 26.2925 ], [ 67.953333333333333, 26.304166666666678 ], [ 67.95, 26.305833333333347 ], [ 67.944166666666661, 26.305 ], [ 67.935, 26.314166666666679 ], [ 67.933333333333337, 26.314166666666679 ] ] } },
{ "type": "Feature", "properties": { "COMID": 45043686, "id": "311", "lengthkm": 14.964591384706635, "order": 8, "uparea": 825837.56857267255 }, "geometry": { "type": "LineString", "coordinates": [ [ 68.013333333333335, 26.186666666666678 ], [ 68.01166666666667, 26.188333333333343 ], [ 68.01, 26.19666666666668 ], [ 68.014166666666668, 26.209166666666675 ], [ 68.01, 26.215 ], [ 68.01, 26.225 ], [ 68.001666666666665, 26.235 ], [ 67.99666666666667, 26.235 ], [ 67.993333333333325, 26.2375 ], [ 67.976666666666659, 26.2375 ], [ 67.964166666666671, 26.233333333333341 ], [ 67.948333333333338, 26.230833333333344 ], [ 67.94083333333333, 26.233333333333341 ], [ 67.928333333333327, 26.2475 ] ] } },
{ "type": "Feature", "properties": { "COMID": 45043685, "id": "311", "lengthkm": 2.3337515046411661, "order": 8, "uparea": 825898.65616356942 }, "geometry": { "type": "LineString", "coordinates": [ [ 68.028333333333336, 26.170833333333341 ], [ 68.013333333333335, 26.186666666666678 ] ] } },
{ "type": "Feature", "properties": { "COMID": 45043684, "id": "311", "lengthkm": 1.171910256217783, "order": 8, "uparea": 826694.1947731924 }, "geometry": { "type": "LineString", "coordinates": [ [ 68.035833333333329, 26.163333333333345 ], [ 68.028333333333336, 26.170833333333341 ] ] } },
{ "type": "Feature", "properties": { "COMID": 45043683, "id": "311", "lengthkm": 3.4974618238921238, "order": 8, "uparea": 826779.16380995768 }, "geometry": { "type": "LineString", "coordinates": [ [ 68.060833333333335, 26.144166666666678 ], [ 68.046666666666667, 26.1525 ], [ 68.035833333333329, 26.163333333333345 ] ] } },
{ "type": "Feature", "properties": { "COMID": 45043682, "id": "311", "lengthkm": 6.1933988735253864, "order": 8, "uparea": 826906.44360829657 }, "geometry": { "type": "LineString", "coordinates": [ [ 68.11666666666666, 26.146666666666675 ], [ 68.110833333333332, 26.145833333333343 ], [ 68.100833333333327, 26.140833333333344 ], [ 68.089166666666671, 26.139166666666675 ], [ 68.0775, 26.139166666666675 ], [ 68.060833333333335, 26.144166666666678 ] ] } },
{ "type": "Feature", "properties": { "COMID": 45043681, "id": "311", "lengthkm": 10.259031985096977, "order": 8, "uparea": 827027.21627638326 }, "geometry": { "type": "LineString", "coordinates": [ [ 68.120833333333337, 26.07916666666668 ], [ 68.125, 26.089166666666678 ], [ 68.1275, 26.091666666666676 ], [ 68.125833333333333, 26.099166666666676 ], [ 68.131666666666661, 26.105 ], [ 68.13, 26.116666666666678 ], [ 68.135833333333338, 26.14166666666668 ], [ 68.13, 26.146666666666675 ], [ 68.11666666666666, 26.146666666666675 ] ] } },
{ "type": "Feature", "properties": { "COMID": 45043680, "id": "311", "lengthkm": 4.0919949104506612, "order": 8, "uparea": 827221.74162941938 }, "geometry": { "type": "LineString", "coordinates": [ [ 68.14, 26.05 ], [ 68.123333333333335, 26.065833333333345 ], [ 68.12, 26.073333333333345 ], [ 68.120833333333337, 26.07916666666668 ] ] } },
{ "type": "Feature", "properties": { "COMID": 45047750, "id": "311", "lengthkm": 32.398419805479243, "order": 8, "uparea": 827702.67723157548 }, "geometry": { "type": "LineString", "coordinates": [ [ 68.3325, 25.875833333333347 ], [ 68.326666666666668, 25.876666666666679 ], [ 68.325, 25.875 ], [ 68.321666666666658, 25.875 ], [ 68.32, 25.876666666666679 ], [ 68.310833333333335, 25.875833333333347 ], [ 68.30916666666667, 25.8775 ], [ 68.3, 25.875833333333347 ], [ 68.296666666666667, 25.8775 ], [ 68.2825, 25.878333333333345 ], [ 68.264166666666668, 25.889166666666675 ], [ 68.259166666666658, 25.898333333333344 ], [ 68.259166666666658, 25.900833333333345 ], [ 68.26166666666667, 25.903333333333343 ], [ 68.26, 25.918333333333344 ], [ 68.255833333333328, 25.9225 ], [ 68.256666666666661, 25.923333333333346 ], [ 68.245833333333337, 25.941666666666677 ], [ 68.240833333333327, 25.94666666666668 ], [ 68.240833333333327, 25.949166666666677 ], [ 68.2375, 25.953333333333344 ], [ 68.2325, 25.965 ], [ 68.231666666666669, 25.970833333333346 ], [ 68.22, 25.9925 ], [ 68.200833333333335, 26.013333333333343 ], [ 68.194166666666661, 26.018333333333345 ], [ 68.14, 26.05 ] ] } },
{ "type": "Feature", "properties": { "COMID": 45047749, "id": "311", "lengthkm": 12.1799135882504, "order": 8, "uparea": 827984.76704310114 }, "geometry": { "type": "LineString", "coordinates": [ [ 68.381666666666661, 25.789166666666677 ], [ 68.376666666666665, 25.795833333333345 ], [ 68.376666666666665, 25.805 ], [ 68.359166666666667, 25.8225 ], [ 68.356666666666669, 25.83 ], [ 68.345, 25.843333333333344 ], [ 68.34, 25.860833333333346 ], [ 68.340833333333336, 25.8725 ], [ 68.336666666666659, 25.875833333333347 ], [ 68.3325, 25.875833333333347 ] ] } },
{ "type": "Feature", "properties": { "COMID": 45047748, "id": "311", "lengthkm": 11.953752872280704, "order": 8, "uparea": 828390.60089591052 }, "geometry": { "type": "LineString", "coordinates": [ [ 68.319166666666661, 25.713333333333345 ], [ 68.321666666666658, 25.715833333333343 ], [ 68.333333333333329, 25.720833333333346 ], [ 68.3325, 25.724166666666676 ], [ 68.3425, 25.729166666666679 ], [ 68.345833333333331, 25.7325 ], [ 68.3475, 25.735833333333346 ], [ 68.345833333333331, 25.7375 ], [ 68.353333333333325, 25.748333333333342 ], [ 68.355, 25.753333333333345 ], [ 68.38, 25.781666666666677 ], [ 68.381666666666661, 25.784166666666678 ], [ 68.381666666666661, 25.789166666666677 ] ] } },
{ "type": "Feature", "properties": { "COMID": 45047747, "id": "311", "lengthkm": 15.901375433785295, "order": 8, "uparea": 829337.52867651812 }, "geometry": { "type": "LineString", "coordinates": [ [ 68.426666666666662, 25.648333333333344 ], [ 68.424166666666665, 25.650833333333345 ], [ 68.423333333333332, 25.6575 ], [ 68.415, 25.663333333333345 ], [ 68.411666666666662, 25.670833333333345 ], [ 68.405833333333334, 25.675833333333344 ], [ 68.405833333333334, 25.6775 ], [ 68.409166666666664, 25.68 ], [ 68.405833333333334, 25.685833333333342 ], [ 68.375833333333333, 25.684166666666677 ], [ 68.360833333333332, 25.6875 ], [ 68.3475, 25.6925 ], [ 68.335833333333326, 25.7 ], [ 68.32416666666667, 25.705 ], [ 68.32, 25.709166666666675 ], [ 68.319166666666661, 25.713333333333345 ] ] } },
{ "type": "Feature", "properties": { "COMID": 45047746, "id": "311", "lengthkm": 8.1926186510774226, "order": 8, "uparea": 829524.47395390016 }, "geometry": { "type": "LineString", "coordinates": [ [ 68.37166666666667, 25.608333333333345 ], [ 68.396666666666661, 25.615 ], [ 68.406666666666666, 25.621666666666677 ], [ 68.4075, 25.620833333333344 ], [ 68.415833333333325, 25.630833333333342 ], [ 68.419166666666669, 25.6425 ], [ 68.426666666666662, 25.648333333333344 ] ] } },
{ "type": "Feature", "properties": { "COMID": 45047745, "id": "311", "lengthkm": 7.8705876456181123, "order": 8, "uparea": 829758.79830574768 }, "geometry": { "type": "LineString", "coordinates": [ [ 68.390833333333333, 25.549166666666679 ], [ 68.393333333333331, 25.555 ], [ 68.393333333333331, 25.561666666666678 ], [ 68.385833333333338, 25.573333333333345 ], [ 68.3825, 25.575 ], [ 68.375, 25.584166666666675 ], [ 68.368333333333325, 25.598333333333343 ], [ 68.368333333333325, 25.605 ], [ 68.37166666666667, 25.608333333333345 ] ] } },
{ "type": "Feature", "properties": { "COMID": 45047744, "id": "311", "lengthkm": 2.7929150899053168, "order": 8, "uparea": 829846.95857476629 }, "geometry": { "type": "LineString", "coordinates": [ [ 68.368333333333325, 25.538333333333345 ], [ 68.3775, 25.545 ], [ 68.38666666666667, 25.546666666666678 ], [ 68.390833333333333, 25.549166666666679 ] ] } },
{ "type": "Feature", "properties": { "COMID": 45047743, "id": "311", "lengthkm": 6.7733636194292286, "order": 8, "uparea": 830615.75133765815 }, "geometry": { "type": "LineString", "coordinates": [ [ 68.321666666666658, 25.505 ], [ 68.329166666666666, 25.511666666666677 ], [ 68.343333333333334, 25.511666666666677 ], [ 68.351666666666659, 25.515833333333344 ], [ 68.359166666666667, 25.523333333333344 ], [ 68.368333333333325, 25.538333333333345 ] ] } },
{ "type": "Feature", "properties": { "COMID": 45047742, "id": "311", "lengthkm": 5.4335074070052691, "order": 8, "uparea": 830679.77834853542 }, "geometry": { "type": "LineString", "coordinates": [ [ 68.316666666666663, 25.4625 ], [ 68.3125, 25.47 ], [ 68.31, 25.481666666666676 ], [ 68.311666666666667, 25.488333333333344 ], [ 68.321666666666658, 25.505 ] ] } },
{ "type": "Feature", "properties": { "COMID": 45047741, "id": "311", "lengthkm": 2.606223330534279, "order": 8, "uparea": 830902.20851079375 }, "geometry": { "type": "LineString", "coordinates": [ [ 68.31583333333333, 25.441666666666677 ], [ 68.32, 25.453333333333344 ], [ 68.316666666666663, 25.4625 ] ] } },
{ "type": "Feature", "properties": { "COMID": 45047740, "id": "311", "lengthkm": 0.31017766657950802, "order": 8, "uparea": 831076.57329535985 }, "geometry": { "type": "LineString", "coordinates": [ [ 68.315, 25.439166666666679 ], [ 68.31583333333333, 25.441666666666677 ] ] } },
{ "type": "Feature", "properties": { "COMID": 45051878, "id": "311", "lengthkm": 41.309578193004533, "order": 8, "uparea": 831348.94610087201 }, "geometry": { "type": "LineString", "coordinates": [ [ 68.339166666666671, 25.179166666666678 ], [ 68.336666666666659, 25.178333333333345 ], [ 68.328333333333333, 25.1825 ], [ 68.320833333333326, 25.178333333333345 ], [ 68.315, 25.181666666666679 ], [ 68.31, 25.1825 ], [ 68.2875, 25.1825 ], [ 68.2825, 25.185 ], [ 68.279166666666669, 25.19 ], [ 68.279166666666669, 25.1975 ], [ 68.284166666666664, 25.206666666666678 ], [ 68.290833333333325, 25.2125 ], [ 68.295833333333334, 25.220833333333346 ], [ 68.315, 25.2425 ], [ 68.330833333333331, 25.254166666666677 ], [ 68.34, 25.2675 ], [ 68.34, 25.27 ], [ 68.3425, 25.271666666666675 ], [ 68.346666666666664, 25.28 ], [ 68.350833333333327, 25.295 ], [ 68.350833333333327, 25.301666666666677 ], [ 68.349166666666662, 25.304166666666678 ], [ 68.35, 25.310833333333342 ], [ 68.344166666666666, 25.3175 ], [ 68.344166666666666, 25.326666666666679 ], [ 68.334166666666661, 25.350833333333345 ], [ 68.331666666666663, 25.353333333333346 ], [ 68.331666666666663, 25.356666666666676 ], [ 68.325833333333335, 25.363333333333344 ], [ 68.306666666666658, 25.375833333333347 ], [ 68.3075, 25.380833333333342 ], [ 68.305, 25.3875 ], [ 68.3075, 25.395833333333343 ], [ 68.310833333333335, 25.400833333333345 ], [ 68.31, 25.404166666666676 ], [ 68.313333333333333, 25.41 ], [ 68.31583333333333, 25.420833333333345 ], [ 68.315, 25.439166666666679 ] ] } },
{ "type": "Feature", "properties": { "COMID": 45051877, "id": "311", "lengthkm": 4.3262078763479277, "order": 8, "uparea": 831391.3757437981 }, "geometry": { "type": "LineString", "coordinates": [ [ 68.360833333333332, 25.1525 ], [ 68.354166666666657, 25.161666666666676 ], [ 68.355, 25.164166666666677 ], [ 68.346666666666664, 25.173333333333346 ], [ 68.345833333333331, 25.1725 ], [ 68.344166666666666, 25.174166666666679 ], [ 68.344166666666666, 25.176666666666677 ], [ 68.340833333333336, 25.176666666666677 ], [ 68.339166666666671, 25.179166666666678 ] ] } },
{ "type": "Feature", "properties": { "COMID": 45051876, "id": "311", "lengthkm": 14.043984848270064, "order": 8, "uparea": 831471.66551537905 }, "geometry": { "type": "LineString", "coordinates": [ [ 68.2975, 25.136666666666677 ], [ 68.30416666666666, 25.138333333333343 ], [ 68.306666666666658, 25.135833333333345 ], [ 68.310833333333335, 25.135 ], [ 68.31, 25.1325 ], [ 68.311666666666667, 25.13 ], [ 68.314166666666665, 25.130833333333342 ], [ 68.31583333333333, 25.128333333333345 ], [ 68.319166666666661, 25.13 ], [ 68.320833333333326, 25.1275 ], [ 68.323333333333338, 25.1275 ], [ 68.325, 25.124166666666678 ], [ 68.326666666666668, 25.125 ], [ 68.329166666666666, 25.121666666666677 ], [ 68.335, 25.12 ], [ 68.345, 25.111666666666679 ], [ 68.3475, 25.1125 ], [ 68.350833333333327, 25.110833333333346 ], [ 68.353333333333325, 25.1125 ], [ 68.350833333333327, 25.115 ], [ 68.355833333333337, 25.118333333333347 ], [ 68.3575, 25.1175 ], [ 68.3625, 25.121666666666677 ], [ 68.36666666666666, 25.128333333333345 ], [ 68.365833333333327, 25.1425 ], [ 68.36333333333333, 25.145 ], [ 68.360833333333332, 25.1525 ] ] } },
{ "type": "Feature", "properties": { "COMID": 45051875, "id": "311", "lengthkm": 38.614078005323854, "order": 8, "uparea": 835656.97047156526 }, "geometry": { "type": "LineString", "coordinates": [ [ 68.188333333333333, 24.9875 ], [ 68.195, 24.984166666666678 ], [ 68.2075, 24.971666666666678 ], [ 68.205, 24.966666666666676 ], [ 68.2075, 24.9625 ], [ 68.214166666666671, 24.965 ], [ 68.221666666666664, 24.9575 ], [ 68.229166666666657, 24.953333333333347 ], [ 68.2325, 24.95416666666668 ], [ 68.235, 24.9525 ], [ 68.2425, 24.955 ], [ 68.245833333333337, 24.96 ], [ 68.2475, 24.958333333333343 ], [ 68.25, 24.960833333333344 ], [ 68.249166666666667, 24.96166666666668 ], [ 68.2525, 24.9675 ], [ 68.255, 24.966666666666676 ], [ 68.255833333333328, 24.96916666666668 ], [ 68.25333333333333, 24.970833333333346 ], [ 68.254166666666663, 24.9725 ], [ 68.25, 24.973333333333343 ], [ 68.25, 24.975 ], [ 68.2525, 24.9775 ], [ 68.255, 24.975833333333345 ], [ 68.254166666666663, 24.9775 ], [ 68.2575, 24.984166666666678 ], [ 68.256666666666661, 24.9925 ], [ 68.258333333333326, 24.995 ], [ 68.259166666666658, 24.993333333333347 ], [ 68.263333333333335, 24.995833333333344 ], [ 68.264166666666668, 25.000833333333347 ], [ 68.2675, 25.003333333333345 ], [ 68.265833333333333, 25.010833333333345 ], [ 68.263333333333335, 25.0125 ], [ 68.264166666666668, 25.015 ], [ 68.260833333333338, 25.015833333333347 ], [ 68.2625, 25.018333333333345 ], [ 68.260833333333338, 25.020833333333343 ], [ 68.264166666666668, 25.0225 ], [ 68.26166666666667, 25.0275 ], [ 68.266666666666666, 25.03166666666668 ], [ 68.265, 25.040833333333346 ], [ 68.266666666666666, 25.045 ], [ 68.2675, 25.044166666666676 ], [ 68.2725, 25.046666666666678 ], [ 68.271666666666661, 25.049166666666679 ], [ 68.276666666666671, 25.063333333333347 ], [ 68.275833333333338, 25.065833333333345 ], [ 68.2775, 25.075 ], [ 68.284166666666664, 25.0775 ], [ 68.285833333333329, 25.080833333333345 ], [ 68.284166666666664, 25.0825 ], [ 68.285833333333329, 25.085833333333344 ], [ 68.284166666666664, 25.09 ], [ 68.281666666666666, 25.091666666666676 ], [ 68.2825, 25.093333333333344 ], [ 68.2775, 25.096666666666678 ], [ 68.2775, 25.1 ], [ 68.28, 25.104166666666679 ], [ 68.276666666666671, 25.105833333333344 ], [ 68.276666666666671, 25.113333333333344 ], [ 68.284166666666664, 25.128333333333345 ], [ 68.291666666666657, 25.135 ], [ 68.2975, 25.136666666666677 ] ] } },
{ "type": "Feature", "properties": { "COMID": 45051874, "id": "311", "lengthkm": 22.750940921305677, "order": 8, "uparea": 835755.60182853043 }, "geometry": { "type": "LineString", "coordinates": [ [ 68.125, 24.86 ], [ 68.120833333333337, 24.865 ], [ 68.1225, 24.869166666666679 ], [ 68.119166666666658, 24.870833333333344 ], [ 68.1175, 24.875 ], [ 68.1175, 24.888333333333343 ], [ 68.1125, 24.890833333333347 ], [ 68.114166666666662, 24.894166666666678 ], [ 68.1125, 24.898333333333344 ], [ 68.1125, 24.910833333333343 ], [ 68.114166666666662, 24.911666666666676 ], [ 68.114166666666662, 24.914166666666681 ], [ 68.110833333333332, 24.915833333333346 ], [ 68.110833333333332, 24.919166666666676 ], [ 68.11333333333333, 24.921666666666678 ], [ 68.115, 24.9275 ], [ 68.115833333333327, 24.926666666666677 ], [ 68.1175, 24.928333333333345 ], [ 68.115833333333327, 24.931666666666679 ], [ 68.11333333333333, 24.9325 ], [ 68.1175, 24.9425 ], [ 68.12166666666667, 24.945833333333347 ], [ 68.12833333333333, 24.956666666666678 ], [ 68.138333333333335, 24.966666666666676 ], [ 68.1475, 24.979166666666679 ], [ 68.160833333333329, 24.990833333333345 ], [ 68.166666666666657, 24.9925 ], [ 68.178333333333327, 24.991666666666678 ], [ 68.180833333333325, 24.989166666666677 ], [ 68.188333333333333, 24.9875 ] ] } },
{ "type": "Feature", "properties": { "COMID": 45055797, "id": "311", "lengthkm": 43.417762073482791, "order": 8, "uparea": 835955.41910785297 }, "geometry": { "type": "LineString", "coordinates": [ [ 68.005833333333328, 24.698333333333345 ], [ 68.008333333333326, 24.706666666666678 ], [ 68.0125, 24.71166666666668 ], [ 68.010833333333338, 24.713333333333345 ], [ 68.0125, 24.716666666666679 ], [ 68.009166666666658, 24.718333333333344 ], [ 68.01166666666667, 24.72 ], [ 68.0125, 24.7225 ], [ 68.010833333333338, 24.725 ], [ 68.0125, 24.726666666666681 ], [ 68.010833333333338, 24.728333333333346 ], [ 68.01, 24.735833333333346 ], [ 68.006666666666661, 24.7375 ], [ 68.006666666666661, 24.740833333333345 ], [ 68.008333333333326, 24.7425 ], [ 68.0075, 24.745 ], [ 68.010833333333338, 24.748333333333346 ], [ 68.010833333333338, 24.750833333333347 ], [ 68.015, 24.7525 ], [ 68.0175, 24.751666666666679 ], [ 68.024166666666659, 24.755833333333346 ], [ 68.026666666666671, 24.753333333333345 ], [ 68.03, 24.755833333333346 ], [ 68.044166666666669, 24.755 ], [ 68.051666666666662, 24.758333333333347 ], [ 68.055, 24.7575 ], [ 68.058333333333337, 24.76 ], [ 68.0625, 24.769166666666678 ], [ 68.0575, 24.779166666666676 ], [ 68.055, 24.779166666666676 ], [ 68.053333333333327, 24.7825 ], [ 68.0525, 24.78166666666668 ], [ 68.049166666666665, 24.785 ], [ 68.045833333333334, 24.784166666666678 ], [ 68.04, 24.7875 ], [ 68.039166666666659, 24.786666666666676 ], [ 68.0375, 24.789166666666681 ], [ 68.036666666666662, 24.788333333333345 ], [ 68.03, 24.795 ], [ 68.031666666666666, 24.796666666666678 ], [ 68.025833333333338, 24.8 ], [ 68.0225, 24.806666666666679 ], [ 68.025, 24.81 ], [ 68.023333333333326, 24.811666666666678 ], [ 68.026666666666671, 24.8125 ], [ 68.026666666666671, 24.815 ], [ 68.025, 24.815833333333345 ], [ 68.0275, 24.819166666666678 ], [ 68.025833333333338, 24.824166666666677 ], [ 68.0325, 24.83 ], [ 68.030833333333334, 24.831666666666678 ], [ 68.033333333333331, 24.834166666666679 ], [ 68.031666666666666, 24.835833333333344 ], [ 68.033333333333331, 24.8425 ], [ 68.036666666666662, 24.845833333333346 ], [ 68.04, 24.845 ], [ 68.039166666666659, 24.8475 ], [ 68.040833333333325, 24.846666666666678 ], [ 68.044166666666669, 24.85 ], [ 68.043333333333337, 24.851666666666681 ], [ 68.0475, 24.855833333333344 ], [ 68.05, 24.865 ], [ 68.053333333333327, 24.869166666666679 ], [ 68.0525, 24.870833333333344 ], [ 68.06, 24.875833333333347 ], [ 68.068333333333328, 24.875 ], [ 68.071666666666658, 24.870833333333344 ], [ 68.080833333333331, 24.8675 ], [ 68.0825, 24.865 ], [ 68.084166666666661, 24.865833333333345 ], [ 68.084166666666661, 24.863333333333344 ], [ 68.089166666666671, 24.864166666666677 ], [ 68.09, 24.8625 ], [ 68.0925, 24.8625 ], [ 68.096666666666664, 24.855 ], [ 68.1, 24.8575 ], [ 68.105, 24.854166666666679 ], [ 68.11333333333333, 24.8525 ], [ 68.12, 24.8525 ], [ 68.125, 24.86 ] ] } },
{ "type": "Feature", "properties": { "COMID": 45055796, "id": "311", "lengthkm": 3.7186977128934608, "order": 8, "uparea": 835991.43815334793 }, "geometry": { "type": "LineString", "coordinates": [ [ 67.98, 24.686666666666678 ], [ 67.9925, 24.690833333333345 ], [ 67.9975, 24.689166666666679 ], [ 68.005, 24.695 ], [ 68.005833333333328, 24.698333333333345 ] ] } },
{ "type": "Feature", "properties": { "COMID": 45055795, "id": "311", "lengthkm": 15.895332144277935, "order": 8, "uparea": 836071.35997435113 }, "geometry": { "type": "LineString", "coordinates": [ [ 68.014166666666668, 24.588333333333345 ], [ 67.984166666666667, 24.6175 ], [ 67.981666666666669, 24.6175 ], [ 67.9775, 24.621666666666677 ], [ 67.970833333333331, 24.6225 ], [ 67.96, 24.629166666666677 ], [ 67.954166666666666, 24.640833333333347 ], [ 67.958333333333329, 24.651666666666678 ], [ 67.9575, 24.655833333333344 ], [ 67.959166666666661, 24.65666666666668 ], [ 67.961666666666659, 24.668333333333344 ], [ 67.971666666666664, 24.681666666666679 ], [ 67.98, 24.686666666666678 ] ] } },
{ "type": "Feature", "properties": { "COMID": 45055794, "id": "311", "lengthkm": 12.188917286982925, "order": 8, "uparea": 836124.51385290094 }, "geometry": { "type": "LineString", "coordinates": [ [ 67.955833333333331, 24.551666666666677 ], [ 67.959166666666661, 24.55 ], [ 67.963333333333338, 24.551666666666677 ], [ 67.97, 24.551666666666677 ], [ 67.974166666666662, 24.554166666666678 ], [ 67.98, 24.554166666666678 ], [ 67.981666666666669, 24.5575 ], [ 67.986666666666665, 24.559166666666677 ], [ 67.998333333333335, 24.559166666666677 ], [ 68.006666666666661, 24.555833333333347 ], [ 68.0225, 24.558333333333344 ], [ 68.0275, 24.565 ], [ 68.0275, 24.57 ], [ 68.023333333333326, 24.576666666666679 ], [ 68.024166666666659, 24.5775 ], [ 68.020833333333329, 24.57916666666668 ], [ 68.021666666666661, 24.580833333333345 ], [ 68.014166666666668, 24.588333333333345 ] ] } },
{ "type": "Feature", "properties": { "COMID": 45055793, "id": "311", "lengthkm": 53.767782192068204, "order": 8, "uparea": 836344.08608211798 }, "geometry": { "type": "LineString", "coordinates": [ [ 67.773333333333326, 24.338333333333345 ], [ 67.791666666666671, 24.355 ], [ 67.8125, 24.361666666666679 ], [ 67.820833333333326, 24.3625 ], [ 67.83, 24.360833333333346 ], [ 67.838333333333338, 24.3525 ], [ 67.845833333333331, 24.3475 ], [ 67.855, 24.346666666666678 ], [ 67.8575, 24.34916666666668 ], [ 67.859166666666667, 24.360833333333346 ], [ 67.856666666666669, 24.366666666666678 ], [ 67.85, 24.375 ], [ 67.846666666666664, 24.383333333333347 ], [ 67.845, 24.390833333333347 ], [ 67.845, 24.405 ], [ 67.848333333333329, 24.411666666666676 ], [ 67.848333333333329, 24.424166666666679 ], [ 67.854166666666671, 24.4325 ], [ 67.87166666666667, 24.448333333333345 ], [ 67.87833333333333, 24.450833333333346 ], [ 67.885, 24.450833333333346 ], [ 67.9, 24.4425 ], [ 67.905833333333334, 24.440833333333345 ], [ 67.915, 24.440833333333345 ], [ 67.919166666666669, 24.438333333333347 ], [ 67.925, 24.4375 ], [ 67.939166666666665, 24.438333333333347 ], [ 67.941666666666663, 24.436666666666678 ], [ 67.9625, 24.435 ], [ 67.975, 24.438333333333347 ], [ 67.986666666666665, 24.449166666666677 ], [ 67.98833333333333, 24.45416666666668 ], [ 67.9875, 24.458333333333343 ], [ 67.9825, 24.468333333333344 ], [ 67.976666666666659, 24.4875 ], [ 67.974166666666662, 24.49 ], [ 67.968333333333334, 24.493333333333347 ], [ 67.948333333333338, 24.495833333333344 ], [ 67.9375, 24.498333333333346 ], [ 67.935833333333335, 24.5 ], [ 67.935833333333335, 24.506666666666678 ], [ 67.95, 24.521666666666679 ], [ 67.951666666666668, 24.525833333333345 ], [ 67.95, 24.534166666666678 ], [ 67.946666666666658, 24.5375 ], [ 67.945, 24.544166666666676 ], [ 67.95, 24.549166666666679 ], [ 67.955833333333331, 24.551666666666677 ] ] } },
{ "type": "Feature", "properties": { "COMID": 45059533, "id": "311", "lengthkm": 12.133903850640225, "order": 8, "uparea": 836810.92422479833 }, "geometry": { "type": "LineString", "coordinates": [ [ 67.805833333333325, 24.248333333333346 ], [ 67.810833333333335, 24.255833333333346 ], [ 67.810833333333335, 24.268333333333345 ], [ 67.785, 24.305833333333347 ], [ 67.78, 24.316666666666677 ], [ 67.7725, 24.325 ], [ 67.769166666666663, 24.334166666666679 ], [ 67.773333333333326, 24.338333333333345 ] ] } },
{ "type": "Feature", "properties": { "COMID": 45059532, "id": "311", "lengthkm": 31.661031307937503, "order": 8, "uparea": 836932.21579652128 }, "geometry": { "type": "LineString", "coordinates": [ [ 67.635, 24.1525 ], [ 67.64, 24.155833333333348 ], [ 67.660833333333329, 24.153333333333343 ], [ 67.67, 24.1575 ], [ 67.67583333333333, 24.165 ], [ 67.680833333333325, 24.176666666666677 ], [ 67.685833333333335, 24.181666666666679 ], [ 67.691666666666663, 24.184166666666677 ], [ 67.701666666666668, 24.184166666666677 ], [ 67.705833333333331, 24.18 ], [ 67.721666666666664, 24.170833333333345 ], [ 67.73, 24.17 ], [ 67.733333333333334, 24.171666666666681 ], [ 67.736666666666665, 24.175 ], [ 67.7375, 24.18 ], [ 67.736666666666665, 24.19 ], [ 67.731666666666669, 24.206666666666678 ], [ 67.731666666666669, 24.216666666666679 ], [ 67.735833333333332, 24.2325 ], [ 67.745, 24.248333333333346 ], [ 67.745, 24.2575 ], [ 67.75, 24.2625 ], [ 67.759166666666658, 24.265 ], [ 67.778333333333336, 24.265833333333347 ], [ 67.788333333333327, 24.2625 ], [ 67.793333333333337, 24.258333333333347 ], [ 67.795, 24.255833333333346 ], [ 67.795, 24.25 ], [ 67.796666666666667, 24.248333333333346 ], [ 67.8, 24.246666666666677 ], [ 67.805833333333325, 24.248333333333346 ] ] } },
{ "type": "Feature", "properties": { "COMID": 45059531, "id": "311", "lengthkm": 8.8085119127682425, "order": 8, "uparea": 837163.65821221401 }, "geometry": { "type": "LineString", "coordinates": [ [ 67.650833333333338, 24.085 ], [ 67.6525, 24.108333333333345 ], [ 67.649166666666659, 24.121666666666677 ], [ 67.645833333333329, 24.129166666666677 ], [ 67.63, 24.143333333333345 ], [ 67.63, 24.145833333333343 ], [ 67.635, 24.1525 ] ] } }
]
}
