{
"type": "FeatureCollection",
"name": "downstream_81864",
"crs": { "type": "name", "properties": { "name": "urn:ogc:def:crs:OGC:1.3:CRS84" } },
"features": [
{ "type": "Feature", "properties": { "COMID": 45027587, "id": "7151", "lengthkm": 25.006342665046091, "order": 4, "uparea": 3126.882081307373 }, "geometry": { "type": "LineString", "coordinates": [ [ 89.645833333333314, 28.850833333333341 ], [ 89.648333333333312, 28.8525 ], [ 89.65916666666665, 28.850833333333341 ], [ 89.666666666666657, 28.8525 ], [ 89.67, 28.850833333333341 ], [ 89.679166666666646, 28.851666666666674 ], [ 89.6875, 28.8475 ], [ 89.693333333333314, 28.851666666666674 ], [ 89.701666666666654, 28.853333333333342 ], [ 89.711666666666645, 28.848333333333343 ], [ 89.72, 28.849166666666676 ], [ 89.7325, 28.844166666666673 ], [ 89.7425, 28.845 ], [ 89.753333333333316, 28.840833333333343 ], [ 89.758333333333312, 28.8425 ], [ 89.770833333333314, 28.84 ], [ 89.776666666666642, 28.840833333333343 ], [ 89.785833333333315, 28.834166666666675 ], [ 89.79583333333332, 28.835 ], [ 89.806666666666644, 28.84 ], [ 89.81, 28.849166666666676 ], [ 89.820833333333312, 28.85 ], [ 89.828333333333319, 28.845833333333342 ], [ 89.835833333333312, 28.848333333333343 ], [ 89.844166666666652, 28.848333333333343 ], [ 89.85, 28.840833333333343 ], [ 89.850833333333313, 28.834166666666675 ] ] } },
{ "type": "Feature", "properties": { "COMID": 45023011, "id": "7151", "lengthkm": 10.355937470985417, "order": 5, "uparea": 9188.2014356460459 }, "geometry": { "type": "LineString", "coordinates": [ [ 89.585, 28.921666666666674 ], [ 89.606666666666655, 28.898333333333341 ], [ 89.645833333333314, 28.850833333333341 ] ] } },
{ "type": "Feature", "properties": { "COMID": 45022967, "id": "7151", "lengthkm": 3.238919457245538, "order": 5, "uparea": 9482.3546546619291 }, "geometry": { "type": "LineString", "coordinates": [ [ 89.564166666666651, 28.941666666666677 ], [ 89.585, 28.921666666666674 ] ] } },
{ "type": "Feature", "properties": { "COMID": 45022965, "id": "7151", "lengthkm": 2.4102253717953381, "order": 5, "uparea": 9590.6839789532223 }, "geometry": { "type": "LineString", "coordinates": [ [ 89.54916666666665, 28.9575 ], [ 89.563333333333318, 28.944166666666675 ], [ 89.564166666666651, 28.941666666666677 ] ] } },
{ "type": "Feature", "properties": { "COMID": 45022963, "id": "7151", "lengthkm": 0.123125408638008, "order": 5, "uparea": 9632.0661233779829 }, "geometry": { "type": "LineString", "coordinates": [ [ 89.548333333333318, 28.958333333333343 ], [ 89.54916666666665, 28.9575 ] ] } },
{ "type": "Feature", "properties": { "COMID": 45022962, "id": "7151", "lengthkm": 6.2302848175093173, "order": 5, "uparea": 9945.474138934549 }, "geometry": { "type": "LineString", "coordinates": [ [ 89.508333333333312, 28.995 ], [ 89.515833333333319, 28.9875 ], [ 89.524166666666645, 28.984166666666674 ], [ 89.548333333333318, 28.958333333333343 ] ] } },
{ "type": "Feature", "properties": { "COMID": 45022959, "id": "7151", "lengthkm": 10.209562781809804, "order": 5, "uparea": 10050.700443547901 }, "geometry": { "type": "LineString", "coordinates": [ [ 89.445833333333312, 29.059166666666677 ], [ 89.46833333333332, 29.036666666666676 ], [ 89.474166666666648, 29.0275 ], [ 89.485833333333318, 29.0175 ], [ 89.48666666666665, 29.018333333333342 ], [ 89.489166666666648, 29.014166666666675 ], [ 89.491666666666646, 29.014166666666675 ], [ 89.493333333333311, 29.009166666666676 ], [ 89.508333333333312, 28.995 ] ] } },
{ "type": "Feature", "properties": { "COMID": 45022957, "id": "7151", "lengthkm": 1.7874495765420839, "order": 5, "uparea": 10502.995312204903 }, "geometry": { "type": "LineString", "coordinates": [ [ 89.433333333333309, 29.0625 ], [ 89.439166666666651, 29.064166666666676 ], [ 89.443333333333314, 29.0625 ], [ 89.444166666666646, 29.059166666666677 ], [ 89.445833333333312, 29.059166666666677 ] ] } },
{ "type": "Feature", "properties": { "COMID": 45022956, "id": "7151", "lengthkm": 0.45020807785505501, "order": 5, "uparea": 10586.810406740815 }, "geometry": { "type": "LineString", "coordinates": [ [ 89.43, 29.06333333333334 ], [ 89.433333333333309, 29.0625 ] ] } },
{ "type": "Feature", "properties": { "COMID": 45022955, "id": "7151", "lengthkm": 6.4690289002325319, "order": 5, "uparea": 10797.347596937099 }, "geometry": { "type": "LineString", "coordinates": [ [ 89.378333333333316, 29.073333333333341 ], [ 89.384166666666644, 29.073333333333341 ], [ 89.385833333333323, 29.071666666666676 ], [ 89.389166666666654, 29.073333333333341 ], [ 89.39, 29.071666666666676 ], [ 89.399166666666645, 29.071666666666676 ], [ 89.4025, 29.07 ], [ 89.4075, 29.07083333333334 ], [ 89.419166666666655, 29.0675 ], [ 89.42416666666665, 29.06333333333334 ], [ 89.43, 29.06333333333334 ] ] } },
{ "type": "Feature", "properties": { "COMID": 45022954, "id": "7151", "lengthkm": 0.20405246630472401, "order": 5, "uparea": 10870.803190306937 }, "geometry": { "type": "LineString", "coordinates": [ [ 89.376666666666651, 29.074166666666677 ], [ 89.378333333333316, 29.073333333333341 ] ] } },
{ "type": "Feature", "properties": { "COMID": 45022953, "id": "7151", "lengthkm": 11.509412088775294, "order": 5, "uparea": 10982.924038433088 }, "geometry": { "type": "LineString", "coordinates": [ [ 89.28083333333332, 29.088333333333342 ], [ 89.289166666666645, 29.085833333333341 ], [ 89.301666666666648, 29.085833333333341 ], [ 89.304166666666646, 29.084166666666675 ], [ 89.3225, 29.084166666666675 ], [ 89.329166666666652, 29.081666666666678 ], [ 89.333333333333314, 29.083333333333343 ], [ 89.335833333333312, 29.081666666666678 ], [ 89.350833333333313, 29.0825 ], [ 89.36, 29.076666666666675 ], [ 89.363333333333316, 29.0775 ], [ 89.365833333333313, 29.075 ], [ 89.376666666666651, 29.074166666666677 ] ] } },
{ "type": "Feature", "properties": { "COMID": 45022948, "id": "7151", "lengthkm": 21.832518214700585, "order": 5, "uparea": 12622.324554903877 }, "geometry": { "type": "LineString", "coordinates": [ [ 89.146666666666647, 29.1975 ], [ 89.154166666666654, 29.198333333333341 ], [ 89.163333333333313, 29.189166666666676 ], [ 89.168333333333322, 29.18833333333334 ], [ 89.1725, 29.185 ], [ 89.184166666666641, 29.18 ], [ 89.185, 29.180833333333339 ], [ 89.188333333333318, 29.1775 ], [ 89.189166666666651, 29.178333333333342 ], [ 89.203333333333319, 29.1725 ], [ 89.205833333333317, 29.169166666666676 ], [ 89.211666666666645, 29.168333333333344 ], [ 89.215833333333308, 29.165 ], [ 89.216666666666654, 29.165833333333342 ], [ 89.224166666666648, 29.161666666666676 ], [ 89.225833333333313, 29.1625 ], [ 89.225833333333313, 29.160833333333343 ], [ 89.240833333333313, 29.155 ], [ 89.245, 29.150833333333342 ], [ 89.246666666666641, 29.145 ], [ 89.250833333333318, 29.14 ], [ 89.258333333333312, 29.125 ], [ 89.261666666666656, 29.1225 ], [ 89.260833333333323, 29.12 ], [ 89.265, 29.116666666666674 ], [ 89.27, 29.104166666666675 ], [ 89.2725, 29.1025 ], [ 89.273333333333312, 29.098333333333343 ], [ 89.28083333333332, 29.088333333333342 ] ] } },
{ "type": "Feature", "properties": { "COMID": 45022945, "id": "7151", "lengthkm": 3.0095970913283812, "order": 5, "uparea": 12748.507925201953 }, "geometry": { "type": "LineString", "coordinates": [ [ 89.12, 29.19583333333334 ], [ 89.146666666666647, 29.1975 ] ] } },
{ "type": "Feature", "properties": { "COMID": 45022944, "id": "7151", "lengthkm": 3.552110000495329, "order": 5, "uparea": 12782.602898952393 }, "geometry": { "type": "LineString", "coordinates": [ [ 89.094166666666652, 29.1875 ], [ 89.09666666666665, 29.189166666666676 ], [ 89.098333333333315, 29.18833333333334 ], [ 89.1075, 29.194166666666675 ], [ 89.11166666666665, 29.193333333333342 ], [ 89.115, 29.19583333333334 ], [ 89.12, 29.19583333333334 ] ] } },
{ "type": "Feature", "properties": { "COMID": 45022942, "id": "7151", "lengthkm": 5.6421853255553893, "order": 5, "uparea": 12840.113102602407 }, "geometry": { "type": "LineString", "coordinates": [ [ 89.0475, 29.1775 ], [ 89.054166666666646, 29.1775 ], [ 89.055833333333311, 29.179166666666674 ], [ 89.059166666666641, 29.178333333333342 ], [ 89.0625, 29.180833333333339 ], [ 89.069166666666646, 29.18 ], [ 89.070833333333312, 29.181666666666676 ], [ 89.076666666666654, 29.183333333333344 ], [ 89.080833333333317, 29.1825 ], [ 89.08833333333331, 29.186666666666675 ], [ 89.094166666666652, 29.1875 ] ] } },
{ "type": "Feature", "properties": { "COMID": 45022940, "id": "7151", "lengthkm": 0.69265768026631602, "order": 5, "uparea": 12921.306154508407 }, "geometry": { "type": "LineString", "coordinates": [ [ 89.041666666666657, 29.176666666666677 ], [ 89.0475, 29.1775 ] ] } },
{ "type": "Feature", "properties": { "COMID": 45022938, "id": "7151", "lengthkm": 7.708516930546744, "order": 5, "uparea": 13001.013964148655 }, "geometry": { "type": "LineString", "coordinates": [ [ 88.980833333333322, 29.181666666666676 ], [ 88.985833333333318, 29.18 ], [ 88.990833333333313, 29.175 ], [ 88.993333333333311, 29.175833333333344 ], [ 88.9975, 29.171666666666674 ], [ 89.0, 29.173333333333343 ], [ 89.001666666666651, 29.171666666666674 ], [ 89.003333333333316, 29.1725 ], [ 89.0075, 29.170833333333341 ], [ 89.008333333333312, 29.169166666666676 ], [ 89.0125, 29.169166666666676 ], [ 89.02, 29.1725 ], [ 89.021666666666647, 29.170833333333341 ], [ 89.028333333333308, 29.174166666666675 ], [ 89.041666666666657, 29.176666666666677 ] ] } },
{ "type": "Feature", "properties": { "COMID": 45022935, "id": "7151", "lengthkm": 13.261533694390724, "order": 5, "uparea": 13262.222365111158 }, "geometry": { "type": "LineString", "coordinates": [ [ 88.91, 29.2575 ], [ 88.915, 29.255833333333342 ], [ 88.918333333333322, 29.25 ], [ 88.921666666666653, 29.240833333333342 ], [ 88.92083333333332, 29.236666666666675 ], [ 88.9225, 29.236666666666675 ], [ 88.92416666666665, 29.233333333333341 ], [ 88.92416666666665, 29.229166666666675 ], [ 88.93, 29.216666666666676 ], [ 88.9325, 29.215833333333343 ], [ 88.933333333333309, 29.213333333333342 ], [ 88.940833333333316, 29.206666666666678 ], [ 88.944166666666646, 29.205 ], [ 88.945833333333312, 29.205833333333342 ], [ 88.948333333333323, 29.20333333333334 ], [ 88.949166666666656, 29.204166666666673 ], [ 88.959166666666647, 29.191666666666677 ], [ 88.9625, 29.191666666666677 ], [ 88.964166666666642, 29.189166666666676 ], [ 88.966666666666654, 29.189166666666676 ], [ 88.9675, 29.186666666666675 ], [ 88.980833333333322, 29.181666666666676 ] ] } },
{ "type": "Feature", "properties": { "COMID": 45022934, "id": "7151", "lengthkm": 1.3997603548409989, "order": 5, "uparea": 14152.859982703081 }, "geometry": { "type": "LineString", "coordinates": [ [ 88.9, 29.265 ], [ 88.9075, 29.260833333333341 ], [ 88.91, 29.2575 ] ] } },
{ "type": "Feature", "properties": { "COMID": 45022933, "id": "7151", "lengthkm": 4.3159443213673514, "order": 5, "uparea": 14203.392645978809 }, "geometry": { "type": "LineString", "coordinates": [ [ 88.9, 29.3 ], [ 88.894166666666649, 29.285833333333343 ], [ 88.9, 29.265 ] ] } },
{ "type": "Feature", "properties": { "COMID": 45022932, "id": "7151", "lengthkm": 2.1578892627549768, "order": 5, "uparea": 14236.951939001059 }, "geometry": { "type": "LineString", "coordinates": [ [ 88.90583333333332, 29.3175 ], [ 88.904166666666654, 29.306666666666676 ], [ 88.9, 29.3 ] ] } },
{ "type": "Feature", "properties": { "COMID": 45022728, "id": "7151", "lengthkm": 4.4658436696535544, "order": 6, "uparea": 97371.832231094304 }, "geometry": { "type": "LineString", "coordinates": [ [ 88.9325, 29.340833333333343 ], [ 88.933333333333309, 29.338333333333342 ], [ 88.931666666666644, 29.334166666666675 ], [ 88.928333333333313, 29.330833333333342 ], [ 88.921666666666653, 29.32833333333334 ], [ 88.916666666666657, 29.32 ], [ 88.90583333333332, 29.3175 ] ] } },
{ "type": "Feature", "properties": { "COMID": 45022727, "id": "7151", "lengthkm": 5.7178589628523886, "order": 6, "uparea": 97451.693920775797 }, "geometry": { "type": "LineString", "coordinates": [ [ 88.96833333333332, 29.354166666666675 ], [ 88.966666666666654, 29.350833333333341 ], [ 88.96833333333332, 29.346666666666675 ], [ 88.966666666666654, 29.345 ], [ 88.964166666666642, 29.346666666666675 ], [ 88.958333333333314, 29.346666666666675 ], [ 88.956666666666649, 29.344166666666673 ], [ 88.951666666666654, 29.3425 ], [ 88.945833333333312, 29.345833333333342 ], [ 88.943333333333314, 29.345 ], [ 88.938333333333318, 29.346666666666675 ], [ 88.9325, 29.3425 ], [ 88.9325, 29.340833333333343 ] ] } },
{ "type": "Feature", "properties": { "COMID": 45022726, "id": "7151", "lengthkm": 1.7999669380122869, "order": 6, "uparea": 97550.888207857075 }, "geometry": { "type": "LineString", "coordinates": [ [ 88.9775, 29.365 ], [ 88.976666666666645, 29.359166666666674 ], [ 88.96833333333332, 29.354166666666675 ] ] } },
{ "type": "Feature", "properties": { "COMID": 45022725, "id": "7151", "lengthkm": 6.7296828854183044, "order": 6, "uparea": 97645.001852746223 }, "geometry": { "type": "LineString", "coordinates": [ [ 89.0325, 29.35 ], [ 89.03, 29.3525 ], [ 89.0125, 29.355833333333344 ], [ 89.001666666666651, 29.363333333333344 ], [ 88.985, 29.370833333333344 ], [ 88.981666666666655, 29.37 ], [ 88.9775, 29.365 ] ] } },
{ "type": "Feature", "properties": { "COMID": 45022724, "id": "7151", "lengthkm": 5.3731377873480444, "order": 6, "uparea": 97752.978580550756 }, "geometry": { "type": "LineString", "coordinates": [ [ 89.064166666666651, 29.3275 ], [ 89.055, 29.330833333333342 ], [ 89.055, 29.334166666666675 ], [ 89.050833333333316, 29.3375 ], [ 89.0425, 29.335 ], [ 89.035833333333315, 29.338333333333342 ], [ 89.033333333333317, 29.343333333333341 ], [ 89.03416666666665, 29.348333333333343 ], [ 89.0325, 29.35 ] ] } },
{ "type": "Feature", "properties": { "COMID": 45022723, "id": "7151", "lengthkm": 4.0173967017155849, "order": 6, "uparea": 97806.704461175992 }, "geometry": { "type": "LineString", "coordinates": [ [ 89.095, 29.32083333333334 ], [ 89.089166666666642, 29.323333333333341 ], [ 89.0825, 29.323333333333341 ], [ 89.075833333333321, 29.330833333333342 ], [ 89.0725, 29.3325 ], [ 89.07, 29.3325 ], [ 89.064166666666651, 29.3275 ] ] } },
{ "type": "Feature", "properties": { "COMID": 45022722, "id": "7151", "lengthkm": 14.339459248178606, "order": 6, "uparea": 105304.96545824448 }, "geometry": { "type": "LineString", "coordinates": [ [ 89.2, 29.341666666666676 ], [ 89.191666666666649, 29.34 ], [ 89.189166666666651, 29.3375 ], [ 89.185, 29.336666666666673 ], [ 89.181666666666644, 29.339166666666674 ], [ 89.173333333333318, 29.3375 ], [ 89.17, 29.340833333333343 ], [ 89.171666666666653, 29.344166666666673 ], [ 89.17083333333332, 29.345833333333342 ], [ 89.164166666666645, 29.345833333333342 ], [ 89.1625, 29.343333333333341 ], [ 89.154166666666654, 29.339166666666674 ], [ 89.15083333333331, 29.335 ], [ 89.145833333333314, 29.335 ], [ 89.1425, 29.331666666666678 ], [ 89.143333333333317, 29.329166666666673 ], [ 89.14, 29.321666666666673 ], [ 89.135, 29.3175 ], [ 89.128333333333316, 29.3175 ], [ 89.12, 29.32083333333334 ], [ 89.1125, 29.32083333333334 ], [ 89.106666666666655, 29.318333333333342 ], [ 89.101666666666645, 29.318333333333342 ], [ 89.095, 29.32083333333334 ] ] } },
{ "type": "Feature", "properties": { "COMID": 45022721, "id": "7151", "lengthkm": 13.000899486727887, "order": 6, "uparea": 105487.70620183596 }, "geometry": { "type": "LineString", "coordinates": [ [ 89.285833333333315, 29.385 ], [ 89.28416666666665, 29.381666666666675 ], [ 89.28083333333332, 29.380833333333342 ], [ 89.276666666666642, 29.375 ], [ 89.270833333333314, 29.371666666666677 ], [ 89.2725, 29.365 ], [ 89.265833333333319, 29.360833333333339 ], [ 89.261666666666656, 29.355833333333344 ], [ 89.255833333333314, 29.354166666666675 ], [ 89.251666666666651, 29.35 ], [ 89.246666666666641, 29.340833333333343 ], [ 89.235833333333318, 29.34 ], [ 89.230833333333322, 29.335 ], [ 89.223333333333315, 29.335 ], [ 89.219166666666652, 29.338333333333342 ], [ 89.21, 29.338333333333342 ], [ 89.209166666666647, 29.34 ], [ 89.200833333333321, 29.34 ], [ 89.2, 29.341666666666676 ] ] } },
{ "type": "Feature", "properties": { "COMID": 45022720, "id": "7151", "lengthkm": 3.229358815024681, "order": 6, "uparea": 105691.0676168924 }, "geometry": { "type": "LineString", "coordinates": [ [ 89.313333333333318, 29.37583333333334 ], [ 89.311666666666653, 29.3775 ], [ 89.303333333333313, 29.3775 ], [ 89.300833333333316, 29.38 ], [ 89.293333333333322, 29.380833333333342 ], [ 89.285833333333315, 29.385 ] ] } },
{ "type": "Feature", "properties": { "COMID": 45022719, "id": "7151", "lengthkm": 7.1873066438320752, "order": 6, "uparea": 105850.0102831478 }, "geometry": { "type": "LineString", "coordinates": [ [ 89.37, 29.3675 ], [ 89.363333333333316, 29.365 ], [ 89.354166666666657, 29.366666666666674 ], [ 89.350833333333313, 29.364166666666677 ], [ 89.345, 29.364166666666677 ], [ 89.335833333333312, 29.36 ], [ 89.331666666666649, 29.36 ], [ 89.3275, 29.363333333333344 ], [ 89.324166666666656, 29.369166666666676 ], [ 89.320833333333312, 29.37 ], [ 89.313333333333318, 29.37583333333334 ] ] } },
{ "type": "Feature", "properties": { "COMID": 45022718, "id": "7151", "lengthkm": 10.904817384876047, "order": 6, "uparea": 106074.75567955046 }, "geometry": { "type": "LineString", "coordinates": [ [ 89.4525, 29.3525 ], [ 89.451666666666654, 29.353333333333342 ], [ 89.45, 29.351666666666674 ], [ 89.449166666666656, 29.355 ], [ 89.445833333333312, 29.356666666666676 ], [ 89.439166666666651, 29.354166666666675 ], [ 89.434166666666641, 29.354166666666675 ], [ 89.43, 29.3575 ], [ 89.4225, 29.36 ], [ 89.42083333333332, 29.361666666666675 ], [ 89.421666666666653, 29.364166666666677 ], [ 89.419166666666655, 29.365 ], [ 89.401666666666642, 29.358333333333341 ], [ 89.3975, 29.36 ], [ 89.383333333333312, 29.3725 ], [ 89.38, 29.3725 ], [ 89.37, 29.3675 ] ] } },
{ "type": "Feature", "properties": { "COMID": 45022717, "id": "7151", "lengthkm": 3.143556233728932, "order": 6, "uparea": 106323.0943834356 }, "geometry": { "type": "LineString", "coordinates": [ [ 89.470833333333317, 29.341666666666676 ], [ 89.455, 29.341666666666676 ], [ 89.453333333333319, 29.344166666666673 ], [ 89.454166666666652, 29.35 ], [ 89.4525, 29.3525 ] ] } },
{ "type": "Feature", "properties": { "COMID": 45022716, "id": "7151", "lengthkm": 8.657827346754102, "order": 6, "uparea": 106605.85666281208 }, "geometry": { "type": "LineString", "coordinates": [ [ 89.540833333333325, 29.344166666666673 ], [ 89.536666666666648, 29.345 ], [ 89.528333333333308, 29.343333333333341 ], [ 89.520833333333314, 29.3475 ], [ 89.515833333333319, 29.341666666666676 ], [ 89.501666666666651, 29.34 ], [ 89.49, 29.335 ], [ 89.485833333333318, 29.3375 ], [ 89.48333333333332, 29.335833333333341 ], [ 89.480833333333322, 29.336666666666673 ], [ 89.479166666666657, 29.340833333333343 ], [ 89.470833333333317, 29.341666666666676 ] ] } },
{ "type": "Feature", "properties": { "COMID": 45022715, "id": "7151", "lengthkm": 0.937711479615286, "order": 6, "uparea": 106729.76791955151 }, "geometry": { "type": "LineString", "coordinates": [ [ 89.548333333333318, 29.348333333333343 ], [ 89.540833333333325, 29.344166666666673 ] ] } },
{ "type": "Feature", "properties": { "COMID": 45022714, "id": "7151", "lengthkm": 1.8332155116987461, "order": 6, "uparea": 106882.2105220524 }, "geometry": { "type": "LineString", "coordinates": [ [ 89.563333333333318, 29.354166666666675 ], [ 89.56, 29.353333333333342 ], [ 89.553333333333313, 29.3475 ], [ 89.548333333333318, 29.348333333333343 ] ] } },
{ "type": "Feature", "properties": { "COMID": 45022713, "id": "7151", "lengthkm": 4.8390868504382736, "order": 6, "uparea": 106936.84331379818 }, "geometry": { "type": "LineString", "coordinates": [ [ 89.605, 29.355 ], [ 89.6, 29.358333333333341 ], [ 89.58833333333331, 29.355833333333344 ], [ 89.581666666666649, 29.359166666666674 ], [ 89.575, 29.36 ], [ 89.563333333333318, 29.354166666666675 ] ] } },
{ "type": "Feature", "properties": { "COMID": 45022712, "id": "7151", "lengthkm": 3.779292319014576, "order": 6, "uparea": 106978.13455948923 }, "geometry": { "type": "LineString", "coordinates": [ [ 89.6325, 29.3475 ], [ 89.628333333333316, 29.3475 ], [ 89.625, 29.3525 ], [ 89.621666666666641, 29.354166666666675 ], [ 89.6075, 29.3525 ], [ 89.60833333333332, 29.354166666666675 ], [ 89.606666666666655, 29.355833333333344 ], [ 89.605, 29.355 ] ] } },
{ "type": "Feature", "properties": { "COMID": 45022711, "id": "7151", "lengthkm": 0.73046637979461104, "order": 6, "uparea": 107018.63278729207 }, "geometry": { "type": "LineString", "coordinates": [ [ 89.639166666666654, 29.349166666666676 ], [ 89.6325, 29.3475 ] ] } },
{ "type": "Feature", "properties": { "COMID": 45022710, "id": "7151", "lengthkm": 6.181334720102825, "order": 6, "uparea": 108650.70051117679 }, "geometry": { "type": "LineString", "coordinates": [ [ 89.688333333333318, 29.355833333333344 ], [ 89.685833333333321, 29.360833333333339 ], [ 89.678333333333313, 29.363333333333344 ], [ 89.66, 29.349166666666676 ], [ 89.639166666666654, 29.349166666666676 ] ] } },
{ "type": "Feature", "properties": { "COMID": 45022709, "id": "7151", "lengthkm": 3.2062858901948781, "order": 6, "uparea": 108776.88825388187 }, "geometry": { "type": "LineString", "coordinates": [ [ 89.7075, 29.334166666666675 ], [ 89.688333333333318, 29.355833333333344 ] ] } },
{ "type": "Feature", "properties": { "COMID": 45022708, "id": "7151", "lengthkm": 8.4199776524354366, "order": 6, "uparea": 108880.24931845226 }, "geometry": { "type": "LineString", "coordinates": [ [ 89.765833333333319, 29.299166666666675 ], [ 89.7575, 29.295833333333341 ], [ 89.755, 29.296666666666674 ], [ 89.75, 29.305833333333339 ], [ 89.743333333333311, 29.3125 ], [ 89.735833333333318, 29.316666666666677 ], [ 89.726666666666645, 29.325 ], [ 89.723333333333315, 29.323333333333341 ], [ 89.715, 29.325 ], [ 89.7075, 29.334166666666675 ] ] } },
{ "type": "Feature", "properties": { "COMID": 45022707, "id": "7151", "lengthkm": 3.345913471915003, "order": 6, "uparea": 108956.53320183797 }, "geometry": { "type": "LineString", "coordinates": [ [ 89.794166666666655, 29.296666666666674 ], [ 89.79, 29.2925 ], [ 89.7875, 29.2925 ], [ 89.776666666666642, 29.2975 ], [ 89.765833333333319, 29.299166666666675 ] ] } },
{ "type": "Feature", "properties": { "COMID": 45022706, "id": "7151", "lengthkm": 3.4673269452546172, "order": 6, "uparea": 119956.16603830774 }, "geometry": { "type": "LineString", "coordinates": [ [ 89.8175, 29.310833333333342 ], [ 89.811666666666653, 29.308333333333344 ], [ 89.806666666666644, 29.309166666666677 ], [ 89.801666666666648, 29.305 ], [ 89.79583333333332, 29.305 ], [ 89.794166666666655, 29.303333333333342 ], [ 89.794166666666655, 29.296666666666674 ] ] } },
{ "type": "Feature", "properties": { "COMID": 45022705, "id": "7151", "lengthkm": 4.7611214778721562, "order": 6, "uparea": 120007.63505918706 }, "geometry": { "type": "LineString", "coordinates": [ [ 89.86, 29.3225 ], [ 89.855, 29.3225 ], [ 89.8425, 29.314166666666676 ], [ 89.834166666666647, 29.314166666666676 ], [ 89.831666666666649, 29.3125 ], [ 89.8175, 29.310833333333342 ] ] } },
{ "type": "Feature", "properties": { "COMID": 45022704, "id": "7151", "lengthkm": 12.98016547587981, "order": 6, "uparea": 120148.36964728346 }, "geometry": { "type": "LineString", "coordinates": [ [ 89.9725, 29.339166666666674 ], [ 89.965, 29.336666666666673 ], [ 89.9575, 29.33 ], [ 89.953333333333319, 29.329166666666673 ], [ 89.9475, 29.325 ], [ 89.936666666666653, 29.324166666666677 ], [ 89.928333333333313, 29.319166666666675 ], [ 89.921666666666653, 29.318333333333342 ], [ 89.910833333333315, 29.321666666666673 ], [ 89.899166666666645, 29.321666666666673 ], [ 89.891666666666652, 29.319166666666675 ], [ 89.881666666666646, 29.32083333333334 ], [ 89.875833333333318, 29.3175 ], [ 89.869166666666644, 29.316666666666677 ], [ 89.86, 29.3225 ] ] } },
{ "type": "Feature", "properties": { "COMID": 45022703, "id": "7151", "lengthkm": 3.9454235595180309, "order": 6, "uparea": 120378.80420188006 }, "geometry": { "type": "LineString", "coordinates": [ [ 90.008333333333312, 29.335833333333341 ], [ 89.98666666666665, 29.341666666666676 ], [ 89.9725, 29.339166666666674 ] ] } },
{ "type": "Feature", "properties": { "COMID": 45022702, "id": "7151", "lengthkm": 9.1339123473503516, "order": 6, "uparea": 120445.82297105328 }, "geometry": { "type": "LineString", "coordinates": [ [ 90.085, 29.3525 ], [ 90.0775, 29.353333333333342 ], [ 90.071666666666644, 29.351666666666674 ], [ 90.063333333333318, 29.345 ], [ 90.055, 29.341666666666676 ], [ 90.03, 29.344166666666673 ], [ 90.008333333333312, 29.335833333333341 ] ] } },
{ "type": "Feature", "properties": { "COMID": 45022701, "id": "7151", "lengthkm": 1.622441527184951, "order": 6, "uparea": 120740.16338149506 }, "geometry": { "type": "LineString", "coordinates": [ [ 90.1, 29.349166666666676 ], [ 90.085, 29.3525 ] ] } },
{ "type": "Feature", "properties": { "COMID": 45022700, "id": "7151", "lengthkm": 0.41574164349638698, "order": 6, "uparea": 120824.30775040168 }, "geometry": { "type": "LineString", "coordinates": [ [ 90.10333333333331, 29.348333333333343 ], [ 90.1, 29.349166666666676 ] ] } },
{ "type": "Feature", "properties": { "COMID": 45022699, "id": "7151", "lengthkm": 10.080385576655251, "order": 6, "uparea": 120884.81674369289 }, "geometry": { "type": "LineString", "coordinates": [ [ 90.193333333333314, 29.345833333333342 ], [ 90.17083333333332, 29.345 ], [ 90.15416666666664, 29.354166666666675 ], [ 90.138333333333321, 29.348333333333343 ], [ 90.10333333333331, 29.348333333333343 ] ] } },
{ "type": "Feature", "properties": { "COMID": 45022698, "id": "7151", "lengthkm": 5.5237853615063202, "order": 6, "uparea": 123298.08678163675 }, "geometry": { "type": "LineString", "coordinates": [ [ 90.23666666666665, 29.331666666666678 ], [ 90.235, 29.33 ], [ 90.2275, 29.33 ], [ 90.21666666666664, 29.341666666666676 ], [ 90.211666666666645, 29.340833333333343 ], [ 90.203333333333319, 29.3475 ], [ 90.193333333333314, 29.345833333333342 ] ] } },
{ "type": "Feature", "properties": { "COMID": 45022697, "id": "7151", "lengthkm": 2.5990701279348829, "order": 6, "uparea": 123331.02328580199 }, "geometry": { "type": "LineString", "coordinates": [ [ 90.26, 29.336666666666673 ], [ 90.256666666666646, 29.333333333333343 ], [ 90.241666666666646, 29.334166666666675 ], [ 90.23666666666665, 29.331666666666678 ] ] } },
{ "type": "Feature", "properties": { "COMID": 45022696, "id": "7151", "lengthkm": 2.560954846679405, "order": 6, "uparea": 123433.28880793779 }, "geometry": { "type": "LineString", "coordinates": [ [ 90.278333333333308, 29.3275 ], [ 90.27583333333331, 29.32833333333334 ], [ 90.273333333333312, 29.330833333333342 ], [ 90.273333333333312, 29.333333333333343 ], [ 90.2675, 29.3375 ], [ 90.263333333333321, 29.338333333333342 ], [ 90.26, 29.336666666666673 ] ] } },
{ "type": "Feature", "properties": { "COMID": 45022695, "id": "7151", "lengthkm": 9.812337414045631, "order": 6, "uparea": 123653.32379596175 }, "geometry": { "type": "LineString", "coordinates": [ [ 90.3625, 29.299166666666675 ], [ 90.354166666666657, 29.303333333333342 ], [ 90.345833333333317, 29.310833333333342 ], [ 90.314166666666651, 29.315833333333341 ], [ 90.3075, 29.32083333333334 ], [ 90.296666666666653, 29.325833333333343 ], [ 90.29, 29.325833333333343 ], [ 90.286666666666648, 29.324166666666677 ], [ 90.278333333333308, 29.3275 ] ] } },
{ "type": "Feature", "properties": { "COMID": 45022694, "id": "7151", "lengthkm": 7.6852652526493692, "order": 6, "uparea": 123768.54077020921 }, "geometry": { "type": "LineString", "coordinates": [ [ 90.4175, 29.256666666666675 ], [ 90.401666666666642, 29.2725 ], [ 90.398333333333312, 29.273333333333341 ], [ 90.380833333333314, 29.2925 ], [ 90.3625, 29.299166666666675 ] ] } },
{ "type": "Feature", "properties": { "COMID": 45022693, "id": "7151", "lengthkm": 5.0098989300930166, "order": 6, "uparea": 123878.02714125946 }, "geometry": { "type": "LineString", "coordinates": [ [ 90.453333333333319, 29.245 ], [ 90.439166666666651, 29.24 ], [ 90.435, 29.240833333333342 ], [ 90.430833333333311, 29.244166666666676 ], [ 90.425, 29.245833333333344 ], [ 90.4225, 29.248333333333342 ], [ 90.421666666666653, 29.253333333333341 ], [ 90.4175, 29.256666666666675 ] ] } },
{ "type": "Feature", "properties": { "COMID": 45022692, "id": "7151", "lengthkm": 10.411656904899964, "order": 6, "uparea": 124018.06104836414 }, "geometry": { "type": "LineString", "coordinates": [ [ 90.53416666666665, 29.2575 ], [ 90.53, 29.254166666666677 ], [ 90.5275, 29.249166666666675 ], [ 90.525, 29.248333333333342 ], [ 90.52, 29.248333333333342 ], [ 90.511666666666656, 29.255 ], [ 90.5075, 29.255833333333342 ], [ 90.504166666666649, 29.2525 ], [ 90.498333333333306, 29.25 ], [ 90.4925, 29.25 ], [ 90.485833333333318, 29.255833333333342 ], [ 90.476666666666645, 29.255833333333342 ], [ 90.453333333333319, 29.245 ] ] } },
{ "type": "Feature", "properties": { "COMID": 45022691, "id": "7151", "lengthkm": 10.132574084849436, "order": 6, "uparea": 124194.85030552682 }, "geometry": { "type": "LineString", "coordinates": [ [ 90.613333333333316, 29.2725 ], [ 90.61166666666665, 29.273333333333341 ], [ 90.6125, 29.276666666666674 ], [ 90.610833333333318, 29.278333333333343 ], [ 90.609166666666653, 29.276666666666674 ], [ 90.595, 29.278333333333343 ], [ 90.58833333333331, 29.275 ], [ 90.585833333333312, 29.275833333333342 ], [ 90.571666666666644, 29.2625 ], [ 90.5425, 29.2625 ], [ 90.53416666666665, 29.2575 ] ] } },
{ "type": "Feature", "properties": { "COMID": 45022690, "id": "7151", "lengthkm": 8.1193557258289761, "order": 6, "uparea": 124286.47525101865 }, "geometry": { "type": "LineString", "coordinates": [ [ 90.6675, 29.303333333333342 ], [ 90.664166666666645, 29.298333333333339 ], [ 90.66, 29.2975 ], [ 90.65583333333332, 29.299166666666675 ], [ 90.649166666666645, 29.296666666666674 ], [ 90.646666666666647, 29.2975 ], [ 90.645833333333314, 29.3 ], [ 90.639166666666654, 29.3 ], [ 90.635833333333323, 29.295 ], [ 90.629166666666649, 29.29 ], [ 90.629166666666649, 29.286666666666676 ], [ 90.619166666666644, 29.278333333333343 ], [ 90.615, 29.2725 ], [ 90.613333333333316, 29.2725 ] ] } },
{ "type": "Feature", "properties": { "COMID": 45022689, "id": "7151", "lengthkm": 3.0720761179786451, "order": 6, "uparea": 124368.39362562895 }, "geometry": { "type": "LineString", "coordinates": [ [ 90.680833333333311, 29.323333333333341 ], [ 90.680833333333311, 29.3125 ], [ 90.6675, 29.303333333333342 ] ] } },
{ "type": "Feature", "properties": { "COMID": 45022688, "id": "7151", "lengthkm": 3.333700239553242, "order": 6, "uparea": 124775.00933253118 }, "geometry": { "type": "LineString", "coordinates": [ [ 90.704166666666652, 29.338333333333342 ], [ 90.698333333333323, 29.334166666666675 ], [ 90.689166666666651, 29.333333333333343 ], [ 90.685, 29.326666666666675 ], [ 90.681666666666644, 29.325833333333343 ], [ 90.6825, 29.325 ], [ 90.680833333333311, 29.323333333333341 ] ] } },
{ "type": "Feature", "properties": { "COMID": 45022687, "id": "7151", "lengthkm": 5.794918890999706, "order": 6, "uparea": 124807.43352124767 }, "geometry": { "type": "LineString", "coordinates": [ [ 90.749166666666653, 29.336666666666673 ], [ 90.745, 29.336666666666673 ], [ 90.740833333333313, 29.330833333333342 ], [ 90.73666666666665, 29.33 ], [ 90.735, 29.331666666666678 ], [ 90.725833333333313, 29.330833333333342 ], [ 90.72166666666665, 29.335 ], [ 90.715833333333308, 29.335 ], [ 90.709166666666647, 29.339166666666674 ], [ 90.704166666666652, 29.338333333333342 ] ] } },
{ "type": "Feature", "properties": { "COMID": 45022686, "id": "7151", "lengthkm": 2.1416860732715639, "order": 6, "uparea": 125095.43727422609 }, "geometry": { "type": "LineString", "coordinates": [ [ 90.765, 29.32833333333334 ], [ 90.760833333333323, 29.32833333333334 ], [ 90.758333333333312, 29.3325 ], [ 90.749166666666653, 29.336666666666673 ] ] } },
{ "type": "Feature", "properties": { "COMID": 45022685, "id": "7151", "lengthkm": 9.2688121695218104, "order": 7, "uparea": 157751.89700344607 }, "geometry": { "type": "LineString", "coordinates": [ [ 90.7925, 29.2775 ], [ 90.79, 29.278333333333343 ], [ 90.78083333333332, 29.275833333333342 ], [ 90.771666666666647, 29.275833333333342 ], [ 90.759166666666644, 29.2925 ], [ 90.7575, 29.295833333333341 ], [ 90.758333333333312, 29.301666666666677 ], [ 90.768333333333317, 29.31 ], [ 90.768333333333317, 29.324166666666677 ], [ 90.765, 29.32833333333334 ] ] } },
{ "type": "Feature", "properties": { "COMID": 45022684, "id": "7151", "lengthkm": 1.254526214303578, "order": 7, "uparea": 157788.82863755981 }, "geometry": { "type": "LineString", "coordinates": [ [ 90.805, 29.276666666666674 ], [ 90.7925, 29.2775 ] ] } },
{ "type": "Feature", "properties": { "COMID": 45022683, "id": "7151", "lengthkm": 7.9043611837309369, "order": 7, "uparea": 157973.02809761153 }, "geometry": { "type": "LineString", "coordinates": [ [ 90.85, 29.319166666666675 ], [ 90.8475, 29.310833333333342 ], [ 90.8425, 29.303333333333342 ], [ 90.835, 29.2975 ], [ 90.835833333333312, 29.29 ], [ 90.833333333333314, 29.285 ], [ 90.825, 29.280833333333341 ], [ 90.823333333333323, 29.281666666666673 ], [ 90.815833333333316, 29.278333333333343 ], [ 90.805, 29.276666666666674 ] ] } },
{ "type": "Feature", "properties": { "COMID": 45022682, "id": "7151", "lengthkm": 9.376706973024957, "order": 7, "uparea": 158040.96127249635 }, "geometry": { "type": "LineString", "coordinates": [ [ 90.923333333333318, 29.315 ], [ 90.914166666666645, 29.321666666666673 ], [ 90.90916666666665, 29.323333333333341 ], [ 90.898333333333312, 29.3325 ], [ 90.8925, 29.3325 ], [ 90.885, 29.325833333333343 ], [ 90.88, 29.326666666666675 ], [ 90.875, 29.325 ], [ 90.869166666666644, 29.3175 ], [ 90.851666666666645, 29.32083333333334 ], [ 90.85, 29.319166666666675 ] ] } },
{ "type": "Feature", "properties": { "COMID": 45022681, "id": "7151", "lengthkm": 4.0803080914388614, "order": 7, "uparea": 158109.10972280693 }, "geometry": { "type": "LineString", "coordinates": [ [ 90.953333333333319, 29.2975 ], [ 90.944166666666646, 29.296666666666674 ], [ 90.930833333333311, 29.3125 ], [ 90.923333333333318, 29.315 ] ] } },
{ "type": "Feature", "properties": { "COMID": 45022680, "id": "7151", "lengthkm": 5.7691453953527363, "order": 7, "uparea": 158371.43909656294 }, "geometry": { "type": "LineString", "coordinates": [ [ 90.996666666666641, 29.3175 ], [ 90.996666666666641, 29.315 ], [ 90.993333333333311, 29.311666666666675 ], [ 90.985833333333318, 29.311666666666675 ], [ 90.981666666666655, 29.314166666666676 ], [ 90.9775, 29.3075 ], [ 90.97166666666665, 29.3025 ], [ 90.96, 29.300833333333344 ], [ 90.953333333333319, 29.2975 ] ] } },
{ "type": "Feature", "properties": { "COMID": 45022679, "id": "7151", "lengthkm": 1.7914578213469901, "order": 7, "uparea": 158420.62565469256 }, "geometry": { "type": "LineString", "coordinates": [ [ 91.011666666666656, 29.314166666666676 ], [ 91.006666666666646, 29.3175 ], [ 90.996666666666641, 29.3175 ] ] } },
{ "type": "Feature", "properties": { "COMID": 45022678, "id": "7151", "lengthkm": 1.6892535975208429, "order": 7, "uparea": 158502.06083262243 }, "geometry": { "type": "LineString", "coordinates": [ [ 91.020833333333314, 29.303333333333342 ], [ 91.02, 29.308333333333344 ], [ 91.011666666666656, 29.314166666666676 ] ] } },
{ "type": "Feature", "properties": { "COMID": 45022677, "id": "7151", "lengthkm": 11.848580123015347, "order": 7, "uparea": 158589.18098970712 }, "geometry": { "type": "LineString", "coordinates": [ [ 91.115833333333313, 29.324166666666677 ], [ 91.105, 29.321666666666673 ], [ 91.0975, 29.325833333333343 ], [ 91.075, 29.325 ], [ 91.070833333333312, 29.319166666666675 ], [ 91.066666666666649, 29.319166666666675 ], [ 91.064166666666651, 29.316666666666677 ], [ 91.059166666666641, 29.315833333333341 ], [ 91.045, 29.2975 ], [ 91.0325, 29.296666666666674 ], [ 91.020833333333314, 29.303333333333342 ] ] } },
{ "type": "Feature", "properties": { "COMID": 45022676, "id": "7151", "lengthkm": 0.52688419422135802, "order": 7, "uparea": 158617.04704415356 }, "geometry": { "type": "LineString", "coordinates": [ [ 91.120833333333309, 29.323333333333341 ], [ 91.115833333333313, 29.324166666666677 ] ] } },
{ "type": "Feature", "properties": { "COMID": 45022675, "id": "7151", "lengthkm": 0.57253818201270301, "order": 7, "uparea": 158811.78755324244 }, "geometry": { "type": "LineString", "coordinates": [ [ 91.125, 29.32 ], [ 91.120833333333309, 29.323333333333341 ] ] } },
{ "type": "Feature", "properties": { "COMID": 45022674, "id": "7151", "lengthkm": 15.510856327008257, "order": 7, "uparea": 159453.2727650966 }, "geometry": { "type": "LineString", "coordinates": [ [ 91.2375, 29.274166666666673 ], [ 91.2325, 29.273333333333341 ], [ 91.225833333333313, 29.28 ], [ 91.206666666666649, 29.281666666666673 ], [ 91.2075, 29.2875 ], [ 91.200833333333321, 29.290833333333342 ], [ 91.1975, 29.296666666666674 ], [ 91.191666666666649, 29.3 ], [ 91.189166666666651, 29.305 ], [ 91.181666666666644, 29.310833333333342 ], [ 91.180833333333311, 29.319166666666675 ], [ 91.176666666666648, 29.323333333333341 ], [ 91.165, 29.324166666666677 ], [ 91.1625, 29.3225 ], [ 91.155, 29.324166666666677 ], [ 91.15, 29.321666666666673 ], [ 91.145833333333314, 29.3225 ], [ 91.139166666666654, 29.319166666666675 ], [ 91.125, 29.32 ] ] } },
{ "type": "Feature", "properties": { "COMID": 45022673, "id": "7151", "lengthkm": 3.915517556535153, "order": 7, "uparea": 159505.21957186685 }, "geometry": { "type": "LineString", "coordinates": [ [ 91.270833333333314, 29.286666666666676 ], [ 91.264166666666654, 29.281666666666673 ], [ 91.248333333333306, 29.279166666666676 ], [ 91.243333333333311, 29.275 ], [ 91.2375, 29.274166666666673 ] ] } },
{ "type": "Feature", "properties": { "COMID": 45022672, "id": "7151", "lengthkm": 7.3007493153513456, "order": 7, "uparea": 159826.73766090939 }, "geometry": { "type": "LineString", "coordinates": [ [ 91.329166666666652, 29.269166666666678 ], [ 91.325833333333321, 29.269166666666678 ], [ 91.32, 29.273333333333341 ], [ 91.316666666666649, 29.273333333333341 ], [ 91.315, 29.278333333333343 ], [ 91.305, 29.2775 ], [ 91.2925, 29.285833333333343 ], [ 91.28416666666665, 29.285833333333343 ], [ 91.28, 29.2875 ], [ 91.276666666666642, 29.284166666666675 ], [ 91.274166666666645, 29.286666666666676 ], [ 91.270833333333314, 29.286666666666676 ] ] } },
{ "type": "Feature", "properties": { "COMID": 45022671, "id": "7151", "lengthkm": 4.8370462789237978, "order": 7, "uparea": 160365.40477752994 }, "geometry": { "type": "LineString", "coordinates": [ [ 91.365833333333313, 29.2925 ], [ 91.3575, 29.290833333333342 ], [ 91.335833333333312, 29.270833333333343 ], [ 91.329166666666652, 29.269166666666678 ] ] } },
{ "type": "Feature", "properties": { "COMID": 45022670, "id": "7151", "lengthkm": 8.0849311289714976, "order": 7, "uparea": 160470.33210187856 }, "geometry": { "type": "LineString", "coordinates": [ [ 91.434166666666641, 29.29 ], [ 91.425833333333316, 29.290833333333342 ], [ 91.418333333333322, 29.2875 ], [ 91.413333333333313, 29.283333333333342 ], [ 91.4, 29.280833333333341 ], [ 91.394166666666649, 29.284166666666675 ], [ 91.385, 29.283333333333342 ], [ 91.384166666666644, 29.286666666666676 ], [ 91.375, 29.291666666666675 ], [ 91.365833333333313, 29.2925 ] ] } },
{ "type": "Feature", "properties": { "COMID": 45022669, "id": "7151", "lengthkm": 2.0430208293645218, "order": 7, "uparea": 160641.67344657858 }, "geometry": { "type": "LineString", "coordinates": [ [ 91.4475, 29.279166666666676 ], [ 91.4375, 29.283333333333342 ], [ 91.434166666666641, 29.29 ] ] } },
{ "type": "Feature", "properties": { "COMID": 45022668, "id": "7151", "lengthkm": 7.5248561498755553, "order": 7, "uparea": 160961.63091852801 }, "geometry": { "type": "LineString", "coordinates": [ [ 91.506666666666646, 29.280833333333341 ], [ 91.5025, 29.28 ], [ 91.5, 29.2775 ], [ 91.494166666666644, 29.2775 ], [ 91.489166666666648, 29.2725 ], [ 91.485, 29.2725 ], [ 91.4825, 29.270833333333343 ], [ 91.47833333333331, 29.270833333333343 ], [ 91.476666666666645, 29.2725 ], [ 91.476666666666645, 29.2775 ], [ 91.469166666666652, 29.281666666666673 ], [ 91.453333333333319, 29.283333333333342 ], [ 91.450833333333321, 29.28 ], [ 91.4475, 29.279166666666676 ] ] } },
{ "type": "Feature", "properties": { "COMID": 45022667, "id": "7151", "lengthkm": 1.588157880057562, "order": 7, "uparea": 160997.53441234955 }, "geometry": { "type": "LineString", "coordinates": [ [ 91.52, 29.275 ], [ 91.514166666666654, 29.275833333333342 ], [ 91.506666666666646, 29.280833333333341 ] ] } },
{ "type": "Feature", "properties": { "COMID": 45022666, "id": "7151", "lengthkm": 3.9695653110204372, "order": 7, "uparea": 161105.45630632454 }, "geometry": { "type": "LineString", "coordinates": [ [ 91.5525, 29.280833333333341 ], [ 91.551666666666648, 29.278333333333343 ], [ 91.5475, 29.275833333333342 ], [ 91.535, 29.275 ], [ 91.53083333333332, 29.278333333333343 ], [ 91.525, 29.279166666666676 ], [ 91.52, 29.275 ] ] } },
{ "type": "Feature", "properties": { "COMID": 45022665, "id": "7151", "lengthkm": 1.354015398482354, "order": 7, "uparea": 161470.15003643866 }, "geometry": { "type": "LineString", "coordinates": [ [ 91.563333333333318, 29.2825 ], [ 91.556666666666644, 29.284166666666675 ], [ 91.5525, 29.280833333333341 ] ] } },
{ "type": "Feature", "properties": { "COMID": 45022664, "id": "7151", "lengthkm": 5.8158594362509204, "order": 7, "uparea": 161647.99734380466 }, "geometry": { "type": "LineString", "coordinates": [ [ 91.61, 29.261666666666677 ], [ 91.5975, 29.260833333333341 ], [ 91.585833333333312, 29.2675 ], [ 91.575833333333321, 29.268333333333342 ], [ 91.573333333333309, 29.270833333333343 ], [ 91.573333333333309, 29.273333333333341 ], [ 91.563333333333318, 29.2825 ] ] } },
{ "type": "Feature", "properties": { "COMID": 45022663, "id": "7151", "lengthkm": 5.9925930336814446, "order": 7, "uparea": 161725.90965389673 }, "geometry": { "type": "LineString", "coordinates": [ [ 91.660833333333315, 29.263333333333343 ], [ 91.65, 29.265 ], [ 91.640833333333319, 29.268333333333342 ], [ 91.635833333333309, 29.266666666666673 ], [ 91.630833333333314, 29.27 ], [ 91.6275, 29.268333333333342 ], [ 91.619166666666644, 29.268333333333342 ], [ 91.613333333333316, 29.2625 ], [ 91.61, 29.261666666666677 ] ] } },
{ "type": "Feature", "properties": { "COMID": 45022662, "id": "7151", "lengthkm": 8.8775097464563846, "order": 7, "uparea": 161976.47861454677 }, "geometry": { "type": "LineString", "coordinates": [ [ 91.745833333333309, 29.2625 ], [ 91.73666666666665, 29.26 ], [ 91.715, 29.26 ], [ 91.71, 29.2625 ], [ 91.699166666666656, 29.26 ], [ 91.6775, 29.260833333333341 ], [ 91.660833333333315, 29.263333333333343 ] ] } },
{ "type": "Feature", "properties": { "COMID": 45022661, "id": "7151", "lengthkm": 1.915034529005337, "order": 7, "uparea": 162014.3071301617 }, "geometry": { "type": "LineString", "coordinates": [ [ 91.761666666666656, 29.27 ], [ 91.753333333333316, 29.2675 ], [ 91.745833333333309, 29.2625 ] ] } },
{ "type": "Feature", "properties": { "COMID": 45022660, "id": "7151", "lengthkm": 4.3012372030580126, "order": 7, "uparea": 164296.27773503869 }, "geometry": { "type": "LineString", "coordinates": [ [ 91.801666666666648, 29.27 ], [ 91.761666666666656, 29.27 ] ] } },
{ "type": "Feature", "properties": { "COMID": 45022659, "id": "7151", "lengthkm": 8.5202167697789566, "order": 7, "uparea": 165034.3079593454 }, "geometry": { "type": "LineString", "coordinates": [ [ 91.875, 29.279166666666676 ], [ 91.8675, 29.2825 ], [ 91.8575, 29.280833333333341 ], [ 91.850833333333313, 29.273333333333341 ], [ 91.8375, 29.266666666666673 ], [ 91.825833333333321, 29.269166666666678 ], [ 91.82, 29.2675 ], [ 91.809166666666641, 29.2675 ], [ 91.801666666666648, 29.27 ] ] } },
{ "type": "Feature", "properties": { "COMID": 45022658, "id": "7151", "lengthkm": 5.0741402212232911, "order": 7, "uparea": 165110.70493069565 }, "geometry": { "type": "LineString", "coordinates": [ [ 91.921666666666653, 29.273333333333341 ], [ 91.916666666666643, 29.271666666666675 ], [ 91.9, 29.271666666666675 ], [ 91.875, 29.279166666666676 ] ] } },
{ "type": "Feature", "properties": { "COMID": 45022657, "id": "7151", "lengthkm": 11.333982066224079, "order": 7, "uparea": 165281.96376796043 }, "geometry": { "type": "LineString", "coordinates": [ [ 92.011666666666656, 29.234166666666674 ], [ 92.006666666666646, 29.234166666666674 ], [ 91.9975, 29.249166666666675 ], [ 91.99, 29.256666666666675 ], [ 91.9825, 29.260833333333341 ], [ 91.964166666666642, 29.260833333333341 ], [ 91.9525, 29.26583333333334 ], [ 91.944166666666646, 29.271666666666675 ], [ 91.921666666666653, 29.273333333333341 ] ] } },
{ "type": "Feature", "properties": { "COMID": 45022656, "id": "7151", "lengthkm": 2.793129685110403, "order": 7, "uparea": 167320.4797964273 }, "geometry": { "type": "LineString", "coordinates": [ [ 92.0275, 29.25083333333334 ], [ 92.02583333333331, 29.2475 ], [ 92.0225, 29.245833333333344 ], [ 92.0225, 29.241666666666674 ], [ 92.018333333333317, 29.2375 ], [ 92.011666666666656, 29.234166666666674 ] ] } },
{ "type": "Feature", "properties": { "COMID": 45022655, "id": "7151", "lengthkm": 6.6078910844738186, "order": 7, "uparea": 167638.36458424068 }, "geometry": { "type": "LineString", "coordinates": [ [ 92.07, 29.288333333333341 ], [ 92.059166666666641, 29.276666666666674 ], [ 92.053333333333313, 29.276666666666674 ], [ 92.041666666666643, 29.265 ], [ 92.038333333333313, 29.265 ], [ 92.03416666666665, 29.2625 ], [ 92.031666666666652, 29.26 ], [ 92.031666666666652, 29.255833333333342 ], [ 92.0275, 29.25083333333334 ] ] } },
{ "type": "Feature", "properties": { "COMID": 45022654, "id": "7151", "lengthkm": 14.424232900203052, "order": 7, "uparea": 167778.36134394543 }, "geometry": { "type": "LineString", "coordinates": [ [ 92.186666666666639, 29.2525 ], [ 92.168333333333322, 29.275833333333342 ], [ 92.1575, 29.286666666666676 ], [ 92.153333333333308, 29.288333333333341 ], [ 92.14, 29.288333333333341 ], [ 92.133333333333312, 29.286666666666676 ], [ 92.126666666666651, 29.2875 ], [ 92.120833333333309, 29.283333333333342 ], [ 92.114166666666648, 29.283333333333342 ], [ 92.110833333333318, 29.285833333333343 ], [ 92.105833333333322, 29.285 ], [ 92.0925, 29.288333333333341 ], [ 92.07, 29.288333333333341 ] ] } },
{ "type": "Feature", "properties": { "COMID": 45022653, "id": "7151", "lengthkm": 1.8698743824203301, "order": 7, "uparea": 167818.80409721695 }, "geometry": { "type": "LineString", "coordinates": [ [ 92.199166666666656, 29.245833333333344 ], [ 92.195833333333312, 29.244166666666676 ], [ 92.190833333333316, 29.246666666666677 ], [ 92.186666666666639, 29.2525 ] ] } },
{ "type": "Feature", "properties": { "COMID": 45022652, "id": "7151", "lengthkm": 1.719845599947738, "order": 7, "uparea": 167848.31014301695 }, "geometry": { "type": "LineString", "coordinates": [ [ 92.21333333333331, 29.251666666666676 ], [ 92.199166666666656, 29.245833333333344 ] ] } },
{ "type": "Feature", "properties": { "COMID": 45022651, "id": "7151", "lengthkm": 14.16054462287015, "order": 7, "uparea": 169400.63616195894 }, "geometry": { "type": "LineString", "coordinates": [ [ 92.335833333333312, 29.226666666666674 ], [ 92.29583333333332, 29.229166666666675 ], [ 92.273333333333312, 29.244166666666676 ], [ 92.2625, 29.245833333333344 ], [ 92.245833333333309, 29.244166666666676 ], [ 92.234166666666653, 29.245 ], [ 92.2275, 29.2475 ], [ 92.224166666666648, 29.25083333333334 ], [ 92.22, 29.25083333333334 ], [ 92.218333333333305, 29.2525 ], [ 92.21333333333331, 29.251666666666676 ] ] } },
{ "type": "Feature", "properties": { "COMID": 45022650, "id": "7151", "lengthkm": 1.836374677243424, "order": 7, "uparea": 169469.37317854774 }, "geometry": { "type": "LineString", "coordinates": [ [ 92.3525, 29.223333333333343 ], [ 92.335833333333312, 29.226666666666674 ] ] } },
{ "type": "Feature", "properties": { "COMID": 45022649, "id": "7151", "lengthkm": 8.9118393772461193, "order": 7, "uparea": 169580.06793385634 }, "geometry": { "type": "LineString", "coordinates": [ [ 92.413333333333313, 29.25833333333334 ], [ 92.41, 29.261666666666677 ], [ 92.4075, 29.26 ], [ 92.403333333333308, 29.26 ], [ 92.398333333333312, 29.251666666666676 ], [ 92.398333333333312, 29.2475 ], [ 92.394166666666649, 29.238333333333344 ], [ 92.385833333333309, 29.231666666666676 ], [ 92.37, 29.224166666666676 ], [ 92.3525, 29.223333333333343 ] ] } },
{ "type": "Feature", "properties": { "COMID": 45022648, "id": "7151", "lengthkm": 8.9260080648698192, "order": 7, "uparea": 169662.4658584503 }, "geometry": { "type": "LineString", "coordinates": [ [ 92.4825, 29.2325 ], [ 92.475833333333313, 29.239166666666677 ], [ 92.4725, 29.248333333333342 ], [ 92.465833333333308, 29.253333333333341 ], [ 92.448333333333309, 29.254166666666677 ], [ 92.43, 29.25083333333334 ], [ 92.413333333333313, 29.25833333333334 ] ] } },
{ "type": "Feature", "properties": { "COMID": 45022647, "id": "7151", "lengthkm": 12.651923415807314, "order": 7, "uparea": 169849.79848053394 }, "geometry": { "type": "LineString", "coordinates": [ [ 92.52583333333331, 29.14 ], [ 92.5275, 29.151666666666674 ], [ 92.5325, 29.160833333333343 ], [ 92.531666666666652, 29.1675 ], [ 92.515833333333319, 29.185833333333342 ], [ 92.510833333333309, 29.194166666666675 ], [ 92.510833333333309, 29.198333333333341 ], [ 92.5075, 29.2025 ], [ 92.506666666666646, 29.208333333333343 ], [ 92.499166666666639, 29.218333333333341 ], [ 92.4825, 29.2325 ] ] } },
{ "type": "Feature", "properties": { "COMID": 45022646, "id": "7151", "lengthkm": 4.7615989013479316, "order": 7, "uparea": 170209.92811859565 }, "geometry": { "type": "LineString", "coordinates": [ [ 92.559166666666641, 29.1475 ], [ 92.554166666666646, 29.1475 ], [ 92.5475, 29.139166666666675 ], [ 92.546666666666653, 29.14 ], [ 92.538333333333313, 29.135 ], [ 92.52916666666664, 29.134166666666676 ], [ 92.52583333333331, 29.14 ] ] } },
{ "type": "Feature", "properties": { "COMID": 45022645, "id": "7151", "lengthkm": 0.16185708246278699, "order": 7, "uparea": 170771.22663932893 }, "geometry": { "type": "LineString", "coordinates": [ [ 92.560833333333306, 29.1475 ], [ 92.559166666666641, 29.1475 ] ] } },
{ "type": "Feature", "properties": { "COMID": 45022644, "id": "7151", "lengthkm": 15.21244609372302, "order": 7, "uparea": 170997.84665468082 }, "geometry": { "type": "LineString", "coordinates": [ [ 92.6325, 29.116666666666674 ], [ 92.6225, 29.115833333333342 ], [ 92.618333333333311, 29.111666666666675 ], [ 92.616666666666646, 29.1025 ], [ 92.613333333333316, 29.099166666666676 ], [ 92.6125, 29.1 ], [ 92.61, 29.0975 ], [ 92.6075, 29.0975 ], [ 92.6025, 29.100833333333341 ], [ 92.590833333333308, 29.116666666666674 ], [ 92.58833333333331, 29.1225 ], [ 92.589166666666642, 29.1275 ], [ 92.595833333333317, 29.128333333333345 ], [ 92.601666666666645, 29.135833333333341 ], [ 92.6025, 29.14 ], [ 92.6, 29.144166666666678 ], [ 92.5875, 29.148333333333341 ], [ 92.560833333333306, 29.1475 ] ] } },
{ "type": "Feature", "properties": { "COMID": 45022643, "id": "7151", "lengthkm": 3.7478686409774129, "order": 7, "uparea": 171063.72690957392 }, "geometry": { "type": "LineString", "coordinates": [ [ 92.660833333333315, 29.1275 ], [ 92.6575, 29.12583333333334 ], [ 92.6575, 29.1225 ], [ 92.655833333333305, 29.1225 ], [ 92.65416666666664, 29.12 ], [ 92.649166666666645, 29.12 ], [ 92.646666666666647, 29.1175 ], [ 92.6325, 29.116666666666674 ] ] } },
{ "type": "Feature", "properties": { "COMID": 45022642, "id": "7151", "lengthkm": 18.012773267023579, "order": 7, "uparea": 171701.31088907097 }, "geometry": { "type": "LineString", "coordinates": [ [ 92.723333333333315, 29.080833333333342 ], [ 92.72, 29.089166666666674 ], [ 92.715, 29.094166666666673 ], [ 92.719166666666652, 29.098333333333343 ], [ 92.719166666666652, 29.100833333333341 ], [ 92.715, 29.1025 ], [ 92.709166666666647, 29.11 ], [ 92.703333333333319, 29.11 ], [ 92.6925, 29.100833333333341 ], [ 92.689166666666651, 29.1 ], [ 92.6825, 29.1 ], [ 92.675833333333316, 29.105833333333344 ], [ 92.675833333333316, 29.113333333333344 ], [ 92.68, 29.116666666666674 ], [ 92.69, 29.119166666666676 ], [ 92.691666666666649, 29.1175 ], [ 92.695, 29.118333333333339 ], [ 92.695, 29.128333333333345 ], [ 92.689166666666651, 29.1375 ], [ 92.680833333333311, 29.139166666666675 ], [ 92.668333333333322, 29.1275 ], [ 92.663333333333313, 29.12583333333334 ], [ 92.660833333333315, 29.1275 ] ] } },
{ "type": "Feature", "properties": { "COMID": 45022641, "id": "7151", "lengthkm": 1.06231242449078, "order": 7, "uparea": 171837.01552426428 }, "geometry": { "type": "LineString", "coordinates": [ [ 92.731666666666655, 29.075833333333343 ], [ 92.723333333333315, 29.080833333333342 ] ] } },
{ "type": "Feature", "properties": { "COMID": 45022640, "id": "7151", "lengthkm": 11.912366150163242, "order": 7, "uparea": 171957.49806345324 }, "geometry": { "type": "LineString", "coordinates": [ [ 92.8025, 29.0775 ], [ 92.8, 29.08 ], [ 92.79083333333331, 29.080833333333342 ], [ 92.7825, 29.073333333333341 ], [ 92.78, 29.074166666666677 ], [ 92.778333333333308, 29.071666666666676 ], [ 92.77583333333331, 29.074166666666677 ], [ 92.771666666666647, 29.088333333333342 ], [ 92.766666666666652, 29.09 ], [ 92.756666666666646, 29.0875 ], [ 92.753333333333316, 29.085 ], [ 92.749166666666639, 29.075833333333343 ], [ 92.75, 29.0725 ], [ 92.745, 29.0675 ], [ 92.738333333333316, 29.0675 ], [ 92.731666666666655, 29.075833333333343 ] ] } },
{ "type": "Feature", "properties": { "COMID": 45022639, "id": "7151", "lengthkm": 3.9447521884897032, "order": 7, "uparea": 173584.7202508247 }, "geometry": { "type": "LineString", "coordinates": [ [ 92.82, 29.069166666666675 ], [ 92.815833333333316, 29.064166666666676 ], [ 92.808333333333309, 29.060833333333342 ], [ 92.8025, 29.065833333333345 ], [ 92.8025, 29.0775 ] ] } },
{ "type": "Feature", "properties": { "COMID": 45022638, "id": "7151", "lengthkm": 17.383661159507962, "order": 7, "uparea": 174406.77868076664 }, "geometry": { "type": "LineString", "coordinates": [ [ 92.943333333333314, 29.058333333333344 ], [ 92.9425, 29.06333333333334 ], [ 92.930833333333311, 29.0675 ], [ 92.923333333333318, 29.06333333333334 ], [ 92.92, 29.064166666666676 ], [ 92.919166666666655, 29.060833333333342 ], [ 92.914166666666645, 29.058333333333344 ], [ 92.903333333333308, 29.0575 ], [ 92.898333333333312, 29.061666666666675 ], [ 92.896666666666647, 29.066666666666677 ], [ 92.894166666666649, 29.068333333333342 ], [ 92.878333333333316, 29.073333333333341 ], [ 92.865, 29.073333333333341 ], [ 92.86, 29.071666666666676 ], [ 92.85333333333331, 29.080833333333342 ], [ 92.8475, 29.080833333333342 ], [ 92.83833333333331, 29.075 ], [ 92.831666666666649, 29.075 ], [ 92.828333333333319, 29.076666666666675 ], [ 92.8275, 29.081666666666678 ], [ 92.825, 29.0825 ], [ 92.821666666666644, 29.08 ], [ 92.82, 29.069166666666675 ] ] } },
{ "type": "Feature", "properties": { "COMID": 45022637, "id": "7151", "lengthkm": 0.89336571461080905, "order": 7, "uparea": 174491.95174204896 }, "geometry": { "type": "LineString", "coordinates": [ [ 92.9475, 29.051666666666677 ], [ 92.943333333333314, 29.058333333333344 ] ] } },
{ "type": "Feature", "properties": { "COMID": 45022636, "id": "7151", "lengthkm": 7.5243405404487076, "order": 7, "uparea": 174561.0496909557 }, "geometry": { "type": "LineString", "coordinates": [ [ 93.000833333333318, 29.048333333333343 ], [ 92.995, 29.048333333333343 ], [ 92.9875, 29.044166666666676 ], [ 92.984166666666653, 29.046666666666674 ], [ 92.981666666666655, 29.053333333333342 ], [ 92.973333333333315, 29.060833333333342 ], [ 92.969166666666638, 29.06 ], [ 92.96, 29.049166666666675 ], [ 92.953333333333319, 29.048333333333343 ], [ 92.9525, 29.05 ], [ 92.950833333333321, 29.049166666666675 ], [ 92.9475, 29.051666666666677 ] ] } },
{ "type": "Feature", "properties": { "COMID": 45022635, "id": "7151", "lengthkm": 7.4031488368380574, "order": 7, "uparea": 174678.50191960434 }, "geometry": { "type": "LineString", "coordinates": [ [ 93.068333333333314, 29.043333333333344 ], [ 93.058333333333309, 29.041666666666675 ], [ 93.0525, 29.045833333333341 ], [ 93.030833333333305, 29.045 ], [ 93.025, 29.046666666666674 ], [ 93.011666666666642, 29.045 ], [ 93.000833333333318, 29.048333333333343 ] ] } },
{ "type": "Feature", "properties": { "COMID": 45022634, "id": "7151", "lengthkm": 7.5965446258509282, "order": 7, "uparea": 175333.12474231675 }, "geometry": { "type": "LineString", "coordinates": [ [ 93.0875, 29.099166666666676 ], [ 93.081666666666649, 29.095 ], [ 93.08, 29.079166666666673 ], [ 93.073333333333309, 29.065833333333345 ], [ 93.074166666666642, 29.060833333333342 ], [ 93.07, 29.056666666666676 ], [ 93.0725, 29.054166666666674 ], [ 93.065833333333316, 29.048333333333343 ], [ 93.068333333333314, 29.043333333333344 ] ] } },
{ "type": "Feature", "properties": { "COMID": 45022633, "id": "7151", "lengthkm": 8.018337869420316, "order": 7, "uparea": 175419.30645589993 }, "geometry": { "type": "LineString", "coordinates": [ [ 93.135, 29.138333333333343 ], [ 93.129166666666649, 29.14 ], [ 93.124166666666639, 29.1375 ], [ 93.118333333333311, 29.1275 ], [ 93.119166666666644, 29.118333333333339 ], [ 93.1175, 29.115 ], [ 93.1025, 29.1125 ], [ 93.0875, 29.099166666666676 ] ] } },
{ "type": "Feature", "properties": { "COMID": 45022632, "id": "7151", "lengthkm": 2.3023130814503419, "order": 7, "uparea": 175687.96225796835 }, "geometry": { "type": "LineString", "coordinates": [ [ 93.149166666666645, 29.125 ], [ 93.149166666666645, 29.128333333333345 ], [ 93.143333333333317, 29.135 ], [ 93.135, 29.138333333333343 ] ] } },
{ "type": "Feature", "properties": { "COMID": 45022631, "id": "7151", "lengthkm": 14.970586726091692, "order": 7, "uparea": 176356.56491826012 }, "geometry": { "type": "LineString", "coordinates": [ [ 93.166666666666643, 29.015 ], [ 93.163333333333313, 29.015 ], [ 93.1575, 29.02 ], [ 93.151666666666642, 29.030833333333341 ], [ 93.15416666666664, 29.033333333333342 ], [ 93.153333333333308, 29.035833333333343 ], [ 93.155833333333305, 29.04 ], [ 93.164166666666645, 29.045 ], [ 93.166666666666643, 29.053333333333342 ], [ 93.16583333333331, 29.06 ], [ 93.163333333333313, 29.065 ], [ 93.155833333333305, 29.073333333333341 ], [ 93.155, 29.07833333333334 ], [ 93.1525, 29.080833333333342 ], [ 93.148333333333312, 29.090833333333343 ], [ 93.146666666666647, 29.104166666666675 ], [ 93.1475, 29.1125 ], [ 93.149166666666645, 29.113333333333344 ], [ 93.149166666666645, 29.125 ] ] } },
{ "type": "Feature", "properties": { "COMID": 45022630, "id": "7151", "lengthkm": 2.9264140966515879, "order": 7, "uparea": 176423.90395416188 }, "geometry": { "type": "LineString", "coordinates": [ [ 93.194166666666646, 29.018333333333342 ], [ 93.19, 29.016666666666673 ], [ 93.1725, 29.0175 ], [ 93.166666666666643, 29.015 ] ] } },
{ "type": "Feature", "properties": { "COMID": 45022629, "id": "7151", "lengthkm": 6.7969997814536658, "order": 7, "uparea": 176510.02931484464 }, "geometry": { "type": "LineString", "coordinates": [ [ 93.235, 29.0 ], [ 93.23, 29.0025 ], [ 93.226666666666645, 29.006666666666675 ], [ 93.226666666666645, 29.014166666666675 ], [ 93.229166666666643, 29.0175 ], [ 93.22833333333331, 29.02 ], [ 93.226666666666645, 29.019166666666678 ], [ 93.220833333333317, 29.0225 ], [ 93.209166666666647, 29.025 ], [ 93.201666666666654, 29.02 ], [ 93.194166666666646, 29.018333333333342 ] ] } },
{ "type": "Feature", "properties": { "COMID": 45022628, "id": "7151", "lengthkm": 3.6265880293612458, "order": 7, "uparea": 176608.72115422858 }, "geometry": { "type": "LineString", "coordinates": [ [ 93.266666666666652, 28.994166666666676 ], [ 93.255833333333314, 28.991666666666674 ], [ 93.248333333333306, 28.995833333333344 ], [ 93.240833333333313, 28.996666666666677 ], [ 93.235, 29.0 ] ] } },
{ "type": "Feature", "properties": { "COMID": 45022627, "id": "7151", "lengthkm": 5.607135779158777, "order": 7, "uparea": 176670.67592351153 }, "geometry": { "type": "LineString", "coordinates": [ [ 93.313333333333318, 28.998333333333342 ], [ 93.3125, 28.995833333333344 ], [ 93.3075, 28.995833333333344 ], [ 93.2975, 29.0 ], [ 93.285833333333315, 29.001666666666676 ], [ 93.2725, 28.994166666666676 ], [ 93.266666666666652, 28.994166666666676 ] ] } },
{ "type": "Feature", "properties": { "COMID": 45022626, "id": "7151", "lengthkm": 7.5840234988653448, "order": 7, "uparea": 177657.5352848373 }, "geometry": { "type": "LineString", "coordinates": [ [ 93.3475, 29.045 ], [ 93.339166666666642, 29.036666666666676 ], [ 93.3375, 29.036666666666676 ], [ 93.3375, 29.035 ], [ 93.328333333333319, 29.025833333333342 ], [ 93.32, 29.021666666666675 ], [ 93.315, 29.01583333333334 ], [ 93.314166666666651, 29.00833333333334 ], [ 93.311666666666639, 29.004166666666677 ], [ 93.31, 29.004166666666677 ], [ 93.31, 29.001666666666676 ], [ 93.313333333333318, 28.998333333333342 ] ] } },
{ "type": "Feature", "properties": { "COMID": 45022625, "id": "7151", "lengthkm": 14.899190964750733, "order": 7, "uparea": 177820.73811685614 }, "geometry": { "type": "LineString", "coordinates": [ [ 93.445, 29.105833333333344 ], [ 93.440833333333316, 29.105 ], [ 93.4325, 29.108333333333341 ], [ 93.426666666666648, 29.108333333333341 ], [ 93.416666666666643, 29.105 ], [ 93.41, 29.100833333333341 ], [ 93.40916666666665, 29.101666666666674 ], [ 93.401666666666642, 29.095833333333342 ], [ 93.393333333333317, 29.094166666666673 ], [ 93.390833333333319, 29.0925 ], [ 93.389166666666654, 29.086666666666673 ], [ 93.385833333333309, 29.084166666666675 ], [ 93.379166666666649, 29.07 ], [ 93.38, 29.061666666666675 ], [ 93.375833333333304, 29.055 ], [ 93.371666666666641, 29.051666666666677 ], [ 93.3675, 29.051666666666677 ], [ 93.365, 29.05 ], [ 93.35333333333331, 29.05 ], [ 93.3475, 29.045 ] ] } },
{ "type": "Feature", "properties": { "COMID": 45022624, "id": "7151", "lengthkm": 5.0139794102956126, "order": 7, "uparea": 177943.07135390636 }, "geometry": { "type": "LineString", "coordinates": [ [ 93.445, 29.138333333333343 ], [ 93.438333333333304, 29.126666666666676 ], [ 93.44, 29.120833333333344 ], [ 93.445, 29.116666666666674 ], [ 93.4475, 29.116666666666674 ], [ 93.450833333333321, 29.111666666666675 ], [ 93.449166666666642, 29.1075 ], [ 93.445, 29.105833333333344 ] ] } },
{ "type": "Feature", "properties": { "COMID": 45022623, "id": "7151", "lengthkm": 4.649648680665508, "order": 7, "uparea": 177983.09135793595 }, "geometry": { "type": "LineString", "coordinates": [ [ 93.468333333333305, 29.1675 ], [ 93.465833333333308, 29.154166666666676 ], [ 93.4625, 29.150833333333342 ], [ 93.4625, 29.1475 ], [ 93.448333333333309, 29.138333333333343 ], [ 93.445, 29.138333333333343 ] ] } },
{ "type": "Feature", "properties": { "COMID": 45022622, "id": "7151", "lengthkm": 4.6378357035379434, "order": 7, "uparea": 178159.72797514309 }, "geometry": { "type": "LineString", "coordinates": [ [ 93.500833333333304, 29.164166666666674 ], [ 93.494166666666644, 29.160833333333343 ], [ 93.4875, 29.170833333333341 ], [ 93.48666666666665, 29.17 ], [ 93.484166666666653, 29.1725 ], [ 93.479166666666643, 29.173333333333343 ], [ 93.473333333333315, 29.1725 ], [ 93.468333333333305, 29.1675 ] ] } },
{ "type": "Feature", "properties": { "COMID": 45022621, "id": "7151", "lengthkm": 0.080915343250719002, "order": 7, "uparea": 178317.87984923978 }, "geometry": { "type": "LineString", "coordinates": [ [ 93.501666666666651, 29.164166666666674 ], [ 93.500833333333304, 29.164166666666674 ] ] } },
{ "type": "Feature", "properties": { "COMID": 45022620, "id": "7151", "lengthkm": 9.6218440005552122, "order": 7, "uparea": 178401.13607270707 }, "geometry": { "type": "LineString", "coordinates": [ [ 93.583333333333314, 29.168333333333344 ], [ 93.573333333333309, 29.168333333333344 ], [ 93.571666666666644, 29.166666666666675 ], [ 93.565833333333316, 29.1675 ], [ 93.5575, 29.171666666666674 ], [ 93.551666666666648, 29.1725 ], [ 93.543333333333308, 29.178333333333342 ], [ 93.54083333333331, 29.178333333333342 ], [ 93.5375, 29.176666666666677 ], [ 93.531666666666638, 29.176666666666677 ], [ 93.53, 29.175 ], [ 93.528333333333308, 29.175833333333344 ], [ 93.524166666666645, 29.171666666666674 ], [ 93.521666666666647, 29.1725 ], [ 93.513333333333321, 29.165833333333342 ], [ 93.509166666666644, 29.166666666666675 ], [ 93.501666666666651, 29.164166666666674 ] ] } },
{ "type": "Feature", "properties": { "COMID": 45022619, "id": "7151", "lengthkm": 7.6750247637197164, "order": 7, "uparea": 179574.01704231542 }, "geometry": { "type": "LineString", "coordinates": [ [ 93.635, 29.151666666666674 ], [ 93.631666666666646, 29.1525 ], [ 93.628333333333316, 29.1575 ], [ 93.630833333333314, 29.169166666666676 ], [ 93.625, 29.1725 ], [ 93.615833333333313, 29.173333333333343 ], [ 93.6025, 29.169166666666676 ], [ 93.583333333333314, 29.168333333333344 ] ] } },
{ "type": "Feature", "properties": { "COMID": 45022618, "id": "7151", "lengthkm": 1.385581186287707, "order": 7, "uparea": 179702.30920631415 }, "geometry": { "type": "LineString", "coordinates": [ [ 93.646666666666647, 29.146666666666675 ], [ 93.635, 29.151666666666674 ] ] } },
{ "type": "Feature", "properties": { "COMID": 45022617, "id": "7151", "lengthkm": 0.48884048130220298, "order": 7, "uparea": 179729.87557402204 }, "geometry": { "type": "LineString", "coordinates": [ [ 93.65083333333331, 29.148333333333341 ], [ 93.646666666666647, 29.146666666666675 ] ] } },
{ "type": "Feature", "properties": { "COMID": 45022616, "id": "7151", "lengthkm": 10.542661032975117, "order": 7, "uparea": 179930.70423073854 }, "geometry": { "type": "LineString", "coordinates": [ [ 93.724166666666648, 29.1325 ], [ 93.718333333333305, 29.13333333333334 ], [ 93.71, 29.141666666666673 ], [ 93.7, 29.148333333333341 ], [ 93.698333333333309, 29.150833333333342 ], [ 93.698333333333309, 29.158333333333342 ], [ 93.695, 29.160833333333343 ], [ 93.6825, 29.161666666666676 ], [ 93.676666666666648, 29.150833333333342 ], [ 93.67416666666665, 29.151666666666674 ], [ 93.6625, 29.148333333333341 ], [ 93.655, 29.15 ], [ 93.65083333333331, 29.148333333333341 ] ] } },
{ "type": "Feature", "properties": { "COMID": 45022615, "id": "7151", "lengthkm": 1.637046720508667, "order": 7, "uparea": 180021.28933877024 }, "geometry": { "type": "LineString", "coordinates": [ [ 93.738333333333316, 29.128333333333345 ], [ 93.735833333333318, 29.128333333333345 ], [ 93.73333333333332, 29.131666666666675 ], [ 93.724166666666648, 29.1325 ] ] } },
{ "type": "Feature", "properties": { "COMID": 45022614, "id": "7151", "lengthkm": 5.5335214676613251, "order": 7, "uparea": 180140.15259935407 }, "geometry": { "type": "LineString", "coordinates": [ [ 93.773333333333312, 29.154166666666676 ], [ 93.761666666666642, 29.151666666666674 ], [ 93.7575, 29.148333333333341 ], [ 93.751666666666651, 29.1475 ], [ 93.750833333333304, 29.144166666666678 ], [ 93.7525, 29.143333333333342 ], [ 93.750833333333304, 29.135833333333341 ], [ 93.745833333333309, 29.130833333333342 ], [ 93.738333333333316, 29.128333333333345 ] ] } },
{ "type": "Feature", "properties": { "COMID": 45022613, "id": "7151", "lengthkm": 7.3995159408011792, "order": 7, "uparea": 180324.50190322727 }, "geometry": { "type": "LineString", "coordinates": [ [ 93.814166666666651, 29.1175 ], [ 93.801666666666648, 29.118333333333339 ], [ 93.7925, 29.1225 ], [ 93.789166666666645, 29.1225 ], [ 93.7875, 29.125 ], [ 93.7875, 29.134166666666676 ], [ 93.78, 29.1425 ], [ 93.78, 29.145833333333343 ], [ 93.7825, 29.15 ], [ 93.77916666666664, 29.153333333333343 ], [ 93.773333333333312, 29.154166666666676 ] ] } },
{ "type": "Feature", "properties": { "COMID": 45022612, "id": "7151", "lengthkm": 9.6429118077970681, "order": 7, "uparea": 180416.0673434104 }, "geometry": { "type": "LineString", "coordinates": [ [ 93.876666666666651, 29.134166666666676 ], [ 93.851666666666645, 29.139166666666675 ], [ 93.84, 29.138333333333343 ], [ 93.835, 29.14083333333334 ], [ 93.83, 29.14083333333334 ], [ 93.829166666666652, 29.1375 ], [ 93.834166666666647, 29.13333333333334 ], [ 93.833333333333314, 29.129166666666677 ], [ 93.835833333333312, 29.125 ], [ 93.825833333333321, 29.1175 ], [ 93.814166666666651, 29.1175 ] ] } },
{ "type": "Feature", "properties": { "COMID": 45022611, "id": "7151", "lengthkm": 9.6450275034636892, "order": 7, "uparea": 182054.08365896691 }, "geometry": { "type": "LineString", "coordinates": [ [ 93.916666666666643, 29.183333333333344 ], [ 93.91, 29.179166666666674 ], [ 93.90416666666664, 29.166666666666675 ], [ 93.906666666666638, 29.155 ], [ 93.911666666666648, 29.149166666666673 ], [ 93.911666666666648, 29.145833333333343 ], [ 93.90916666666665, 29.1425 ], [ 93.893333333333317, 29.129166666666677 ], [ 93.876666666666651, 29.134166666666676 ] ] } },
{ "type": "Feature", "properties": { "COMID": 45022610, "id": "7151", "lengthkm": 3.7142256782241998, "order": 7, "uparea": 182157.1243671618 }, "geometry": { "type": "LineString", "coordinates": [ [ 93.948333333333309, 29.19 ], [ 93.943333333333314, 29.185 ], [ 93.930833333333311, 29.185 ], [ 93.926666666666648, 29.186666666666675 ], [ 93.916666666666643, 29.183333333333344 ] ] } },
{ "type": "Feature", "properties": { "COMID": 45022609, "id": "7151", "lengthkm": 1.0312508306620001, "order": 7, "uparea": 182219.62630924265 }, "geometry": { "type": "LineString", "coordinates": [ [ 93.955833333333317, 29.195 ], [ 93.95, 29.1925 ], [ 93.948333333333309, 29.19 ] ] } },
{ "type": "Feature", "properties": { "COMID": 45022608, "id": "7151", "lengthkm": 11.829264051874588, "order": 7, "uparea": 182349.19414195852 }, "geometry": { "type": "LineString", "coordinates": [ [ 94.06, 29.205 ], [ 94.035, 29.205833333333342 ], [ 94.0225, 29.198333333333341 ], [ 94.018333333333317, 29.194166666666675 ], [ 94.015, 29.193333333333342 ], [ 94.003333333333316, 29.193333333333342 ], [ 94.000833333333304, 29.199166666666677 ], [ 93.97833333333331, 29.195 ], [ 93.955833333333317, 29.195 ] ] } },
{ "type": "Feature", "properties": { "COMID": 45022607, "id": "7151", "lengthkm": 0.365648049336665, "order": 7, "uparea": 182490.06193263066 }, "geometry": { "type": "LineString", "coordinates": [ [ 94.063333333333304, 29.204166666666673 ], [ 94.06, 29.205 ] ] } },
{ "type": "Feature", "properties": { "COMID": 45022606, "id": "7151", "lengthkm": 6.8192854004294112, "order": 7, "uparea": 183636.20511288961 }, "geometry": { "type": "LineString", "coordinates": [ [ 94.120833333333309, 29.20333333333334 ], [ 94.116666666666646, 29.205 ], [ 94.10333333333331, 29.2 ], [ 94.094166666666638, 29.201666666666675 ], [ 94.093333333333305, 29.20333333333334 ], [ 94.0825, 29.200833333333343 ], [ 94.079166666666652, 29.198333333333341 ], [ 94.073333333333309, 29.198333333333341 ], [ 94.070833333333312, 29.201666666666675 ], [ 94.0675, 29.201666666666675 ], [ 94.063333333333304, 29.204166666666673 ] ] } },
{ "type": "Feature", "properties": { "COMID": 45022605, "id": "7151", "lengthkm": 6.4740895602259032, "order": 7, "uparea": 183713.22859345094 }, "geometry": { "type": "LineString", "coordinates": [ [ 94.178333333333313, 29.2 ], [ 94.175833333333316, 29.196666666666673 ], [ 94.160833333333315, 29.199166666666677 ], [ 94.1425, 29.198333333333341 ], [ 94.136666666666642, 29.19583333333334 ], [ 94.13, 29.200833333333343 ], [ 94.120833333333309, 29.20333333333334 ] ] } },
{ "type": "Feature", "properties": { "COMID": 45022604, "id": "7151", "lengthkm": 1.319301151009044, "order": 7, "uparea": 183751.17229069094 }, "geometry": { "type": "LineString", "coordinates": [ [ 94.1875, 29.2075 ], [ 94.178333333333313, 29.2 ] ] } },
{ "type": "Feature", "properties": { "COMID": 45022603, "id": "7151", "lengthkm": 11.044579910048119, "order": 7, "uparea": 184457.02616604933 }, "geometry": { "type": "LineString", "coordinates": [ [ 94.264166666666654, 29.260833333333341 ], [ 94.26, 29.263333333333343 ], [ 94.255, 29.263333333333343 ], [ 94.243333333333311, 29.256666666666675 ], [ 94.23, 29.238333333333344 ], [ 94.220833333333317, 29.231666666666676 ], [ 94.220833333333317, 29.229166666666675 ], [ 94.21666666666664, 29.223333333333343 ], [ 94.205833333333317, 29.22 ], [ 94.2, 29.214166666666674 ], [ 94.188333333333304, 29.209166666666675 ], [ 94.1875, 29.2075 ] ] } },
{ "type": "Feature", "properties": { "COMID": 45022602, "id": "7151", "lengthkm": 0.52392757481082897, "order": 7, "uparea": 184498.71353263268 }, "geometry": { "type": "LineString", "coordinates": [ [ 94.2625, 29.256666666666675 ], [ 94.264166666666654, 29.260833333333341 ] ] } },
{ "type": "Feature", "properties": { "COMID": 45022601, "id": "7151", "lengthkm": 4.1657503683211461, "order": 7, "uparea": 184603.60880992925 }, "geometry": { "type": "LineString", "coordinates": [ [ 94.2925, 29.264166666666675 ], [ 94.28416666666665, 29.253333333333341 ], [ 94.27916666666664, 29.25083333333334 ], [ 94.269166666666649, 29.25083333333334 ], [ 94.2625, 29.256666666666675 ] ] } },
{ "type": "Feature", "properties": { "COMID": 45022600, "id": "7151", "lengthkm": 7.9229735485545341, "order": 7, "uparea": 184700.61460758987 }, "geometry": { "type": "LineString", "coordinates": [ [ 94.331666666666649, 29.314166666666676 ], [ 94.325833333333307, 29.311666666666675 ], [ 94.316666666666649, 29.3 ], [ 94.3075, 29.296666666666674 ], [ 94.304166666666646, 29.293333333333344 ], [ 94.3025, 29.288333333333341 ], [ 94.305, 29.280833333333341 ], [ 94.305, 29.274166666666673 ], [ 94.300833333333316, 29.269166666666678 ], [ 94.2925, 29.264166666666675 ] ] } },
{ "type": "Feature", "properties": { "COMID": 45022599, "id": "7151", "lengthkm": 2.1498039546027519, "order": 7, "uparea": 184790.13324758891 }, "geometry": { "type": "LineString", "coordinates": [ [ 94.351666666666645, 29.318333333333342 ], [ 94.331666666666649, 29.314166666666676 ] ] } },
{ "type": "Feature", "properties": { "COMID": 45022598, "id": "7151", "lengthkm": 1.31153054496102, "order": 7, "uparea": 184920.8325305036 }, "geometry": { "type": "LineString", "coordinates": [ [ 94.3625, 29.3225 ], [ 94.354166666666643, 29.321666666666673 ], [ 94.351666666666645, 29.318333333333342 ] ] } },
{ "type": "Feature", "properties": { "COMID": 45022597, "id": "7151", "lengthkm": 5.5987366498473881, "order": 7, "uparea": 184987.21524229614 }, "geometry": { "type": "LineString", "coordinates": [ [ 94.398333333333312, 29.353333333333342 ], [ 94.3975, 29.35 ], [ 94.389166666666654, 29.34 ], [ 94.380833333333314, 29.334166666666675 ], [ 94.366666666666646, 29.330833333333342 ], [ 94.3625, 29.326666666666675 ], [ 94.3625, 29.3225 ] ] } },
{ "type": "Feature", "properties": { "COMID": 45022596, "id": "7151", "lengthkm": 4.6335831328632633, "order": 7, "uparea": 185214.79227378132 }, "geometry": { "type": "LineString", "coordinates": [ [ 94.423333333333318, 29.381666666666675 ], [ 94.416666666666643, 29.376666666666676 ], [ 94.406666666666638, 29.3625 ], [ 94.4, 29.36 ], [ 94.396666666666647, 29.356666666666676 ], [ 94.398333333333312, 29.353333333333342 ] ] } },
{ "type": "Feature", "properties": { "COMID": 45022595, "id": "7151", "lengthkm": 5.8428872330166506, "order": 7, "uparea": 185285.89595178017 }, "geometry": { "type": "LineString", "coordinates": [ [ 94.456666666666649, 29.410833333333343 ], [ 94.446666666666644, 29.4125 ], [ 94.4325, 29.405833333333341 ], [ 94.4275, 29.399166666666673 ], [ 94.428333333333313, 29.39 ], [ 94.423333333333318, 29.381666666666675 ] ] } },
{ "type": "Feature", "properties": { "COMID": 45022594, "id": "7151", "lengthkm": 0.97949336625814298, "order": 7, "uparea": 185320.86159904921 }, "geometry": { "type": "LineString", "coordinates": [ [ 94.464166666666642, 29.415833333333342 ], [ 94.456666666666649, 29.410833333333343 ] ] } },
{ "type": "Feature", "properties": { "COMID": 45022593, "id": "7151", "lengthkm": 2.958587219090786, "order": 7, "uparea": 203137.72452883548 }, "geometry": { "type": "LineString", "coordinates": [ [ 94.485833333333318, 29.430833333333339 ], [ 94.48333333333332, 29.426666666666677 ], [ 94.47833333333331, 29.425 ], [ 94.474166666666648, 29.420833333333341 ], [ 94.469166666666638, 29.42 ], [ 94.464166666666642, 29.415833333333342 ] ] } },
{ "type": "Feature", "properties": { "COMID": 45022592, "id": "7151", "lengthkm": 1.0032946073509219, "order": 7, "uparea": 203197.11270073839 }, "geometry": { "type": "LineString", "coordinates": [ [ 94.491666666666646, 29.4375 ], [ 94.485833333333318, 29.4325 ], [ 94.485833333333318, 29.430833333333339 ] ] } },
{ "type": "Feature", "properties": { "COMID": 45022591, "id": "7151", "lengthkm": 5.8907367388047573, "order": 7, "uparea": 203286.17454824407 }, "geometry": { "type": "LineString", "coordinates": [ [ 94.54083333333331, 29.4425 ], [ 94.520833333333314, 29.448333333333341 ], [ 94.504166666666649, 29.449166666666677 ], [ 94.494166666666644, 29.44 ], [ 94.493333333333311, 29.4375 ], [ 94.491666666666646, 29.4375 ] ] } },
{ "type": "Feature", "properties": { "COMID": 45022590, "id": "7151", "lengthkm": 12.540688557846687, "order": 7, "uparea": 203392.50718300254 }, "geometry": { "type": "LineString", "coordinates": [ [ 94.606666666666641, 29.478333333333342 ], [ 94.59666666666665, 29.4825 ], [ 94.59166666666664, 29.479166666666675 ], [ 94.59, 29.484166666666674 ], [ 94.575, 29.484166666666674 ], [ 94.57, 29.486666666666675 ], [ 94.566666666666649, 29.485833333333339 ], [ 94.560833333333306, 29.4775 ], [ 94.561666666666639, 29.4725 ], [ 94.564166666666637, 29.469166666666673 ], [ 94.566666666666649, 29.469166666666673 ], [ 94.568333333333314, 29.465 ], [ 94.566666666666649, 29.458333333333343 ], [ 94.556666666666644, 29.4475 ], [ 94.548333333333318, 29.443333333333342 ], [ 94.54083333333331, 29.4425 ] ] } },
{ "type": "Feature", "properties": { "COMID": 45022589, "id": "7151", "lengthkm": 4.643251649533461, "order": 7, "uparea": 203528.82018683667 }, "geometry": { "type": "LineString", "coordinates": [ [ 94.636666666666642, 29.47 ], [ 94.625, 29.465 ], [ 94.6175, 29.465833333333343 ], [ 94.61166666666665, 29.471666666666675 ], [ 94.605, 29.470833333333342 ], [ 94.606666666666641, 29.478333333333342 ] ] } },
{ "type": "Feature", "properties": { "COMID": 45022588, "id": "7151", "lengthkm": 7.3398822906889114, "order": 7, "uparea": 203682.39117553266 }, "geometry": { "type": "LineString", "coordinates": [ [ 94.703333333333319, 29.460833333333341 ], [ 94.696666666666644, 29.464166666666674 ], [ 94.686666666666639, 29.465 ], [ 94.678333333333313, 29.47 ], [ 94.67083333333332, 29.470833333333342 ], [ 94.658333333333317, 29.468333333333341 ], [ 94.653333333333308, 29.47 ], [ 94.6425, 29.47 ], [ 94.639166666666654, 29.471666666666675 ], [ 94.636666666666642, 29.47 ] ] } },
{ "type": "Feature", "properties": { "COMID": 45022587, "id": "7151", "lengthkm": 3.971817630188955, "order": 7, "uparea": 203783.6614649643 }, "geometry": { "type": "LineString", "coordinates": [ [ 94.74, 29.455833333333342 ], [ 94.730833333333308, 29.460833333333341 ], [ 94.718333333333305, 29.459166666666675 ], [ 94.703333333333319, 29.460833333333341 ] ] } },
{ "type": "Feature", "properties": { "COMID": 45022586, "id": "7151", "lengthkm": 3.7314245101836261, "order": 7, "uparea": 203895.06545863129 }, "geometry": { "type": "LineString", "coordinates": [ [ 94.756666666666646, 29.478333333333342 ], [ 94.748333333333306, 29.474166666666676 ], [ 94.748333333333306, 29.46 ], [ 94.745, 29.456666666666674 ], [ 94.74, 29.455833333333342 ] ] } },
{ "type": "Feature", "properties": { "COMID": 45022585, "id": "7151", "lengthkm": 7.6748540248847226, "order": 7, "uparea": 204011.32925280111 }, "geometry": { "type": "LineString", "coordinates": [ [ 94.82, 29.464166666666674 ], [ 94.804166666666646, 29.46 ], [ 94.800833333333316, 29.4625 ], [ 94.793333333333308, 29.464166666666674 ], [ 94.7875, 29.47 ], [ 94.785, 29.468333333333341 ], [ 94.775, 29.469166666666673 ], [ 94.7675, 29.474166666666676 ], [ 94.765833333333319, 29.478333333333342 ], [ 94.756666666666646, 29.478333333333342 ] ] } },
{ "type": "Feature", "properties": { "COMID": 45018496, "id": "7151", "lengthkm": 10.431520704239107, "order": 7, "uparea": 204158.95878506315 }, "geometry": { "type": "LineString", "coordinates": [ [ 94.8775, 29.520833333333343 ], [ 94.856666666666641, 29.519166666666674 ], [ 94.849166666666648, 29.51583333333334 ], [ 94.845, 29.51583333333334 ], [ 94.831666666666649, 29.505 ], [ 94.8275, 29.498333333333342 ], [ 94.829166666666652, 29.4825 ], [ 94.824166666666642, 29.476666666666674 ], [ 94.825, 29.468333333333341 ], [ 94.82, 29.464166666666674 ] ] } },
{ "type": "Feature", "properties": { "COMID": 45018495, "id": "7151", "lengthkm": 4.2759559171446746, "order": 7, "uparea": 204238.28686966695 }, "geometry": { "type": "LineString", "coordinates": [ [ 94.88, 29.548333333333339 ], [ 94.88, 29.545833333333341 ], [ 94.884166666666644, 29.544166666666676 ], [ 94.888333333333307, 29.539166666666674 ], [ 94.888333333333307, 29.536666666666676 ], [ 94.885833333333309, 29.535833333333343 ], [ 94.8875, 29.533333333333342 ], [ 94.885833333333309, 29.530833333333341 ], [ 94.885833333333309, 29.526666666666674 ], [ 94.881666666666646, 29.5225 ], [ 94.8775, 29.520833333333343 ] ] } },
{ "type": "Feature", "properties": { "COMID": 45018494, "id": "7151", "lengthkm": 9.9236403648731084, "order": 7, "uparea": 204349.41807541152 }, "geometry": { "type": "LineString", "coordinates": [ [ 94.935, 29.604166666666675 ], [ 94.931666666666644, 29.599166666666676 ], [ 94.925, 29.595833333333342 ], [ 94.923333333333318, 29.5875 ], [ 94.910833333333315, 29.5875 ], [ 94.899166666666645, 29.5775 ], [ 94.898333333333312, 29.569166666666675 ], [ 94.894166666666649, 29.565833333333341 ], [ 94.891666666666652, 29.565833333333341 ], [ 94.889166666666654, 29.560833333333342 ], [ 94.883333333333312, 29.5575 ], [ 94.88, 29.548333333333339 ] ] } },
{ "type": "Feature", "properties": { "COMID": 45018493, "id": "7151", "lengthkm": 0.30811402242497798, "order": 7, "uparea": 204404.01209920688 }, "geometry": { "type": "LineString", "coordinates": [ [ 94.935833333333306, 29.606666666666676 ], [ 94.935, 29.604166666666675 ] ] } },
{ "type": "Feature", "properties": { "COMID": 45018492, "id": "7151", "lengthkm": 9.4854798346542868, "order": 7, "uparea": 204499.44199371876 }, "geometry": { "type": "LineString", "coordinates": [ [ 94.8775, 29.635 ], [ 94.876666666666637, 29.634166666666673 ], [ 94.8825, 29.625 ], [ 94.901666666666642, 29.6275 ], [ 94.903333333333308, 29.62583333333334 ], [ 94.914166666666645, 29.624166666666675 ], [ 94.925, 29.630833333333342 ], [ 94.9275, 29.629166666666677 ], [ 94.9275, 29.615 ], [ 94.93, 29.610833333333339 ], [ 94.933333333333309, 29.61 ], [ 94.935833333333306, 29.606666666666676 ] ] } },
{ "type": "Feature", "properties": { "COMID": 45018491, "id": "7151", "lengthkm": 14.414509100868564, "order": 7, "uparea": 204646.19294956268 }, "geometry": { "type": "LineString", "coordinates": [ [ 94.905833333333305, 29.711666666666673 ], [ 94.894166666666649, 29.701666666666675 ], [ 94.89, 29.6875 ], [ 94.898333333333312, 29.680833333333339 ], [ 94.906666666666638, 29.68 ], [ 94.915, 29.681666666666676 ], [ 94.919166666666641, 29.676666666666677 ], [ 94.92083333333332, 29.671666666666674 ], [ 94.919166666666641, 29.664166666666674 ], [ 94.916666666666643, 29.659166666666675 ], [ 94.901666666666642, 29.6525 ], [ 94.896666666666647, 29.648333333333341 ], [ 94.8825, 29.644166666666674 ], [ 94.8775, 29.639166666666675 ], [ 94.8775, 29.635 ] ] } },
{ "type": "Feature", "properties": { "COMID": 45018490, "id": "7151", "lengthkm": 6.9851945592840083, "order": 7, "uparea": 204751.88881305052 }, "geometry": { "type": "LineString", "coordinates": [ [ 94.9375, 29.75 ], [ 94.930833333333311, 29.736666666666675 ], [ 94.931666666666644, 29.730833333333344 ], [ 94.936666666666639, 29.725 ], [ 94.92, 29.716666666666676 ], [ 94.905833333333305, 29.711666666666673 ] ] } },
{ "type": "Feature", "properties": { "COMID": 45018489, "id": "7151", "lengthkm": 20.242614863527056, "order": 7, "uparea": 204937.14659632015 }, "geometry": { "type": "LineString", "coordinates": [ [ 95.074166666666642, 29.7375 ], [ 95.0725, 29.745833333333341 ], [ 95.075, 29.7475 ], [ 95.075833333333307, 29.75083333333334 ], [ 95.0725, 29.756666666666675 ], [ 95.0725, 29.76 ], [ 95.065, 29.7675 ], [ 95.056666666666644, 29.769166666666674 ], [ 95.05, 29.7675 ], [ 95.04083333333331, 29.761666666666677 ], [ 95.038333333333313, 29.7525 ], [ 95.03416666666665, 29.749166666666675 ], [ 95.025, 29.749166666666675 ], [ 95.015833333333319, 29.75833333333334 ], [ 95.01, 29.76 ], [ 95.0025, 29.766666666666673 ], [ 94.996666666666641, 29.769166666666674 ], [ 94.98666666666665, 29.768333333333342 ], [ 94.981666666666641, 29.7625 ], [ 94.975833333333313, 29.761666666666677 ], [ 94.9625, 29.755 ], [ 94.948333333333309, 29.755 ], [ 94.9425, 29.75 ], [ 94.9375, 29.75 ] ] } },
{ "type": "Feature", "properties": { "COMID": 45018488, "id": "7151", "lengthkm": 0.68999718805613197, "order": 7, "uparea": 204976.21476310535 }, "geometry": { "type": "LineString", "coordinates": [ [ 95.08, 29.736666666666675 ], [ 95.074166666666642, 29.7375 ] ] } },
{ "type": "Feature", "properties": { "COMID": 45018487, "id": "7151", "lengthkm": 10.641163128252416, "order": 7, "uparea": 205070.52857188368 }, "geometry": { "type": "LineString", "coordinates": [ [ 95.15, 29.760833333333341 ], [ 95.148333333333312, 29.7625 ], [ 95.140833333333319, 29.763333333333343 ], [ 95.135, 29.7575 ], [ 95.135, 29.755833333333342 ], [ 95.133333333333312, 29.756666666666675 ], [ 95.1275, 29.753333333333341 ], [ 95.125833333333304, 29.754166666666677 ], [ 95.121666666666641, 29.7525 ], [ 95.11, 29.740833333333342 ], [ 95.105833333333308, 29.741666666666674 ], [ 95.100833333333313, 29.748333333333342 ], [ 95.09666666666665, 29.748333333333342 ], [ 95.095833333333303, 29.75 ], [ 95.0925, 29.75083333333334 ], [ 95.09, 29.749166666666675 ], [ 95.09, 29.746666666666677 ], [ 95.0875, 29.746666666666677 ], [ 95.083333333333314, 29.743333333333339 ], [ 95.083333333333314, 29.738333333333344 ], [ 95.08, 29.736666666666675 ] ] } },
{ "type": "Feature", "properties": { "COMID": 45018486, "id": "7151", "lengthkm": 19.913250296440161, "order": 7, "uparea": 205180.31288708077 }, "geometry": { "type": "LineString", "coordinates": [ [ 95.1, 29.826666666666675 ], [ 95.101666666666645, 29.82833333333334 ], [ 95.105833333333308, 29.826666666666675 ], [ 95.11166666666665, 29.829166666666673 ], [ 95.115, 29.823333333333341 ], [ 95.120833333333309, 29.82083333333334 ], [ 95.124166666666639, 29.816666666666677 ], [ 95.134166666666644, 29.815833333333341 ], [ 95.1375, 29.811666666666675 ], [ 95.144166666666649, 29.8075 ], [ 95.145, 29.803333333333342 ], [ 95.1475, 29.800833333333344 ], [ 95.1475, 29.7975 ], [ 95.155, 29.79 ], [ 95.1625, 29.7875 ], [ 95.17, 29.7825 ], [ 95.171666666666653, 29.783333333333342 ], [ 95.17083333333332, 29.784166666666675 ], [ 95.173333333333318, 29.788333333333341 ], [ 95.181666666666644, 29.775833333333342 ], [ 95.185, 29.776666666666674 ], [ 95.188333333333304, 29.774166666666673 ], [ 95.185833333333306, 29.75833333333334 ], [ 95.18, 29.759166666666673 ], [ 95.173333333333318, 29.765 ], [ 95.164166666666645, 29.764166666666675 ], [ 95.1575, 29.75833333333334 ], [ 95.15, 29.760833333333341 ] ] } },
{ "type": "Feature", "properties": { "COMID": 45018485, "id": "7151", "lengthkm": 3.4342591493134069, "order": 7, "uparea": 205212.17097205427 }, "geometry": { "type": "LineString", "coordinates": [ [ 95.0825, 29.849166666666676 ], [ 95.085, 29.844166666666673 ], [ 95.09, 29.84 ], [ 95.09, 29.835833333333341 ], [ 95.0925, 29.83 ], [ 95.1, 29.826666666666675 ] ] } },
{ "type": "Feature", "properties": { "COMID": 45018484, "id": "7151", "lengthkm": 5.6741149186427924, "order": 7, "uparea": 205257.3013782239 }, "geometry": { "type": "LineString", "coordinates": [ [ 95.115, 29.873333333333342 ], [ 95.110833333333318, 29.864166666666677 ], [ 95.109166666666653, 29.865833333333342 ], [ 95.1075, 29.864166666666677 ], [ 95.104166666666643, 29.855833333333344 ], [ 95.1, 29.855 ], [ 95.0975, 29.851666666666674 ], [ 95.089166666666642, 29.854166666666675 ], [ 95.0825, 29.849166666666676 ] ] } },
{ "type": "Feature", "properties": { "COMID": 45018483, "id": "7151", "lengthkm": 1.0395971053012949, "order": 7, "uparea": 205302.46976088602 }, "geometry": { "type": "LineString", "coordinates": [ [ 95.121666666666641, 29.87583333333334 ], [ 95.1175, 29.8775 ], [ 95.115, 29.873333333333342 ] ] } },
{ "type": "Feature", "properties": { "COMID": 45018482, "id": "7151", "lengthkm": 8.473440531728091, "order": 7, "uparea": 234293.64722487718 }, "geometry": { "type": "LineString", "coordinates": [ [ 95.161666666666648, 29.901666666666674 ], [ 95.16, 29.900833333333342 ], [ 95.155, 29.904166666666676 ], [ 95.15, 29.904166666666676 ], [ 95.145833333333314, 29.901666666666674 ], [ 95.144166666666649, 29.899166666666673 ], [ 95.144166666666649, 29.895 ], [ 95.1475, 29.885833333333341 ], [ 95.146666666666647, 29.878333333333341 ], [ 95.143333333333317, 29.871666666666677 ], [ 95.135833333333309, 29.865833333333342 ], [ 95.1325, 29.866666666666674 ], [ 95.129166666666649, 29.870833333333341 ], [ 95.121666666666641, 29.87583333333334 ] ] } },
{ "type": "Feature", "properties": { "COMID": 45018481, "id": "7151", "lengthkm": 9.4887636214388689, "order": 7, "uparea": 234352.69354603675 }, "geometry": { "type": "LineString", "coordinates": [ [ 95.215833333333308, 29.879166666666677 ], [ 95.210833333333312, 29.879166666666677 ], [ 95.195, 29.87 ], [ 95.19, 29.870833333333341 ], [ 95.189166666666637, 29.876666666666672 ], [ 95.195833333333312, 29.88333333333334 ], [ 95.195833333333312, 29.885833333333341 ], [ 95.191666666666649, 29.89083333333334 ], [ 95.18, 29.900833333333342 ], [ 95.1675, 29.9 ], [ 95.161666666666648, 29.901666666666674 ] ] } },
{ "type": "Feature", "properties": { "COMID": 45018480, "id": "7151", "lengthkm": 17.328891105307676, "order": 7, "uparea": 234490.04460398355 }, "geometry": { "type": "LineString", "coordinates": [ [ 95.2825, 29.83 ], [ 95.278333333333308, 29.833333333333343 ], [ 95.273333333333312, 29.82833333333334 ], [ 95.274166666666645, 29.826666666666675 ], [ 95.27, 29.825 ], [ 95.266666666666652, 29.826666666666675 ], [ 95.263333333333307, 29.826666666666675 ], [ 95.2625, 29.825 ], [ 95.23666666666665, 29.825 ], [ 95.2275, 29.815833333333341 ], [ 95.22166666666665, 29.8175 ], [ 95.214166666666642, 29.825833333333343 ], [ 95.2075, 29.829166666666673 ], [ 95.2, 29.838333333333342 ], [ 95.201666666666654, 29.844166666666673 ], [ 95.21, 29.854166666666675 ], [ 95.208333333333314, 29.861666666666675 ], [ 95.209166666666647, 29.868333333333339 ], [ 95.22, 29.875 ], [ 95.218333333333305, 29.879166666666677 ], [ 95.215833333333308, 29.879166666666677 ] ] } },
{ "type": "Feature", "properties": { "COMID": 45018479, "id": "7151", "lengthkm": 4.6801224458813886, "order": 7, "uparea": 234574.67654137986 }, "geometry": { "type": "LineString", "coordinates": [ [ 95.296666666666653, 29.7925 ], [ 95.294166666666641, 29.795 ], [ 95.29, 29.806666666666676 ], [ 95.288333333333313, 29.8175 ], [ 95.2825, 29.83 ] ] } },
{ "type": "Feature", "properties": { "COMID": 45018478, "id": "7151", "lengthkm": 3.854134196599194, "order": 7, "uparea": 234650.71906260788 }, "geometry": { "type": "LineString", "coordinates": [ [ 95.296666666666653, 29.76 ], [ 95.296666666666653, 29.768333333333342 ], [ 95.295, 29.771666666666675 ], [ 95.2975, 29.781666666666673 ], [ 95.296666666666653, 29.7925 ] ] } },
{ "type": "Feature", "properties": { "COMID": 45018477, "id": "7151", "lengthkm": 7.3011420573978079, "order": 7, "uparea": 234882.4628902353 }, "geometry": { "type": "LineString", "coordinates": [ [ 95.3225, 29.704166666666673 ], [ 95.319166666666646, 29.7075 ], [ 95.3175, 29.720833333333342 ], [ 95.305833333333311, 29.7325 ], [ 95.303333333333313, 29.7525 ], [ 95.296666666666653, 29.76 ] ] } },
{ "type": "Feature", "properties": { "COMID": 45018476, "id": "7151", "lengthkm": 6.1663619656970701, "order": 7, "uparea": 234946.55544092361 }, "geometry": { "type": "LineString", "coordinates": [ [ 95.3625, 29.698333333333341 ], [ 95.36166666666665, 29.706666666666674 ], [ 95.359166666666653, 29.709166666666675 ], [ 95.350833333333313, 29.704166666666673 ], [ 95.334166666666647, 29.711666666666673 ], [ 95.331666666666649, 29.710833333333341 ], [ 95.325833333333307, 29.704166666666673 ], [ 95.3225, 29.704166666666673 ] ] } },
{ "type": "Feature", "properties": { "COMID": 45018475, "id": "7151", "lengthkm": 4.0180856143628496, "order": 7, "uparea": 235051.31143205968 }, "geometry": { "type": "LineString", "coordinates": [ [ 95.38, 29.668333333333344 ], [ 95.379166666666649, 29.671666666666674 ], [ 95.371666666666641, 29.678333333333342 ], [ 95.365833333333313, 29.6875 ], [ 95.3625, 29.698333333333341 ] ] } },
{ "type": "Feature", "properties": { "COMID": 45018474, "id": "7151", "lengthkm": 6.1591939798447974, "order": 7, "uparea": 235104.24968329145 }, "geometry": { "type": "LineString", "coordinates": [ [ 95.356666666666641, 29.6275 ], [ 95.355, 29.63 ], [ 95.355, 29.635 ], [ 95.36, 29.64083333333334 ], [ 95.363333333333316, 29.659166666666675 ], [ 95.365833333333313, 29.660833333333343 ], [ 95.376666666666637, 29.661666666666676 ], [ 95.38, 29.668333333333344 ] ] } },
{ "type": "Feature", "properties": { "COMID": 45018473, "id": "7151", "lengthkm": 20.629738622401003, "order": 7, "uparea": 235400.30883944908 }, "geometry": { "type": "LineString", "coordinates": [ [ 95.3675, 29.526666666666674 ], [ 95.37, 29.5375 ], [ 95.373333333333306, 29.5425 ], [ 95.386666666666642, 29.543333333333344 ], [ 95.390833333333319, 29.545 ], [ 95.395, 29.55 ], [ 95.395, 29.559166666666677 ], [ 95.391666666666652, 29.565833333333341 ], [ 95.385833333333309, 29.568333333333342 ], [ 95.376666666666637, 29.565 ], [ 95.374166666666639, 29.569166666666675 ], [ 95.375833333333304, 29.575 ], [ 95.374166666666639, 29.584166666666675 ], [ 95.375833333333304, 29.595 ], [ 95.380833333333314, 29.601666666666674 ], [ 95.393333333333317, 29.610833333333339 ], [ 95.393333333333317, 29.615 ], [ 95.385, 29.6325 ], [ 95.378333333333316, 29.631666666666675 ], [ 95.371666666666641, 29.63333333333334 ], [ 95.368333333333311, 29.631666666666675 ], [ 95.368333333333311, 29.628333333333341 ], [ 95.366666666666646, 29.626666666666672 ], [ 95.36, 29.62583333333334 ], [ 95.356666666666641, 29.6275 ] ] } },
{ "type": "Feature", "properties": { "COMID": 45022584, "id": "7151", "lengthkm": 14.901251582197954, "order": 7, "uparea": 235863.1901138259 }, "geometry": { "type": "LineString", "coordinates": [ [ 95.440833333333316, 29.470833333333342 ], [ 95.419166666666641, 29.4825 ], [ 95.408333333333303, 29.485833333333339 ], [ 95.40416666666664, 29.49 ], [ 95.403333333333308, 29.491666666666674 ], [ 95.405, 29.495 ], [ 95.41, 29.5 ], [ 95.416666666666643, 29.5 ], [ 95.42, 29.5025 ], [ 95.414166666666645, 29.513333333333343 ], [ 95.4125, 29.5225 ], [ 95.41, 29.525833333333342 ], [ 95.38916666666664, 29.5225 ], [ 95.378333333333316, 29.525 ], [ 95.371666666666641, 29.524166666666673 ], [ 95.3675, 29.526666666666674 ] ] } },
{ "type": "Feature", "properties": { "COMID": 45022583, "id": "7151", "lengthkm": 5.839474701097032, "order": 7, "uparea": 238059.15649341239 }, "geometry": { "type": "LineString", "coordinates": [ [ 95.406666666666638, 29.440833333333341 ], [ 95.4125, 29.443333333333342 ], [ 95.41583333333331, 29.451666666666675 ], [ 95.4225, 29.459166666666675 ], [ 95.43, 29.461666666666673 ], [ 95.439166666666637, 29.461666666666673 ], [ 95.4425, 29.4675 ], [ 95.440833333333316, 29.470833333333342 ] ] } },
{ "type": "Feature", "properties": { "COMID": 45022582, "id": "7151", "lengthkm": 9.1959335119200656, "order": 7, "uparea": 238175.00165644035 }, "geometry": { "type": "LineString", "coordinates": [ [ 95.365, 29.391666666666673 ], [ 95.368333333333311, 29.3925 ], [ 95.37, 29.39083333333334 ], [ 95.373333333333306, 29.39083333333334 ], [ 95.375, 29.3925 ], [ 95.375833333333304, 29.406666666666673 ], [ 95.383333333333312, 29.4125 ], [ 95.3875, 29.415 ], [ 95.3975, 29.415833333333342 ], [ 95.40416666666664, 29.420833333333341 ], [ 95.405, 29.424166666666675 ], [ 95.399166666666645, 29.43 ], [ 95.398333333333312, 29.433333333333344 ], [ 95.406666666666638, 29.440833333333341 ] ] } },
{ "type": "Feature", "properties": { "COMID": 45022581, "id": "7151", "lengthkm": 5.482925699793876, "order": 7, "uparea": 238227.42234260484 }, "geometry": { "type": "LineString", "coordinates": [ [ 95.34, 29.353333333333342 ], [ 95.34666666666665, 29.360833333333339 ], [ 95.35, 29.3625 ], [ 95.35333333333331, 29.369166666666676 ], [ 95.3525, 29.371666666666677 ], [ 95.3575, 29.385833333333341 ], [ 95.3625, 29.388333333333343 ], [ 95.365, 29.391666666666673 ] ] } },
{ "type": "Feature", "properties": { "COMID": 45022580, "id": "7151", "lengthkm": 12.994283704927525, "order": 7, "uparea": 238957.10349512019 }, "geometry": { "type": "LineString", "coordinates": [ [ 95.280833333333305, 29.3025 ], [ 95.289166666666645, 29.306666666666676 ], [ 95.291666666666643, 29.310833333333342 ], [ 95.281666666666638, 29.316666666666677 ], [ 95.27583333333331, 29.323333333333341 ], [ 95.278333333333308, 29.3275 ], [ 95.288333333333313, 29.32833333333334 ], [ 95.293333333333308, 29.32083333333334 ], [ 95.308333333333309, 29.324166666666677 ], [ 95.324166666666642, 29.3375 ], [ 95.328333333333319, 29.339166666666674 ], [ 95.34, 29.353333333333342 ] ] } },
{ "type": "Feature", "properties": { "COMID": 45022579, "id": "7151", "lengthkm": 4.5372505885189716, "order": 7, "uparea": 239085.35538460643 }, "geometry": { "type": "LineString", "coordinates": [ [ 95.249166666666639, 29.279166666666676 ], [ 95.2625, 29.288333333333341 ], [ 95.264166666666654, 29.2875 ], [ 95.269166666666649, 29.289166666666674 ], [ 95.27583333333331, 29.299166666666675 ], [ 95.280833333333305, 29.3025 ] ] } },
{ "type": "Feature", "properties": { "COMID": 45022578, "id": "7151", "lengthkm": 12.531531064313125, "order": 7, "uparea": 239396.49368834589 }, "geometry": { "type": "LineString", "coordinates": [ [ 95.16583333333331, 29.2475 ], [ 95.171666666666653, 29.2525 ], [ 95.178333333333313, 29.255 ], [ 95.199166666666642, 29.255833333333342 ], [ 95.2, 29.260833333333341 ], [ 95.199166666666642, 29.265 ], [ 95.1975, 29.26583333333334 ], [ 95.198333333333309, 29.2675 ], [ 95.196666666666644, 29.2725 ], [ 95.201666666666654, 29.275833333333342 ], [ 95.209166666666647, 29.275 ], [ 95.2175, 29.269166666666678 ], [ 95.224166666666648, 29.268333333333342 ], [ 95.231666666666641, 29.271666666666675 ], [ 95.24, 29.278333333333343 ], [ 95.244166666666644, 29.28 ], [ 95.249166666666639, 29.279166666666676 ] ] } },
{ "type": "Feature", "properties": { "COMID": 45022577, "id": "7151", "lengthkm": 5.0101214236838896, "order": 7, "uparea": 240136.12067578532 }, "geometry": { "type": "LineString", "coordinates": [ [ 95.13, 29.2275 ], [ 95.135833333333309, 29.230833333333344 ], [ 95.1425, 29.2375 ], [ 95.155833333333305, 29.2375 ], [ 95.15916666666665, 29.239166666666677 ], [ 95.163333333333313, 29.2425 ], [ 95.16583333333331, 29.2475 ] ] } },
{ "type": "Feature", "properties": { "COMID": 45022576, "id": "7151", "lengthkm": 12.118399673804733, "order": 7, "uparea": 240357.67511652989 }, "geometry": { "type": "LineString", "coordinates": [ [ 95.054166666666646, 29.184166666666677 ], [ 95.064166666666637, 29.186666666666675 ], [ 95.0775, 29.186666666666675 ], [ 95.086666666666645, 29.184166666666677 ], [ 95.09, 29.1875 ], [ 95.08833333333331, 29.199166666666677 ], [ 95.090833333333308, 29.2075 ], [ 95.09, 29.209166666666675 ], [ 95.09166666666664, 29.210833333333341 ], [ 95.1075, 29.2075 ], [ 95.113333333333316, 29.209166666666675 ], [ 95.13, 29.2275 ] ] } },
{ "type": "Feature", "properties": { "COMID": 45022575, "id": "7151", "lengthkm": 6.4730892039454027, "order": 7, "uparea": 240495.64386412012 }, "geometry": { "type": "LineString", "coordinates": [ [ 95.0025, 29.18 ], [ 95.0075, 29.1775 ], [ 95.010833333333309, 29.171666666666674 ], [ 95.016666666666652, 29.17 ], [ 95.025, 29.176666666666677 ], [ 95.039166666666645, 29.178333333333342 ], [ 95.041666666666643, 29.180833333333339 ], [ 95.054166666666646, 29.184166666666677 ] ] } },
{ "type": "Feature", "properties": { "COMID": 45022574, "id": "7151", "lengthkm": 2.0087926207637818, "order": 7, "uparea": 240530.90500574952 }, "geometry": { "type": "LineString", "coordinates": [ [ 94.98666666666665, 29.175 ], [ 94.9925, 29.180833333333339 ], [ 95.0025, 29.18 ] ] } },
{ "type": "Feature", "properties": { "COMID": 45022573, "id": "7151", "lengthkm": 7.5226921722374023, "order": 7, "uparea": 240860.89382099247 }, "geometry": { "type": "LineString", "coordinates": [ [ 95.025, 29.125 ], [ 95.0175, 29.131666666666675 ], [ 95.015, 29.136666666666677 ], [ 95.015, 29.145833333333343 ], [ 95.013333333333307, 29.149166666666673 ], [ 94.998333333333306, 29.164166666666674 ], [ 94.995, 29.17 ], [ 94.988333333333316, 29.170833333333341 ], [ 94.98666666666665, 29.175 ] ] } },
{ "type": "Feature", "properties": { "COMID": 45022572, "id": "7151", "lengthkm": 1.0822309439746849, "order": 7, "uparea": 240898.7687196761 }, "geometry": { "type": "LineString", "coordinates": [ [ 95.0175, 29.12 ], [ 95.025, 29.125 ] ] } },
{ "type": "Feature", "properties": { "COMID": 45022571, "id": "7151", "lengthkm": 7.7050229052850794, "order": 7, "uparea": 240973.82950599637 }, "geometry": { "type": "LineString", "coordinates": [ [ 94.955, 29.106666666666676 ], [ 94.96, 29.110833333333343 ], [ 94.961666666666645, 29.12 ], [ 94.9675, 29.12 ], [ 94.969166666666638, 29.118333333333339 ], [ 94.9775, 29.118333333333339 ], [ 94.981666666666641, 29.12 ], [ 94.98666666666665, 29.119166666666676 ], [ 94.988333333333316, 29.120833333333344 ], [ 95.001666666666637, 29.120833333333344 ], [ 95.009166666666644, 29.119166666666676 ], [ 95.0175, 29.12 ] ] } },
{ "type": "Feature", "properties": { "COMID": 45022570, "id": "7151", "lengthkm": 1.479608377610298, "order": 7, "uparea": 241066.88760639212 }, "geometry": { "type": "LineString", "coordinates": [ [ 94.95, 29.095 ], [ 94.955, 29.106666666666676 ] ] } },
{ "type": "Feature", "properties": { "COMID": 45022569, "id": "7151", "lengthkm": 5.2771156708212734, "order": 7, "uparea": 241110.21194234877 }, "geometry": { "type": "LineString", "coordinates": [ [ 94.929166666666646, 29.055833333333339 ], [ 94.931666666666644, 29.060833333333342 ], [ 94.9325, 29.073333333333341 ], [ 94.9425, 29.0825 ], [ 94.95, 29.095 ] ] } },
{ "type": "Feature", "properties": { "COMID": 45022568, "id": "7151", "lengthkm": 2.868829051733409, "order": 7, "uparea": 241152.17773550487 }, "geometry": { "type": "LineString", "coordinates": [ [ 94.906666666666638, 29.046666666666674 ], [ 94.914166666666645, 29.0475 ], [ 94.91583333333331, 29.045833333333341 ], [ 94.92083333333332, 29.051666666666677 ], [ 94.925, 29.0525 ], [ 94.929166666666646, 29.055833333333339 ] ] } },
{ "type": "Feature", "properties": { "COMID": 45022567, "id": "7151", "lengthkm": 12.728307597247381, "order": 7, "uparea": 241251.20419489121 }, "geometry": { "type": "LineString", "coordinates": [ [ 94.884166666666644, 28.9675 ], [ 94.884166666666644, 28.9775 ], [ 94.885833333333309, 28.979166666666675 ], [ 94.8975, 28.980833333333344 ], [ 94.906666666666638, 28.988333333333344 ], [ 94.9075, 28.9925 ], [ 94.905833333333305, 28.995833333333344 ], [ 94.90083333333331, 28.9975 ], [ 94.899166666666645, 29.0 ], [ 94.9, 29.00833333333334 ], [ 94.90416666666664, 29.016666666666673 ], [ 94.901666666666642, 29.020833333333343 ], [ 94.895833333333314, 29.023333333333341 ], [ 94.895833333333314, 29.025833333333342 ], [ 94.903333333333308, 29.0375 ], [ 94.90083333333331, 29.040833333333342 ], [ 94.90083333333331, 29.046666666666674 ], [ 94.906666666666638, 29.046666666666674 ] ] } },
{ "type": "Feature", "properties": { "COMID": 45022566, "id": "7151", "lengthkm": 2.2157127626312678, "order": 7, "uparea": 242586.38915981879 }, "geometry": { "type": "LineString", "coordinates": [ [ 94.866666666666646, 28.958333333333343 ], [ 94.869166666666644, 28.960833333333341 ], [ 94.880833333333314, 28.963333333333342 ], [ 94.884166666666644, 28.9675 ] ] } },
{ "type": "Feature", "properties": { "COMID": 45026998, "id": "7151", "lengthkm": 13.889894781478921, "order": 7, "uparea": 243432.75201747051 }, "geometry": { "type": "LineString", "coordinates": [ [ 94.778333333333308, 28.908333333333342 ], [ 94.77916666666664, 28.915833333333342 ], [ 94.7775, 28.921666666666674 ], [ 94.7825, 28.926666666666677 ], [ 94.796666666666653, 28.931666666666676 ], [ 94.801666666666648, 28.93 ], [ 94.809166666666641, 28.923333333333343 ], [ 94.815833333333316, 28.925 ], [ 94.820833333333312, 28.93 ], [ 94.819166666666646, 28.936666666666675 ], [ 94.824166666666642, 28.9425 ], [ 94.84166666666664, 28.943333333333342 ], [ 94.8525, 28.948333333333341 ], [ 94.86166666666665, 28.955 ], [ 94.865, 28.955833333333342 ], [ 94.866666666666646, 28.958333333333343 ] ] } },
{ "type": "Feature", "properties": { "COMID": 45026996, "id": "7151", "lengthkm": 6.0447511724996028, "order": 7, "uparea": 243615.79059818629 }, "geometry": { "type": "LineString", "coordinates": [ [ 94.759166666666644, 28.868333333333343 ], [ 94.7575, 28.869166666666676 ], [ 94.759166666666644, 28.876666666666676 ], [ 94.764166666666654, 28.88 ], [ 94.77, 28.88 ], [ 94.771666666666647, 28.8825 ], [ 94.7725, 28.885 ], [ 94.770833333333314, 28.889166666666675 ], [ 94.77583333333331, 28.898333333333341 ], [ 94.778333333333308, 28.908333333333342 ] ] } },
{ "type": "Feature", "properties": { "COMID": 45026994, "id": "7151", "lengthkm": 5.1758636631104924, "order": 7, "uparea": 244664.87765656825 }, "geometry": { "type": "LineString", "coordinates": [ [ 94.800833333333316, 28.854166666666675 ], [ 94.8, 28.8575 ], [ 94.796666666666653, 28.860833333333343 ], [ 94.78416666666665, 28.87 ], [ 94.768333333333317, 28.87 ], [ 94.765, 28.868333333333343 ], [ 94.759166666666644, 28.868333333333343 ] ] } },
{ "type": "Feature", "properties": { "COMID": 45026992, "id": "7151", "lengthkm": 5.8512886629218066, "order": 7, "uparea": 244707.64345119376 }, "geometry": { "type": "LineString", "coordinates": [ [ 94.77916666666664, 28.823333333333341 ], [ 94.7725, 28.8275 ], [ 94.7725, 28.830833333333342 ], [ 94.783333333333317, 28.8425 ], [ 94.7925, 28.840833333333343 ], [ 94.798333333333318, 28.845 ], [ 94.800833333333316, 28.848333333333343 ], [ 94.800833333333316, 28.854166666666675 ] ] } },
{ "type": "Feature", "properties": { "COMID": 45026991, "id": "7151", "lengthkm": 4.8901208566388847, "order": 7, "uparea": 244875.78011108184 }, "geometry": { "type": "LineString", "coordinates": [ [ 94.814166666666637, 28.803333333333342 ], [ 94.811666666666639, 28.801666666666677 ], [ 94.8075, 28.8025 ], [ 94.805, 28.809166666666677 ], [ 94.795, 28.82 ], [ 94.79, 28.8225 ], [ 94.77916666666664, 28.823333333333341 ] ] } },
{ "type": "Feature", "properties": { "COMID": 45026990, "id": "7151", "lengthkm": 13.905272643535843, "order": 7, "uparea": 245110.56620188337 }, "geometry": { "type": "LineString", "coordinates": [ [ 94.915, 28.806666666666676 ], [ 94.90083333333331, 28.815 ], [ 94.888333333333307, 28.816666666666677 ], [ 94.8775, 28.824166666666677 ], [ 94.875, 28.824166666666677 ], [ 94.873333333333306, 28.819166666666675 ], [ 94.868333333333311, 28.815833333333345 ], [ 94.8525, 28.81333333333334 ], [ 94.845, 28.816666666666677 ], [ 94.836666666666645, 28.825 ], [ 94.8325, 28.825 ], [ 94.8225, 28.82083333333334 ], [ 94.82, 28.818333333333342 ], [ 94.818333333333314, 28.815833333333345 ], [ 94.819166666666646, 28.81333333333334 ], [ 94.816666666666649, 28.805 ], [ 94.814166666666637, 28.803333333333342 ] ] } },
{ "type": "Feature", "properties": { "COMID": 45026989, "id": "7151", "lengthkm": 2.613279954513255, "order": 7, "uparea": 245164.80223295413 }, "geometry": { "type": "LineString", "coordinates": [ [ 94.9275, 28.791666666666675 ], [ 94.93, 28.793333333333344 ], [ 94.93, 28.795833333333341 ], [ 94.923333333333318, 28.8025 ], [ 94.915, 28.806666666666676 ] ] } },
{ "type": "Feature", "properties": { "COMID": 45026985, "id": "7151", "lengthkm": 24.494702601311282, "order": 7, "uparea": 245358.17957664421 }, "geometry": { "type": "LineString", "coordinates": [ [ 94.965, 28.713333333333342 ], [ 94.958333333333314, 28.720833333333342 ], [ 94.959166666666647, 28.721666666666675 ], [ 94.951666666666654, 28.728333333333342 ], [ 94.94, 28.731666666666676 ], [ 94.935, 28.735 ], [ 94.93, 28.735 ], [ 94.926666666666648, 28.74 ], [ 94.9225, 28.74 ], [ 94.915, 28.749166666666675 ], [ 94.906666666666638, 28.753333333333345 ], [ 94.895833333333314, 28.763333333333343 ], [ 94.893333333333317, 28.7625 ], [ 94.891666666666652, 28.759166666666676 ], [ 94.875, 28.7525 ], [ 94.868333333333311, 28.7525 ], [ 94.864166666666648, 28.75833333333334 ], [ 94.865833333333313, 28.76583333333334 ], [ 94.865, 28.774166666666673 ], [ 94.866666666666646, 28.776666666666678 ], [ 94.871666666666641, 28.779166666666676 ], [ 94.875833333333304, 28.778333333333343 ], [ 94.884166666666644, 28.7825 ], [ 94.896666666666647, 28.795 ], [ 94.899166666666645, 28.795833333333341 ], [ 94.905833333333305, 28.794166666666676 ], [ 94.913333333333313, 28.785833333333343 ], [ 94.9175, 28.785 ], [ 94.9275, 28.791666666666675 ] ] } },
{ "type": "Feature", "properties": { "COMID": 45026983, "id": "7151", "lengthkm": 2.9956116022366661, "order": 7, "uparea": 245396.20690445762 }, "geometry": { "type": "LineString", "coordinates": [ [ 94.980833333333308, 28.695 ], [ 94.9825, 28.696666666666676 ], [ 94.981666666666641, 28.699166666666677 ], [ 94.965, 28.713333333333342 ] ] } },
{ "type": "Feature", "properties": { "COMID": 45026982, "id": "7151", "lengthkm": 2.189877646270284, "order": 7, "uparea": 245494.54296737519 }, "geometry": { "type": "LineString", "coordinates": [ [ 94.973333333333315, 28.678333333333342 ], [ 94.9725, 28.680833333333343 ], [ 94.97833333333331, 28.6875 ], [ 94.980833333333308, 28.695 ] ] } },
{ "type": "Feature", "properties": { "COMID": 45026981, "id": "7151", "lengthkm": 8.9347508446916422, "order": 7, "uparea": 245674.92261302093 }, "geometry": { "type": "LineString", "coordinates": [ [ 95.008333333333312, 28.650833333333342 ], [ 95.006666666666646, 28.6525 ], [ 95.0075, 28.655833333333341 ], [ 95.014166666666654, 28.665 ], [ 95.014166666666654, 28.669166666666676 ], [ 95.011666666666642, 28.671666666666674 ], [ 95.008333333333312, 28.673333333333343 ], [ 95.0, 28.671666666666674 ], [ 94.9925, 28.6775 ], [ 94.99, 28.6775 ], [ 94.985, 28.67 ], [ 94.985833333333318, 28.666666666666675 ], [ 94.981666666666641, 28.665833333333342 ], [ 94.976666666666645, 28.670833333333341 ], [ 94.976666666666645, 28.673333333333343 ], [ 94.973333333333315, 28.678333333333342 ] ] } },
{ "type": "Feature", "properties": { "COMID": 45026979, "id": "7151", "lengthkm": 5.198845923308312, "order": 7, "uparea": 245739.57894139466 }, "geometry": { "type": "LineString", "coordinates": [ [ 95.03, 28.614166666666677 ], [ 95.02583333333331, 28.62 ], [ 95.02583333333331, 28.623333333333342 ], [ 95.015833333333319, 28.630833333333342 ], [ 95.015, 28.635833333333345 ], [ 95.016666666666652, 28.643333333333342 ], [ 95.008333333333312, 28.650833333333342 ] ] } },
{ "type": "Feature", "properties": { "COMID": 45026977, "id": "7151", "lengthkm": 12.981043947077987, "order": 7, "uparea": 245866.81573471145 }, "geometry": { "type": "LineString", "coordinates": [ [ 95.079166666666652, 28.529166666666676 ], [ 95.08, 28.5425 ], [ 95.0775, 28.55 ], [ 95.078333333333319, 28.559166666666677 ], [ 95.073333333333309, 28.565 ], [ 95.07, 28.5825 ], [ 95.063333333333304, 28.5875 ], [ 95.064166666666637, 28.590833333333343 ], [ 95.061666666666639, 28.593333333333341 ], [ 95.0575, 28.594166666666673 ], [ 95.0525, 28.5925 ], [ 95.048333333333318, 28.595 ], [ 95.041666666666643, 28.595 ], [ 95.038333333333313, 28.596666666666678 ], [ 95.033333333333303, 28.604166666666675 ], [ 95.0325, 28.6125 ], [ 95.03, 28.614166666666677 ] ] } },
{ "type": "Feature", "properties": { "COMID": 45026974, "id": "7151", "lengthkm": 9.8849852786527936, "order": 7, "uparea": 246000.04356636945 }, "geometry": { "type": "LineString", "coordinates": [ [ 95.101666666666645, 28.460833333333341 ], [ 95.1, 28.466666666666676 ], [ 95.093333333333305, 28.474166666666676 ], [ 95.094166666666638, 28.480833333333344 ], [ 95.101666666666645, 28.490833333333342 ], [ 95.100833333333313, 28.498333333333342 ], [ 95.098333333333315, 28.50083333333334 ], [ 95.084166666666647, 28.505 ], [ 95.079166666666652, 28.51 ], [ 95.078333333333319, 28.5175 ], [ 95.080833333333317, 28.520833333333343 ], [ 95.079166666666652, 28.529166666666676 ] ] } },
{ "type": "Feature", "properties": { "COMID": 45026973, "id": "7151", "lengthkm": 3.3812677722404731, "order": 7, "uparea": 246059.7467377212 }, "geometry": { "type": "LineString", "coordinates": [ [ 95.089166666666642, 28.4375 ], [ 95.090833333333308, 28.44 ], [ 95.09, 28.446666666666676 ], [ 95.095833333333303, 28.45333333333334 ], [ 95.101666666666645, 28.455833333333342 ], [ 95.101666666666645, 28.460833333333341 ] ] } },
{ "type": "Feature", "properties": { "COMID": 45026969, "id": "7151", "lengthkm": 5.9377168108707856, "order": 7, "uparea": 246135.52958514923 }, "geometry": { "type": "LineString", "coordinates": [ [ 95.076666666666654, 28.4 ], [ 95.075, 28.405 ], [ 95.069166666666646, 28.4075 ], [ 95.065833333333316, 28.413333333333341 ], [ 95.071666666666644, 28.419166666666676 ], [ 95.078333333333319, 28.421666666666674 ], [ 95.089166666666642, 28.4325 ], [ 95.089166666666642, 28.4375 ] ] } },
{ "type": "Feature", "properties": { "COMID": 45026968, "id": "7151", "lengthkm": 6.8689100047763896, "order": 7, "uparea": 246221.91504341032 }, "geometry": { "type": "LineString", "coordinates": [ [ 95.054166666666646, 28.351666666666674 ], [ 95.06, 28.3525 ], [ 95.07, 28.361666666666675 ], [ 95.07, 28.3725 ], [ 95.0725, 28.375833333333343 ], [ 95.0725, 28.380833333333342 ], [ 95.0775, 28.391666666666676 ], [ 95.076666666666654, 28.4 ] ] } },
{ "type": "Feature", "properties": { "COMID": 45031385, "id": "7151", "lengthkm": 17.446436733285402, "order": 7, "uparea": 246337.29415307441 }, "geometry": { "type": "LineString", "coordinates": [ [ 94.964166666666642, 28.314166666666676 ], [ 94.969166666666638, 28.315 ], [ 94.9775, 28.3125 ], [ 94.98, 28.313333333333343 ], [ 94.985833333333318, 28.310833333333342 ], [ 94.991666666666646, 28.311666666666675 ], [ 94.999166666666639, 28.32 ], [ 94.999166666666639, 28.323333333333345 ], [ 94.995, 28.32833333333334 ], [ 94.990833333333313, 28.339166666666678 ], [ 94.9975, 28.345 ], [ 95.009166666666644, 28.345 ], [ 95.014166666666654, 28.3425 ], [ 95.016666666666652, 28.34 ], [ 95.0225, 28.326666666666675 ], [ 95.02583333333331, 28.325833333333343 ], [ 95.028333333333308, 28.32833333333334 ], [ 95.031666666666638, 28.3425 ], [ 95.035833333333315, 28.349166666666676 ], [ 95.054166666666646, 28.351666666666674 ] ] } },
{ "type": "Feature", "properties": { "COMID": 45031381, "id": "7151", "lengthkm": 12.233365785725304, "order": 7, "uparea": 246946.81573122935 }, "geometry": { "type": "LineString", "coordinates": [ [ 94.989166666666648, 28.251666666666676 ], [ 94.98666666666665, 28.269166666666678 ], [ 94.980833333333308, 28.285833333333343 ], [ 94.975, 28.2875 ], [ 94.964166666666642, 28.2775 ], [ 94.959166666666647, 28.278333333333343 ], [ 94.950833333333307, 28.285 ], [ 94.949166666666642, 28.290833333333342 ], [ 94.95, 28.296666666666674 ], [ 94.951666666666654, 28.298333333333343 ], [ 94.951666666666654, 28.305 ], [ 94.964166666666642, 28.314166666666676 ] ] } },
{ "type": "Feature", "properties": { "COMID": 45031379, "id": "7151", "lengthkm": 2.4770519661344572, "order": 7, "uparea": 247004.94965772601 }, "geometry": { "type": "LineString", "coordinates": [ [ 95.0, 28.235833333333343 ], [ 94.99, 28.241666666666674 ], [ 94.988333333333316, 28.245833333333344 ], [ 94.989166666666648, 28.251666666666676 ] ] } },
{ "type": "Feature", "properties": { "COMID": 45031378, "id": "7151", "lengthkm": 8.809256888364331, "order": 7, "uparea": 252862.3138029775 }, "geometry": { "type": "LineString", "coordinates": [ [ 95.031666666666638, 28.1775 ], [ 95.02916666666664, 28.18 ], [ 95.0275, 28.1875 ], [ 95.025, 28.19 ], [ 95.020833333333314, 28.191666666666677 ], [ 95.009166666666644, 28.191666666666677 ], [ 95.005833333333314, 28.19583333333334 ], [ 95.005833333333314, 28.2 ], [ 95.008333333333312, 28.204166666666676 ], [ 95.0075, 28.220833333333342 ], [ 95.005833333333314, 28.223333333333343 ], [ 95.005833333333314, 28.231666666666676 ], [ 95.0, 28.235833333333343 ] ] } },
{ "type": "Feature", "properties": { "COMID": 45031375, "id": "7151", "lengthkm": 10.774040647132956, "order": 7, "uparea": 253106.79075549421 }, "geometry": { "type": "LineString", "coordinates": [ [ 95.118333333333311, 28.134166666666676 ], [ 95.113333333333316, 28.134166666666676 ], [ 95.0975, 28.144166666666678 ], [ 95.056666666666644, 28.155 ], [ 95.04583333333332, 28.165833333333342 ], [ 95.04, 28.17 ], [ 95.0375, 28.17 ], [ 95.031666666666638, 28.1775 ] ] } },
{ "type": "Feature", "properties": { "COMID": 45031374, "id": "7151", "lengthkm": 2.4682183833078488, "order": 7, "uparea": 253158.9116891344 }, "geometry": { "type": "LineString", "coordinates": [ [ 95.14, 28.136666666666677 ], [ 95.1375, 28.13333333333334 ], [ 95.1275, 28.13333333333334 ], [ 95.124166666666639, 28.135 ], [ 95.118333333333311, 28.134166666666676 ] ] } },
{ "type": "Feature", "properties": { "COMID": 45031372, "id": "7151", "lengthkm": 4.5771047691744648, "order": 7, "uparea": 253258.22866838946 }, "geometry": { "type": "LineString", "coordinates": [ [ 95.175833333333316, 28.154166666666676 ], [ 95.17, 28.151666666666678 ], [ 95.1625, 28.151666666666678 ], [ 95.158333333333303, 28.148333333333341 ], [ 95.145, 28.143333333333345 ], [ 95.14, 28.136666666666677 ] ] } },
{ "type": "Feature", "properties": { "COMID": 45031371, "id": "7151", "lengthkm": 6.3350504717768716, "order": 7, "uparea": 253331.47748943546 }, "geometry": { "type": "LineString", "coordinates": [ [ 95.215, 28.175 ], [ 95.206666666666649, 28.1775 ], [ 95.201666666666654, 28.1725 ], [ 95.200833333333307, 28.1675 ], [ 95.203333333333319, 28.163333333333341 ], [ 95.2025, 28.161666666666676 ], [ 95.196666666666644, 28.160833333333343 ], [ 95.186666666666639, 28.1625 ], [ 95.175833333333316, 28.154166666666676 ] ] } },
{ "type": "Feature", "properties": { "COMID": 45031370, "id": "7151", "lengthkm": 20.026955029783949, "order": 7, "uparea": 254709.15529351536 }, "geometry": { "type": "LineString", "coordinates": [ [ 95.3275, 28.091666666666676 ], [ 95.320833333333312, 28.093333333333341 ], [ 95.3125, 28.098333333333343 ], [ 95.3075, 28.0975 ], [ 95.295, 28.100833333333341 ], [ 95.28416666666665, 28.101666666666674 ], [ 95.280833333333305, 28.105833333333344 ], [ 95.280833333333305, 28.113333333333344 ], [ 95.294166666666641, 28.121666666666677 ], [ 95.294166666666641, 28.128333333333345 ], [ 95.291666666666643, 28.136666666666677 ], [ 95.278333333333308, 28.146666666666675 ], [ 95.253333333333316, 28.156666666666673 ], [ 95.249166666666639, 28.164166666666674 ], [ 95.245, 28.1675 ], [ 95.229166666666643, 28.166666666666679 ], [ 95.225833333333313, 28.164166666666674 ], [ 95.22, 28.165 ], [ 95.215, 28.170833333333341 ], [ 95.215, 28.175 ] ] } },
{ "type": "Feature", "properties": { "COMID": 45031367, "id": "7151", "lengthkm": 0.33979799478783002, "order": 7, "uparea": 254738.11925362531 }, "geometry": { "type": "LineString", "coordinates": [ [ 95.329166666666652, 28.089166666666678 ], [ 95.3275, 28.091666666666676 ] ] } },
{ "type": "Feature", "properties": { "COMID": 45031366, "id": "7151", "lengthkm": 0.88492313396938405, "order": 7, "uparea": 254777.63276760641 }, "geometry": { "type": "LineString", "coordinates": [ [ 95.334166666666647, 28.083333333333343 ], [ 95.329166666666652, 28.089166666666678 ] ] } },
{ "type": "Feature", "properties": { "COMID": 45031364, "id": "7151", "lengthkm": 5.5132211688453614, "order": 7, "uparea": 255037.70767870391 }, "geometry": { "type": "LineString", "coordinates": [ [ 95.378333333333316, 28.0625 ], [ 95.366666666666646, 28.0675 ], [ 95.364166666666648, 28.07 ], [ 95.354166666666643, 28.0725 ], [ 95.348333333333315, 28.075833333333343 ], [ 95.3425, 28.075 ], [ 95.334166666666647, 28.083333333333343 ] ] } },
{ "type": "Feature", "properties": { "COMID": 45031363, "id": "7151", "lengthkm": 8.0490062232778676, "order": 7, "uparea": 255085.22763415321 }, "geometry": { "type": "LineString", "coordinates": [ [ 95.41, 28.016666666666676 ], [ 95.40416666666664, 28.02 ], [ 95.411666666666648, 28.035 ], [ 95.41, 28.040833333333342 ], [ 95.4025, 28.045 ], [ 95.388333333333307, 28.048333333333343 ], [ 95.385, 28.055 ], [ 95.385, 28.058333333333344 ], [ 95.378333333333316, 28.0625 ] ] } },
{ "type": "Feature", "properties": { "COMID": 45031362, "id": "7151", "lengthkm": 14.391528711820062, "order": 7, "uparea": 255324.17643609809 }, "geometry": { "type": "LineString", "coordinates": [ [ 95.40416666666664, 27.910833333333343 ], [ 95.41, 27.919166666666676 ], [ 95.40916666666665, 27.924166666666675 ], [ 95.411666666666648, 27.933333333333344 ], [ 95.416666666666643, 27.940833333333345 ], [ 95.416666666666643, 27.943333333333342 ], [ 95.413333333333313, 27.946666666666676 ], [ 95.4125, 27.95 ], [ 95.413333333333313, 27.955833333333345 ], [ 95.410833333333315, 27.9575 ], [ 95.410833333333315, 27.9675 ], [ 95.411666666666648, 27.97 ], [ 95.416666666666643, 27.973333333333343 ], [ 95.41583333333331, 27.975 ], [ 95.418333333333308, 27.9775 ], [ 95.4225, 27.978333333333342 ], [ 95.423333333333318, 27.980833333333344 ], [ 95.4225, 27.986666666666675 ], [ 95.419166666666641, 27.9875 ], [ 95.411666666666648, 27.9975 ], [ 95.410833333333315, 28.005833333333342 ], [ 95.408333333333303, 28.009166666666676 ], [ 95.41, 28.016666666666676 ] ] } },
{ "type": "Feature", "properties": { "COMID": 45031360, "id": "7151", "lengthkm": 11.274011039718252, "order": 7, "uparea": 255427.88773161784 }, "geometry": { "type": "LineString", "coordinates": [ [ 95.363333333333316, 27.84 ], [ 95.368333333333311, 27.8375 ], [ 95.374166666666639, 27.840833333333343 ], [ 95.384166666666644, 27.8475 ], [ 95.391666666666652, 27.858333333333341 ], [ 95.394166666666649, 27.871666666666677 ], [ 95.391666666666652, 27.874166666666675 ], [ 95.39, 27.88 ], [ 95.3925, 27.886666666666677 ], [ 95.403333333333308, 27.895 ], [ 95.4075, 27.9025 ], [ 95.406666666666638, 27.9075 ], [ 95.40416666666664, 27.910833333333343 ] ] } },
{ "type": "Feature", "properties": { "COMID": 45031358, "id": "7151", "lengthkm": 4.0335370375940549, "order": 7, "uparea": 255649.49671242532 }, "geometry": { "type": "LineString", "coordinates": [ [ 95.335, 27.819166666666675 ], [ 95.34666666666665, 27.83 ], [ 95.34666666666665, 27.8325 ], [ 95.349166666666648, 27.835 ], [ 95.363333333333316, 27.84 ] ] } },
{ "type": "Feature", "properties": { "COMID": 45031357, "id": "7151", "lengthkm": 8.9612672223149499, "order": 7, "uparea": 255897.26874119762 }, "geometry": { "type": "LineString", "coordinates": [ [ 95.29083333333331, 27.761666666666677 ], [ 95.313333333333304, 27.78 ], [ 95.315833333333316, 27.7875 ], [ 95.311666666666639, 27.791666666666679 ], [ 95.311666666666639, 27.794166666666676 ], [ 95.315833333333316, 27.803333333333342 ], [ 95.329166666666652, 27.813333333333343 ], [ 95.331666666666649, 27.813333333333343 ], [ 95.335, 27.819166666666675 ] ] } },
{ "type": "Feature", "properties": { "COMID": 45035630, "id": "7151", "lengthkm": 14.041239889596284, "order": 7, "uparea": 255970.1526487988 }, "geometry": { "type": "LineString", "coordinates": [ [ 95.24, 27.69 ], [ 95.23, 27.695 ], [ 95.225, 27.701666666666675 ], [ 95.225, 27.7075 ], [ 95.229166666666643, 27.713333333333345 ], [ 95.22833333333331, 27.716666666666676 ], [ 95.226666666666645, 27.7175 ], [ 95.2275, 27.72 ], [ 95.23333333333332, 27.72 ], [ 95.23666666666665, 27.725833333333341 ], [ 95.235, 27.73 ], [ 95.2425, 27.736666666666679 ], [ 95.249166666666639, 27.740833333333342 ], [ 95.265, 27.740833333333342 ], [ 95.270833333333314, 27.745 ], [ 95.2725, 27.748333333333342 ], [ 95.2775, 27.749166666666675 ], [ 95.286666666666648, 27.754166666666677 ], [ 95.29083333333331, 27.761666666666677 ] ] } },
{ "type": "Feature", "properties": { "COMID": 45035629, "id": "7151", "lengthkm": 27.399257287362889, "order": 7, "uparea": 256440.27842640897 }, "geometry": { "type": "LineString", "coordinates": [ [ 95.085833333333312, 27.560833333333342 ], [ 95.085, 27.565833333333345 ], [ 95.101666666666645, 27.581666666666678 ], [ 95.104166666666643, 27.580833333333345 ], [ 95.110833333333318, 27.586666666666677 ], [ 95.113333333333316, 27.586666666666677 ], [ 95.118333333333311, 27.5825 ], [ 95.123333333333306, 27.5875 ], [ 95.124166666666639, 27.5925 ], [ 95.1175, 27.605 ], [ 95.120833333333309, 27.608333333333341 ], [ 95.119166666666644, 27.613333333333344 ], [ 95.120833333333309, 27.615 ], [ 95.1325, 27.621666666666677 ], [ 95.138333333333307, 27.6225 ], [ 95.14, 27.62 ], [ 95.145, 27.624166666666675 ], [ 95.15, 27.623333333333342 ], [ 95.15416666666664, 27.626666666666676 ], [ 95.155, 27.631666666666675 ], [ 95.16, 27.636666666666677 ], [ 95.1625, 27.6425 ], [ 95.161666666666648, 27.645833333333343 ], [ 95.166666666666643, 27.6525 ], [ 95.1825, 27.658333333333342 ], [ 95.193333333333314, 27.668333333333344 ], [ 95.2025, 27.669166666666676 ], [ 95.208333333333314, 27.674166666666679 ], [ 95.2125, 27.675 ], [ 95.215833333333308, 27.683333333333344 ], [ 95.2225, 27.683333333333344 ], [ 95.225833333333313, 27.68 ], [ 95.23333333333332, 27.6825 ], [ 95.24, 27.69 ] ] } },
{ "type": "Feature", "properties": { "COMID": 45035628, "id": "7151", "lengthkm": 11.840599338091788, "order": 7, "uparea": 299216.50155979488 }, "geometry": { "type": "LineString", "coordinates": [ [ 94.995, 27.55 ], [ 94.996666666666641, 27.548333333333343 ], [ 95.0075, 27.549166666666679 ], [ 95.014166666666654, 27.555833333333343 ], [ 95.015833333333319, 27.561666666666675 ], [ 95.021666666666647, 27.561666666666675 ], [ 95.021666666666647, 27.56 ], [ 95.026666666666642, 27.555833333333343 ], [ 95.030833333333305, 27.555 ], [ 95.043333333333308, 27.545 ], [ 95.0625, 27.545 ], [ 95.070833333333312, 27.546666666666674 ], [ 95.076666666666654, 27.55 ], [ 95.085833333333312, 27.560833333333342 ] ] } },
{ "type": "Feature", "properties": { "COMID": 45035627, "id": "7151", "lengthkm": 2.7538092193901211, "order": 7, "uparea": 299290.75636110024 }, "geometry": { "type": "LineString", "coordinates": [ [ 94.9825, 27.57 ], [ 94.98666666666665, 27.563333333333343 ], [ 94.985833333333318, 27.559166666666677 ], [ 94.995, 27.55 ] ] } },
{ "type": "Feature", "properties": { "COMID": 45035626, "id": "7151", "lengthkm": 3.04544029868104, "order": 7, "uparea": 299353.02579890186 }, "geometry": { "type": "LineString", "coordinates": [ [ 94.955833333333317, 27.563333333333343 ], [ 94.9625, 27.563333333333343 ], [ 94.969166666666638, 27.566666666666677 ], [ 94.9725, 27.566666666666677 ], [ 94.975, 27.569166666666675 ], [ 94.9825, 27.57 ] ] } },
{ "type": "Feature", "properties": { "COMID": 45035625, "id": "7151", "lengthkm": 13.203891481689956, "order": 7, "uparea": 299428.14950563782 }, "geometry": { "type": "LineString", "coordinates": [ [ 94.8725, 27.510833333333345 ], [ 94.880833333333314, 27.520833333333343 ], [ 94.88, 27.531666666666677 ], [ 94.8775, 27.535 ], [ 94.8775, 27.54 ], [ 94.883333333333312, 27.545833333333341 ], [ 94.893333333333317, 27.550833333333344 ], [ 94.9025, 27.551666666666677 ], [ 94.91, 27.555 ], [ 94.914166666666645, 27.554166666666674 ], [ 94.919166666666641, 27.549166666666679 ], [ 94.923333333333318, 27.5525 ], [ 94.940833333333316, 27.556666666666676 ], [ 94.955833333333317, 27.563333333333343 ] ] } },
{ "type": "Feature", "properties": { "COMID": 45035624, "id": "7151", "lengthkm": 9.540486900144419, "order": 7, "uparea": 299526.46289963787 }, "geometry": { "type": "LineString", "coordinates": [ [ 94.796666666666653, 27.473333333333343 ], [ 94.804166666666646, 27.475 ], [ 94.811666666666639, 27.480833333333344 ], [ 94.82, 27.483333333333341 ], [ 94.8275, 27.490833333333342 ], [ 94.84, 27.490833333333342 ], [ 94.848333333333315, 27.498333333333342 ], [ 94.8525, 27.499166666666675 ], [ 94.86, 27.508333333333344 ], [ 94.868333333333311, 27.508333333333344 ], [ 94.8725, 27.510833333333345 ] ] } },
{ "type": "Feature", "properties": { "COMID": 45035623, "id": "7151", "lengthkm": 9.1107572897205191, "order": 7, "uparea": 301626.81028277171 }, "geometry": { "type": "LineString", "coordinates": [ [ 94.7575, 27.416666666666679 ], [ 94.760833333333309, 27.4175 ], [ 94.765, 27.4225 ], [ 94.766666666666652, 27.4325 ], [ 94.768333333333317, 27.431666666666679 ], [ 94.770833333333314, 27.435 ], [ 94.775, 27.436666666666675 ], [ 94.78416666666665, 27.4375 ], [ 94.788333333333313, 27.445833333333344 ], [ 94.795, 27.450833333333343 ], [ 94.798333333333318, 27.455833333333345 ], [ 94.79583333333332, 27.468333333333341 ], [ 94.796666666666653, 27.473333333333343 ] ] } },
{ "type": "Feature", "properties": { "COMID": 45035622, "id": "7151", "lengthkm": 17.460562055970318, "order": 7, "uparea": 301761.16514418664 }, "geometry": { "type": "LineString", "coordinates": [ [ 94.69, 27.2975 ], [ 94.695833333333312, 27.2975 ], [ 94.6975, 27.295833333333341 ], [ 94.705, 27.299166666666679 ], [ 94.714166666666642, 27.308333333333344 ], [ 94.723333333333315, 27.320833333333344 ], [ 94.725833333333313, 27.329166666666676 ], [ 94.731666666666641, 27.335 ], [ 94.7375, 27.344166666666677 ], [ 94.7375, 27.354166666666679 ], [ 94.741666666666646, 27.359166666666674 ], [ 94.745, 27.368333333333343 ], [ 94.750833333333304, 27.374166666666675 ], [ 94.75, 27.379166666666677 ], [ 94.755, 27.383333333333344 ], [ 94.755, 27.388333333333343 ], [ 94.750833333333304, 27.390833333333344 ], [ 94.750833333333304, 27.398333333333341 ], [ 94.753333333333316, 27.4125 ], [ 94.7575, 27.416666666666679 ] ] } },
{ "type": "Feature", "properties": { "COMID": 45035621, "id": "7151", "lengthkm": 9.1923838134415234, "order": 7, "uparea": 301833.58601830783 }, "geometry": { "type": "LineString", "coordinates": [ [ 94.619166666666644, 27.278333333333343 ], [ 94.621666666666641, 27.280833333333341 ], [ 94.626666666666637, 27.279166666666676 ], [ 94.630833333333314, 27.283333333333346 ], [ 94.6375, 27.283333333333346 ], [ 94.639166666666654, 27.285 ], [ 94.641666666666652, 27.281666666666677 ], [ 94.6475, 27.278333333333343 ], [ 94.664166666666645, 27.281666666666677 ], [ 94.669166666666641, 27.285833333333343 ], [ 94.6775, 27.285833333333343 ], [ 94.6825, 27.290833333333342 ], [ 94.686666666666639, 27.2925 ], [ 94.69, 27.2975 ] ] } },
{ "type": "Feature", "properties": { "COMID": 45035620, "id": "7151", "lengthkm": 4.2904492871380251, "order": 7, "uparea": 301947.88029329001 }, "geometry": { "type": "LineString", "coordinates": [ [ 94.601666666666645, 27.2475 ], [ 94.6075, 27.25 ], [ 94.61166666666665, 27.254166666666677 ], [ 94.6125, 27.26 ], [ 94.615833333333313, 27.265 ], [ 94.616666666666646, 27.275 ], [ 94.619166666666644, 27.278333333333343 ] ] } },
{ "type": "Feature", "properties": { "COMID": 45035619, "id": "7151", "lengthkm": 10.16323357789763, "order": 7, "uparea": 308075.90656746784 }, "geometry": { "type": "LineString", "coordinates": [ [ 94.569166666666646, 27.185833333333342 ], [ 94.573333333333309, 27.1875 ], [ 94.575833333333307, 27.190833333333345 ], [ 94.575833333333307, 27.193333333333342 ], [ 94.570833333333312, 27.1975 ], [ 94.574166666666642, 27.203333333333344 ], [ 94.573333333333309, 27.206666666666678 ], [ 94.579166666666652, 27.2125 ], [ 94.583333333333314, 27.214166666666678 ], [ 94.578333333333319, 27.221666666666678 ], [ 94.578333333333319, 27.228333333333342 ], [ 94.583333333333314, 27.233333333333341 ], [ 94.585833333333312, 27.240833333333342 ], [ 94.5925, 27.245833333333344 ], [ 94.5925, 27.2475 ], [ 94.601666666666645, 27.2475 ] ] } },
{ "type": "Feature", "properties": { "COMID": 45035618, "id": "7151", "lengthkm": 1.113359326644763, "order": 7, "uparea": 308123.21178323979 }, "geometry": { "type": "LineString", "coordinates": [ [ 94.571666666666644, 27.176666666666677 ], [ 94.569166666666646, 27.185833333333342 ] ] } },
{ "type": "Feature", "properties": { "COMID": 45039729, "id": "7151", "lengthkm": 19.548802549901076, "order": 7, "uparea": 308262.91289094329 }, "geometry": { "type": "LineString", "coordinates": [ [ 94.52, 27.061666666666675 ], [ 94.519166666666649, 27.065 ], [ 94.514166666666654, 27.070833333333344 ], [ 94.5075, 27.074166666666677 ], [ 94.500833333333304, 27.080833333333345 ], [ 94.500833333333304, 27.085833333333344 ], [ 94.5025, 27.090833333333343 ], [ 94.51, 27.099166666666676 ], [ 94.5225, 27.105 ], [ 94.5225, 27.114166666666677 ], [ 94.526666666666642, 27.120833333333344 ], [ 94.5225, 27.125 ], [ 94.520833333333314, 27.131666666666675 ], [ 94.52583333333331, 27.138333333333343 ], [ 94.53, 27.1375 ], [ 94.535833333333315, 27.1325 ], [ 94.544166666666641, 27.135 ], [ 94.548333333333318, 27.140833333333344 ], [ 94.553333333333313, 27.143333333333345 ], [ 94.5575, 27.155 ], [ 94.565833333333316, 27.163333333333341 ], [ 94.565833333333316, 27.1675 ], [ 94.57, 27.171666666666674 ], [ 94.571666666666644, 27.176666666666677 ] ] } },
{ "type": "Feature", "properties": { "COMID": 45039728, "id": "7151", "lengthkm": 6.188735356619973, "order": 7, "uparea": 312338.98871982499 }, "geometry": { "type": "LineString", "coordinates": [ [ 94.479166666666643, 27.0275 ], [ 94.484166666666653, 27.0325 ], [ 94.490833333333313, 27.0325 ], [ 94.498333333333306, 27.041666666666679 ], [ 94.501666666666637, 27.0425 ], [ 94.509166666666644, 27.050833333333344 ], [ 94.510833333333309, 27.05 ], [ 94.514166666666654, 27.053333333333342 ], [ 94.52, 27.061666666666675 ] ] } },
{ "type": "Feature", "properties": { "COMID": 45039727, "id": "7151", "lengthkm": 6.7128491603343274, "order": 7, "uparea": 312688.27742298576 }, "geometry": { "type": "LineString", "coordinates": [ [ 94.4375, 26.991666666666674 ], [ 94.44, 27.000833333333343 ], [ 94.445, 27.005833333333342 ], [ 94.445833333333312, 27.01 ], [ 94.451666666666654, 27.014166666666675 ], [ 94.454166666666652, 27.018333333333345 ], [ 94.46, 27.02 ], [ 94.464166666666642, 27.019166666666678 ], [ 94.479166666666643, 27.0275 ] ] } },
{ "type": "Feature", "properties": { "COMID": 45039726, "id": "7151", "lengthkm": 2.6880143648116088, "order": 7, "uparea": 315786.83878521877 }, "geometry": { "type": "LineString", "coordinates": [ [ 94.4175, 26.9775 ], [ 94.425, 26.980833333333344 ], [ 94.4375, 26.991666666666674 ] ] } },
{ "type": "Feature", "properties": { "COMID": 45039725, "id": "7151", "lengthkm": 5.0440733991842546, "order": 7, "uparea": 315891.21360734303 }, "geometry": { "type": "LineString", "coordinates": [ [ 94.3825, 26.95 ], [ 94.390833333333319, 26.951666666666675 ], [ 94.4, 26.960833333333344 ], [ 94.40916666666665, 26.965833333333343 ], [ 94.4175, 26.9775 ] ] } },
{ "type": "Feature", "properties": { "COMID": 45039724, "id": "7151", "lengthkm": 6.0439578617992016, "order": 7, "uparea": 317809.30667922931 }, "geometry": { "type": "LineString", "coordinates": [ [ 94.33, 26.945833333333344 ], [ 94.336666666666645, 26.949166666666677 ], [ 94.33833333333331, 26.951666666666675 ], [ 94.35, 26.951666666666675 ], [ 94.359166666666653, 26.954166666666676 ], [ 94.375, 26.953333333333344 ], [ 94.3825, 26.95 ] ] } },
{ "type": "Feature", "properties": { "COMID": 45039723, "id": "7151", "lengthkm": 13.838516893137458, "order": 7, "uparea": 317944.38485203573 }, "geometry": { "type": "LineString", "coordinates": [ [ 94.230833333333308, 26.915833333333346 ], [ 94.2325, 26.9175 ], [ 94.238333333333316, 26.915833333333346 ], [ 94.25, 26.910833333333343 ], [ 94.254166666666649, 26.906666666666677 ], [ 94.268333333333317, 26.9075 ], [ 94.2725, 26.904166666666676 ], [ 94.281666666666638, 26.900833333333345 ], [ 94.301666666666648, 26.910833333333343 ], [ 94.314166666666651, 26.924166666666679 ], [ 94.316666666666649, 26.93 ], [ 94.316666666666649, 26.934166666666677 ], [ 94.323333333333309, 26.94 ], [ 94.326666666666654, 26.940833333333345 ], [ 94.33, 26.945833333333344 ] ] } },
{ "type": "Feature", "properties": { "COMID": 45039722, "id": "7151", "lengthkm": 4.7837633790098248, "order": 7, "uparea": 318077.51497931231 }, "geometry": { "type": "LineString", "coordinates": [ [ 94.196666666666644, 26.896666666666675 ], [ 94.198333333333309, 26.904166666666676 ], [ 94.21333333333331, 26.915833333333346 ], [ 94.230833333333308, 26.915833333333346 ] ] } },
{ "type": "Feature", "properties": { "COMID": 45039721, "id": "7151", "lengthkm": 15.226617160180126, "order": 7, "uparea": 318601.25548961229 }, "geometry": { "type": "LineString", "coordinates": [ [ 94.0775, 26.890833333333344 ], [ 94.081666666666649, 26.891666666666676 ], [ 94.094166666666638, 26.885833333333345 ], [ 94.105, 26.885 ], [ 94.106666666666641, 26.876666666666679 ], [ 94.110833333333318, 26.8725 ], [ 94.1175, 26.875833333333343 ], [ 94.120833333333309, 26.875833333333343 ], [ 94.123333333333306, 26.878333333333345 ], [ 94.126666666666651, 26.876666666666679 ], [ 94.1325, 26.8775 ], [ 94.135, 26.875 ], [ 94.140833333333319, 26.873333333333342 ], [ 94.153333333333308, 26.886666666666677 ], [ 94.160833333333315, 26.886666666666677 ], [ 94.16583333333331, 26.889166666666675 ], [ 94.173333333333318, 26.888333333333343 ], [ 94.1875, 26.895 ], [ 94.19, 26.894166666666678 ], [ 94.196666666666644, 26.896666666666675 ] ] } },
{ "type": "Feature", "properties": { "COMID": 45039720, "id": "7151", "lengthkm": 22.398947200517568, "order": 7, "uparea": 318807.98957290291 }, "geometry": { "type": "LineString", "coordinates": [ [ 93.908333333333317, 26.859166666666678 ], [ 93.910833333333315, 26.868333333333343 ], [ 93.919166666666641, 26.879166666666677 ], [ 93.930833333333311, 26.89 ], [ 93.9375, 26.893333333333345 ], [ 93.945833333333312, 26.893333333333345 ], [ 93.953333333333319, 26.890833333333344 ], [ 93.97, 26.891666666666676 ], [ 93.975833333333313, 26.889166666666675 ], [ 93.984166666666653, 26.889166666666675 ], [ 93.988333333333316, 26.893333333333345 ], [ 93.998333333333306, 26.894166666666678 ], [ 94.003333333333316, 26.8925 ], [ 94.010833333333309, 26.884166666666676 ], [ 94.016666666666652, 26.884166666666676 ], [ 94.0225, 26.881666666666675 ], [ 94.026666666666642, 26.8775 ], [ 94.026666666666642, 26.874166666666675 ], [ 94.028333333333308, 26.8725 ], [ 94.0325, 26.8725 ], [ 94.048333333333318, 26.8825 ], [ 94.055, 26.8825 ], [ 94.058333333333309, 26.880833333333342 ], [ 94.064166666666651, 26.885833333333345 ], [ 94.075, 26.886666666666677 ], [ 94.0775, 26.890833333333344 ] ] } },
{ "type": "Feature", "properties": { "COMID": 45039719, "id": "7151", "lengthkm": 15.550707374858865, "order": 7, "uparea": 318914.87297771272 }, "geometry": { "type": "LineString", "coordinates": [ [ 93.796666666666653, 26.810833333333342 ], [ 93.804166666666646, 26.808333333333344 ], [ 93.8075, 26.804166666666674 ], [ 93.815833333333316, 26.803333333333342 ], [ 93.8225, 26.806666666666679 ], [ 93.831666666666649, 26.816666666666677 ], [ 93.840833333333308, 26.8225 ], [ 93.849166666666648, 26.823333333333345 ], [ 93.851666666666645, 26.825833333333343 ], [ 93.87, 26.825833333333343 ], [ 93.875, 26.830833333333345 ], [ 93.875, 26.839166666666678 ], [ 93.876666666666651, 26.8425 ], [ 93.891666666666652, 26.843333333333344 ], [ 93.899166666666645, 26.848333333333343 ], [ 93.9025, 26.855 ], [ 93.908333333333317, 26.859166666666678 ] ] } },
{ "type": "Feature", "properties": { "COMID": 45039718, "id": "7151", "lengthkm": 16.36319287767412, "order": 7, "uparea": 353827.65994804358 }, "geometry": { "type": "LineString", "coordinates": [ [ 93.7, 26.753333333333345 ], [ 93.705, 26.7525 ], [ 93.705833333333317, 26.750833333333343 ], [ 93.71, 26.750833333333343 ], [ 93.72, 26.74 ], [ 93.725, 26.74 ], [ 93.730833333333308, 26.743333333333343 ], [ 93.7425, 26.744166666666679 ], [ 93.7525, 26.750833333333343 ], [ 93.7725, 26.756666666666675 ], [ 93.781666666666638, 26.766666666666676 ], [ 93.781666666666638, 26.773333333333344 ], [ 93.78416666666665, 26.78 ], [ 93.783333333333317, 26.788333333333341 ], [ 93.785833333333315, 26.7925 ], [ 93.786666666666648, 26.799166666666679 ], [ 93.785, 26.804166666666674 ], [ 93.79083333333331, 26.81 ], [ 93.796666666666653, 26.810833333333342 ] ] } },
{ "type": "Feature", "properties": { "COMID": 45039717, "id": "7151", "lengthkm": 6.0327782762056534, "order": 7, "uparea": 353900.48182012385 }, "geometry": { "type": "LineString", "coordinates": [ [ 93.655833333333305, 26.723333333333343 ], [ 93.65916666666665, 26.726666666666677 ], [ 93.66, 26.73 ], [ 93.67, 26.738333333333344 ], [ 93.679166666666646, 26.740833333333342 ], [ 93.683333333333309, 26.745 ], [ 93.691666666666649, 26.7475 ], [ 93.7, 26.753333333333345 ] ] } },
{ "type": "Feature", "properties": { "COMID": 45039716, "id": "7151", "lengthkm": 15.893417012015517, "order": 7, "uparea": 366942.25363770424 }, "geometry": { "type": "LineString", "coordinates": [ [ 93.53416666666665, 26.728333333333346 ], [ 93.5375, 26.731666666666676 ], [ 93.5375, 26.735 ], [ 93.543333333333308, 26.741666666666678 ], [ 93.554166666666646, 26.744166666666679 ], [ 93.569166666666646, 26.753333333333345 ], [ 93.5825, 26.748333333333342 ], [ 93.59, 26.7425 ], [ 93.593333333333305, 26.7425 ], [ 93.6, 26.736666666666679 ], [ 93.605833333333308, 26.734166666666678 ], [ 93.61166666666665, 26.725833333333341 ], [ 93.620833333333309, 26.719166666666677 ], [ 93.638333333333321, 26.7175 ], [ 93.655833333333305, 26.723333333333343 ] ] } },
{ "type": "Feature", "properties": { "COMID": 45039715, "id": "7151", "lengthkm": 7.2136035781102716, "order": 7, "uparea": 367375.83167962561 }, "geometry": { "type": "LineString", "coordinates": [ [ 93.479166666666643, 26.760833333333345 ], [ 93.485, 26.7575 ], [ 93.49, 26.756666666666675 ], [ 93.515833333333319, 26.73 ], [ 93.53416666666665, 26.728333333333346 ] ] } },
{ "type": "Feature", "properties": { "COMID": 45039714, "id": "7151", "lengthkm": 3.3931117046321928, "order": 7, "uparea": 368424.78078534617 }, "geometry": { "type": "LineString", "coordinates": [ [ 93.448333333333309, 26.765833333333344 ], [ 93.460833333333312, 26.765833333333344 ], [ 93.479166666666643, 26.760833333333345 ] ] } },
{ "type": "Feature", "properties": { "COMID": 45039713, "id": "7151", "lengthkm": 0.24820208641188499, "order": 7, "uparea": 368465.05185382604 }, "geometry": { "type": "LineString", "coordinates": [ [ 93.445833333333312, 26.765833333333344 ], [ 93.448333333333309, 26.765833333333344 ] ] } },
{ "type": "Feature", "properties": { "COMID": 45039712, "id": "7151", "lengthkm": 2.897206471358432, "order": 7, "uparea": 369110.73749915784 }, "geometry": { "type": "LineString", "coordinates": [ [ 93.421666666666653, 26.755833333333342 ], [ 93.43, 26.763333333333343 ], [ 93.445833333333312, 26.765833333333344 ] ] } },
{ "type": "Feature", "properties": { "COMID": 45039711, "id": "7151", "lengthkm": 13.18673162258491, "order": 7, "uparea": 369224.96015257359 }, "geometry": { "type": "LineString", "coordinates": [ [ 93.325, 26.71 ], [ 93.331666666666649, 26.709166666666675 ], [ 93.336666666666645, 26.706666666666678 ], [ 93.378333333333316, 26.708333333333343 ], [ 93.390833333333319, 26.7175 ], [ 93.394166666666649, 26.729166666666679 ], [ 93.4025, 26.740833333333342 ], [ 93.403333333333308, 26.745 ], [ 93.408333333333317, 26.749166666666675 ], [ 93.411666666666648, 26.75 ], [ 93.414166666666645, 26.753333333333345 ], [ 93.42, 26.754166666666677 ], [ 93.421666666666653, 26.755833333333342 ] ] } },
{ "type": "Feature", "properties": { "COMID": 45039710, "id": "7151", "lengthkm": 14.979361300113402, "order": 7, "uparea": 369989.71442076407 }, "geometry": { "type": "LineString", "coordinates": [ [ 93.208333333333314, 26.663333333333341 ], [ 93.211666666666645, 26.664166666666677 ], [ 93.219166666666638, 26.673333333333346 ], [ 93.225833333333313, 26.678333333333342 ], [ 93.23, 26.676666666666677 ], [ 93.23666666666665, 26.676666666666677 ], [ 93.25, 26.680833333333343 ], [ 93.255, 26.680833333333343 ], [ 93.259166666666644, 26.684166666666677 ], [ 93.265833333333319, 26.679166666666678 ], [ 93.276666666666642, 26.676666666666677 ], [ 93.2825, 26.6775 ], [ 93.296666666666653, 26.685833333333342 ], [ 93.31, 26.7 ], [ 93.325, 26.71 ] ] } },
{ "type": "Feature", "properties": { "COMID": 45039709, "id": "7151", "lengthkm": 1.325268138182252, "order": 7, "uparea": 370757.35298870952 }, "geometry": { "type": "LineString", "coordinates": [ [ 93.1975, 26.668333333333344 ], [ 93.200833333333321, 26.668333333333344 ], [ 93.208333333333314, 26.663333333333341 ] ] } },
{ "type": "Feature", "properties": { "COMID": 45039708, "id": "7151", "lengthkm": 2.7020484878942819, "order": 7, "uparea": 370897.00943406107 }, "geometry": { "type": "LineString", "coordinates": [ [ 93.1775, 26.655 ], [ 93.180833333333311, 26.655833333333344 ], [ 93.1875, 26.663333333333341 ], [ 93.1925, 26.664166666666677 ], [ 93.1975, 26.668333333333344 ] ] } },
{ "type": "Feature", "properties": { "COMID": 45039707, "id": "7151", "lengthkm": 22.48589992806431, "order": 7, "uparea": 371119.9149713128 }, "geometry": { "type": "LineString", "coordinates": [ [ 92.995, 26.6175 ], [ 92.998333333333306, 26.619166666666679 ], [ 93.011666666666642, 26.618333333333343 ], [ 93.018333333333317, 26.621666666666677 ], [ 93.024166666666645, 26.6275 ], [ 93.030833333333305, 26.6275 ], [ 93.048333333333318, 26.641666666666676 ], [ 93.051666666666648, 26.65 ], [ 93.060833333333306, 26.651666666666678 ], [ 93.073333333333309, 26.650833333333345 ], [ 93.090833333333308, 26.66 ], [ 93.105, 26.665 ], [ 93.126666666666651, 26.665 ], [ 93.139166666666654, 26.6575 ], [ 93.148333333333312, 26.649166666666677 ], [ 93.15916666666665, 26.650833333333345 ], [ 93.168333333333308, 26.649166666666677 ], [ 93.1775, 26.655 ] ] } },
{ "type": "Feature", "properties": { "COMID": 45039706, "id": "7151", "lengthkm": 0.70424653837180795, "order": 7, "uparea": 371270.70532203396 }, "geometry": { "type": "LineString", "coordinates": [ [ 92.989166666666648, 26.62 ], [ 92.995, 26.6175 ] ] } },
{ "type": "Feature", "properties": { "COMID": 45039705, "id": "7151", "lengthkm": 9.9824136007038682, "order": 7, "uparea": 371347.8824995943 }, "geometry": { "type": "LineString", "coordinates": [ [ 92.893333333333317, 26.6225 ], [ 92.905833333333305, 26.620833333333344 ], [ 92.91, 26.6225 ], [ 92.93, 26.621666666666677 ], [ 92.94, 26.623333333333342 ], [ 92.96, 26.623333333333342 ], [ 92.989166666666648, 26.62 ] ] } },
{ "type": "Feature", "properties": { "COMID": 45039704, "id": "7151", "lengthkm": 0.16567642983365199, "order": 7, "uparea": 371950.01250875456 }, "geometry": { "type": "LineString", "coordinates": [ [ 92.891666666666652, 26.6225 ], [ 92.893333333333317, 26.6225 ] ] } },
{ "type": "Feature", "properties": { "COMID": 45039703, "id": "7151", "lengthkm": 4.9812216376341318, "order": 7, "uparea": 382854.79317876318 }, "geometry": { "type": "LineString", "coordinates": [ [ 92.85333333333331, 26.603333333333346 ], [ 92.86166666666665, 26.606666666666676 ], [ 92.875, 26.62 ], [ 92.891666666666652, 26.6225 ] ] } },
{ "type": "Feature", "properties": { "COMID": 45039702, "id": "7151", "lengthkm": 7.1259622545562422, "order": 7, "uparea": 382960.01634577435 }, "geometry": { "type": "LineString", "coordinates": [ [ 92.79, 26.606666666666676 ], [ 92.800833333333316, 26.598333333333343 ], [ 92.809166666666641, 26.596666666666678 ], [ 92.831666666666649, 26.596666666666678 ], [ 92.844166666666638, 26.601666666666677 ], [ 92.85, 26.601666666666677 ], [ 92.85333333333331, 26.603333333333346 ] ] } },
{ "type": "Feature", "properties": { "COMID": 45043735, "id": "7151", "lengthkm": 18.110966732579595, "order": 7, "uparea": 383161.99212695245 }, "geometry": { "type": "LineString", "coordinates": [ [ 92.645, 26.561666666666675 ], [ 92.6525, 26.566666666666677 ], [ 92.660833333333315, 26.565833333333345 ], [ 92.67, 26.57 ], [ 92.675833333333316, 26.575833333333343 ], [ 92.6775, 26.58 ], [ 92.689166666666651, 26.583333333333343 ], [ 92.691666666666649, 26.586666666666677 ], [ 92.691666666666649, 26.59 ], [ 92.695833333333312, 26.595 ], [ 92.7025, 26.598333333333343 ], [ 92.705, 26.5975 ], [ 92.714166666666642, 26.6 ], [ 92.719166666666652, 26.603333333333346 ], [ 92.729166666666643, 26.605 ], [ 92.743333333333311, 26.614166666666677 ], [ 92.759166666666644, 26.614166666666677 ], [ 92.761666666666642, 26.6125 ], [ 92.7725, 26.613333333333344 ], [ 92.78, 26.609166666666678 ], [ 92.79, 26.606666666666676 ] ] } },
{ "type": "Feature", "properties": { "COMID": 45039701, "id": "7151", "lengthkm": 11.519813412943325, "order": 7, "uparea": 383281.84200374718 }, "geometry": { "type": "LineString", "coordinates": [ [ 92.5625, 26.604166666666679 ], [ 92.576666666666654, 26.599166666666676 ], [ 92.584166666666647, 26.600833333333341 ], [ 92.593333333333305, 26.6 ], [ 92.601666666666645, 26.59 ], [ 92.605, 26.575833333333343 ], [ 92.613333333333316, 26.566666666666677 ], [ 92.633333333333312, 26.56 ], [ 92.6425, 26.56 ], [ 92.645, 26.561666666666675 ] ] } },
{ "type": "Feature", "properties": { "COMID": 45039700, "id": "7151", "lengthkm": 4.308704613717075, "order": 7, "uparea": 384075.06395883678 }, "geometry": { "type": "LineString", "coordinates": [ [ 92.525, 26.594166666666677 ], [ 92.5325, 26.596666666666678 ], [ 92.5425, 26.603333333333346 ], [ 92.56, 26.6025 ], [ 92.5625, 26.604166666666679 ] ] } },
{ "type": "Feature", "properties": { "COMID": 45043734, "id": "7151", "lengthkm": 6.8237687987755464, "order": 7, "uparea": 384861.17128927581 }, "geometry": { "type": "LineString", "coordinates": [ [ 92.490833333333313, 26.553333333333342 ], [ 92.499166666666639, 26.551666666666677 ], [ 92.5025, 26.5525 ], [ 92.5075, 26.556666666666679 ], [ 92.510833333333309, 26.561666666666675 ], [ 92.5125, 26.5725 ], [ 92.515, 26.5775 ], [ 92.523333333333312, 26.586666666666677 ], [ 92.525, 26.594166666666677 ] ] } },
{ "type": "Feature", "properties": { "COMID": 45043733, "id": "7151", "lengthkm": 17.249170333544431, "order": 7, "uparea": 385170.15492874366 }, "geometry": { "type": "LineString", "coordinates": [ [ 92.366666666666646, 26.490833333333342 ], [ 92.37, 26.494166666666679 ], [ 92.37, 26.498333333333342 ], [ 92.376666666666651, 26.500833333333343 ], [ 92.391666666666652, 26.515 ], [ 92.396666666666647, 26.528333333333343 ], [ 92.405833333333305, 26.536666666666676 ], [ 92.40916666666665, 26.5375 ], [ 92.4125, 26.544166666666676 ], [ 92.434166666666641, 26.55 ], [ 92.4425, 26.556666666666679 ], [ 92.459166666666647, 26.5575 ], [ 92.460833333333312, 26.555833333333343 ], [ 92.469166666666652, 26.555833333333343 ], [ 92.475, 26.5575 ], [ 92.475833333333313, 26.555833333333343 ], [ 92.48, 26.556666666666679 ], [ 92.490833333333313, 26.553333333333342 ] ] } },
{ "type": "Feature", "properties": { "COMID": 45043732, "id": "7151", "lengthkm": 9.9314129769324566, "order": 7, "uparea": 385308.28473593615 }, "geometry": { "type": "LineString", "coordinates": [ [ 92.29916666666665, 26.466666666666676 ], [ 92.3025, 26.469166666666677 ], [ 92.31, 26.47 ], [ 92.316666666666649, 26.465 ], [ 92.328333333333319, 26.463333333333345 ], [ 92.33833333333331, 26.459166666666675 ], [ 92.344166666666652, 26.460833333333344 ], [ 92.3575, 26.474166666666676 ], [ 92.356666666666655, 26.485 ], [ 92.360833333333318, 26.489166666666677 ], [ 92.366666666666646, 26.490833333333342 ] ] } },
{ "type": "Feature", "properties": { "COMID": 45043731, "id": "7151", "lengthkm": 3.4196982751044471, "order": 7, "uparea": 387736.87587958312 }, "geometry": { "type": "LineString", "coordinates": [ [ 92.2725, 26.455 ], [ 92.28416666666665, 26.461666666666677 ], [ 92.296666666666653, 26.4625 ], [ 92.29916666666665, 26.466666666666676 ] ] } },
{ "type": "Feature", "properties": { "COMID": 45043730, "id": "7151", "lengthkm": 16.035354524592972, "order": 7, "uparea": 387864.57354692963 }, "geometry": { "type": "LineString", "coordinates": [ [ 92.17083333333332, 26.400833333333345 ], [ 92.1775, 26.4 ], [ 92.189166666666651, 26.41 ], [ 92.190833333333316, 26.413333333333345 ], [ 92.19, 26.421666666666678 ], [ 92.193333333333314, 26.4275 ], [ 92.194166666666646, 26.434166666666677 ], [ 92.199166666666656, 26.440833333333345 ], [ 92.2025, 26.455 ], [ 92.206666666666649, 26.456666666666678 ], [ 92.214166666666642, 26.456666666666678 ], [ 92.2225, 26.460833333333344 ], [ 92.235, 26.4575 ], [ 92.25, 26.460833333333344 ], [ 92.255833333333314, 26.455833333333345 ], [ 92.261666666666642, 26.453333333333344 ], [ 92.269166666666649, 26.453333333333344 ], [ 92.2725, 26.455 ] ] } },
{ "type": "Feature", "properties": { "COMID": 45043729, "id": "7151", "lengthkm": 25.262139459437822, "order": 7, "uparea": 387980.78996915469 }, "geometry": { "type": "LineString", "coordinates": [ [ 92.013333333333321, 26.288333333333345 ], [ 92.019166666666649, 26.290833333333346 ], [ 92.023333333333312, 26.295 ], [ 92.036666666666648, 26.2925 ], [ 92.046666666666653, 26.298333333333346 ], [ 92.0525, 26.299166666666679 ], [ 92.060833333333306, 26.305 ], [ 92.065833333333316, 26.310833333333342 ], [ 92.07, 26.3125 ], [ 92.085, 26.311666666666678 ], [ 92.09, 26.316666666666677 ], [ 92.089166666666642, 26.324166666666677 ], [ 92.094166666666652, 26.329166666666676 ], [ 92.126666666666651, 26.340833333333343 ], [ 92.13, 26.344166666666677 ], [ 92.131666666666646, 26.349166666666676 ], [ 92.131666666666646, 26.350833333333345 ], [ 92.125, 26.3575 ], [ 92.125833333333318, 26.371666666666677 ], [ 92.13, 26.381666666666675 ], [ 92.135833333333309, 26.386666666666677 ], [ 92.151666666666642, 26.39 ], [ 92.17083333333332, 26.400833333333345 ] ] } },
{ "type": "Feature", "properties": { "COMID": 45043728, "id": "7151", "lengthkm": 5.8118471123288824, "order": 7, "uparea": 389555.35996996978 }, "geometry": { "type": "LineString", "coordinates": [ [ 91.965, 26.276666666666678 ], [ 91.968333333333305, 26.275833333333345 ], [ 91.979166666666643, 26.28 ], [ 91.9825, 26.28 ], [ 91.9875, 26.276666666666678 ], [ 91.993333333333311, 26.2775 ], [ 92.001666666666651, 26.283333333333346 ], [ 92.008333333333312, 26.285 ], [ 92.013333333333321, 26.288333333333345 ] ] } },
{ "type": "Feature", "properties": { "COMID": 45043727, "id": "7151", "lengthkm": 2.7009066133330819, "order": 7, "uparea": 390985.64254363056 }, "geometry": { "type": "LineString", "coordinates": [ [ 91.9525, 26.256666666666675 ], [ 91.960833333333312, 26.268333333333345 ], [ 91.961666666666645, 26.273333333333344 ], [ 91.965, 26.276666666666678 ] ] } },
{ "type": "Feature", "properties": { "COMID": 45043726, "id": "7151", "lengthkm": 10.17518188588476, "order": 7, "uparea": 410436.63575023791 }, "geometry": { "type": "LineString", "coordinates": [ [ 91.8625, 26.245833333333344 ], [ 91.866666666666646, 26.246666666666677 ], [ 91.874166666666639, 26.244166666666679 ], [ 91.881666666666646, 26.244166666666679 ], [ 91.885, 26.245833333333344 ], [ 91.9, 26.245 ], [ 91.9225, 26.251666666666679 ], [ 91.9275, 26.251666666666679 ], [ 91.931666666666644, 26.249166666666678 ], [ 91.9525, 26.256666666666675 ] ] } },
{ "type": "Feature", "properties": { "COMID": 45043725, "id": "7151", "lengthkm": 1.786670613867908, "order": 7, "uparea": 410766.55025076563 }, "geometry": { "type": "LineString", "coordinates": [ [ 91.845, 26.245 ], [ 91.8625, 26.245833333333344 ] ] } },
{ "type": "Feature", "properties": { "COMID": 45043724, "id": "7151", "lengthkm": 7.0576909482948578, "order": 7, "uparea": 411853.21122250357 }, "geometry": { "type": "LineString", "coordinates": [ [ 91.79, 26.213333333333345 ], [ 91.801666666666648, 26.221666666666678 ], [ 91.834166666666647, 26.235833333333346 ], [ 91.845, 26.245 ] ] } },
{ "type": "Feature", "properties": { "COMID": 45043723, "id": "7151", "lengthkm": 3.9880242307215399, "order": 7, "uparea": 411977.87385670922 }, "geometry": { "type": "LineString", "coordinates": [ [ 91.755, 26.203333333333344 ], [ 91.7725, 26.205 ], [ 91.79, 26.213333333333345 ] ] } },
{ "type": "Feature", "properties": { "COMID": 45043722, "id": "7151", "lengthkm": 6.4757003034479874, "order": 7, "uparea": 412096.2013189717 }, "geometry": { "type": "LineString", "coordinates": [ [ 91.705833333333317, 26.1775 ], [ 91.720833333333317, 26.1775 ], [ 91.725, 26.179166666666678 ], [ 91.741666666666646, 26.199166666666677 ], [ 91.744166666666644, 26.200833333333343 ], [ 91.751666666666651, 26.200833333333343 ], [ 91.755, 26.203333333333344 ] ] } },
{ "type": "Feature", "properties": { "COMID": 45043721, "id": "7151", "lengthkm": 20.189027384662879, "order": 7, "uparea": 412228.47325251979 }, "geometry": { "type": "LineString", "coordinates": [ [ 91.535833333333315, 26.135 ], [ 91.54916666666665, 26.139166666666675 ], [ 91.560833333333306, 26.149166666666677 ], [ 91.5725, 26.153333333333343 ], [ 91.579166666666652, 26.1575 ], [ 91.58833333333331, 26.165 ], [ 91.595, 26.174166666666679 ], [ 91.598333333333315, 26.175 ], [ 91.605, 26.176666666666677 ], [ 91.615833333333313, 26.176666666666677 ], [ 91.6275, 26.18 ], [ 91.641666666666652, 26.18 ], [ 91.656666666666652, 26.175 ], [ 91.705833333333317, 26.1775 ] ] } },
{ "type": "Feature", "properties": { "COMID": 45043720, "id": "7151", "lengthkm": 0.66499641466173298, "order": 7, "uparea": 412632.30530015385 }, "geometry": { "type": "LineString", "coordinates": [ [ 91.53, 26.133333333333344 ], [ 91.535833333333315, 26.135 ] ] } },
{ "type": "Feature", "properties": { "COMID": 45043719, "id": "7151", "lengthkm": 18.233129098854253, "order": 7, "uparea": 412778.82578802813 }, "geometry": { "type": "LineString", "coordinates": [ [ 91.385833333333309, 26.148333333333344 ], [ 91.39, 26.148333333333344 ], [ 91.398333333333312, 26.153333333333343 ], [ 91.40416666666664, 26.1525 ], [ 91.40583333333332, 26.154166666666676 ], [ 91.4075, 26.151666666666678 ], [ 91.406666666666652, 26.1475 ], [ 91.408333333333317, 26.14166666666668 ], [ 91.41583333333331, 26.136666666666677 ], [ 91.4275, 26.13416666666668 ], [ 91.4325, 26.135833333333345 ], [ 91.460833333333312, 26.1325 ], [ 91.473333333333315, 26.125 ], [ 91.479166666666643, 26.123333333333342 ], [ 91.489166666666648, 26.123333333333342 ], [ 91.4925, 26.121666666666677 ], [ 91.504166666666649, 26.121666666666677 ], [ 91.506666666666646, 26.123333333333342 ], [ 91.514166666666654, 26.1225 ], [ 91.520833333333314, 26.125833333333343 ], [ 91.523333333333312, 26.125 ], [ 91.53, 26.133333333333344 ] ] } },
{ "type": "Feature", "properties": { "COMID": 45043718, "id": "7151", "lengthkm": 20.424232186040033, "order": 7, "uparea": 412899.61650769826 }, "geometry": { "type": "LineString", "coordinates": [ [ 91.2475, 26.135 ], [ 91.254166666666649, 26.1275 ], [ 91.2575, 26.1275 ], [ 91.259166666666644, 26.125833333333343 ], [ 91.263333333333321, 26.1175 ], [ 91.2675, 26.113333333333344 ], [ 91.273333333333312, 26.110833333333346 ], [ 91.2775, 26.106666666666676 ], [ 91.28083333333332, 26.106666666666676 ], [ 91.29, 26.101666666666677 ], [ 91.32, 26.1025 ], [ 91.3225, 26.104166666666679 ], [ 91.326666666666654, 26.1025 ], [ 91.344166666666652, 26.1025 ], [ 91.35, 26.1075 ], [ 91.35, 26.114166666666677 ], [ 91.34666666666665, 26.120833333333344 ], [ 91.349166666666648, 26.125 ], [ 91.355833333333322, 26.13 ], [ 91.359166666666653, 26.135833333333345 ], [ 91.3725, 26.1375 ], [ 91.383333333333312, 26.140833333333344 ], [ 91.385833333333309, 26.1425 ], [ 91.383333333333312, 26.145833333333343 ], [ 91.385833333333309, 26.148333333333344 ] ] } },
{ "type": "Feature", "properties": { "COMID": 45043717, "id": "7151", "lengthkm": 9.1948571129733256, "order": 7, "uparea": 412965.37738041632 }, "geometry": { "type": "LineString", "coordinates": [ [ 91.2, 26.183333333333344 ], [ 91.205, 26.175 ], [ 91.203333333333319, 26.170833333333341 ], [ 91.21333333333331, 26.161666666666676 ], [ 91.2125, 26.155833333333344 ], [ 91.21, 26.1525 ], [ 91.210833333333312, 26.148333333333344 ], [ 91.21666666666664, 26.143333333333345 ], [ 91.225, 26.14166666666668 ], [ 91.2325, 26.1425 ], [ 91.2375, 26.138333333333343 ], [ 91.2475, 26.135 ] ] } },
{ "type": "Feature", "properties": { "COMID": 45043716, "id": "7151", "lengthkm": 6.7842936151160087, "order": 7, "uparea": 413107.67050238414 }, "geometry": { "type": "LineString", "coordinates": [ [ 91.153333333333308, 26.201666666666675 ], [ 91.164166666666645, 26.208333333333343 ], [ 91.168333333333322, 26.208333333333343 ], [ 91.17416666666665, 26.20416666666668 ], [ 91.178333333333313, 26.198333333333345 ], [ 91.178333333333313, 26.195833333333344 ], [ 91.1875, 26.190833333333345 ], [ 91.190833333333316, 26.185 ], [ 91.195, 26.1825 ], [ 91.2, 26.183333333333344 ] ] } },
{ "type": "Feature", "properties": { "COMID": 45043715, "id": "7151", "lengthkm": 1.287137989242513, "order": 7, "uparea": 413204.3869115581 }, "geometry": { "type": "LineString", "coordinates": [ [ 91.143333333333317, 26.2075 ], [ 91.153333333333308, 26.201666666666675 ] ] } },
{ "type": "Feature", "properties": { "COMID": 45043714, "id": "7151", "lengthkm": 2.8266366406727301, "order": 7, "uparea": 417160.62602064811 }, "geometry": { "type": "LineString", "coordinates": [ [ 91.13, 26.225 ], [ 91.13, 26.218333333333344 ], [ 91.133333333333312, 26.215 ], [ 91.134166666666644, 26.211666666666677 ], [ 91.139166666666654, 26.2075 ], [ 91.143333333333317, 26.2075 ] ] } },
{ "type": "Feature", "properties": { "COMID": 45043713, "id": "7151", "lengthkm": 9.6540195656393699, "order": 7, "uparea": 417245.65476458607 }, "geometry": { "type": "LineString", "coordinates": [ [ 91.04916666666665, 26.228333333333346 ], [ 91.058333333333309, 26.236666666666679 ], [ 91.0775, 26.24 ], [ 91.085, 26.239166666666677 ], [ 91.0975, 26.231666666666676 ], [ 91.109166666666653, 26.231666666666676 ], [ 91.125, 26.228333333333346 ], [ 91.13, 26.225 ] ] } },
{ "type": "Feature", "properties": { "COMID": 45043712, "id": "7151", "lengthkm": 18.13384877836468, "order": 7, "uparea": 417381.5559665467 }, "geometry": { "type": "LineString", "coordinates": [ [ 90.901666666666642, 26.191666666666677 ], [ 90.91, 26.205833333333345 ], [ 90.918333333333322, 26.205833333333345 ], [ 90.926666666666648, 26.208333333333343 ], [ 90.935833333333306, 26.2075 ], [ 90.940833333333316, 26.21 ], [ 90.949166666666656, 26.208333333333343 ], [ 90.959166666666647, 26.208333333333343 ], [ 90.96333333333331, 26.210833333333344 ], [ 90.976666666666645, 26.209166666666675 ], [ 90.9825, 26.2125 ], [ 90.991666666666646, 26.21 ], [ 91.000833333333318, 26.2175 ], [ 91.006666666666646, 26.22 ], [ 91.01, 26.219166666666677 ], [ 91.019166666666649, 26.226666666666677 ], [ 91.031666666666652, 26.2325 ], [ 91.039166666666645, 26.229166666666679 ], [ 91.043333333333322, 26.23 ], [ 91.04916666666665, 26.228333333333346 ] ] } },
{ "type": "Feature", "properties": { "COMID": 45043711, "id": "7151", "lengthkm": 18.625589991245192, "order": 7, "uparea": 417534.01150208135 }, "geometry": { "type": "LineString", "coordinates": [ [ 90.749166666666653, 26.1825 ], [ 90.756666666666646, 26.1875 ], [ 90.764166666666654, 26.1875 ], [ 90.768333333333317, 26.185833333333342 ], [ 90.775, 26.188333333333343 ], [ 90.775, 26.19 ], [ 90.77916666666664, 26.1925 ], [ 90.791666666666643, 26.184166666666677 ], [ 90.7975, 26.183333333333344 ], [ 90.804166666666646, 26.189166666666679 ], [ 90.809166666666641, 26.189166666666679 ], [ 90.813333333333318, 26.191666666666677 ], [ 90.820833333333312, 26.191666666666677 ], [ 90.825833333333321, 26.195833333333344 ], [ 90.831666666666649, 26.1975 ], [ 90.8425, 26.1975 ], [ 90.848333333333315, 26.189166666666679 ], [ 90.85333333333331, 26.186666666666678 ], [ 90.869166666666644, 26.1875 ], [ 90.875, 26.183333333333344 ], [ 90.88, 26.183333333333344 ], [ 90.901666666666642, 26.191666666666677 ] ] } },
{ "type": "Feature", "properties": { "COMID": 45043710, "id": "7151", "lengthkm": 9.891318917483769, "order": 7, "uparea": 417597.96397127281 }, "geometry": { "type": "LineString", "coordinates": [ [ 90.67, 26.2 ], [ 90.675, 26.193333333333342 ], [ 90.68, 26.1925 ], [ 90.6875, 26.188333333333343 ], [ 90.69, 26.18 ], [ 90.694166666666646, 26.178333333333342 ], [ 90.699166666666656, 26.18 ], [ 90.708333333333314, 26.179166666666678 ], [ 90.719166666666652, 26.181666666666679 ], [ 90.723333333333315, 26.184166666666677 ], [ 90.749166666666653, 26.1825 ] ] } },
{ "type": "Feature", "properties": { "COMID": 45043709, "id": "7151", "lengthkm": 1.536621572971302, "order": 7, "uparea": 449734.88770967681 }, "geometry": { "type": "LineString", "coordinates": [ [ 90.6575, 26.194166666666675 ], [ 90.661666666666648, 26.1975 ], [ 90.67, 26.2 ] ] } },
{ "type": "Feature", "properties": { "COMID": 45043708, "id": "7151", "lengthkm": 2.5766470537344488, "order": 7, "uparea": 456624.89589802641 }, "geometry": { "type": "LineString", "coordinates": [ [ 90.633333333333312, 26.195833333333344 ], [ 90.65, 26.193333333333342 ], [ 90.6575, 26.194166666666675 ] ] } },
{ "type": "Feature", "properties": { "COMID": 45043707, "id": "7151", "lengthkm": 6.4807782666597511, "order": 7, "uparea": 460065.87424567068 }, "geometry": { "type": "LineString", "coordinates": [ [ 90.576666666666654, 26.209166666666675 ], [ 90.59166666666664, 26.203333333333344 ], [ 90.59666666666665, 26.198333333333345 ], [ 90.6025, 26.195833333333344 ], [ 90.6125, 26.195833333333344 ], [ 90.618333333333311, 26.194166666666675 ], [ 90.633333333333312, 26.195833333333344 ] ] } },
{ "type": "Feature", "properties": { "COMID": 45043706, "id": "7151", "lengthkm": 3.0329414655618518, "order": 7, "uparea": 460369.31477552635 }, "geometry": { "type": "LineString", "coordinates": [ [ 90.54916666666665, 26.215 ], [ 90.558333333333309, 26.209166666666675 ], [ 90.576666666666654, 26.209166666666675 ] ] } },
{ "type": "Feature", "properties": { "COMID": 45043705, "id": "7151", "lengthkm": 2.6571935286914741, "order": 7, "uparea": 460436.57720551931 }, "geometry": { "type": "LineString", "coordinates": [ [ 90.528333333333308, 26.226666666666677 ], [ 90.54916666666665, 26.215 ] ] } },
{ "type": "Feature", "properties": { "COMID": 45043704, "id": "7151", "lengthkm": 16.973328709289625, "order": 7, "uparea": 461717.56577107479 }, "geometry": { "type": "LineString", "coordinates": [ [ 90.3875, 26.19666666666668 ], [ 90.414166666666645, 26.19666666666668 ], [ 90.4175, 26.198333333333345 ], [ 90.425, 26.198333333333345 ], [ 90.429166666666646, 26.200833333333343 ], [ 90.434166666666641, 26.200833333333343 ], [ 90.436666666666653, 26.203333333333344 ], [ 90.445833333333312, 26.20416666666668 ], [ 90.45, 26.203333333333344 ], [ 90.454166666666652, 26.2 ], [ 90.4625, 26.2 ], [ 90.46833333333332, 26.203333333333344 ], [ 90.48, 26.205 ], [ 90.488333333333316, 26.210833333333344 ], [ 90.494166666666644, 26.210833333333344 ], [ 90.4975, 26.214166666666678 ], [ 90.499166666666653, 26.220833333333346 ], [ 90.504166666666649, 26.2225 ], [ 90.511666666666656, 26.230833333333344 ], [ 90.5225, 26.23 ], [ 90.528333333333308, 26.226666666666677 ] ] } },
{ "type": "Feature", "properties": { "COMID": 45043703, "id": "7151", "lengthkm": 5.9810109113038967, "order": 7, "uparea": 461862.16930771206 }, "geometry": { "type": "LineString", "coordinates": [ [ 90.33833333333331, 26.176666666666677 ], [ 90.349166666666648, 26.183333333333344 ], [ 90.363333333333316, 26.186666666666678 ], [ 90.369166666666644, 26.190833333333345 ], [ 90.384166666666644, 26.193333333333342 ], [ 90.3875, 26.19666666666668 ] ] } },
{ "type": "Feature", "properties": { "COMID": 45043702, "id": "7151", "lengthkm": 7.4333624321914673, "order": 7, "uparea": 462035.26258366037 }, "geometry": { "type": "LineString", "coordinates": [ [ 90.330833333333317, 26.115833333333342 ], [ 90.334166666666647, 26.125 ], [ 90.334166666666647, 26.1325 ], [ 90.3325, 26.135 ], [ 90.333333333333314, 26.1475 ], [ 90.330833333333317, 26.158333333333346 ], [ 90.3325, 26.165833333333346 ], [ 90.33833333333331, 26.176666666666677 ] ] } },
{ "type": "Feature", "properties": { "COMID": 45043701, "id": "7151", "lengthkm": 11.107754266867687, "order": 7, "uparea": 462118.087835629 }, "geometry": { "type": "LineString", "coordinates": [ [ 90.2475, 26.103333333333346 ], [ 90.254166666666649, 26.101666666666677 ], [ 90.255, 26.103333333333346 ], [ 90.260833333333323, 26.104166666666679 ], [ 90.2625, 26.105833333333344 ], [ 90.273333333333312, 26.105 ], [ 90.2775, 26.100833333333345 ], [ 90.28, 26.100833333333345 ], [ 90.289166666666645, 26.095 ], [ 90.2925, 26.095 ], [ 90.29916666666665, 26.091666666666676 ], [ 90.3075, 26.090833333333343 ], [ 90.3175, 26.0975 ], [ 90.323333333333323, 26.11 ], [ 90.330833333333317, 26.115833333333342 ] ] } },
{ "type": "Feature", "properties": { "COMID": 45043700, "id": "7151", "lengthkm": 2.3277159859028802, "order": 7, "uparea": 462161.76267469313 }, "geometry": { "type": "LineString", "coordinates": [ [ 90.2275, 26.101666666666677 ], [ 90.229166666666657, 26.103333333333346 ], [ 90.2375, 26.101666666666677 ], [ 90.2475, 26.103333333333346 ] ] } },
{ "type": "Feature", "properties": { "COMID": 45043699, "id": "7151", "lengthkm": 1.4596618203593339, "order": 7, "uparea": 462191.94992143451 }, "geometry": { "type": "LineString", "coordinates": [ [ 90.220833333333317, 26.090833333333343 ], [ 90.22166666666665, 26.094166666666677 ], [ 90.2275, 26.101666666666677 ] ] } },
{ "type": "Feature", "properties": { "COMID": 45043698, "id": "7151", "lengthkm": 17.107012318078088, "order": 7, "uparea": 462295.75499111967 }, "geometry": { "type": "LineString", "coordinates": [ [ 90.085833333333312, 26.055833333333347 ], [ 90.089166666666642, 26.055833333333347 ], [ 90.0925, 26.05 ], [ 90.0975, 26.049166666666679 ], [ 90.101666666666645, 26.051666666666677 ], [ 90.11166666666665, 26.0525 ], [ 90.1275, 26.059166666666677 ], [ 90.143333333333317, 26.058333333333344 ], [ 90.145, 26.061666666666678 ], [ 90.15083333333331, 26.063333333333343 ], [ 90.155, 26.066666666666677 ], [ 90.158333333333317, 26.066666666666677 ], [ 90.161666666666648, 26.064166666666679 ], [ 90.168333333333322, 26.064166666666679 ], [ 90.17083333333332, 26.065833333333345 ], [ 90.176666666666648, 26.064166666666679 ], [ 90.1825, 26.0675 ], [ 90.185833333333306, 26.070833333333344 ], [ 90.186666666666653, 26.075 ], [ 90.190833333333316, 26.07916666666668 ], [ 90.195833333333312, 26.080833333333345 ], [ 90.201666666666654, 26.0875 ], [ 90.2075, 26.09 ], [ 90.21666666666664, 26.09 ], [ 90.2175, 26.091666666666676 ], [ 90.220833333333317, 26.090833333333343 ] ] } },
{ "type": "Feature", "properties": { "COMID": 45043697, "id": "7151", "lengthkm": 5.340869727398605, "order": 7, "uparea": 462391.08379067812 }, "geometry": { "type": "LineString", "coordinates": [ [ 90.0525, 26.028333333333343 ], [ 90.056666666666644, 26.041666666666679 ], [ 90.06, 26.045 ], [ 90.071666666666644, 26.053333333333342 ], [ 90.078333333333319, 26.055 ], [ 90.084166666666647, 26.054166666666678 ], [ 90.085833333333312, 26.055833333333347 ] ] } },
{ "type": "Feature", "properties": { "COMID": 45043696, "id": "7151", "lengthkm": 5.6151152427171116, "order": 7, "uparea": 462430.01161537727 }, "geometry": { "type": "LineString", "coordinates": [ [ 90.003333333333316, 26.024166666666677 ], [ 90.020833333333314, 26.021666666666675 ], [ 90.031666666666652, 26.0225 ], [ 90.04, 26.02 ], [ 90.04583333333332, 26.0225 ], [ 90.0525, 26.028333333333343 ] ] } },
{ "type": "Feature", "properties": { "COMID": 45043695, "id": "7151", "lengthkm": 0.75751509088677904, "order": 7, "uparea": 465215.46002052672 }, "geometry": { "type": "LineString", "coordinates": [ [ 89.998333333333321, 26.02 ], [ 90.003333333333316, 26.024166666666677 ] ] } },
{ "type": "Feature", "properties": { "COMID": 45043694, "id": "7151", "lengthkm": 1.2427291018150339, "order": 7, "uparea": 465841.41727508151 }, "geometry": { "type": "LineString", "coordinates": [ [ 89.9925, 26.010833333333345 ], [ 89.998333333333321, 26.02 ] ] } },
{ "type": "Feature", "properties": { "COMID": 45043693, "id": "7151", "lengthkm": 2.7029431088568772, "order": 7, "uparea": 465925.88302020298 }, "geometry": { "type": "LineString", "coordinates": [ [ 89.97, 26.001666666666679 ], [ 89.973333333333315, 26.004166666666677 ], [ 89.98666666666665, 26.006666666666675 ], [ 89.9925, 26.010833333333345 ] ] } },
{ "type": "Feature", "properties": { "COMID": 45047803, "id": "7151", "lengthkm": 4.2431199749743964, "order": 7, "uparea": 466056.64613439463 }, "geometry": { "type": "LineString", "coordinates": [ [ 89.969166666666652, 25.966666666666676 ], [ 89.965, 25.973333333333343 ], [ 89.965, 25.980833333333344 ], [ 89.97, 26.001666666666679 ] ] } },
{ "type": "Feature", "properties": { "COMID": 45047801, "id": "7151", "lengthkm": 5.6921216214856196, "order": 7, "uparea": 467853.7648136958 }, "geometry": { "type": "LineString", "coordinates": [ [ 89.949166666666656, 25.925833333333344 ], [ 89.956666666666649, 25.929166666666678 ], [ 89.964166666666642, 25.938333333333347 ], [ 89.9625, 25.944166666666678 ], [ 89.96666666666664, 25.9525 ], [ 89.969166666666652, 25.966666666666676 ] ] } },
{ "type": "Feature", "properties": { "COMID": 45047799, "id": "7151", "lengthkm": 13.05545245587891, "order": 7, "uparea": 467962.1681347462 }, "geometry": { "type": "LineString", "coordinates": [ [ 89.881666666666646, 25.86 ], [ 89.884166666666644, 25.865 ], [ 89.891666666666652, 25.873333333333342 ], [ 89.8975, 25.876666666666679 ], [ 89.9075, 25.8775 ], [ 89.91, 25.875833333333347 ], [ 89.914166666666645, 25.875833333333347 ], [ 89.923333333333318, 25.87 ], [ 89.933333333333309, 25.885 ], [ 89.943333333333314, 25.895 ], [ 89.943333333333314, 25.901666666666678 ], [ 89.951666666666654, 25.915833333333346 ], [ 89.951666666666654, 25.92 ], [ 89.949166666666656, 25.925833333333344 ] ] } },
{ "type": "Feature", "properties": { "COMID": 45047797, "id": "7151", "lengthkm": 5.2411909996673289, "order": 7, "uparea": 468034.46272296243 }, "geometry": { "type": "LineString", "coordinates": [ [ 89.874166666666653, 25.818333333333342 ], [ 89.870833333333309, 25.830833333333345 ], [ 89.874166666666653, 25.835 ], [ 89.876666666666651, 25.843333333333344 ], [ 89.881666666666646, 25.849166666666676 ], [ 89.881666666666646, 25.86 ] ] } },
{ "type": "Feature", "properties": { "COMID": 45047795, "id": "7151", "lengthkm": 8.0214906081159185, "order": 7, "uparea": 468103.7446667442 }, "geometry": { "type": "LineString", "coordinates": [ [ 89.873333333333321, 25.751666666666679 ], [ 89.874166666666653, 25.756666666666678 ], [ 89.871666666666641, 25.761666666666677 ], [ 89.873333333333321, 25.796666666666678 ], [ 89.87, 25.800833333333344 ], [ 89.869166666666644, 25.806666666666679 ], [ 89.874166666666653, 25.813333333333347 ], [ 89.874166666666653, 25.818333333333342 ] ] } },
{ "type": "Feature", "properties": { "COMID": 45047793, "id": "7151", "lengthkm": 13.496907397570656, "order": 7, "uparea": 468601.91857457155 }, "geometry": { "type": "LineString", "coordinates": [ [ 89.76, 25.72 ], [ 89.774166666666645, 25.73 ], [ 89.785, 25.73 ], [ 89.788333333333313, 25.7275 ], [ 89.801666666666648, 25.726666666666677 ], [ 89.804166666666646, 25.726666666666677 ], [ 89.809166666666641, 25.730833333333344 ], [ 89.815, 25.729166666666679 ], [ 89.825, 25.729166666666679 ], [ 89.845, 25.74 ], [ 89.848333333333315, 25.743333333333347 ], [ 89.865, 25.745 ], [ 89.873333333333321, 25.751666666666679 ] ] } },
{ "type": "Feature", "properties": { "COMID": 45047792, "id": "7151", "lengthkm": 11.270497203550587, "order": 7, "uparea": 491992.33437624201 }, "geometry": { "type": "LineString", "coordinates": [ [ 89.734166666666653, 25.63416666666668 ], [ 89.72833333333331, 25.638333333333343 ], [ 89.729166666666657, 25.644166666666678 ], [ 89.735, 25.6525 ], [ 89.735, 25.655833333333344 ], [ 89.73666666666665, 25.6575 ], [ 89.735833333333318, 25.664166666666677 ], [ 89.739166666666648, 25.668333333333344 ], [ 89.738333333333316, 25.673333333333346 ], [ 89.745833333333309, 25.683333333333344 ], [ 89.745833333333309, 25.689166666666679 ], [ 89.749166666666653, 25.695 ], [ 89.749166666666653, 25.700833333333343 ], [ 89.7525, 25.71 ], [ 89.76, 25.72 ] ] } },
{ "type": "Feature", "properties": { "COMID": 45047791, "id": "7151", "lengthkm": 5.2268161370710589, "order": 7, "uparea": 492154.92770060716 }, "geometry": { "type": "LineString", "coordinates": [ [ 89.72, 25.5975 ], [ 89.720833333333317, 25.600833333333345 ], [ 89.729166666666657, 25.609166666666678 ], [ 89.729166666666657, 25.614166666666677 ], [ 89.723333333333315, 25.620833333333344 ], [ 89.724166666666648, 25.625833333333347 ], [ 89.734166666666653, 25.63416666666668 ] ] } },
{ "type": "Feature", "properties": { "COMID": 45047790, "id": "7151", "lengthkm": 2.8515269772629388, "order": 7, "uparea": 498174.03973313101 }, "geometry": { "type": "LineString", "coordinates": [ [ 89.72, 25.574166666666677 ], [ 89.71833333333332, 25.578333333333344 ], [ 89.72, 25.589166666666678 ], [ 89.72166666666665, 25.591666666666676 ], [ 89.72, 25.5975 ] ] } },
{ "type": "Feature", "properties": { "COMID": 45047789, "id": "7151", "lengthkm": 13.170016720503941, "order": 7, "uparea": 498278.81358518288 }, "geometry": { "type": "LineString", "coordinates": [ [ 89.725, 25.468333333333344 ], [ 89.7325, 25.475833333333345 ], [ 89.731666666666655, 25.485833333333346 ], [ 89.735833333333318, 25.4975 ], [ 89.73666666666665, 25.508333333333347 ], [ 89.73333333333332, 25.520833333333343 ], [ 89.73, 25.526666666666678 ], [ 89.73, 25.5475 ], [ 89.725, 25.554166666666678 ], [ 89.726666666666645, 25.564166666666679 ], [ 89.724166666666648, 25.57 ], [ 89.72, 25.574166666666677 ] ] } },
{ "type": "Feature", "properties": { "COMID": 45047788, "id": "7151", "lengthkm": 3.8868614650301918, "order": 7, "uparea": 498382.13093995751 }, "geometry": { "type": "LineString", "coordinates": [ [ 89.695, 25.453333333333344 ], [ 89.703333333333319, 25.4625 ], [ 89.706666666666649, 25.463333333333345 ], [ 89.71333333333331, 25.46916666666668 ], [ 89.725, 25.468333333333344 ] ] } },
{ "type": "Feature", "properties": { "COMID": 45051916, "id": "7151", "lengthkm": 9.5581147127329142, "order": 7, "uparea": 498443.47959675972 }, "geometry": { "type": "LineString", "coordinates": [ [ 89.673333333333318, 25.38416666666668 ], [ 89.678333333333313, 25.395833333333343 ], [ 89.684166666666641, 25.4025 ], [ 89.678333333333313, 25.4425 ], [ 89.6825, 25.44666666666668 ], [ 89.694166666666646, 25.45 ], [ 89.695, 25.453333333333344 ] ] } },
{ "type": "Feature", "properties": { "COMID": 45051915, "id": "7151", "lengthkm": 1.172026711442357, "order": 7, "uparea": 498523.41064977407 }, "geometry": { "type": "LineString", "coordinates": [ [ 89.661666666666648, 25.38416666666668 ], [ 89.673333333333318, 25.38416666666668 ] ] } },
{ "type": "Feature", "properties": { "COMID": 45051914, "id": "7151", "lengthkm": 5.1840129370046766, "order": 7, "uparea": 510357.51254533313 }, "geometry": { "type": "LineString", "coordinates": [ [ 89.639166666666654, 25.345833333333346 ], [ 89.641666666666652, 25.349166666666676 ], [ 89.648333333333312, 25.37 ], [ 89.661666666666648, 25.38416666666668 ] ] } },
{ "type": "Feature", "properties": { "COMID": 45051913, "id": "7151", "lengthkm": 9.548085527857717, "order": 7, "uparea": 511910.22398374655 }, "geometry": { "type": "LineString", "coordinates": [ [ 89.665, 25.27 ], [ 89.6575, 25.2975 ], [ 89.65583333333332, 25.298333333333346 ], [ 89.65583333333332, 25.305 ], [ 89.65083333333331, 25.310833333333342 ], [ 89.649166666666645, 25.3225 ], [ 89.643333333333317, 25.3325 ], [ 89.639166666666654, 25.345833333333346 ] ] } },
{ "type": "Feature", "properties": { "COMID": 45051912, "id": "7151", "lengthkm": 3.4284800539392868, "order": 7, "uparea": 512048.21807303344 }, "geometry": { "type": "LineString", "coordinates": [ [ 89.683333333333309, 25.248333333333346 ], [ 89.67083333333332, 25.255833333333342 ], [ 89.665, 25.27 ] ] } },
{ "type": "Feature", "properties": { "COMID": 45051911, "id": "7151", "lengthkm": 7.9746298468677486, "order": 7, "uparea": 512153.34237600351 }, "geometry": { "type": "LineString", "coordinates": [ [ 89.7, 25.184166666666677 ], [ 89.701666666666654, 25.185833333333346 ], [ 89.701666666666654, 25.19666666666668 ], [ 89.7, 25.201666666666679 ], [ 89.694166666666646, 25.209166666666675 ], [ 89.694166666666646, 25.218333333333344 ], [ 89.691666666666649, 25.230833333333344 ], [ 89.69, 25.235833333333346 ], [ 89.683333333333309, 25.245 ], [ 89.683333333333309, 25.248333333333346 ] ] } },
{ "type": "Feature", "properties": { "COMID": 45051910, "id": "7151", "lengthkm": 6.6134713764343926, "order": 7, "uparea": 512204.92238811468 }, "geometry": { "type": "LineString", "coordinates": [ [ 89.691666666666649, 25.131666666666678 ], [ 89.685833333333321, 25.14 ], [ 89.685833333333321, 25.144166666666678 ], [ 89.6875, 25.150833333333345 ], [ 89.690833333333316, 25.154166666666676 ], [ 89.691666666666649, 25.1625 ], [ 89.6975, 25.173333333333346 ], [ 89.7, 25.184166666666677 ] ] } },
{ "type": "Feature", "properties": { "COMID": 45051909, "id": "7151", "lengthkm": 10.419542008900091, "order": 7, "uparea": 512288.62122467172 }, "geometry": { "type": "LineString", "coordinates": [ [ 89.714166666666642, 25.05 ], [ 89.715, 25.066666666666677 ], [ 89.7125, 25.075 ], [ 89.706666666666649, 25.081666666666678 ], [ 89.7, 25.085833333333344 ], [ 89.6975, 25.095 ], [ 89.6925, 25.099166666666676 ], [ 89.693333333333314, 25.103333333333346 ], [ 89.691666666666649, 25.11 ], [ 89.693333333333314, 25.116666666666678 ], [ 89.691666666666649, 25.12 ], [ 89.691666666666649, 25.131666666666678 ] ] } },
{ "type": "Feature", "properties": { "COMID": 45051908, "id": "7151", "lengthkm": 14.626010437702035, "order": 7, "uparea": 512440.10577275103 }, "geometry": { "type": "LineString", "coordinates": [ [ 89.623333333333321, 24.971666666666678 ], [ 89.63, 24.979166666666679 ], [ 89.631666666666646, 24.988333333333344 ], [ 89.636666666666656, 24.998333333333346 ], [ 89.635833333333323, 25.003333333333345 ], [ 89.639166666666654, 25.0075 ], [ 89.66, 25.020833333333343 ], [ 89.684166666666641, 25.029166666666676 ], [ 89.6875, 25.0325 ], [ 89.6875, 25.035833333333343 ], [ 89.6925, 25.040833333333346 ], [ 89.703333333333319, 25.044166666666676 ], [ 89.706666666666649, 25.046666666666678 ], [ 89.7125, 25.046666666666678 ], [ 89.714166666666642, 25.05 ] ] } },
{ "type": "Feature", "properties": { "COMID": 45051907, "id": "7151", "lengthkm": 7.7523774871329643, "order": 7, "uparea": 512521.55635060318 }, "geometry": { "type": "LineString", "coordinates": [ [ 89.585, 24.92 ], [ 89.5875, 24.925833333333344 ], [ 89.5925, 24.930833333333347 ], [ 89.59333333333332, 24.935833333333346 ], [ 89.598333333333315, 24.940833333333345 ], [ 89.61166666666665, 24.945833333333347 ], [ 89.6125, 24.95 ], [ 89.621666666666641, 24.963333333333345 ], [ 89.623333333333321, 24.971666666666678 ] ] } },
{ "type": "Feature", "properties": { "COMID": 45051906, "id": "7151", "lengthkm": 2.2285378185530118, "order": 7, "uparea": 512672.28503345 }, "geometry": { "type": "LineString", "coordinates": [ [ 89.5825, 24.900833333333345 ], [ 89.585, 24.92 ] ] } },
{ "type": "Feature", "properties": { "COMID": 45051905, "id": "7151", "lengthkm": 7.0960486157572458, "order": 7, "uparea": 516173.1695838829 }, "geometry": { "type": "LineString", "coordinates": [ [ 89.610833333333318, 24.848333333333343 ], [ 89.60333333333331, 24.853333333333346 ], [ 89.6025, 24.859166666666678 ], [ 89.586666666666645, 24.8825 ], [ 89.583333333333314, 24.890833333333347 ], [ 89.5825, 24.900833333333345 ] ] } },
{ "type": "Feature", "properties": { "COMID": 45055823, "id": "7151", "lengthkm": 12.259906060839446, "order": 7, "uparea": 516439.71455311537 }, "geometry": { "type": "LineString", "coordinates": [ [ 89.645833333333314, 24.755833333333346 ], [ 89.623333333333321, 24.7775 ], [ 89.6225, 24.783333333333346 ], [ 89.624166666666653, 24.791666666666679 ], [ 89.613333333333316, 24.808333333333344 ], [ 89.615833333333313, 24.82166666666668 ], [ 89.61166666666665, 24.826666666666679 ], [ 89.61, 24.831666666666678 ], [ 89.61166666666665, 24.8425 ], [ 89.610833333333318, 24.848333333333343 ] ] } },
{ "type": "Feature", "properties": { "COMID": 45055822, "id": "7151", "lengthkm": 5.8606990997794144, "order": 7, "uparea": 516501.66898389673 }, "geometry": { "type": "LineString", "coordinates": [ [ 89.683333333333309, 24.72 ], [ 89.680833333333311, 24.725 ], [ 89.67083333333332, 24.733333333333345 ], [ 89.669166666666655, 24.7375 ], [ 89.661666666666648, 24.745 ], [ 89.645833333333314, 24.755833333333346 ] ] } },
{ "type": "Feature", "properties": { "COMID": 45055821, "id": "7151", "lengthkm": 7.5643640438178608, "order": 7, "uparea": 516649.70442385093 }, "geometry": { "type": "LineString", "coordinates": [ [ 89.6775, 24.659166666666678 ], [ 89.678333333333313, 24.6675 ], [ 89.6875, 24.6775 ], [ 89.689166666666651, 24.685 ], [ 89.689166666666651, 24.7 ], [ 89.685, 24.705 ], [ 89.683333333333309, 24.72 ] ] } },
{ "type": "Feature", "properties": { "COMID": 45055820, "id": "7151", "lengthkm": 5.0029035206189061, "order": 7, "uparea": 516693.86591527151 }, "geometry": { "type": "LineString", "coordinates": [ [ 89.6975, 24.621666666666677 ], [ 89.683333333333309, 24.640833333333347 ], [ 89.681666666666644, 24.651666666666678 ], [ 89.6775, 24.659166666666678 ] ] } },
{ "type": "Feature", "properties": { "COMID": 45055819, "id": "7151", "lengthkm": 8.6600885386777176, "order": 7, "uparea": 516757.49328303756 }, "geometry": { "type": "LineString", "coordinates": [ [ 89.696666666666644, 24.553333333333345 ], [ 89.703333333333319, 24.5625 ], [ 89.7025, 24.575833333333343 ], [ 89.704166666666652, 24.576666666666679 ], [ 89.699166666666656, 24.583333333333343 ], [ 89.6975, 24.588333333333345 ], [ 89.6975, 24.590833333333343 ], [ 89.701666666666654, 24.5975 ], [ 89.701666666666654, 24.613333333333344 ], [ 89.6975, 24.621666666666677 ] ] } },
{ "type": "Feature", "properties": { "COMID": 45055818, "id": "7151", "lengthkm": 7.8989366300372241, "order": 7, "uparea": 516888.81985261728 }, "geometry": { "type": "LineString", "coordinates": [ [ 89.731666666666655, 24.498333333333346 ], [ 89.724166666666648, 24.501666666666679 ], [ 89.724166666666648, 24.508333333333347 ], [ 89.720833333333317, 24.513333333333343 ], [ 89.720833333333317, 24.51666666666668 ], [ 89.714166666666642, 24.520833333333343 ], [ 89.710833333333312, 24.53166666666668 ], [ 89.696666666666644, 24.553333333333345 ] ] } },
{ "type": "Feature", "properties": { "COMID": 45055817, "id": "7151", "lengthkm": 0.46256604511763, "order": 7, "uparea": 516916.70195993572 }, "geometry": { "type": "LineString", "coordinates": [ [ 89.735833333333318, 24.4975 ], [ 89.731666666666655, 24.498333333333346 ] ] } },
{ "type": "Feature", "properties": { "COMID": 45055816, "id": "7151", "lengthkm": 6.598728336237202, "order": 7, "uparea": 516963.70636426669 }, "geometry": { "type": "LineString", "coordinates": [ [ 89.778333333333308, 24.459166666666679 ], [ 89.773333333333312, 24.4625 ], [ 89.773333333333312, 24.465 ], [ 89.761666666666656, 24.48 ], [ 89.755833333333314, 24.481666666666676 ], [ 89.7475, 24.490833333333345 ], [ 89.735833333333318, 24.4975 ] ] } },
{ "type": "Feature", "properties": { "COMID": 45055815, "id": "7151", "lengthkm": 9.8668075598460465, "order": 7, "uparea": 517748.08102689602 }, "geometry": { "type": "LineString", "coordinates": [ [ 89.7925, 24.38 ], [ 89.791666666666657, 24.396666666666679 ], [ 89.7975, 24.413333333333345 ], [ 89.796666666666653, 24.4325 ], [ 89.785833333333315, 24.451666666666679 ], [ 89.778333333333308, 24.459166666666679 ] ] } },
{ "type": "Feature", "properties": { "COMID": 45055814, "id": "7151", "lengthkm": 1.9293618939258701, "order": 7, "uparea": 517779.32589987788 }, "geometry": { "type": "LineString", "coordinates": [ [ 89.785833333333315, 24.365 ], [ 89.791666666666657, 24.374166666666678 ], [ 89.7925, 24.38 ] ] } },
{ "type": "Feature", "properties": { "COMID": 45055813, "id": "7151", "lengthkm": 12.634835249374694, "order": 7, "uparea": 517921.15100870974 }, "geometry": { "type": "LineString", "coordinates": [ [ 89.766666666666652, 24.261666666666677 ], [ 89.7675, 24.268333333333345 ], [ 89.7725, 24.279166666666679 ], [ 89.778333333333308, 24.299166666666679 ], [ 89.778333333333308, 24.3125 ], [ 89.781666666666652, 24.3175 ], [ 89.781666666666652, 24.325833333333346 ], [ 89.78, 24.330833333333345 ], [ 89.786666666666648, 24.345833333333346 ], [ 89.7875, 24.356666666666676 ], [ 89.785833333333315, 24.365 ] ] } },
{ "type": "Feature", "properties": { "COMID": 45055812, "id": "7151", "lengthkm": 1.439260427830152, "order": 7, "uparea": 517959.12190392771 }, "geometry": { "type": "LineString", "coordinates": [ [ 89.758333333333312, 24.251666666666679 ], [ 89.766666666666652, 24.261666666666677 ] ] } },
{ "type": "Feature", "properties": { "COMID": 45059555, "id": "7151", "lengthkm": 10.945284875477547, "order": 7, "uparea": 518038.97333570657 }, "geometry": { "type": "LineString", "coordinates": [ [ 89.7075, 24.1775 ], [ 89.724166666666648, 24.19 ], [ 89.723333333333315, 24.194166666666678 ], [ 89.73666666666665, 24.210833333333348 ], [ 89.7375, 24.2175 ], [ 89.741666666666646, 24.221666666666678 ], [ 89.75, 24.225833333333345 ], [ 89.759166666666644, 24.241666666666681 ], [ 89.758333333333312, 24.251666666666679 ] ] } },
{ "type": "Feature", "properties": { "COMID": 45059554, "id": "7151", "lengthkm": 18.954305682065407, "order": 7, "uparea": 518184.72584258142 }, "geometry": { "type": "LineString", "coordinates": [ [ 89.6625, 24.03166666666668 ], [ 89.6675, 24.035833333333343 ], [ 89.6725, 24.0375 ], [ 89.6825, 24.048333333333346 ], [ 89.685833333333321, 24.059166666666677 ], [ 89.684166666666641, 24.065 ], [ 89.686666666666653, 24.069166666666678 ], [ 89.686666666666653, 24.0725 ], [ 89.6825, 24.0775 ], [ 89.685, 24.080833333333345 ], [ 89.685833333333321, 24.089166666666678 ], [ 89.69, 24.093333333333348 ], [ 89.69, 24.09916666666668 ], [ 89.6925, 24.105 ], [ 89.6925, 24.115833333333345 ], [ 89.694166666666646, 24.12 ], [ 89.694166666666646, 24.125833333333347 ], [ 89.6925, 24.128333333333345 ], [ 89.6925, 24.15 ], [ 89.699166666666656, 24.163333333333345 ], [ 89.706666666666649, 24.173333333333346 ], [ 89.7075, 24.1775 ] ] } },
{ "type": "Feature", "properties": { "COMID": 45059553, "id": "7151", "lengthkm": 0.68146906953977904, "order": 7, "uparea": 537141.17193041742 }, "geometry": { "type": "LineString", "coordinates": [ [ 89.661666666666648, 24.025833333333345 ], [ 89.6625, 24.03166666666668 ] ] } },
{ "type": "Feature", "properties": { "COMID": 45059552, "id": "7151", "lengthkm": 18.675480070709391, "order": 7, "uparea": 537417.63620310393 }, "geometry": { "type": "LineString", "coordinates": [ [ 89.699166666666656, 23.8875 ], [ 89.699166666666656, 23.895833333333346 ], [ 89.701666666666654, 23.905 ], [ 89.701666666666654, 23.933333333333344 ], [ 89.691666666666649, 23.9475 ], [ 89.685, 23.95416666666668 ], [ 89.6775, 23.959166666666679 ], [ 89.666666666666657, 23.96166666666668 ], [ 89.665, 23.965 ], [ 89.666666666666657, 23.975 ], [ 89.665, 23.978333333333346 ], [ 89.666666666666657, 23.983333333333345 ], [ 89.666666666666657, 23.9925 ], [ 89.6725, 24.010833333333345 ], [ 89.665, 24.015833333333347 ], [ 89.661666666666648, 24.025833333333345 ] ] } },
{ "type": "Feature", "properties": { "COMID": 45059551, "id": "7151", "lengthkm": 1.778686451137651, "order": 7, "uparea": 537493.71868278971 }, "geometry": { "type": "LineString", "coordinates": [ [ 89.691666666666649, 23.874166666666678 ], [ 89.696666666666644, 23.88 ], [ 89.699166666666656, 23.8875 ] ] } },
{ "type": "Feature", "properties": { "COMID": 45059550, "id": "7151", "lengthkm": 10.440372897070473, "order": 7, "uparea": 538022.20607306773 }, "geometry": { "type": "LineString", "coordinates": [ [ 89.7425, 23.810833333333346 ], [ 89.72833333333331, 23.8175 ], [ 89.725, 23.824166666666677 ], [ 89.72, 23.82916666666668 ], [ 89.708333333333314, 23.830833333333345 ], [ 89.696666666666644, 23.841666666666679 ], [ 89.693333333333314, 23.848333333333347 ], [ 89.693333333333314, 23.855 ], [ 89.689166666666651, 23.863333333333344 ], [ 89.689166666666651, 23.869166666666679 ], [ 89.691666666666649, 23.874166666666678 ] ] } },
{ "type": "Feature", "properties": { "COMID": 45059537, "id": "7151", "lengthkm": 2.364264633039713, "order": 8, "uparea": 1480070.8617546074 }, "geometry": { "type": "LineString", "coordinates": [ [ 89.763333333333321, 23.8125 ], [ 89.7425, 23.810833333333346 ] ] } },
{ "type": "Feature", "properties": { "COMID": 45059536, "id": "7151", "lengthkm": 3.3533933894008552, "order": 8, "uparea": 1480461.6324491578 }, "geometry": { "type": "LineString", "coordinates": [ [ 89.786666666666648, 23.7925 ], [ 89.765, 23.8125 ], [ 89.763333333333321, 23.8125 ] ] } },
{ "type": "Feature", "properties": { "COMID": 45059535, "id": "7151", "lengthkm": 2.028552639801394, "order": 8, "uparea": 1480549.6332875148 }, "geometry": { "type": "LineString", "coordinates": [ [ 89.79916666666665, 23.779166666666679 ], [ 89.786666666666648, 23.7925 ] ] } },
{ "type": "Feature", "properties": { "COMID": 45059534, "id": "7151", "lengthkm": 24.147820154197287, "order": 8, "uparea": 1480725.0136060892 }, "geometry": { "type": "LineString", "coordinates": [ [ 89.995, 23.705833333333345 ], [ 89.9925, 23.708333333333346 ], [ 89.9825, 23.7125 ], [ 89.960833333333312, 23.715833333333347 ], [ 89.94, 23.723333333333347 ], [ 89.919166666666655, 23.725833333333345 ], [ 89.910833333333315, 23.725 ], [ 89.9025, 23.729166666666679 ], [ 89.886666666666656, 23.729166666666679 ], [ 89.871666666666641, 23.733333333333345 ], [ 89.855, 23.73 ], [ 89.83833333333331, 23.743333333333347 ], [ 89.813333333333318, 23.768333333333345 ], [ 89.79916666666665, 23.779166666666679 ] ] } },
{ "type": "Feature", "properties": { "COMID": 45063347, "id": "7151", "lengthkm": 5.2676845882940846, "order": 8, "uparea": 1480789.2229896402 }, "geometry": { "type": "LineString", "coordinates": [ [ 89.991666666666646, 23.660833333333347 ], [ 89.996666666666641, 23.67666666666668 ], [ 89.995, 23.705833333333345 ] ] } },
{ "type": "Feature", "properties": { "COMID": 45063346, "id": "7151", "lengthkm": 7.283326201289265, "order": 8, "uparea": 1480948.0639584674 }, "geometry": { "type": "LineString", "coordinates": [ [ 90.009166666666644, 23.605 ], [ 90.008333333333312, 23.620833333333344 ], [ 90.0125, 23.628333333333345 ], [ 90.0125, 23.633333333333347 ], [ 90.003333333333316, 23.65 ], [ 89.991666666666646, 23.660833333333347 ] ] } },
{ "type": "Feature", "properties": { "COMID": 45063345, "id": "7151", "lengthkm": 7.3301595308811152, "order": 8, "uparea": 1481136.7888560903 }, "geometry": { "type": "LineString", "coordinates": [ [ 90.059166666666641, 23.5625 ], [ 90.03, 23.5925 ], [ 90.0125, 23.601666666666681 ], [ 90.009166666666644, 23.605 ] ] } },
{ "type": "Feature", "properties": { "COMID": 45063344, "id": "7151", "lengthkm": 12.769887712414294, "order": 8, "uparea": 1481312.4314660509 }, "geometry": { "type": "LineString", "coordinates": [ [ 90.115833333333313, 23.475 ], [ 90.109166666666653, 23.4875 ], [ 90.0975, 23.503333333333345 ], [ 90.0925, 23.514166666666679 ], [ 90.090833333333308, 23.520833333333346 ], [ 90.09166666666664, 23.541666666666679 ], [ 90.084166666666647, 23.5475 ], [ 90.065, 23.5575 ], [ 90.059166666666641, 23.5625 ] ] } },
{ "type": "Feature", "properties": { "COMID": 45063343, "id": "7151", "lengthkm": 7.5193073133645347, "order": 8, "uparea": 1481911.4042069917 }, "geometry": { "type": "LineString", "coordinates": [ [ 90.179166666666646, 23.466666666666679 ], [ 90.176666666666648, 23.4675 ], [ 90.17083333333332, 23.465 ], [ 90.146666666666647, 23.460833333333348 ], [ 90.1275, 23.465833333333347 ], [ 90.115833333333313, 23.475 ] ] } },
{ "type": "Feature", "properties": { "COMID": 45063342, "id": "7151", "lengthkm": 0.084998536493851001, "order": 8, "uparea": 1482022.2761364332 }, "geometry": { "type": "LineString", "coordinates": [ [ 90.18, 23.466666666666679 ], [ 90.179166666666646, 23.466666666666679 ] ] } },
{ "type": "Feature", "properties": { "COMID": 45063341, "id": "7151", "lengthkm": 22.24883309536888, "order": 8, "uparea": 1482212.7252700049 }, "geometry": { "type": "LineString", "coordinates": [ [ 90.373333333333306, 23.42 ], [ 90.355, 23.423333333333346 ], [ 90.3325, 23.433333333333344 ], [ 90.315833333333316, 23.4325 ], [ 90.313333333333318, 23.43416666666668 ], [ 90.301666666666648, 23.435 ], [ 90.28083333333332, 23.44666666666668 ], [ 90.25, 23.45 ], [ 90.241666666666646, 23.4525 ], [ 90.24, 23.451666666666679 ], [ 90.215833333333308, 23.460833333333348 ], [ 90.203333333333319, 23.460833333333348 ], [ 90.193333333333314, 23.465 ], [ 90.18, 23.466666666666679 ] ] } },
{ "type": "Feature", "properties": { "COMID": 45063340, "id": "7151", "lengthkm": 11.879566167536154, "order": 8, "uparea": 1482501.2272524796 }, "geometry": { "type": "LineString", "coordinates": [ [ 90.436666666666653, 23.34 ], [ 90.434166666666641, 23.343333333333344 ], [ 90.430833333333311, 23.360833333333346 ], [ 90.419166666666655, 23.375833333333347 ], [ 90.40916666666665, 23.385833333333345 ], [ 90.399166666666645, 23.401666666666678 ], [ 90.373333333333306, 23.42 ] ] } },
{ "type": "Feature", "properties": { "COMID": 45063339, "id": "7151", "lengthkm": 0.714071485172183, "order": 8, "uparea": 1482555.5706116247 }, "geometry": { "type": "LineString", "coordinates": [ [ 90.441666666666649, 23.335833333333348 ], [ 90.436666666666653, 23.34 ] ] } },
{ "type": "Feature", "properties": { "COMID": 45063338, "id": "7151", "lengthkm": 3.684757535951662, "order": 8, "uparea": 1482765.1194097816 }, "geometry": { "type": "LineString", "coordinates": [ [ 90.474166666666648, 23.331666666666678 ], [ 90.454166666666652, 23.330833333333345 ], [ 90.449166666666656, 23.331666666666678 ], [ 90.441666666666649, 23.335833333333348 ] ] } },
{ "type": "Feature", "properties": { "COMID": 45063337, "id": "7151", "lengthkm": 1.9350875813103481, "order": 8, "uparea": 1482797.5267805532 }, "geometry": { "type": "LineString", "coordinates": [ [ 90.488333333333316, 23.32166666666668 ], [ 90.481666666666655, 23.324166666666681 ], [ 90.474166666666648, 23.331666666666678 ] ] } },
{ "type": "Feature", "properties": { "COMID": 45063336, "id": "7151", "lengthkm": 5.8385379776508346, "order": 8, "uparea": 1482976.942876504 }, "geometry": { "type": "LineString", "coordinates": [ [ 90.538333333333313, 23.306666666666679 ], [ 90.52916666666664, 23.3075 ], [ 90.5225, 23.310833333333346 ], [ 90.5125, 23.32 ], [ 90.488333333333316, 23.32166666666668 ] ] } },
{ "type": "Feature", "properties": { "COMID": 45063335, "id": "7151", "lengthkm": 6.305659495608567, "order": 8, "uparea": 1483033.5524042775 }, "geometry": { "type": "LineString", "coordinates": [ [ 90.5875, 23.295833333333345 ], [ 90.575833333333321, 23.293333333333347 ], [ 90.5625, 23.30166666666668 ], [ 90.554166666666646, 23.305 ], [ 90.550833333333316, 23.31 ], [ 90.543333333333322, 23.306666666666679 ], [ 90.538333333333313, 23.306666666666679 ] ] } },
{ "type": "Feature", "properties": { "COMID": 45063334, "id": "7151", "lengthkm": 7.8191387100587306, "order": 8, "uparea": 1483124.8605031187 }, "geometry": { "type": "LineString", "coordinates": [ [ 90.626666666666651, 23.24 ], [ 90.610833333333318, 23.25916666666668 ], [ 90.60833333333332, 23.268333333333345 ], [ 90.6, 23.276666666666678 ], [ 90.599166666666648, 23.28166666666668 ], [ 90.595833333333317, 23.2875 ], [ 90.5875, 23.295833333333345 ] ] } },
{ "type": "Feature", "properties": { "COMID": 45063333, "id": "7151", "lengthkm": 8.8182140991362683, "order": 8, "uparea": 1572400.525695469 }, "geometry": { "type": "LineString", "coordinates": [ [ 90.61166666666665, 23.166666666666679 ], [ 90.615, 23.186666666666678 ], [ 90.620833333333309, 23.1975 ], [ 90.626666666666651, 23.218333333333344 ], [ 90.626666666666651, 23.24 ] ] } },
{ "type": "Feature", "properties": { "COMID": 45063332, "id": "7151", "lengthkm": 7.6543775006214121, "order": 8, "uparea": 1572504.0563616927 }, "geometry": { "type": "LineString", "coordinates": [ [ 90.59333333333332, 23.105 ], [ 90.5975, 23.113333333333347 ], [ 90.601666666666645, 23.133333333333347 ], [ 90.60833333333332, 23.14916666666668 ], [ 90.6075, 23.1525 ], [ 90.61166666666665, 23.16166666666668 ], [ 90.61166666666665, 23.166666666666679 ] ] } },
{ "type": "Feature", "properties": { "COMID": 45066867, "id": "7151", "lengthkm": 8.8264913247611076, "order": 8, "uparea": 1572667.3889131162 }, "geometry": { "type": "LineString", "coordinates": [ [ 90.584166666666647, 23.0325 ], [ 90.584166666666647, 23.035 ], [ 90.590833333333308, 23.043333333333347 ], [ 90.598333333333315, 23.07166666666668 ], [ 90.598333333333315, 23.085833333333348 ], [ 90.59333333333332, 23.105 ] ] } },
{ "type": "Feature", "properties": { "COMID": 45066866, "id": "7151", "lengthkm": 11.626908692823784, "order": 8, "uparea": 1573607.9737473868 }, "geometry": { "type": "LineString", "coordinates": [ [ 90.631666666666646, 22.945 ], [ 90.628333333333316, 22.953333333333347 ], [ 90.615, 22.975 ], [ 90.61, 22.98 ], [ 90.605, 22.991666666666681 ], [ 90.600833333333313, 22.995833333333348 ], [ 90.594166666666652, 23.0125 ], [ 90.5875, 23.02 ], [ 90.584166666666647, 23.0325 ] ] } },
{ "type": "Feature", "properties": { "COMID": 45066865, "id": "7151", "lengthkm": 2.2123776367557291, "order": 8, "uparea": 1573652.1037601084 }, "geometry": { "type": "LineString", "coordinates": [ [ 90.638333333333321, 22.9275 ], [ 90.631666666666646, 22.945 ] ] } },
{ "type": "Feature", "properties": { "COMID": 45066864, "id": "7151", "lengthkm": 2.286353277797005, "order": 8, "uparea": 1573882.3011841814 }, "geometry": { "type": "LineString", "coordinates": [ [ 90.649166666666645, 22.910833333333347 ], [ 90.638333333333321, 22.9275 ] ] } },
{ "type": "Feature", "properties": { "COMID": 45066863, "id": "7151", "lengthkm": 10.136653461461982, "order": 8, "uparea": 1574012.6907671301 }, "geometry": { "type": "LineString", "coordinates": [ [ 90.7125, 22.846666666666678 ], [ 90.694166666666646, 22.861666666666679 ], [ 90.6875, 22.8725 ], [ 90.673333333333318, 22.8875 ], [ 90.663333333333313, 22.900833333333345 ], [ 90.649166666666645, 22.910833333333347 ] ] } },
{ "type": "Feature", "properties": { "COMID": 45066862, "id": "7151", "lengthkm": 6.9867986145700964, "order": 8, "uparea": 1574545.5744448761 }, "geometry": { "type": "LineString", "coordinates": [ [ 90.723333333333315, 22.788333333333345 ], [ 90.719166666666652, 22.7975 ], [ 90.7125, 22.846666666666678 ] ] } },
{ "type": "Feature", "properties": { "COMID": 45066861, "id": "7151", "lengthkm": 1.3973938849260481, "order": 8, "uparea": 1574591.2623521597 }, "geometry": { "type": "LineString", "coordinates": [ [ 90.720833333333317, 22.776666666666681 ], [ 90.723333333333315, 22.788333333333345 ] ] } },
{ "type": "Feature", "properties": { "COMID": 45066860, "id": "7151", "lengthkm": 3.3249251226456198, "order": 8, "uparea": 1574680.9067696885 }, "geometry": { "type": "LineString", "coordinates": [ [ 90.7275, 22.749166666666678 ], [ 90.7225, 22.764166666666679 ], [ 90.720833333333317, 22.776666666666681 ] ] } },
{ "type": "Feature", "properties": { "COMID": 45066859, "id": "7151", "lengthkm": 0.31137575033335202, "order": 8, "uparea": 1574708.4456096634 }, "geometry": { "type": "LineString", "coordinates": [ [ 90.72833333333331, 22.74666666666668 ], [ 90.7275, 22.749166666666678 ] ] } },
{ "type": "Feature", "properties": { "COMID": 45066858, "id": "7151", "lengthkm": 7.2847450964907097, "order": 8, "uparea": 1574834.2982043759 }, "geometry": { "type": "LineString", "coordinates": [ [ 90.7575, 22.691666666666681 ], [ 90.744166666666644, 22.713333333333345 ], [ 90.740833333333313, 22.725 ], [ 90.72833333333331, 22.74666666666668 ] ] } },
{ "type": "Feature", "properties": { "COMID": 45066857, "id": "7151", "lengthkm": 2.3985656537863922, "order": 8, "uparea": 1574898.6207858638 }, "geometry": { "type": "LineString", "coordinates": [ [ 90.764166666666654, 22.6725 ], [ 90.7575, 22.691666666666681 ] ] } },
{ "type": "Feature", "properties": { "COMID": 45066856, "id": "7151", "lengthkm": 7.0912977241002322, "order": 8, "uparea": 1575032.5004286871 }, "geometry": { "type": "LineString", "coordinates": [ [ 90.81, 22.626666666666679 ], [ 90.795, 22.644166666666681 ], [ 90.764166666666654, 22.6725 ] ] } },
{ "type": "Feature", "properties": { "COMID": 45066855, "id": "7151", "lengthkm": 7.5775848669324732, "order": 8, "uparea": 1575385.9506649468 }, "geometry": { "type": "LineString", "coordinates": [ [ 90.803333333333313, 22.563333333333347 ], [ 90.8, 22.573333333333348 ], [ 90.8, 22.589166666666681 ], [ 90.8075, 22.6125 ], [ 90.81, 22.626666666666679 ] ] } },
{ "type": "Feature", "properties": { "COMID": 45070323, "id": "7151", "lengthkm": 16.643676992320035, "order": 8, "uparea": 1575630.991704083 }, "geometry": { "type": "LineString", "coordinates": [ [ 90.9, 22.4575 ], [ 90.888333333333321, 22.4625 ], [ 90.88, 22.46916666666668 ], [ 90.868333333333311, 22.475 ], [ 90.850833333333313, 22.490833333333345 ], [ 90.839166666666642, 22.508333333333347 ], [ 90.83833333333331, 22.5175 ], [ 90.814166666666651, 22.54416666666668 ], [ 90.803333333333313, 22.563333333333347 ] ] } },
{ "type": "Feature", "properties": { "COMID": 45070322, "id": "7151", "lengthkm": 0.12617354695302499, "order": 8, "uparea": 1575661.803881095 }, "geometry": { "type": "LineString", "coordinates": [ [ 90.90083333333331, 22.456666666666681 ], [ 90.9, 22.4575 ] ] } }
]
}
