{
"type": "FeatureCollection",
"name": "downstream_48235",
"crs": { "type": "name", "properties": { "name": "urn:ogc:def:crs:OGC:1.3:CRS84" } },
"features": [
{ "type": "Feature", "properties": { "COMID": 45008591, "id": "37016", "lengthkm": 13.261162839745905, "order": 2, "uparea": 423.10135003905611 }, "geometry": { "type": "LineString", "coordinates": [ [ 75.8925, 32.664166666666674 ], [ 75.888333333333321, 32.666666666666671 ], [ 75.881666666666661, 32.665833333333339 ], [ 75.876666666666665, 32.663333333333341 ], [ 75.8725, 32.665 ], [ 75.8675, 32.664166666666674 ], [ 75.864166666666662, 32.666666666666671 ], [ 75.859166666666653, 32.6675 ], [ 75.855833333333322, 32.671666666666674 ], [ 75.851666666666659, 32.669166666666669 ], [ 75.848333333333329, 32.673333333333339 ], [ 75.845, 32.671666666666674 ], [ 75.8375, 32.6725 ], [ 75.836666666666659, 32.671666666666674 ], [ 75.839166666666657, 32.6675 ], [ 75.833333333333329, 32.665833333333339 ], [ 75.829166666666652, 32.671666666666674 ], [ 75.821666666666658, 32.67 ], [ 75.821666666666658, 32.681666666666672 ], [ 75.818333333333328, 32.683333333333337 ], [ 75.815, 32.679166666666674 ], [ 75.811666666666653, 32.681666666666672 ], [ 75.8125, 32.685 ], [ 75.81, 32.686666666666675 ] ] } },
{ "type": "Feature", "properties": { "COMID": 45008509, "id": "37016", "lengthkm": 15.050195681150196, "order": 2, "uparea": 499.15905402440109 }, "geometry": { "type": "LineString", "coordinates": [ [ 75.916666666666657, 32.615 ], [ 75.915833333333325, 32.6175 ], [ 75.918333333333322, 32.62 ], [ 75.918333333333322, 32.623333333333342 ], [ 75.915833333333325, 32.6275 ], [ 75.919166666666655, 32.63 ], [ 75.918333333333322, 32.63333333333334 ], [ 75.924166666666665, 32.63666666666667 ], [ 75.92583333333333, 32.635833333333338 ], [ 75.9275, 32.630833333333342 ], [ 75.930833333333325, 32.630833333333342 ], [ 75.931666666666658, 32.6325 ], [ 75.92916666666666, 32.639166666666675 ], [ 75.933333333333323, 32.641666666666673 ], [ 75.934166666666655, 32.645 ], [ 75.93, 32.646666666666675 ], [ 75.921666666666653, 32.641666666666673 ], [ 75.92, 32.643333333333338 ], [ 75.915833333333325, 32.643333333333338 ], [ 75.913333333333327, 32.645833333333343 ], [ 75.915, 32.648333333333341 ], [ 75.915, 32.653333333333336 ], [ 75.908333333333331, 32.6575 ], [ 75.903333333333322, 32.6575 ], [ 75.893333333333331, 32.648333333333341 ], [ 75.888333333333321, 32.649166666666673 ], [ 75.885, 32.651666666666671 ], [ 75.890833333333319, 32.656666666666673 ], [ 75.8925, 32.664166666666674 ] ] } },
{ "type": "Feature", "properties": { "COMID": 45008120, "id": "37016", "lengthkm": 15.405995646774604, "order": 4, "uparea": 5566.9250311165233 }, "geometry": { "type": "LineString", "coordinates": [ [ 75.853333333333325, 32.531666666666673 ], [ 75.855833333333322, 32.533333333333339 ], [ 75.855833333333322, 32.5375 ], [ 75.865833333333327, 32.5425 ], [ 75.874166666666653, 32.550833333333337 ], [ 75.874166666666653, 32.553333333333342 ], [ 75.870833333333323, 32.556666666666672 ], [ 75.86333333333333, 32.56 ], [ 75.8625, 32.5625 ], [ 75.86666666666666, 32.565833333333337 ], [ 75.8775, 32.56666666666667 ], [ 75.88, 32.575833333333335 ], [ 75.87833333333333, 32.585833333333341 ], [ 75.883333333333326, 32.59 ], [ 75.891666666666652, 32.5875 ], [ 75.906666666666666, 32.6 ], [ 75.905, 32.606666666666669 ], [ 75.916666666666657, 32.615 ] ] } },
{ "type": "Feature", "properties": { "COMID": 45008117, "id": "37016", "lengthkm": 2.9064213602474682, "order": 4, "uparea": 5676.8755399423817 }, "geometry": { "type": "LineString", "coordinates": [ [ 75.839166666666657, 32.515 ], [ 75.836666666666659, 32.519166666666671 ], [ 75.840833333333322, 32.523333333333341 ], [ 75.844166666666666, 32.523333333333341 ], [ 75.8475, 32.5275 ], [ 75.851666666666659, 32.528333333333336 ], [ 75.853333333333325, 32.531666666666673 ] ] } },
{ "type": "Feature", "properties": { "COMID": 45008116, "id": "37016", "lengthkm": 11.695941352920284, "order": 4, "uparea": 5812.1588300896547 }, "geometry": { "type": "LineString", "coordinates": [ [ 75.761666666666656, 32.4575 ], [ 75.766666666666652, 32.464166666666671 ], [ 75.7775, 32.466666666666676 ], [ 75.781666666666666, 32.469166666666673 ], [ 75.789166666666659, 32.4775 ], [ 75.796666666666653, 32.480833333333337 ], [ 75.8025, 32.486666666666672 ], [ 75.809166666666655, 32.489166666666677 ], [ 75.819166666666661, 32.49 ], [ 75.824166666666656, 32.495 ], [ 75.825833333333321, 32.5025 ], [ 75.8275, 32.50416666666667 ], [ 75.834166666666661, 32.505 ], [ 75.831666666666663, 32.513333333333343 ], [ 75.8375, 32.513333333333343 ], [ 75.839166666666657, 32.515 ] ] } },
{ "type": "Feature", "properties": { "COMID": 45008113, "id": "37016", "lengthkm": 1.1025482561101601, "order": 4, "uparea": 5875.1979769187001 }, "geometry": { "type": "LineString", "coordinates": [ [ 75.750833333333333, 32.4575 ], [ 75.761666666666656, 32.4575 ] ] } },
{ "type": "Feature", "properties": { "COMID": 45008112, "id": "37016", "lengthkm": 1.2316930780408439, "order": 4, "uparea": 5917.5771783295231 }, "geometry": { "type": "LineString", "coordinates": [ [ 75.74, 32.46 ], [ 75.744166666666658, 32.460833333333341 ], [ 75.750833333333333, 32.4575 ] ] } },
{ "type": "Feature", "properties": { "COMID": 45009764, "id": "37016", "lengthkm": 15.890540882057035, "order": 4, "uparea": 6172.0245347299488 }, "geometry": { "type": "LineString", "coordinates": [ [ 75.673333333333318, 32.393333333333338 ], [ 75.675, 32.39083333333334 ], [ 75.689166666666665, 32.391666666666673 ], [ 75.7, 32.404166666666676 ], [ 75.709166666666661, 32.4075 ], [ 75.715833333333322, 32.415833333333339 ], [ 75.72, 32.4175 ], [ 75.728333333333325, 32.4175 ], [ 75.730833333333322, 32.42 ], [ 75.7325, 32.425 ], [ 75.728333333333325, 32.429166666666674 ], [ 75.73, 32.433333333333337 ], [ 75.735833333333318, 32.43 ], [ 75.743333333333325, 32.430833333333339 ], [ 75.744166666666658, 32.4325 ], [ 75.7425, 32.43416666666667 ], [ 75.734166666666653, 32.439166666666672 ], [ 75.7325, 32.43833333333334 ], [ 75.726666666666659, 32.443333333333342 ], [ 75.73, 32.448333333333338 ], [ 75.729166666666657, 32.45333333333334 ], [ 75.730833333333322, 32.455833333333338 ], [ 75.74, 32.46 ] ] } },
{ "type": "Feature", "properties": { "COMID": 45009757, "id": "37016", "lengthkm": 14.98727303818468, "order": 4, "uparea": 6290.5895889818075 }, "geometry": { "type": "LineString", "coordinates": [ [ 75.566666666666663, 32.360833333333339 ], [ 75.574166666666656, 32.364166666666677 ], [ 75.575, 32.37 ], [ 75.573333333333323, 32.37166666666667 ], [ 75.581666666666663, 32.378333333333337 ], [ 75.5925, 32.37916666666667 ], [ 75.593333333333334, 32.3775 ], [ 75.601666666666659, 32.37916666666667 ], [ 75.606666666666655, 32.37583333333334 ], [ 75.6075, 32.373333333333342 ], [ 75.61333333333333, 32.373333333333342 ], [ 75.615, 32.375 ], [ 75.618333333333325, 32.374166666666675 ], [ 75.623333333333321, 32.381666666666675 ], [ 75.629166666666663, 32.38666666666667 ], [ 75.64, 32.38666666666667 ], [ 75.645, 32.391666666666673 ], [ 75.65, 32.3925 ], [ 75.6525, 32.395 ], [ 75.654166666666654, 32.394166666666671 ], [ 75.65583333333332, 32.395833333333343 ], [ 75.663333333333327, 32.396666666666675 ], [ 75.673333333333318, 32.393333333333338 ] ] } },
{ "type": "Feature", "properties": { "COMID": 45009750, "id": "37016", "lengthkm": 30.001728426245357, "order": 4, "uparea": 6389.8236199468265 }, "geometry": { "type": "LineString", "coordinates": [ [ 75.4275, 32.220833333333339 ], [ 75.42583333333333, 32.228333333333339 ], [ 75.4275, 32.2325 ], [ 75.42583333333333, 32.234166666666674 ], [ 75.428333333333327, 32.239166666666677 ], [ 75.43, 32.238333333333337 ], [ 75.430833333333325, 32.241666666666674 ], [ 75.435, 32.245 ], [ 75.435833333333321, 32.248333333333342 ], [ 75.4325, 32.260833333333338 ], [ 75.44, 32.265 ], [ 75.438333333333333, 32.266666666666673 ], [ 75.4425, 32.27 ], [ 75.443333333333328, 32.269166666666671 ], [ 75.444166666666661, 32.273333333333341 ], [ 75.449166666666656, 32.278333333333336 ], [ 75.459166666666661, 32.276666666666671 ], [ 75.460833333333326, 32.279166666666676 ], [ 75.461666666666659, 32.2775 ], [ 75.465, 32.283333333333339 ], [ 75.4675, 32.284166666666671 ], [ 75.4675, 32.286666666666676 ], [ 75.474166666666662, 32.29 ], [ 75.478333333333325, 32.29 ], [ 75.478333333333325, 32.303333333333342 ], [ 75.48333333333332, 32.3075 ], [ 75.49166666666666, 32.305833333333339 ], [ 75.495, 32.311666666666675 ], [ 75.4975, 32.311666666666675 ], [ 75.495833333333323, 32.314166666666672 ], [ 75.501666666666665, 32.325 ], [ 75.505, 32.323333333333338 ], [ 75.511666666666656, 32.329166666666673 ], [ 75.513333333333321, 32.32833333333334 ], [ 75.521666666666661, 32.330833333333338 ], [ 75.529166666666654, 32.329166666666673 ], [ 75.535, 32.333333333333343 ], [ 75.540833333333325, 32.3325 ], [ 75.543333333333322, 32.335 ], [ 75.54583333333332, 32.335 ], [ 75.54583333333332, 32.3375 ], [ 75.5525, 32.339166666666671 ], [ 75.553333333333327, 32.3425 ], [ 75.555, 32.340833333333336 ], [ 75.5625, 32.3525 ], [ 75.561666666666653, 32.355 ], [ 75.5675, 32.3575 ], [ 75.566666666666663, 32.360833333333339 ] ] } },
{ "type": "Feature", "properties": { "COMID": 45009738, "id": "37016", "lengthkm": 9.8474121108031767, "order": 4, "uparea": 6512.8640876537793 }, "geometry": { "type": "LineString", "coordinates": [ [ 75.365833333333327, 32.194166666666675 ], [ 75.3675, 32.19166666666667 ], [ 75.365833333333327, 32.189166666666672 ], [ 75.369166666666658, 32.1875 ], [ 75.374166666666653, 32.189166666666672 ], [ 75.37833333333333, 32.189166666666672 ], [ 75.380833333333328, 32.1875 ], [ 75.381666666666661, 32.189166666666672 ], [ 75.393333333333331, 32.189166666666672 ], [ 75.4025, 32.19166666666667 ], [ 75.4025, 32.194166666666675 ], [ 75.406666666666666, 32.196666666666673 ], [ 75.405, 32.200833333333343 ], [ 75.411666666666662, 32.205 ], [ 75.42083333333332, 32.215 ], [ 75.42583333333333, 32.2175 ], [ 75.4275, 32.220833333333339 ] ] } },
{ "type": "Feature", "properties": { "COMID": 45009736, "id": "37016", "lengthkm": 28.35323152522469, "order": 4, "uparea": 8164.3227684026879 }, "geometry": { "type": "LineString", "coordinates": [ [ 75.215833333333322, 32.1125 ], [ 75.223333333333329, 32.111666666666672 ], [ 75.2275, 32.108333333333341 ], [ 75.229166666666657, 32.11 ], [ 75.23333333333332, 32.103333333333339 ], [ 75.2375, 32.100833333333341 ], [ 75.2475, 32.099166666666676 ], [ 75.256666666666661, 32.100833333333341 ], [ 75.26, 32.104166666666671 ], [ 75.2575, 32.109166666666674 ], [ 75.259166666666658, 32.114166666666677 ], [ 75.258333333333326, 32.123333333333342 ], [ 75.260833333333323, 32.12916666666667 ], [ 75.26, 32.134166666666673 ], [ 75.265833333333319, 32.14 ], [ 75.290833333333325, 32.141666666666673 ], [ 75.296666666666653, 32.1475 ], [ 75.296666666666653, 32.1525 ], [ 75.295, 32.155833333333341 ], [ 75.293333333333322, 32.1575 ], [ 75.2925, 32.156666666666673 ], [ 75.2925, 32.164166666666674 ], [ 75.29583333333332, 32.168333333333337 ], [ 75.298333333333332, 32.168333333333337 ], [ 75.3, 32.170833333333341 ], [ 75.303333333333327, 32.171666666666674 ], [ 75.3075, 32.1675 ], [ 75.3125, 32.168333333333337 ], [ 75.314166666666665, 32.166666666666671 ], [ 75.326666666666654, 32.169166666666669 ], [ 75.3275, 32.17 ], [ 75.324166666666656, 32.1775 ], [ 75.335833333333326, 32.189166666666672 ], [ 75.335833333333326, 32.194166666666675 ], [ 75.341666666666654, 32.198333333333338 ], [ 75.348333333333329, 32.196666666666673 ], [ 75.3475, 32.198333333333338 ], [ 75.35, 32.19916666666667 ], [ 75.354166666666657, 32.1975 ], [ 75.356666666666655, 32.193333333333342 ], [ 75.360833333333332, 32.19166666666667 ], [ 75.365833333333327, 32.194166666666675 ] ] } },
{ "type": "Feature", "properties": { "COMID": 45009730, "id": "37016", "lengthkm": 4.6533072576814254, "order": 4, "uparea": 8206.4755986857617 }, "geometry": { "type": "LineString", "coordinates": [ [ 75.211666666666659, 32.14 ], [ 75.216666666666654, 32.138333333333343 ], [ 75.219166666666666, 32.135 ], [ 75.219166666666666, 32.130833333333342 ], [ 75.2175, 32.130833333333342 ], [ 75.209166666666661, 32.123333333333342 ], [ 75.2075, 32.1175 ], [ 75.210833333333326, 32.114166666666677 ], [ 75.215833333333322, 32.1125 ] ] } },
{ "type": "Feature", "properties": { "COMID": 45009728, "id": "37016", "lengthkm": 34.233762467398918, "order": 4, "uparea": 8366.1456234633533 }, "geometry": { "type": "LineString", "coordinates": [ [ 74.998333333333321, 32.07 ], [ 75.001666666666665, 32.073333333333338 ], [ 75.005833333333328, 32.073333333333338 ], [ 75.011666666666656, 32.07083333333334 ], [ 75.014166666666654, 32.0725 ], [ 75.018333333333331, 32.07083333333334 ], [ 75.030833333333334, 32.079166666666673 ], [ 75.038333333333327, 32.079166666666673 ], [ 75.044166666666655, 32.07416666666667 ], [ 75.051666666666662, 32.07416666666667 ], [ 75.05416666666666, 32.075833333333343 ], [ 75.056666666666658, 32.07416666666667 ], [ 75.0575, 32.079166666666673 ], [ 75.061666666666667, 32.083333333333343 ], [ 75.068333333333328, 32.085 ], [ 75.070833333333326, 32.0825 ], [ 75.073333333333323, 32.083333333333343 ], [ 75.08, 32.076666666666675 ], [ 75.080833333333331, 32.0775 ], [ 75.085, 32.07 ], [ 75.089166666666657, 32.066666666666677 ], [ 75.094166666666666, 32.0675 ], [ 75.095833333333331, 32.065 ], [ 75.0975, 32.065 ], [ 75.1, 32.0675 ], [ 75.105, 32.0675 ], [ 75.1125, 32.07083333333334 ], [ 75.11333333333333, 32.0725 ], [ 75.115833333333327, 32.071666666666673 ], [ 75.118333333333325, 32.07416666666667 ], [ 75.11666666666666, 32.075 ], [ 75.1175, 32.075833333333343 ], [ 75.1225, 32.076666666666675 ], [ 75.1125, 32.085 ], [ 75.115, 32.089166666666671 ], [ 75.12, 32.091666666666676 ], [ 75.120833333333323, 32.089166666666671 ], [ 75.1225, 32.09 ], [ 75.126666666666665, 32.085833333333341 ], [ 75.14, 32.085833333333341 ], [ 75.144166666666663, 32.086666666666673 ], [ 75.1475, 32.09 ], [ 75.148333333333326, 32.098333333333343 ], [ 75.15, 32.1 ], [ 75.178333333333327, 32.1025 ], [ 75.181666666666658, 32.105 ], [ 75.1825, 32.115 ], [ 75.196666666666658, 32.12166666666667 ], [ 75.200833333333321, 32.126666666666672 ], [ 75.2025, 32.135 ], [ 75.208333333333329, 32.14 ], [ 75.211666666666659, 32.14 ] ] } },
{ "type": "Feature", "properties": { "COMID": 45009720, "id": "37016", "lengthkm": 17.869639146444108, "order": 4, "uparea": 9464.4926756688019 }, "geometry": { "type": "LineString", "coordinates": [ [ 74.869166666666658, 32.045833333333341 ], [ 74.883333333333326, 32.034166666666671 ], [ 74.899166666666659, 32.028333333333336 ], [ 74.906666666666666, 32.029166666666676 ], [ 74.914166666666659, 32.035 ], [ 74.941666666666663, 32.035 ], [ 74.949166666666656, 32.031666666666673 ], [ 74.953333333333319, 32.033333333333339 ], [ 74.959166666666661, 32.0325 ], [ 74.964166666666657, 32.034166666666671 ], [ 74.965833333333322, 32.036666666666676 ], [ 74.9675, 32.035833333333343 ], [ 74.970833333333331, 32.0375 ], [ 74.98, 32.044166666666669 ], [ 74.985833333333332, 32.045 ], [ 74.998333333333321, 32.051666666666677 ], [ 74.9975, 32.053333333333342 ], [ 75.0, 32.06 ], [ 75.0, 32.0675 ], [ 74.998333333333321, 32.07 ] ] } },
{ "type": "Feature", "properties": { "COMID": 45009719, "id": "37016", "lengthkm": 5.8623748434876326, "order": 4, "uparea": 10245.446916232786 }, "geometry": { "type": "LineString", "coordinates": [ [ 74.85833333333332, 32.01166666666667 ], [ 74.864166666666662, 32.01166666666667 ], [ 74.8675, 32.019166666666671 ], [ 74.86666666666666, 32.024166666666673 ], [ 74.864166666666662, 32.026666666666671 ], [ 74.865, 32.0275 ], [ 74.861666666666665, 32.03 ], [ 74.8575, 32.038333333333341 ], [ 74.860833333333332, 32.044166666666669 ], [ 74.869166666666658, 32.045833333333341 ] ] } },
{ "type": "Feature", "properties": { "COMID": 45009718, "id": "37016", "lengthkm": 26.17327915494743, "order": 4, "uparea": 10377.760412572599 }, "geometry": { "type": "LineString", "coordinates": [ [ 74.718333333333334, 31.956666666666671 ], [ 74.720833333333331, 31.955 ], [ 74.7225, 31.955833333333338 ], [ 74.724166666666662, 31.95333333333334 ], [ 74.7275, 31.954166666666673 ], [ 74.731666666666655, 31.951666666666675 ], [ 74.74166666666666, 31.9425 ], [ 74.754166666666663, 31.935 ], [ 74.768333333333331, 31.940833333333337 ], [ 74.773333333333326, 31.9375 ], [ 74.776666666666657, 31.93833333333334 ], [ 74.781666666666666, 31.934166666666673 ], [ 74.798333333333332, 31.9325 ], [ 74.806666666666658, 31.936666666666675 ], [ 74.805833333333325, 31.940833333333337 ], [ 74.81, 31.9475 ], [ 74.809166666666655, 31.950833333333339 ], [ 74.810833333333321, 31.955 ], [ 74.818333333333328, 31.9625 ], [ 74.834166666666661, 31.9675 ], [ 74.835833333333326, 31.966666666666676 ], [ 74.8375, 31.968333333333341 ], [ 74.840833333333322, 31.966666666666676 ], [ 74.85, 31.970833333333339 ], [ 74.851666666666659, 31.975833333333341 ], [ 74.844166666666666, 31.98083333333334 ], [ 74.835833333333326, 31.983333333333341 ], [ 74.829166666666666, 31.990833333333342 ], [ 74.828333333333319, 31.9975 ], [ 74.835833333333326, 32.0075 ], [ 74.849166666666662, 32.0125 ], [ 74.85833333333332, 32.01166666666667 ] ] } },
{ "type": "Feature", "properties": { "COMID": 45009717, "id": "37016", "lengthkm": 14.049479382760319, "order": 4, "uparea": 10484.704167829244 }, "geometry": { "type": "LineString", "coordinates": [ [ 74.625, 31.896666666666675 ], [ 74.6275, 31.899166666666673 ], [ 74.635, 31.9 ], [ 74.650833333333324, 31.9075 ], [ 74.655, 31.915 ], [ 74.655, 31.920833333333341 ], [ 74.6575, 31.924166666666672 ], [ 74.671666666666653, 31.92583333333334 ], [ 74.675, 31.9275 ], [ 74.676666666666662, 31.930833333333339 ], [ 74.686666666666667, 31.9325 ], [ 74.691666666666663, 31.935833333333342 ], [ 74.695, 31.943333333333342 ], [ 74.694166666666661, 31.945 ], [ 74.699166666666656, 31.948333333333338 ], [ 74.698333333333323, 31.95 ], [ 74.7025, 31.955 ], [ 74.704166666666666, 31.954166666666673 ], [ 74.7075, 31.958333333333339 ], [ 74.716666666666654, 31.955 ], [ 74.718333333333334, 31.956666666666671 ] ] } },
{ "type": "Feature", "properties": { "COMID": 45009716, "id": "37016", "lengthkm": 2.3004938025350099, "order": 4, "uparea": 11158.113107301186 }, "geometry": { "type": "LineString", "coordinates": [ [ 74.614166666666662, 31.881666666666675 ], [ 74.621666666666655, 31.889166666666675 ], [ 74.620833333333323, 31.891666666666673 ], [ 74.625, 31.896666666666675 ] ] } },
{ "type": "Feature", "properties": { "COMID": 45011592, "id": "37016", "lengthkm": 27.523875502061831, "order": 4, "uparea": 11271.201117341479 }, "geometry": { "type": "LineString", "coordinates": [ [ 74.5225, 31.731666666666673 ], [ 74.52, 31.731666666666673 ], [ 74.515, 31.73833333333334 ], [ 74.52, 31.745833333333341 ], [ 74.519166666666663, 31.748333333333342 ], [ 74.525, 31.7525 ], [ 74.5275, 31.7575 ], [ 74.529166666666654, 31.756666666666675 ], [ 74.530833333333334, 31.75833333333334 ], [ 74.53, 31.763333333333343 ], [ 74.526666666666657, 31.76583333333334 ], [ 74.53, 31.768333333333338 ], [ 74.528333333333322, 31.774166666666673 ], [ 74.5325, 31.775833333333338 ], [ 74.5275, 31.789166666666674 ], [ 74.5275, 31.794166666666673 ], [ 74.531666666666666, 31.796666666666674 ], [ 74.533333333333331, 31.8 ], [ 74.5325, 31.801666666666673 ], [ 74.535833333333329, 31.805833333333339 ], [ 74.535, 31.806666666666672 ], [ 74.540833333333325, 31.8125 ], [ 74.5475, 31.8125 ], [ 74.55083333333333, 31.816666666666674 ], [ 74.555833333333325, 31.815833333333337 ], [ 74.558333333333323, 31.818333333333342 ], [ 74.563333333333333, 31.8175 ], [ 74.565, 31.819166666666675 ], [ 74.56583333333333, 31.824166666666674 ], [ 74.568333333333328, 31.825833333333343 ], [ 74.564166666666665, 31.830833333333338 ], [ 74.5625, 31.84083333333334 ], [ 74.565, 31.843333333333341 ], [ 74.564166666666665, 31.8475 ], [ 74.566666666666663, 31.851666666666674 ], [ 74.56583333333333, 31.853333333333339 ], [ 74.568333333333328, 31.85583333333334 ], [ 74.566666666666663, 31.858333333333341 ], [ 74.566666666666663, 31.86333333333334 ], [ 74.575, 31.875 ], [ 74.575, 31.8775 ], [ 74.576666666666654, 31.878333333333337 ], [ 74.579166666666666, 31.876666666666672 ], [ 74.581666666666663, 31.879166666666674 ], [ 74.595, 31.881666666666675 ], [ 74.598333333333329, 31.884166666666673 ], [ 74.604166666666657, 31.881666666666675 ], [ 74.614166666666662, 31.881666666666675 ] ] } },
{ "type": "Feature", "properties": { "COMID": 45011588, "id": "37016", "lengthkm": 7.7303280181151486, "order": 4, "uparea": 13141.313575218092 }, "geometry": { "type": "LineString", "coordinates": [ [ 74.48, 31.71 ], [ 74.49, 31.709166666666675 ], [ 74.493333333333325, 31.705833333333338 ], [ 74.5, 31.705833333333338 ], [ 74.5075, 31.708333333333339 ], [ 74.53, 31.721666666666671 ], [ 74.530833333333334, 31.725 ], [ 74.5225, 31.731666666666673 ] ] } },
{ "type": "Feature", "properties": { "COMID": 45011586, "id": "37016", "lengthkm": 1.8388109953618801, "order": 4, "uparea": 13208.400332793335 }, "geometry": { "type": "LineString", "coordinates": [ [ 74.4725, 31.720833333333339 ], [ 74.480833333333322, 31.715 ], [ 74.478333333333325, 31.7125 ], [ 74.48, 31.71 ] ] } },
{ "type": "Feature", "properties": { "COMID": 45011585, "id": "37016", "lengthkm": 28.71131358133124, "order": 4, "uparea": 13592.620715731035 }, "geometry": { "type": "LineString", "coordinates": [ [ 74.315, 31.623333333333342 ], [ 74.31583333333333, 31.6275 ], [ 74.319166666666661, 31.63 ], [ 74.32, 31.629166666666674 ], [ 74.321666666666658, 31.631666666666675 ], [ 74.325, 31.631666666666675 ], [ 74.325833333333321, 31.63333333333334 ], [ 74.3275, 31.6325 ], [ 74.334166666666661, 31.641666666666673 ], [ 74.3425, 31.641666666666673 ], [ 74.343333333333334, 31.645833333333339 ], [ 74.3475, 31.650833333333338 ], [ 74.345833333333331, 31.651666666666671 ], [ 74.346666666666664, 31.654166666666676 ], [ 74.349166666666662, 31.656666666666673 ], [ 74.349166666666662, 31.6625 ], [ 74.346666666666664, 31.665 ], [ 74.349166666666662, 31.67 ], [ 74.348333333333329, 31.676666666666673 ], [ 74.36, 31.6875 ], [ 74.3625, 31.68833333333334 ], [ 74.37, 31.683333333333341 ], [ 74.371666666666655, 31.684166666666673 ], [ 74.373333333333321, 31.680833333333339 ], [ 74.37833333333333, 31.680833333333339 ], [ 74.384166666666658, 31.67583333333334 ], [ 74.3825, 31.671666666666674 ], [ 74.385, 31.67 ], [ 74.385, 31.66833333333334 ], [ 74.393333333333331, 31.6675 ], [ 74.403333333333322, 31.678333333333342 ], [ 74.400833333333324, 31.685 ], [ 74.408333333333331, 31.693333333333342 ], [ 74.41, 31.693333333333342 ], [ 74.410833333333329, 31.6975 ], [ 74.413333333333327, 31.699166666666674 ], [ 74.4175, 31.699166666666674 ], [ 74.424166666666665, 31.704166666666673 ], [ 74.42916666666666, 31.705 ], [ 74.435, 31.71 ], [ 74.436666666666667, 31.7075 ], [ 74.449166666666656, 31.7075 ], [ 74.451666666666654, 31.71 ], [ 74.450833333333321, 31.711666666666673 ], [ 74.459166666666661, 31.719166666666673 ], [ 74.465, 31.721666666666671 ], [ 74.4675, 31.72 ], [ 74.4725, 31.720833333333339 ] ] } },
{ "type": "Feature", "properties": { "COMID": 45011579, "id": "37016", "lengthkm": 15.422970881327442, "order": 4, "uparea": 13790.065826361642 }, "geometry": { "type": "LineString", "coordinates": [ [ 74.235, 31.54 ], [ 74.23833333333333, 31.546666666666674 ], [ 74.24166666666666, 31.545833333333341 ], [ 74.251666666666665, 31.555833333333339 ], [ 74.25, 31.558333333333341 ], [ 74.25333333333333, 31.559166666666673 ], [ 74.261666666666656, 31.5675 ], [ 74.264166666666654, 31.5675 ], [ 74.263333333333321, 31.565833333333341 ], [ 74.265, 31.564166666666672 ], [ 74.2675, 31.566666666666674 ], [ 74.266666666666666, 31.569166666666675 ], [ 74.27, 31.571666666666673 ], [ 74.271666666666661, 31.5775 ], [ 74.269166666666663, 31.58 ], [ 74.269166666666663, 31.588333333333338 ], [ 74.273333333333326, 31.59083333333334 ], [ 74.286666666666662, 31.605 ], [ 74.2925, 31.608333333333341 ], [ 74.29583333333332, 31.606666666666673 ], [ 74.298333333333332, 31.610833333333339 ], [ 74.31, 31.6175 ], [ 74.315, 31.623333333333342 ] ] } },
{ "type": "Feature", "properties": { "COMID": 45011575, "id": "37016", "lengthkm": 16.710213023567899, "order": 4, "uparea": 13935.645938348844 }, "geometry": { "type": "LineString", "coordinates": [ [ 74.1675, 31.4825 ], [ 74.169166666666655, 31.484166666666674 ], [ 74.174166666666665, 31.484166666666674 ], [ 74.183333333333323, 31.481666666666673 ], [ 74.195833333333326, 31.485833333333339 ], [ 74.203333333333319, 31.485833333333339 ], [ 74.206666666666663, 31.48083333333334 ], [ 74.211666666666659, 31.479166666666671 ], [ 74.215, 31.48083333333334 ], [ 74.219166666666666, 31.491666666666674 ], [ 74.2175, 31.4925 ], [ 74.218333333333334, 31.499166666666675 ], [ 74.21, 31.506666666666675 ], [ 74.209166666666661, 31.505833333333342 ], [ 74.2025, 31.509166666666673 ], [ 74.200833333333321, 31.5125 ], [ 74.205833333333331, 31.5175 ], [ 74.215, 31.520833333333343 ], [ 74.215833333333322, 31.521666666666675 ], [ 74.214166666666657, 31.524166666666673 ], [ 74.216666666666654, 31.526666666666671 ], [ 74.22, 31.525833333333338 ], [ 74.224166666666662, 31.53 ], [ 74.226666666666659, 31.529166666666676 ], [ 74.2325, 31.534166666666671 ], [ 74.2325, 31.5375 ], [ 74.235, 31.54 ] ] } },
{ "type": "Feature", "properties": { "COMID": 45011573, "id": "37016", "lengthkm": 12.478209945696886, "order": 4, "uparea": 14043.662025212992 }, "geometry": { "type": "LineString", "coordinates": [ [ 74.106666666666655, 31.408333333333339 ], [ 74.11666666666666, 31.41 ], [ 74.1225, 31.413333333333341 ], [ 74.125, 31.416666666666671 ], [ 74.125833333333333, 31.426666666666673 ], [ 74.131666666666661, 31.435 ], [ 74.148333333333326, 31.446666666666673 ], [ 74.151666666666657, 31.451666666666675 ], [ 74.159166666666664, 31.455 ], [ 74.158333333333331, 31.4575 ], [ 74.161666666666662, 31.459166666666675 ], [ 74.165833333333325, 31.46583333333334 ], [ 74.165833333333325, 31.471666666666671 ], [ 74.168333333333322, 31.476666666666674 ], [ 74.1675, 31.4825 ] ] } },
{ "type": "Feature", "properties": { "COMID": 45011570, "id": "37016", "lengthkm": 3.5196174885478562, "order": 4, "uparea": 14516.3456682101 }, "geometry": { "type": "LineString", "coordinates": [ [ 74.081666666666663, 31.414166666666674 ], [ 74.085, 31.413333333333341 ], [ 74.086666666666659, 31.415 ], [ 74.09, 31.413333333333341 ], [ 74.0925, 31.4075 ], [ 74.094166666666666, 31.409166666666671 ], [ 74.1, 31.4075 ], [ 74.103333333333325, 31.41 ], [ 74.106666666666655, 31.408333333333339 ] ] } },
{ "type": "Feature", "properties": { "COMID": 45011569, "id": "37016", "lengthkm": 11.261693860758053, "order": 5, "uparea": 20163.094529946076 }, "geometry": { "type": "LineString", "coordinates": [ [ 74.021666666666661, 31.3575 ], [ 74.025833333333324, 31.359166666666674 ], [ 74.0325, 31.359166666666674 ], [ 74.041666666666657, 31.370833333333341 ], [ 74.046666666666653, 31.373333333333342 ], [ 74.053333333333327, 31.3725 ], [ 74.056666666666658, 31.374166666666675 ], [ 74.0575, 31.375 ], [ 74.053333333333327, 31.3875 ], [ 74.055, 31.389166666666675 ], [ 74.0575, 31.400833333333338 ], [ 74.073333333333323, 31.414166666666674 ], [ 74.076666666666654, 31.4125 ], [ 74.081666666666663, 31.414166666666674 ] ] } },
{ "type": "Feature", "properties": { "COMID": 45011567, "id": "37016", "lengthkm": 12.529989341914678, "order": 5, "uparea": 20242.960648457865 }, "geometry": { "type": "LineString", "coordinates": [ [ 73.966666666666654, 31.298333333333339 ], [ 73.973333333333329, 31.305833333333339 ], [ 73.9775, 31.314166666666672 ], [ 73.9775, 31.32 ], [ 73.990833333333327, 31.333333333333343 ], [ 73.993333333333325, 31.334166666666675 ], [ 73.995833333333323, 31.331666666666674 ], [ 74.000833333333333, 31.331666666666674 ], [ 74.005, 31.329166666666673 ], [ 74.010833333333323, 31.329166666666673 ], [ 74.016666666666666, 31.333333333333343 ], [ 74.016666666666666, 31.336666666666673 ], [ 74.019166666666663, 31.339166666666674 ], [ 74.015, 31.345 ], [ 74.013333333333321, 31.34833333333334 ], [ 74.014166666666654, 31.350833333333341 ], [ 74.011666666666656, 31.354166666666671 ], [ 74.0175, 31.358333333333341 ], [ 74.021666666666661, 31.3575 ] ] } },
{ "type": "Feature", "properties": { "COMID": 45011565, "id": "37016", "lengthkm": 6.0304609430673244, "order": 5, "uparea": 20385.97073452577 }, "geometry": { "type": "LineString", "coordinates": [ [ 73.918333333333322, 31.305833333333339 ], [ 73.92, 31.304166666666674 ], [ 73.9225, 31.3075 ], [ 73.933333333333323, 31.3025 ], [ 73.936666666666667, 31.303333333333342 ], [ 73.949166666666656, 31.298333333333339 ], [ 73.955, 31.2975 ], [ 73.96, 31.299166666666672 ], [ 73.963333333333324, 31.296666666666674 ], [ 73.966666666666654, 31.298333333333339 ] ] } },
{ "type": "Feature", "properties": { "COMID": 45011564, "id": "37016", "lengthkm": 5.5828993763688066, "order": 5, "uparea": 23051.126821317856 }, "geometry": { "type": "LineString", "coordinates": [ [ 73.916666666666657, 31.26583333333334 ], [ 73.919166666666655, 31.270833333333343 ], [ 73.915, 31.274166666666673 ], [ 73.911666666666662, 31.280833333333341 ], [ 73.9075, 31.285 ], [ 73.906666666666666, 31.289166666666674 ], [ 73.908333333333331, 31.295833333333341 ], [ 73.913333333333327, 31.299166666666672 ], [ 73.918333333333322, 31.305833333333339 ] ] } },
{ "type": "Feature", "properties": { "COMID": 45013372, "id": "37016", "lengthkm": 8.2615294900537055, "order": 5, "uparea": 23114.873184194643 }, "geometry": { "type": "LineString", "coordinates": [ [ 73.861666666666665, 31.221666666666671 ], [ 73.873333333333335, 31.231666666666676 ], [ 73.879166666666663, 31.243333333333339 ], [ 73.884166666666658, 31.249166666666675 ], [ 73.886666666666656, 31.248333333333342 ], [ 73.896666666666661, 31.256666666666675 ], [ 73.909166666666664, 31.259166666666673 ], [ 73.916666666666657, 31.26583333333334 ] ] } },
{ "type": "Feature", "properties": { "COMID": 45013368, "id": "37016", "lengthkm": 12.227495688296015, "order": 5, "uparea": 23215.347369199822 }, "geometry": { "type": "LineString", "coordinates": [ [ 73.768333333333331, 31.226666666666674 ], [ 73.779166666666654, 31.221666666666671 ], [ 73.789166666666659, 31.221666666666671 ], [ 73.791666666666657, 31.22333333333334 ], [ 73.795, 31.221666666666671 ], [ 73.803333333333327, 31.224166666666676 ], [ 73.805833333333325, 31.220833333333339 ], [ 73.809166666666655, 31.22 ], [ 73.81, 31.218333333333341 ], [ 73.810833333333335, 31.219166666666673 ], [ 73.814166666666665, 31.215 ], [ 73.815, 31.21583333333334 ], [ 73.815, 31.214166666666674 ], [ 73.8175, 31.213333333333338 ], [ 73.819166666666661, 31.215 ], [ 73.824166666666656, 31.214166666666674 ], [ 73.825833333333321, 31.21583333333334 ], [ 73.836666666666659, 31.215 ], [ 73.841666666666654, 31.218333333333341 ], [ 73.845833333333331, 31.216666666666676 ], [ 73.854166666666657, 31.2225 ], [ 73.8575, 31.2225 ], [ 73.859166666666653, 31.220833333333339 ], [ 73.861666666666665, 31.221666666666671 ] ] } },
{ "type": "Feature", "properties": { "COMID": 45013320, "id": "37016", "lengthkm": 30.946017358988549, "order": 5, "uparea": 23559.290741242658 }, "geometry": { "type": "LineString", "coordinates": [ [ 73.6125, 31.161666666666676 ], [ 73.610833333333332, 31.158333333333339 ], [ 73.611666666666665, 31.154166666666676 ], [ 73.61, 31.1525 ], [ 73.610833333333332, 31.149166666666673 ], [ 73.609166666666653, 31.1475 ], [ 73.6125, 31.1425 ], [ 73.6125, 31.14 ], [ 73.615, 31.138333333333343 ], [ 73.623333333333335, 31.14 ], [ 73.626666666666665, 31.1425 ], [ 73.625833333333333, 31.144166666666674 ], [ 73.6275, 31.145833333333343 ], [ 73.635833333333323, 31.145 ], [ 73.6375, 31.146666666666675 ], [ 73.641666666666666, 31.144166666666674 ], [ 73.646666666666661, 31.145 ], [ 73.6475, 31.1425 ], [ 73.66, 31.14083333333334 ], [ 73.661666666666662, 31.139166666666675 ], [ 73.67083333333332, 31.14083333333334 ], [ 73.67083333333332, 31.1425 ], [ 73.674166666666665, 31.145 ], [ 73.671666666666653, 31.15 ], [ 73.674166666666665, 31.1525 ], [ 73.673333333333332, 31.155 ], [ 73.6775, 31.1575 ], [ 73.676666666666662, 31.161666666666676 ], [ 73.674166666666665, 31.1625 ], [ 73.675, 31.165833333333339 ], [ 73.673333333333332, 31.1675 ], [ 73.673333333333332, 31.174166666666672 ], [ 73.6775, 31.18 ], [ 73.67916666666666, 31.179166666666674 ], [ 73.6825, 31.181666666666672 ], [ 73.688333333333333, 31.181666666666672 ], [ 73.6925, 31.185833333333342 ], [ 73.694166666666661, 31.185 ], [ 73.695833333333326, 31.186666666666675 ], [ 73.708333333333329, 31.184166666666673 ], [ 73.7125, 31.186666666666675 ], [ 73.716666666666654, 31.186666666666675 ], [ 73.725833333333327, 31.194166666666675 ], [ 73.725833333333327, 31.200833333333343 ], [ 73.723333333333329, 31.20333333333334 ], [ 73.725, 31.205 ], [ 73.725, 31.210833333333341 ], [ 73.7275, 31.215 ], [ 73.7375, 31.21583333333334 ], [ 73.74, 31.214166666666674 ], [ 73.74, 31.216666666666676 ], [ 73.7425, 31.219166666666673 ], [ 73.74166666666666, 31.22333333333334 ], [ 73.744166666666658, 31.225833333333341 ], [ 73.745, 31.224166666666676 ], [ 73.75, 31.2275 ], [ 73.750833333333333, 31.225833333333341 ], [ 73.754166666666663, 31.2275 ], [ 73.758333333333326, 31.225833333333341 ], [ 73.760833333333323, 31.226666666666674 ], [ 73.765833333333333, 31.224166666666676 ], [ 73.768333333333331, 31.226666666666674 ] ] } },
{ "type": "Feature", "properties": { "COMID": 45013316, "id": "37016", "lengthkm": 32.58391104490029, "order": 5, "uparea": 23710.763505908468 }, "geometry": { "type": "LineString", "coordinates": [ [ 73.4375, 31.086666666666673 ], [ 73.436666666666667, 31.088333333333338 ], [ 73.438333333333333, 31.09 ], [ 73.438333333333333, 31.093333333333341 ], [ 73.448333333333323, 31.10583333333334 ], [ 73.4525, 31.106666666666676 ], [ 73.4525, 31.105 ], [ 73.455833333333331, 31.105 ], [ 73.4575, 31.106666666666676 ], [ 73.460833333333326, 31.105 ], [ 73.465, 31.1075 ], [ 73.465, 31.11 ], [ 73.47, 31.1175 ], [ 73.475833333333327, 31.12 ], [ 73.481666666666655, 31.1175 ], [ 73.484166666666653, 31.123333333333342 ], [ 73.490833333333327, 31.120833333333341 ], [ 73.4925, 31.1225 ], [ 73.495833333333323, 31.118333333333339 ], [ 73.500833333333333, 31.116666666666674 ], [ 73.509166666666658, 31.116666666666674 ], [ 73.510833333333323, 31.119166666666672 ], [ 73.513333333333321, 31.1175 ], [ 73.516666666666666, 31.118333333333339 ], [ 73.521666666666661, 31.116666666666674 ], [ 73.523333333333326, 31.118333333333339 ], [ 73.530833333333334, 31.109166666666674 ], [ 73.534166666666664, 31.109166666666674 ], [ 73.535833333333329, 31.105 ], [ 73.54, 31.106666666666676 ], [ 73.5525, 31.1225 ], [ 73.555833333333325, 31.124166666666675 ], [ 73.55416666666666, 31.1275 ], [ 73.558333333333323, 31.134166666666673 ], [ 73.563333333333333, 31.134166666666673 ], [ 73.56583333333333, 31.130833333333342 ], [ 73.57, 31.129166666666674 ], [ 73.57, 31.126666666666672 ], [ 73.5725, 31.12583333333334 ], [ 73.583333333333329, 31.1325 ], [ 73.586666666666659, 31.131666666666675 ], [ 73.591666666666654, 31.135833333333341 ], [ 73.595833333333331, 31.144166666666674 ], [ 73.593333333333334, 31.1475 ], [ 73.595, 31.15 ], [ 73.594166666666666, 31.1525 ], [ 73.596666666666664, 31.155 ], [ 73.595, 31.158333333333339 ], [ 73.596666666666664, 31.1625 ], [ 73.595, 31.165 ], [ 73.598333333333329, 31.17 ], [ 73.605833333333322, 31.1725 ], [ 73.609166666666653, 31.171666666666674 ], [ 73.6125, 31.161666666666676 ] ] } },
{ "type": "Feature", "properties": { "COMID": 45013315, "id": "37016", "lengthkm": 13.739999909042087, "order": 5, "uparea": 23812.830509228846 }, "geometry": { "type": "LineString", "coordinates": [ [ 73.344166666666666, 31.033333333333339 ], [ 73.3475, 31.03583333333334 ], [ 73.353333333333325, 31.03583333333334 ], [ 73.36, 31.031666666666673 ], [ 73.37, 31.031666666666673 ], [ 73.381666666666661, 31.046666666666674 ], [ 73.384166666666658, 31.055833333333339 ], [ 73.391666666666666, 31.06333333333334 ], [ 73.401666666666657, 31.068333333333342 ], [ 73.411666666666662, 31.066666666666674 ], [ 73.4175, 31.0675 ], [ 73.4175, 31.07083333333334 ], [ 73.419166666666655, 31.0725 ], [ 73.42583333333333, 31.0725 ], [ 73.42916666666666, 31.075 ], [ 73.4375, 31.086666666666673 ] ] } },
{ "type": "Feature", "properties": { "COMID": 45013314, "id": "37016", "lengthkm": 3.884703368822009, "order": 5, "uparea": 25273.380388262111 }, "geometry": { "type": "LineString", "coordinates": [ [ 73.3125, 31.025 ], [ 73.315, 31.026666666666674 ], [ 73.3325, 31.025833333333338 ], [ 73.344166666666666, 31.033333333333339 ] ] } },
{ "type": "Feature", "properties": { "COMID": 45013313, "id": "37016", "lengthkm": 8.1733569458646169, "order": 5, "uparea": 25352.306968555953 }, "geometry": { "type": "LineString", "coordinates": [ [ 73.264166666666654, 30.985 ], [ 73.274166666666659, 30.995 ], [ 73.275, 30.994166666666672 ], [ 73.283333333333331, 30.9975 ], [ 73.290833333333325, 31.006666666666675 ], [ 73.296666666666667, 31.0075 ], [ 73.301666666666662, 31.005 ], [ 73.305, 31.01 ], [ 73.30416666666666, 31.013333333333343 ], [ 73.305833333333325, 31.018333333333338 ], [ 73.3125, 31.025 ] ] } },
{ "type": "Feature", "properties": { "COMID": 45013312, "id": "37016", "lengthkm": 13.060739618710796, "order": 5, "uparea": 25451.0368526206 }, "geometry": { "type": "LineString", "coordinates": [ [ 73.235833333333332, 30.91 ], [ 73.23333333333332, 30.92 ], [ 73.230833333333322, 30.9225 ], [ 73.2325, 30.924166666666672 ], [ 73.231666666666655, 30.930833333333339 ], [ 73.228333333333325, 30.940833333333341 ], [ 73.234166666666667, 30.948333333333341 ], [ 73.230833333333322, 30.963333333333338 ], [ 73.234166666666667, 30.966666666666676 ], [ 73.2375, 30.965833333333343 ], [ 73.243333333333325, 30.9725 ], [ 73.245, 30.986666666666672 ], [ 73.248333333333335, 30.9925 ], [ 73.254166666666663, 30.993333333333339 ], [ 73.264166666666654, 30.985 ] ] } },
{ "type": "Feature", "properties": { "COMID": 45013311, "id": "37016", "lengthkm": 9.5577638913189311, "order": 5, "uparea": 25689.086565906891 }, "geometry": { "type": "LineString", "coordinates": [ [ 73.17, 30.8975 ], [ 73.174166666666665, 30.895833333333343 ], [ 73.175, 30.893333333333338 ], [ 73.19, 30.893333333333338 ], [ 73.19, 30.891666666666673 ], [ 73.191666666666663, 30.891666666666673 ], [ 73.195833333333326, 30.894166666666674 ], [ 73.1975, 30.893333333333338 ], [ 73.198333333333323, 30.8975 ], [ 73.205, 30.895833333333343 ], [ 73.208333333333329, 30.899166666666673 ], [ 73.215833333333322, 30.9025 ], [ 73.229166666666657, 30.898333333333341 ], [ 73.234166666666667, 30.9025 ], [ 73.236666666666665, 30.908333333333339 ], [ 73.235833333333332, 30.91 ] ] } },
{ "type": "Feature", "properties": { "COMID": 45013310, "id": "37016", "lengthkm": 68.586933663561538, "order": 5, "uparea": 25978.219010644101 }, "geometry": { "type": "LineString", "coordinates": [ [ 72.8175, 30.718333333333341 ], [ 72.82, 30.716666666666676 ], [ 72.823333333333323, 30.72 ], [ 72.83, 30.719166666666673 ], [ 72.831666666666663, 30.720833333333339 ], [ 72.835, 30.720833333333339 ], [ 72.839166666666657, 30.715 ], [ 72.838333333333324, 30.7125 ], [ 72.84, 30.71 ], [ 72.840833333333322, 30.710833333333341 ], [ 72.845833333333331, 30.706666666666674 ], [ 72.8475, 30.7075 ], [ 72.85, 30.705 ], [ 72.850833333333327, 30.705833333333342 ], [ 72.853333333333325, 30.701666666666675 ], [ 72.856666666666655, 30.701666666666675 ], [ 72.8575, 30.699166666666674 ], [ 72.860833333333332, 30.700833333333343 ], [ 72.864166666666662, 30.7 ], [ 72.869166666666658, 30.705 ], [ 72.869166666666658, 30.7075 ], [ 72.871666666666655, 30.71 ], [ 72.87, 30.7175 ], [ 72.874166666666667, 30.715 ], [ 72.881666666666661, 30.721666666666675 ], [ 72.885, 30.720833333333339 ], [ 72.890833333333333, 30.723333333333343 ], [ 72.8925, 30.725833333333341 ], [ 72.891666666666666, 30.7275 ], [ 72.895833333333329, 30.733333333333341 ], [ 72.895833333333329, 30.736666666666672 ], [ 72.901666666666657, 30.739166666666677 ], [ 72.904166666666654, 30.7375 ], [ 72.911666666666662, 30.741666666666674 ], [ 72.9125, 30.740833333333342 ], [ 72.913333333333327, 30.7425 ], [ 72.9175, 30.7425 ], [ 72.9225, 30.746666666666673 ], [ 72.921666666666667, 30.748333333333342 ], [ 72.925, 30.754166666666674 ], [ 72.9275, 30.754166666666674 ], [ 72.928333333333327, 30.75833333333334 ], [ 72.930833333333325, 30.759166666666673 ], [ 72.928333333333327, 30.764166666666675 ], [ 72.9325, 30.76583333333334 ], [ 72.936666666666667, 30.7625 ], [ 72.938333333333333, 30.765 ], [ 72.943333333333328, 30.765 ], [ 72.950833333333321, 30.760833333333341 ], [ 72.953333333333333, 30.764166666666675 ], [ 72.955, 30.764166666666675 ], [ 72.955, 30.761666666666674 ], [ 72.959166666666661, 30.759166666666673 ], [ 72.960833333333326, 30.760833333333341 ], [ 72.9625, 30.759166666666673 ], [ 72.966666666666654, 30.76 ], [ 72.9675, 30.7575 ], [ 72.974166666666662, 30.75833333333334 ], [ 72.9775, 30.756666666666675 ], [ 72.979166666666657, 30.7525 ], [ 72.976666666666659, 30.75083333333334 ], [ 72.978333333333325, 30.746666666666673 ], [ 72.981666666666655, 30.748333333333342 ], [ 72.98333333333332, 30.745833333333341 ], [ 72.990833333333327, 30.746666666666673 ], [ 72.994166666666658, 30.753333333333341 ], [ 72.9925, 30.755 ], [ 72.993333333333325, 30.7575 ], [ 72.996666666666655, 30.76 ], [ 72.995, 30.76583333333334 ], [ 72.998333333333335, 30.773333333333341 ], [ 72.996666666666655, 30.775833333333338 ], [ 72.998333333333335, 30.78583333333334 ], [ 73.000833333333333, 30.7875 ], [ 73.009166666666658, 30.786666666666676 ], [ 73.013333333333321, 30.789166666666674 ], [ 73.0175, 30.789166666666674 ], [ 73.023333333333326, 30.794166666666676 ], [ 73.025833333333324, 30.79333333333334 ], [ 73.028333333333322, 30.795833333333341 ], [ 73.0325, 30.795 ], [ 73.031666666666666, 30.795833333333341 ], [ 73.035833333333329, 30.7975 ], [ 73.04, 30.804166666666674 ], [ 73.04, 30.8125 ], [ 73.044166666666655, 30.818333333333342 ], [ 73.043333333333322, 30.82083333333334 ], [ 73.04583333333332, 30.8225 ], [ 73.0475, 30.82083333333334 ], [ 73.05, 30.824166666666674 ], [ 73.05416666666666, 30.821666666666673 ], [ 73.053333333333327, 30.818333333333342 ], [ 73.055, 30.8175 ], [ 73.05416666666666, 30.815 ], [ 73.055833333333325, 30.81333333333334 ], [ 73.059166666666655, 30.814166666666672 ], [ 73.066666666666663, 30.809166666666673 ], [ 73.071666666666658, 30.815 ], [ 73.073333333333323, 30.82 ], [ 73.075833333333321, 30.82 ], [ 73.0775, 30.8225 ], [ 73.075, 30.831666666666674 ], [ 73.075, 30.84 ], [ 73.079166666666666, 30.846666666666675 ], [ 73.080833333333331, 30.845833333333339 ], [ 73.0825, 30.84833333333334 ], [ 73.089166666666657, 30.84833333333334 ], [ 73.090833333333322, 30.85 ], [ 73.0925, 30.84833333333334 ], [ 73.096666666666664, 30.849166666666676 ], [ 73.098333333333329, 30.850833333333341 ], [ 73.0975, 30.8525 ], [ 73.104166666666657, 30.85 ], [ 73.11666666666666, 30.85583333333334 ], [ 73.119166666666658, 30.85583333333334 ], [ 73.1225, 30.8525 ], [ 73.123333333333335, 30.854166666666671 ], [ 73.124166666666667, 30.853333333333339 ], [ 73.125833333333333, 30.85583333333334 ], [ 73.12833333333333, 30.85583333333334 ], [ 73.131666666666661, 30.860833333333339 ], [ 73.135833333333323, 30.8625 ], [ 73.135, 30.8725 ], [ 73.14, 30.88 ], [ 73.144166666666663, 30.8825 ], [ 73.151666666666657, 30.891666666666673 ], [ 73.1525, 30.889166666666675 ], [ 73.155833333333334, 30.889166666666675 ], [ 73.1575, 30.89083333333334 ], [ 73.159166666666664, 30.889166666666675 ], [ 73.1625, 30.889166666666675 ], [ 73.17, 30.8975 ] ] } },
{ "type": "Feature", "properties": { "COMID": 45013309, "id": "37016", "lengthkm": 9.1028189243837403, "order": 5, "uparea": 26772.603927979115 }, "geometry": { "type": "LineString", "coordinates": [ [ 72.761666666666656, 30.71 ], [ 72.763333333333321, 30.708333333333343 ], [ 72.766666666666666, 30.71 ], [ 72.769166666666663, 30.709166666666675 ], [ 72.771666666666661, 30.711666666666673 ], [ 72.775833333333324, 30.708333333333343 ], [ 72.780833333333334, 30.7075 ], [ 72.776666666666657, 30.7 ], [ 72.780833333333334, 30.701666666666675 ], [ 72.785, 30.700833333333343 ], [ 72.790833333333325, 30.705 ], [ 72.795, 30.70333333333334 ], [ 72.803333333333327, 30.708333333333343 ], [ 72.80416666666666, 30.7075 ], [ 72.813333333333333, 30.716666666666676 ], [ 72.8175, 30.718333333333341 ] ] } },
{ "type": "Feature", "properties": { "COMID": 45015468, "id": "37016", "lengthkm": 17.044112469411484, "order": 5, "uparea": 27634.01495864792 }, "geometry": { "type": "LineString", "coordinates": [ [ 72.744166666666658, 30.629166666666674 ], [ 72.746666666666655, 30.631666666666675 ], [ 72.745, 30.63333333333334 ], [ 72.7425, 30.6325 ], [ 72.743333333333325, 30.635833333333341 ], [ 72.74166666666666, 30.638333333333343 ], [ 72.745, 30.6425 ], [ 72.745833333333323, 30.64083333333334 ], [ 72.75, 30.645833333333343 ], [ 72.751666666666665, 30.645833333333343 ], [ 72.75333333333333, 30.649166666666673 ], [ 72.75, 30.6575 ], [ 72.750833333333333, 30.660833333333343 ], [ 72.7475, 30.665833333333339 ], [ 72.749166666666667, 30.67 ], [ 72.745833333333323, 30.6725 ], [ 72.745833333333323, 30.675 ], [ 72.743333333333325, 30.675 ], [ 72.73833333333333, 30.666666666666675 ], [ 72.7325, 30.669166666666676 ], [ 72.731666666666655, 30.66833333333334 ], [ 72.7325, 30.6725 ], [ 72.730833333333322, 30.676666666666677 ], [ 72.735833333333332, 30.685833333333342 ], [ 72.7375, 30.683333333333341 ], [ 72.740833333333327, 30.683333333333341 ], [ 72.748333333333335, 30.6875 ], [ 72.751666666666665, 30.6925 ], [ 72.750833333333333, 30.6975 ], [ 72.7525, 30.704166666666673 ], [ 72.76, 30.706666666666674 ], [ 72.761666666666656, 30.71 ] ] } },
{ "type": "Feature", "properties": { "COMID": 45015464, "id": "37016", "lengthkm": 96.738581534669137, "order": 5, "uparea": 29340.208901409256 }, "geometry": { "type": "LineString", "coordinates": [ [ 72.21, 30.564166666666672 ], [ 72.2275, 30.561666666666675 ], [ 72.230833333333322, 30.565833333333341 ], [ 72.231666666666655, 30.5725 ], [ 72.235, 30.576666666666675 ], [ 72.235833333333332, 30.575833333333343 ], [ 72.24166666666666, 30.579166666666673 ], [ 72.245, 30.57833333333334 ], [ 72.246666666666655, 30.58 ], [ 72.249166666666667, 30.57833333333334 ], [ 72.25, 30.579166666666673 ], [ 72.2475, 30.571666666666673 ], [ 72.2475, 30.568333333333342 ], [ 72.250833333333333, 30.561666666666675 ], [ 72.25, 30.56 ], [ 72.25333333333333, 30.558333333333341 ], [ 72.2675, 30.559166666666677 ], [ 72.273333333333326, 30.555 ], [ 72.274166666666659, 30.551666666666677 ], [ 72.271666666666661, 30.549166666666672 ], [ 72.275833333333324, 30.545 ], [ 72.281666666666666, 30.5475 ], [ 72.2875, 30.555 ], [ 72.290833333333325, 30.561666666666675 ], [ 72.29, 30.569166666666675 ], [ 72.303333333333327, 30.5775 ], [ 72.31, 30.579166666666673 ], [ 72.310833333333335, 30.576666666666675 ], [ 72.3125, 30.57833333333334 ], [ 72.318333333333328, 30.579166666666673 ], [ 72.3175, 30.576666666666675 ], [ 72.32, 30.574166666666674 ], [ 72.321666666666658, 30.575833333333343 ], [ 72.324166666666656, 30.5725 ], [ 72.325833333333321, 30.574166666666674 ], [ 72.326666666666668, 30.566666666666674 ], [ 72.331666666666663, 30.56 ], [ 72.333333333333329, 30.564166666666672 ], [ 72.340833333333322, 30.564166666666672 ], [ 72.346666666666664, 30.566666666666674 ], [ 72.3475, 30.569166666666675 ], [ 72.351666666666659, 30.568333333333342 ], [ 72.36, 30.571666666666673 ], [ 72.361666666666665, 30.573333333333341 ], [ 72.360833333333332, 30.575833333333343 ], [ 72.3625, 30.576666666666675 ], [ 72.36333333333333, 30.574166666666674 ], [ 72.365, 30.574166666666674 ], [ 72.368333333333325, 30.576666666666675 ], [ 72.370833333333323, 30.575 ], [ 72.374166666666667, 30.57833333333334 ], [ 72.375, 30.5775 ], [ 72.37833333333333, 30.58 ], [ 72.3775, 30.5825 ], [ 72.38, 30.585 ], [ 72.3775, 30.585833333333341 ], [ 72.388333333333321, 30.596666666666675 ], [ 72.391666666666666, 30.5975 ], [ 72.405, 30.596666666666675 ], [ 72.419166666666655, 30.5825 ], [ 72.425, 30.585 ], [ 72.42583333333333, 30.583333333333343 ], [ 72.439166666666665, 30.583333333333343 ], [ 72.443333333333328, 30.580833333333342 ], [ 72.4525, 30.581666666666674 ], [ 72.455, 30.58 ], [ 72.456666666666663, 30.581666666666674 ], [ 72.4625, 30.581666666666674 ], [ 72.460833333333326, 30.585 ], [ 72.464166666666657, 30.586666666666673 ], [ 72.463333333333324, 30.5875 ], [ 72.465833333333322, 30.590833333333343 ], [ 72.469166666666666, 30.590833333333343 ], [ 72.473333333333329, 30.593333333333341 ], [ 72.473333333333329, 30.6 ], [ 72.475, 30.601666666666674 ], [ 72.471666666666664, 30.61 ], [ 72.475833333333327, 30.6125 ], [ 72.476666666666659, 30.610833333333339 ], [ 72.476666666666659, 30.614166666666677 ], [ 72.4825, 30.61333333333334 ], [ 72.485833333333332, 30.60583333333334 ], [ 72.485, 30.605 ], [ 72.489166666666662, 30.600833333333341 ], [ 72.489166666666662, 30.596666666666675 ], [ 72.49166666666666, 30.5975 ], [ 72.493333333333325, 30.595 ], [ 72.4975, 30.596666666666675 ], [ 72.5, 30.593333333333341 ], [ 72.50333333333333, 30.595833333333339 ], [ 72.501666666666665, 30.5975 ], [ 72.50333333333333, 30.599166666666676 ], [ 72.506666666666661, 30.5975 ], [ 72.508333333333326, 30.598333333333343 ], [ 72.508333333333326, 30.596666666666675 ], [ 72.5125, 30.598333333333343 ], [ 72.508333333333326, 30.603333333333339 ], [ 72.51, 30.606666666666676 ], [ 72.513333333333321, 30.606666666666676 ], [ 72.511666666666656, 30.608333333333341 ], [ 72.5125, 30.609166666666674 ], [ 72.515833333333333, 30.61 ], [ 72.52, 30.606666666666676 ], [ 72.525, 30.608333333333341 ], [ 72.5275, 30.604166666666675 ], [ 72.5375, 30.614166666666677 ], [ 72.544166666666655, 30.608333333333341 ], [ 72.548333333333332, 30.61 ], [ 72.55083333333333, 30.606666666666676 ], [ 72.555, 30.6075 ], [ 72.555833333333325, 30.605 ], [ 72.559166666666655, 30.60583333333334 ], [ 72.556666666666658, 30.600833333333341 ], [ 72.5575, 30.598333333333343 ], [ 72.55416666666666, 30.595833333333339 ], [ 72.55416666666666, 30.593333333333341 ], [ 72.551666666666662, 30.5925 ], [ 72.555, 30.586666666666673 ], [ 72.55416666666666, 30.585 ], [ 72.56, 30.584166666666675 ], [ 72.560833333333335, 30.585833333333341 ], [ 72.563333333333333, 30.583333333333343 ], [ 72.564166666666665, 30.584166666666675 ], [ 72.574166666666656, 30.58 ], [ 72.575, 30.580833333333342 ], [ 72.575833333333321, 30.579166666666673 ], [ 72.5825, 30.57833333333334 ], [ 72.5875, 30.573333333333341 ], [ 72.590833333333322, 30.575 ], [ 72.593333333333334, 30.573333333333341 ], [ 72.595833333333331, 30.575 ], [ 72.604166666666657, 30.574166666666674 ], [ 72.608333333333334, 30.575833333333343 ], [ 72.61, 30.574166666666674 ], [ 72.614166666666662, 30.574166666666674 ], [ 72.62, 30.5775 ], [ 72.625833333333333, 30.573333333333341 ], [ 72.644166666666663, 30.575 ], [ 72.6475, 30.575833333333343 ], [ 72.654166666666669, 30.581666666666674 ], [ 72.653333333333322, 30.583333333333343 ], [ 72.656666666666666, 30.5875 ], [ 72.66, 30.585 ], [ 72.665833333333325, 30.585833333333341 ], [ 72.669166666666655, 30.584166666666675 ], [ 72.670833333333334, 30.5825 ], [ 72.67, 30.580833333333342 ], [ 72.675, 30.576666666666675 ], [ 72.6775, 30.57833333333334 ], [ 72.67916666666666, 30.576666666666675 ], [ 72.688333333333333, 30.576666666666675 ], [ 72.69083333333333, 30.58 ], [ 72.695, 30.579166666666673 ], [ 72.705833333333331, 30.585833333333341 ], [ 72.7075, 30.585 ], [ 72.716666666666669, 30.588333333333338 ], [ 72.7225, 30.594166666666673 ], [ 72.726666666666659, 30.594166666666673 ], [ 72.73, 30.5975 ], [ 72.729166666666657, 30.598333333333343 ], [ 72.7325, 30.6025 ], [ 72.7325, 30.605 ], [ 72.73833333333333, 30.61333333333334 ], [ 72.7375, 30.615 ], [ 72.736666666666665, 30.614166666666677 ], [ 72.731666666666655, 30.616666666666674 ], [ 72.7275, 30.620833333333341 ], [ 72.7325, 30.62583333333334 ], [ 72.735, 30.623333333333342 ], [ 72.739166666666662, 30.63 ], [ 72.744166666666658, 30.629166666666674 ] ] } },
{ "type": "Feature", "properties": { "COMID": 45015463, "id": "37016", "lengthkm": 1.7709115848425261, "order": 5, "uparea": 29384.164016312359 }, "geometry": { "type": "LineString", "coordinates": [ [ 72.194166666666661, 30.5675 ], [ 72.198333333333323, 30.565 ], [ 72.200833333333321, 30.565833333333341 ], [ 72.203333333333333, 30.564166666666672 ], [ 72.21, 30.564166666666672 ] ] } },
{ "type": "Feature", "properties": { "COMID": 45015462, "id": "37016", "lengthkm": 4.0036809610589774, "order": 6, "uparea": 38718.418366262078 }, "geometry": { "type": "LineString", "coordinates": [ [ 72.159166666666664, 30.571666666666673 ], [ 72.1625, 30.571666666666673 ], [ 72.165833333333325, 30.569166666666675 ], [ 72.169166666666655, 30.57 ], [ 72.170833333333334, 30.568333333333342 ], [ 72.17583333333333, 30.569166666666675 ], [ 72.1775, 30.5675 ], [ 72.194166666666661, 30.5675 ] ] } },
{ "type": "Feature", "properties": { "COMID": 45015461, "id": "37016", "lengthkm": 48.614255465776651, "order": 6, "uparea": 39090.900073564851 }, "geometry": { "type": "LineString", "coordinates": [ [ 71.8275, 30.625 ], [ 71.830833333333331, 30.625 ], [ 71.838333333333324, 30.620833333333341 ], [ 71.8425, 30.625 ], [ 71.8475, 30.62583333333334 ], [ 71.845833333333331, 30.6275 ], [ 71.851666666666659, 30.6325 ], [ 71.8575, 30.6325 ], [ 71.864166666666662, 30.626666666666672 ], [ 71.86666666666666, 30.6175 ], [ 71.87, 30.614166666666677 ], [ 71.869166666666658, 30.61333333333334 ], [ 71.874166666666667, 30.61 ], [ 71.875833333333333, 30.610833333333339 ], [ 71.8775, 30.608333333333341 ], [ 71.883333333333326, 30.611666666666672 ], [ 71.886666666666656, 30.610833333333339 ], [ 71.889166666666668, 30.615 ], [ 71.888333333333321, 30.6175 ], [ 71.891666666666666, 30.619166666666672 ], [ 71.893333333333331, 30.6175 ], [ 71.9, 30.6175 ], [ 71.899166666666659, 30.61333333333334 ], [ 71.900833333333324, 30.609166666666674 ], [ 71.899166666666659, 30.604166666666675 ], [ 71.900833333333324, 30.6025 ], [ 71.9025, 30.605 ], [ 71.9075, 30.606666666666676 ], [ 71.910833333333329, 30.610833333333339 ], [ 71.914166666666659, 30.610833333333339 ], [ 71.9175, 30.614166666666677 ], [ 71.915833333333325, 30.615 ], [ 71.918333333333322, 30.620833333333341 ], [ 71.913333333333327, 30.628333333333341 ], [ 71.918333333333322, 30.631666666666675 ], [ 71.9225, 30.631666666666675 ], [ 71.925, 30.629166666666674 ], [ 71.9275, 30.629166666666674 ], [ 71.933333333333323, 30.6225 ], [ 71.9375, 30.621666666666677 ], [ 71.939166666666665, 30.619166666666672 ], [ 71.9425, 30.62 ], [ 71.9475, 30.618333333333339 ], [ 71.948333333333323, 30.62 ], [ 71.950833333333321, 30.62 ], [ 71.955, 30.616666666666674 ], [ 71.959166666666661, 30.616666666666674 ], [ 71.9625, 30.614166666666677 ], [ 71.969166666666666, 30.615833333333342 ], [ 71.975833333333327, 30.61333333333334 ], [ 71.976666666666659, 30.610833333333339 ], [ 71.983333333333334, 30.609166666666674 ], [ 71.994166666666658, 30.603333333333339 ], [ 72.0, 30.603333333333339 ], [ 72.001666666666665, 30.60583333333334 ], [ 72.010833333333323, 30.6025 ], [ 72.013333333333321, 30.605 ], [ 72.0175, 30.605 ], [ 72.0375, 30.598333333333343 ], [ 72.044166666666655, 30.598333333333343 ], [ 72.063333333333333, 30.5925 ], [ 72.098333333333329, 30.585 ], [ 72.101666666666659, 30.585833333333341 ], [ 72.1025, 30.584166666666675 ], [ 72.115833333333327, 30.5825 ], [ 72.12833333333333, 30.5775 ], [ 72.130833333333328, 30.57833333333334 ], [ 72.153333333333322, 30.573333333333341 ], [ 72.155, 30.574166666666674 ], [ 72.159166666666664, 30.571666666666673 ] ] } },
{ "type": "Feature", "properties": { "COMID": 45015442, "id": "37016", "lengthkm": 20.954627544094667, "order": 7, "uparea": 136745.28966416311 }, "geometry": { "type": "LineString", "coordinates": [ [ 71.6875, 30.5875 ], [ 71.69, 30.588333333333338 ], [ 71.691666666666663, 30.586666666666673 ], [ 71.695, 30.586666666666673 ], [ 71.700833333333321, 30.5825 ], [ 71.703333333333333, 30.585 ], [ 71.709166666666661, 30.585833333333341 ], [ 71.7125, 30.589166666666674 ], [ 71.713333333333324, 30.586666666666673 ], [ 71.719166666666666, 30.5875 ], [ 71.720833333333331, 30.585 ], [ 71.7275, 30.584166666666675 ], [ 71.729166666666657, 30.581666666666674 ], [ 71.734166666666667, 30.583333333333343 ], [ 71.739166666666662, 30.58 ], [ 71.745, 30.583333333333343 ], [ 71.748333333333335, 30.5825 ], [ 71.7525, 30.585833333333341 ], [ 71.755833333333328, 30.583333333333343 ], [ 71.760833333333323, 30.583333333333343 ], [ 71.7675, 30.586666666666673 ], [ 71.769166666666663, 30.594166666666673 ], [ 71.776666666666657, 30.594166666666673 ], [ 71.778333333333336, 30.595833333333339 ], [ 71.781666666666666, 30.595833333333339 ], [ 71.785, 30.598333333333343 ], [ 71.785, 30.6 ], [ 71.788333333333327, 30.599166666666676 ], [ 71.791666666666657, 30.600833333333341 ], [ 71.796666666666667, 30.605 ], [ 71.805833333333325, 30.605 ], [ 71.806666666666658, 30.606666666666676 ], [ 71.809166666666655, 30.60583333333334 ], [ 71.811666666666667, 30.609166666666674 ], [ 71.814166666666665, 30.608333333333341 ], [ 71.818333333333328, 30.61 ], [ 71.819166666666661, 30.61333333333334 ], [ 71.8175, 30.616666666666674 ], [ 71.82, 30.618333333333339 ], [ 71.819166666666661, 30.623333333333342 ], [ 71.826666666666668, 30.623333333333342 ], [ 71.8275, 30.625 ] ] } },
{ "type": "Feature", "properties": { "COMID": 45015441, "id": "37016", "lengthkm": 18.620642320760059, "order": 7, "uparea": 137078.46741826285 }, "geometry": { "type": "LineString", "coordinates": [ [ 71.576666666666668, 30.5225 ], [ 71.589166666666657, 30.535833333333343 ], [ 71.590833333333336, 30.540833333333339 ], [ 71.595, 30.545 ], [ 71.5975, 30.545 ], [ 71.61, 30.551666666666677 ], [ 71.614166666666662, 30.555833333333339 ], [ 71.61666666666666, 30.555833333333339 ], [ 71.621666666666655, 30.55 ], [ 71.62833333333333, 30.549166666666672 ], [ 71.634166666666658, 30.545833333333341 ], [ 71.6375, 30.549166666666672 ], [ 71.6425, 30.55083333333334 ], [ 71.645, 30.549166666666672 ], [ 71.648333333333326, 30.5525 ], [ 71.656666666666666, 30.554166666666674 ], [ 71.6575, 30.56 ], [ 71.6625, 30.564166666666672 ], [ 71.6625, 30.566666666666674 ], [ 71.659166666666664, 30.566666666666674 ], [ 71.659166666666664, 30.569166666666675 ], [ 71.665833333333325, 30.585 ], [ 71.668333333333322, 30.5875 ], [ 71.67, 30.586666666666673 ], [ 71.6725, 30.588333333333338 ], [ 71.67916666666666, 30.585833333333341 ], [ 71.680833333333325, 30.585833333333341 ], [ 71.683333333333323, 30.589166666666674 ], [ 71.6875, 30.5875 ] ] } },
{ "type": "Feature", "properties": { "COMID": 45015440, "id": "37016", "lengthkm": 7.4620992214515196, "order": 7, "uparea": 137142.3916549361 }, "geometry": { "type": "LineString", "coordinates": [ [ 71.534166666666664, 30.483333333333341 ], [ 71.536666666666662, 30.4875 ], [ 71.540833333333325, 30.4875 ], [ 71.544166666666655, 30.484166666666674 ], [ 71.546666666666667, 30.484166666666674 ], [ 71.56, 30.490833333333342 ], [ 71.566666666666663, 30.50083333333334 ], [ 71.5725, 30.5175 ], [ 71.576666666666668, 30.5225 ] ] } },
{ "type": "Feature", "properties": { "COMID": 45015439, "id": "37016", "lengthkm": 3.1951985052789049, "order": 7, "uparea": 148382.20566046188 }, "geometry": { "type": "LineString", "coordinates": [ [ 71.5325, 30.458333333333343 ], [ 71.5325, 30.464166666666674 ], [ 71.5275, 30.473333333333343 ], [ 71.534166666666664, 30.483333333333341 ] ] } },
{ "type": "Feature", "properties": { "COMID": 45015438, "id": "37016", "lengthkm": 10.39229501907255, "order": 7, "uparea": 148456.88693160468 }, "geometry": { "type": "LineString", "coordinates": [ [ 71.495833333333323, 30.3925 ], [ 71.4975, 30.4 ], [ 71.495, 30.405 ], [ 71.494166666666658, 30.411666666666676 ], [ 71.496666666666655, 30.421666666666674 ], [ 71.5, 30.4225 ], [ 71.505, 30.42 ], [ 71.509166666666658, 30.423333333333339 ], [ 71.510833333333323, 30.433333333333341 ], [ 71.510833333333323, 30.439166666666672 ], [ 71.509166666666658, 30.441666666666674 ], [ 71.515, 30.4475 ], [ 71.519166666666663, 30.448333333333341 ], [ 71.525, 30.454166666666673 ], [ 71.53, 30.455 ], [ 71.5325, 30.458333333333343 ] ] } },
{ "type": "Feature", "properties": { "COMID": 45015437, "id": "37016", "lengthkm": 4.8256655172148877, "order": 7, "uparea": 148499.22046646362 }, "geometry": { "type": "LineString", "coordinates": [ [ 71.450833333333321, 30.3875 ], [ 71.461666666666659, 30.388333333333343 ], [ 71.464166666666657, 30.385833333333341 ], [ 71.470833333333331, 30.385833333333341 ], [ 71.473333333333329, 30.3875 ], [ 71.4925, 30.389166666666675 ], [ 71.495833333333323, 30.3925 ] ] } },
{ "type": "Feature", "properties": { "COMID": 45015436, "id": "37016", "lengthkm": 11.05184398977757, "order": 7, "uparea": 149060.87224358454 }, "geometry": { "type": "LineString", "coordinates": [ [ 71.439166666666665, 30.325 ], [ 71.4375, 30.33 ], [ 71.439166666666665, 30.336666666666673 ], [ 71.435, 30.340833333333343 ], [ 71.428333333333327, 30.340833333333343 ], [ 71.416666666666657, 30.346666666666675 ], [ 71.416666666666657, 30.36 ], [ 71.421666666666667, 30.364166666666677 ], [ 71.43, 30.365833333333342 ], [ 71.430833333333325, 30.375 ], [ 71.436666666666667, 30.378333333333341 ], [ 71.4425, 30.378333333333341 ], [ 71.450833333333321, 30.3875 ] ] } },
{ "type": "Feature", "properties": { "COMID": 45015435, "id": "37016", "lengthkm": 17.548398495584273, "order": 7, "uparea": 149338.35619999134 }, "geometry": { "type": "LineString", "coordinates": [ [ 71.3675, 30.241666666666674 ], [ 71.3675, 30.245 ], [ 71.37, 30.246666666666677 ], [ 71.376666666666665, 30.2575 ], [ 71.376666666666665, 30.263333333333343 ], [ 71.380833333333328, 30.26583333333334 ], [ 71.383333333333326, 30.270833333333343 ], [ 71.383333333333326, 30.275 ], [ 71.39, 30.281666666666673 ], [ 71.388333333333335, 30.284166666666675 ], [ 71.3825, 30.285833333333343 ], [ 71.384166666666658, 30.291666666666675 ], [ 71.383333333333326, 30.301666666666677 ], [ 71.385, 30.305 ], [ 71.3875, 30.3075 ], [ 71.391666666666666, 30.308333333333341 ], [ 71.3925, 30.311666666666675 ], [ 71.395833333333329, 30.31333333333334 ], [ 71.405, 30.31 ], [ 71.415, 30.310833333333342 ], [ 71.42, 30.305833333333339 ], [ 71.435, 30.305833333333339 ], [ 71.439166666666665, 30.309166666666677 ], [ 71.435, 30.315 ], [ 71.44, 30.324166666666674 ], [ 71.439166666666665, 30.325 ] ] } },
{ "type": "Feature", "properties": { "COMID": 45015434, "id": "37016", "lengthkm": 9.099986666138788, "order": 7, "uparea": 153044.25219367846 }, "geometry": { "type": "LineString", "coordinates": [ [ 71.354166666666657, 30.180833333333339 ], [ 71.353333333333325, 30.186666666666675 ], [ 71.355833333333322, 30.191666666666677 ], [ 71.35, 30.1925 ], [ 71.345, 30.206666666666674 ], [ 71.346666666666664, 30.209166666666675 ], [ 71.355833333333322, 30.21 ], [ 71.359166666666667, 30.214166666666674 ], [ 71.361666666666665, 30.219166666666673 ], [ 71.361666666666665, 30.231666666666676 ], [ 71.36666666666666, 30.235 ], [ 71.368333333333325, 30.24 ], [ 71.3675, 30.241666666666674 ] ] } },
{ "type": "Feature", "properties": { "COMID": 45018447, "id": "37016", "lengthkm": 54.905685584032938, "order": 7, "uparea": 154084.33999156542 }, "geometry": { "type": "LineString", "coordinates": [ [ 71.215833333333336, 29.8775 ], [ 71.2125, 29.88 ], [ 71.2125, 29.8875 ], [ 71.209166666666661, 29.894166666666674 ], [ 71.203333333333333, 29.895833333333343 ], [ 71.200833333333335, 29.898333333333341 ], [ 71.2, 29.903333333333343 ], [ 71.201666666666668, 29.906666666666673 ], [ 71.1975, 29.908333333333342 ], [ 71.198333333333323, 29.910833333333343 ], [ 71.195, 29.915 ], [ 71.194166666666661, 29.919166666666676 ], [ 71.196666666666658, 29.921666666666674 ], [ 71.196666666666658, 29.926666666666677 ], [ 71.199166666666656, 29.929166666666674 ], [ 71.1975, 29.930833333333339 ], [ 71.198333333333323, 29.935833333333342 ], [ 71.2025, 29.939166666666672 ], [ 71.210833333333326, 29.94 ], [ 71.2125, 29.941666666666677 ], [ 71.211666666666659, 29.946666666666673 ], [ 71.214166666666657, 29.950833333333343 ], [ 71.215, 29.958333333333343 ], [ 71.211666666666659, 29.9625 ], [ 71.211666666666659, 29.9675 ], [ 71.214166666666657, 29.97 ], [ 71.2225, 29.971666666666675 ], [ 71.223333333333329, 29.9775 ], [ 71.218333333333334, 29.989166666666677 ], [ 71.22, 29.9925 ], [ 71.218333333333334, 29.994166666666672 ], [ 71.2175, 30.0 ], [ 71.208333333333329, 30.01 ], [ 71.203333333333333, 30.01 ], [ 71.200833333333335, 30.0125 ], [ 71.200833333333335, 30.015 ], [ 71.2075, 30.0275 ], [ 71.214166666666657, 30.034166666666675 ], [ 71.235833333333332, 30.033333333333342 ], [ 71.236666666666665, 30.031666666666673 ], [ 71.248333333333335, 30.034166666666675 ], [ 71.25, 30.035833333333343 ], [ 71.255, 30.035 ], [ 71.258333333333326, 30.036666666666676 ], [ 71.258333333333326, 30.040833333333339 ], [ 71.261666666666656, 30.044166666666676 ], [ 71.27, 30.045 ], [ 71.273333333333326, 30.048333333333339 ], [ 71.2725, 30.054166666666674 ], [ 71.281666666666666, 30.065 ], [ 71.281666666666666, 30.07083333333334 ], [ 71.285, 30.075833333333343 ], [ 71.285833333333329, 30.081666666666674 ], [ 71.284166666666664, 30.084166666666675 ], [ 71.2875, 30.086666666666673 ], [ 71.293333333333322, 30.086666666666673 ], [ 71.295, 30.088333333333342 ], [ 71.2975, 30.0875 ], [ 71.301666666666662, 30.094166666666673 ], [ 71.301666666666662, 30.1025 ], [ 71.303333333333327, 30.104166666666675 ], [ 71.3, 30.108333333333341 ], [ 71.295, 30.110833333333339 ], [ 71.290833333333325, 30.110833333333339 ], [ 71.285833333333329, 30.115833333333342 ], [ 71.284166666666664, 30.121666666666677 ], [ 71.2875, 30.1275 ], [ 71.293333333333322, 30.128333333333341 ], [ 71.298333333333332, 30.1325 ], [ 71.296666666666667, 30.14083333333334 ], [ 71.30083333333333, 30.1525 ], [ 71.303333333333327, 30.155 ], [ 71.314166666666665, 30.153333333333343 ], [ 71.31583333333333, 30.151666666666674 ], [ 71.33, 30.1525 ], [ 71.333333333333329, 30.154166666666676 ], [ 71.335833333333326, 30.156666666666673 ], [ 71.336666666666659, 30.161666666666676 ], [ 71.345, 30.166666666666675 ], [ 71.345, 30.170833333333341 ], [ 71.3475, 30.174166666666675 ], [ 71.353333333333325, 30.173333333333339 ], [ 71.355833333333322, 30.17583333333334 ], [ 71.354166666666657, 30.180833333333339 ] ] } },
{ "type": "Feature", "properties": { "COMID": 45018446, "id": "37016", "lengthkm": 27.856622964431022, "order": 7, "uparea": 154234.94790023143 }, "geometry": { "type": "LineString", "coordinates": [ [ 71.169166666666655, 29.705 ], [ 71.17, 29.706666666666674 ], [ 71.165, 29.714166666666674 ], [ 71.165, 29.720833333333342 ], [ 71.161666666666662, 29.723333333333343 ], [ 71.1575, 29.7225 ], [ 71.154166666666669, 29.7275 ], [ 71.150833333333324, 29.729166666666675 ], [ 71.15, 29.734166666666674 ], [ 71.151666666666657, 29.738333333333344 ], [ 71.1475, 29.745 ], [ 71.1475, 29.7475 ], [ 71.144166666666663, 29.75083333333334 ], [ 71.141666666666666, 29.768333333333342 ], [ 71.149166666666659, 29.77 ], [ 71.150833333333324, 29.775 ], [ 71.148333333333326, 29.783333333333342 ], [ 71.149166666666659, 29.7875 ], [ 71.151666666666657, 29.789166666666674 ], [ 71.16, 29.79 ], [ 71.159166666666664, 29.795833333333341 ], [ 71.161666666666662, 29.7975 ], [ 71.164166666666659, 29.805833333333339 ], [ 71.1725, 29.8125 ], [ 71.175, 29.82833333333334 ], [ 71.171666666666667, 29.8375 ], [ 71.1725, 29.8425 ], [ 71.170833333333334, 29.845833333333342 ], [ 71.170833333333334, 29.853333333333339 ], [ 71.173333333333332, 29.855833333333344 ], [ 71.17583333333333, 29.855833333333344 ], [ 71.18, 29.8525 ], [ 71.181666666666658, 29.853333333333339 ], [ 71.1825, 29.8575 ], [ 71.189166666666665, 29.865 ], [ 71.193333333333328, 29.865 ], [ 71.195833333333326, 29.8625 ], [ 71.198333333333323, 29.8625 ], [ 71.205833333333331, 29.869166666666676 ], [ 71.213333333333324, 29.87 ], [ 71.215833333333336, 29.8725 ], [ 71.215833333333336, 29.8775 ] ] } },
{ "type": "Feature", "properties": { "COMID": 45018445, "id": "37016", "lengthkm": 14.995929111140214, "order": 7, "uparea": 154383.86474171322 }, "geometry": { "type": "LineString", "coordinates": [ [ 71.1025, 29.62 ], [ 71.1175, 29.6375 ], [ 71.119166666666658, 29.648333333333341 ], [ 71.1175, 29.653333333333343 ], [ 71.115, 29.655 ], [ 71.1175, 29.673333333333339 ], [ 71.1225, 29.675 ], [ 71.130833333333328, 29.6825 ], [ 71.135, 29.681666666666676 ], [ 71.136666666666656, 29.679166666666674 ], [ 71.155, 29.679166666666674 ], [ 71.16, 29.683333333333341 ], [ 71.160833333333329, 29.6925 ], [ 71.169166666666655, 29.7 ], [ 71.169166666666655, 29.705 ] ] } },
{ "type": "Feature", "properties": { "COMID": 45018444, "id": "37016", "lengthkm": 9.6956131975755468, "order": 7, "uparea": 154850.66915156212 }, "geometry": { "type": "LineString", "coordinates": [ [ 71.0525, 29.579166666666673 ], [ 71.05416666666666, 29.580833333333342 ], [ 71.05416666666666, 29.584166666666675 ], [ 71.051666666666662, 29.5875 ], [ 71.05, 29.595833333333342 ], [ 71.05083333333333, 29.599166666666676 ], [ 71.055, 29.601666666666674 ], [ 71.0625, 29.6 ], [ 71.0675, 29.604166666666675 ], [ 71.071666666666658, 29.601666666666674 ], [ 71.080833333333331, 29.601666666666674 ], [ 71.085, 29.603333333333342 ], [ 71.089166666666657, 29.608333333333341 ], [ 71.0925, 29.605833333333344 ], [ 71.094166666666666, 29.613333333333344 ], [ 71.1025, 29.62 ] ] } },
{ "type": "Feature", "properties": { "COMID": 45022527, "id": "37016", "lengthkm": 17.133719814406163, "order": 7, "uparea": 156826.35990313487 }, "geometry": { "type": "LineString", "coordinates": [ [ 71.01, 29.456666666666674 ], [ 71.014166666666668, 29.460833333333341 ], [ 71.014166666666668, 29.474166666666676 ], [ 71.016666666666666, 29.475 ], [ 71.019166666666663, 29.4775 ], [ 71.018333333333331, 29.478333333333342 ], [ 71.026666666666657, 29.485 ], [ 71.0275, 29.495 ], [ 71.030833333333334, 29.5 ], [ 71.03, 29.505833333333342 ], [ 71.025833333333324, 29.51 ], [ 71.025833333333324, 29.518333333333342 ], [ 71.0275, 29.52 ], [ 71.025833333333324, 29.5225 ], [ 71.03, 29.525 ], [ 71.0375, 29.534166666666675 ], [ 71.034166666666664, 29.538333333333341 ], [ 71.034166666666664, 29.541666666666675 ], [ 71.036666666666662, 29.545833333333341 ], [ 71.040833333333325, 29.549166666666675 ], [ 71.045, 29.555833333333339 ], [ 71.05, 29.556666666666676 ], [ 71.05416666666666, 29.56 ], [ 71.055, 29.566666666666677 ], [ 71.051666666666662, 29.57 ], [ 71.053333333333327, 29.5725 ], [ 71.0525, 29.579166666666673 ] ] } },
{ "type": "Feature", "properties": { "COMID": 45022525, "id": "37016", "lengthkm": 14.280239077931016, "order": 7, "uparea": 156961.83243014323 }, "geometry": { "type": "LineString", "coordinates": [ [ 71.020833333333329, 29.359166666666674 ], [ 71.023333333333326, 29.361666666666675 ], [ 71.033333333333331, 29.363333333333344 ], [ 71.036666666666662, 29.365833333333342 ], [ 71.038333333333327, 29.374166666666675 ], [ 71.034166666666664, 29.3825 ], [ 71.031666666666666, 29.400833333333342 ], [ 71.038333333333327, 29.408333333333342 ], [ 71.04, 29.408333333333342 ], [ 71.04, 29.413333333333341 ], [ 71.033333333333331, 29.425 ], [ 71.025833333333324, 29.433333333333344 ], [ 71.015, 29.43833333333334 ], [ 71.011666666666656, 29.441666666666677 ], [ 71.009166666666658, 29.450833333333343 ], [ 71.01, 29.456666666666674 ] ] } },
{ "type": "Feature", "properties": { "COMID": 45022521, "id": "37016", "lengthkm": 1.295378809513702, "order": 7, "uparea": 157129.25226091212 }, "geometry": { "type": "LineString", "coordinates": [ [ 71.023333333333326, 29.348333333333343 ], [ 71.023333333333326, 29.356666666666676 ], [ 71.020833333333329, 29.359166666666674 ] ] } },
{ "type": "Feature", "properties": { "COMID": 45022520, "id": "37016", "lengthkm": 15.702934880728106, "order": 7, "uparea": 278767.93396806647 }, "geometry": { "type": "LineString", "coordinates": [ [ 70.931666666666658, 29.285 ], [ 70.936666666666667, 29.2875 ], [ 70.943333333333328, 29.280833333333341 ], [ 70.95, 29.279166666666676 ], [ 70.9625, 29.278333333333343 ], [ 70.970833333333331, 29.280833333333341 ], [ 70.971666666666664, 29.285 ], [ 70.969166666666666, 29.289166666666674 ], [ 70.97, 29.293333333333344 ], [ 70.974166666666662, 29.296666666666674 ], [ 70.981666666666655, 29.298333333333339 ], [ 70.981666666666655, 29.305 ], [ 70.99, 29.3125 ], [ 70.9925, 29.31333333333334 ], [ 70.99666666666667, 29.311666666666675 ], [ 70.998333333333335, 29.31333333333334 ], [ 70.9975, 29.32 ], [ 71.0, 29.325 ], [ 71.01, 29.330833333333342 ], [ 71.015, 29.338333333333342 ], [ 71.023333333333326, 29.345 ], [ 71.023333333333326, 29.348333333333343 ] ] } },
{ "type": "Feature", "properties": { "COMID": 45022517, "id": "37016", "lengthkm": 11.11983172418058, "order": 7, "uparea": 278839.541944333 }, "geometry": { "type": "LineString", "coordinates": [ [ 70.884166666666658, 29.214166666666674 ], [ 70.87833333333333, 29.218333333333341 ], [ 70.87833333333333, 29.221666666666675 ], [ 70.880833333333328, 29.224166666666676 ], [ 70.881666666666661, 29.229166666666675 ], [ 70.886666666666656, 29.234166666666674 ], [ 70.891666666666666, 29.234166666666674 ], [ 70.893333333333331, 29.235833333333343 ], [ 70.890833333333333, 29.2425 ], [ 70.896666666666661, 29.246666666666677 ], [ 70.896666666666661, 29.25 ], [ 70.900833333333324, 29.259166666666673 ], [ 70.9175, 29.275833333333342 ], [ 70.923333333333332, 29.2775 ], [ 70.931666666666658, 29.285 ] ] } },
{ "type": "Feature", "properties": { "COMID": 45022514, "id": "37016", "lengthkm": 23.624984235885087, "order": 7, "uparea": 278993.81294291682 }, "geometry": { "type": "LineString", "coordinates": [ [ 70.736666666666665, 29.155 ], [ 70.74166666666666, 29.154166666666676 ], [ 70.763333333333335, 29.1425 ], [ 70.7775, 29.143333333333342 ], [ 70.779166666666669, 29.139166666666675 ], [ 70.7825, 29.1375 ], [ 70.793333333333322, 29.1375 ], [ 70.796666666666667, 29.14083333333334 ], [ 70.799166666666665, 29.14083333333334 ], [ 70.8, 29.145 ], [ 70.795, 29.158333333333342 ], [ 70.795, 29.161666666666676 ], [ 70.798333333333332, 29.164166666666674 ], [ 70.7975, 29.169166666666676 ], [ 70.811666666666667, 29.181666666666676 ], [ 70.813333333333333, 29.185 ], [ 70.8125, 29.1875 ], [ 70.8225, 29.193333333333342 ], [ 70.8325, 29.205833333333342 ], [ 70.836666666666659, 29.2075 ], [ 70.850833333333327, 29.208333333333343 ], [ 70.858333333333334, 29.2 ], [ 70.869166666666658, 29.2 ], [ 70.8775, 29.206666666666678 ], [ 70.880833333333328, 29.2075 ], [ 70.884166666666658, 29.211666666666673 ], [ 70.884166666666658, 29.214166666666674 ] ] } },
{ "type": "Feature", "properties": { "COMID": 45022512, "id": "37016", "lengthkm": 1.994099147668402, "order": 7, "uparea": 279037.35279395123 }, "geometry": { "type": "LineString", "coordinates": [ [ 70.719166666666666, 29.150833333333342 ], [ 70.723333333333329, 29.153333333333343 ], [ 70.726666666666659, 29.1525 ], [ 70.73, 29.155 ], [ 70.736666666666665, 29.155 ] ] } },
{ "type": "Feature", "properties": { "COMID": 45022511, "id": "37016", "lengthkm": 11.218463478573609, "order": 7, "uparea": 280618.04766964656 }, "geometry": { "type": "LineString", "coordinates": [ [ 70.67, 29.0825 ], [ 70.67, 29.088333333333342 ], [ 70.67916666666666, 29.099166666666676 ], [ 70.69, 29.101666666666674 ], [ 70.693333333333328, 29.1075 ], [ 70.701666666666668, 29.105833333333344 ], [ 70.710833333333326, 29.111666666666675 ], [ 70.711666666666659, 29.1175 ], [ 70.708333333333329, 29.128333333333345 ], [ 70.709166666666661, 29.1325 ], [ 70.7125, 29.1375 ], [ 70.715, 29.1475 ], [ 70.719166666666666, 29.150833333333342 ] ] } },
{ "type": "Feature", "properties": { "COMID": 45022510, "id": "37016", "lengthkm": 5.9100126131407844, "order": 7, "uparea": 280727.95415479114 }, "geometry": { "type": "LineString", "coordinates": [ [ 70.6175, 29.080833333333342 ], [ 70.631666666666661, 29.075833333333343 ], [ 70.655, 29.076666666666675 ], [ 70.66, 29.075 ], [ 70.67, 29.0825 ] ] } },
{ "type": "Feature", "properties": { "COMID": 45022501, "id": "37016", "lengthkm": 8.550671100559736, "order": 8, "uparea": 694109.00468849204 }, "geometry": { "type": "LineString", "coordinates": [ [ 70.571666666666658, 29.024166666666673 ], [ 70.5775, 29.030833333333341 ], [ 70.576666666666668, 29.033333333333342 ], [ 70.580833333333331, 29.040833333333342 ], [ 70.58, 29.045 ], [ 70.585, 29.0525 ], [ 70.595, 29.061666666666675 ], [ 70.603333333333325, 29.065833333333345 ], [ 70.609166666666667, 29.07083333333334 ], [ 70.6175, 29.080833333333342 ] ] } },
{ "type": "Feature", "properties": { "COMID": 45022500, "id": "37016", "lengthkm": 3.9849245568691729, "order": 8, "uparea": 694220.25549729599 }, "geometry": { "type": "LineString", "coordinates": [ [ 70.586666666666659, 28.994166666666676 ], [ 70.580833333333331, 29.00083333333334 ], [ 70.580833333333331, 29.006666666666675 ], [ 70.575833333333335, 29.016666666666673 ], [ 70.5725, 29.02 ], [ 70.571666666666658, 29.024166666666673 ] ] } },
{ "type": "Feature", "properties": { "COMID": 45022499, "id": "37016", "lengthkm": 2.4052873739025742, "order": 8, "uparea": 694271.26496319158 }, "geometry": { "type": "LineString", "coordinates": [ [ 70.5825, 28.975 ], [ 70.586666666666659, 28.981666666666676 ], [ 70.586666666666659, 28.994166666666676 ] ] } },
{ "type": "Feature", "properties": { "COMID": 45022498, "id": "37016", "lengthkm": 5.575188132316713, "order": 8, "uparea": 694340.64501228149 }, "geometry": { "type": "LineString", "coordinates": [ [ 70.538333333333327, 28.978333333333342 ], [ 70.55, 28.978333333333342 ], [ 70.56, 28.9675 ], [ 70.56583333333333, 28.965833333333343 ], [ 70.57, 28.965833333333343 ], [ 70.5825, 28.975 ] ] } },
{ "type": "Feature", "properties": { "COMID": 45026948, "id": "37016", "lengthkm": 26.967780072702471, "order": 8, "uparea": 694493.60835969227 }, "geometry": { "type": "LineString", "coordinates": [ [ 70.389166666666668, 28.831666666666678 ], [ 70.4025, 28.8375 ], [ 70.41, 28.845 ], [ 70.409166666666664, 28.848333333333343 ], [ 70.415, 28.8575 ], [ 70.414166666666659, 28.859166666666674 ], [ 70.4175, 28.8625 ], [ 70.421666666666667, 28.8625 ], [ 70.423333333333332, 28.865 ], [ 70.44, 28.863333333333344 ], [ 70.446666666666658, 28.873333333333342 ], [ 70.45, 28.88333333333334 ], [ 70.455, 28.8875 ], [ 70.459166666666661, 28.901666666666678 ], [ 70.464166666666657, 28.91 ], [ 70.4775, 28.915833333333342 ], [ 70.483333333333334, 28.915 ], [ 70.484166666666667, 28.918333333333344 ], [ 70.48833333333333, 28.9175 ], [ 70.49166666666666, 28.9225 ], [ 70.495833333333323, 28.923333333333343 ], [ 70.498333333333335, 28.925833333333344 ], [ 70.501666666666665, 28.930833333333339 ], [ 70.5, 28.935833333333342 ], [ 70.498333333333335, 28.936666666666675 ], [ 70.499166666666667, 28.948333333333341 ], [ 70.505, 28.96 ], [ 70.508333333333326, 28.963333333333342 ], [ 70.514166666666668, 28.9625 ], [ 70.524166666666659, 28.973333333333343 ], [ 70.538333333333327, 28.978333333333342 ] ] } },
{ "type": "Feature", "properties": { "COMID": 45026946, "id": "37016", "lengthkm": 4.196408377782852, "order": 8, "uparea": 694600.38637904671 }, "geometry": { "type": "LineString", "coordinates": [ [ 70.350833333333327, 28.825833333333343 ], [ 70.3725, 28.825833333333343 ], [ 70.385, 28.831666666666678 ], [ 70.389166666666668, 28.831666666666678 ] ] } },
{ "type": "Feature", "properties": { "COMID": 45026945, "id": "37016", "lengthkm": 10.103787458180069, "order": 8, "uparea": 694729.10518677882 }, "geometry": { "type": "LineString", "coordinates": [ [ 70.258333333333326, 28.82083333333334 ], [ 70.281666666666666, 28.8175 ], [ 70.294166666666669, 28.819166666666675 ], [ 70.30416666666666, 28.8175 ], [ 70.324166666666656, 28.825 ], [ 70.330833333333331, 28.823333333333341 ], [ 70.345, 28.823333333333341 ], [ 70.350833333333327, 28.825833333333343 ] ] } },
{ "type": "Feature", "properties": { "COMID": 45026944, "id": "37016", "lengthkm": 0.52912021563301204, "order": 8, "uparea": 694762.17397426162 }, "geometry": { "type": "LineString", "coordinates": [ [ 70.25333333333333, 28.82 ], [ 70.258333333333326, 28.82083333333334 ] ] } },
{ "type": "Feature", "properties": { "COMID": 45026943, "id": "37016", "lengthkm": 1.635081047167718, "order": 8, "uparea": 712274.05577187939 }, "geometry": { "type": "LineString", "coordinates": [ [ 70.24, 28.81333333333334 ], [ 70.245833333333337, 28.8175 ], [ 70.25333333333333, 28.82 ] ] } },
{ "type": "Feature", "properties": { "COMID": 45026942, "id": "37016", "lengthkm": 3.8444448122293671, "order": 8, "uparea": 712313.23790665797 }, "geometry": { "type": "LineString", "coordinates": [ [ 70.209166666666661, 28.798333333333343 ], [ 70.215833333333336, 28.798333333333343 ], [ 70.2225, 28.804166666666674 ], [ 70.2275, 28.805 ], [ 70.24, 28.81333333333334 ] ] } },
{ "type": "Feature", "properties": { "COMID": 45026941, "id": "37016", "lengthkm": 19.134266524289998, "order": 8, "uparea": 712463.98799553642 }, "geometry": { "type": "LineString", "coordinates": [ [ 70.129166666666663, 28.6725 ], [ 70.129166666666663, 28.675833333333344 ], [ 70.133333333333326, 28.683333333333344 ], [ 70.133333333333326, 28.6875 ], [ 70.135833333333323, 28.690833333333345 ], [ 70.1375, 28.70333333333334 ], [ 70.141666666666666, 28.706666666666678 ], [ 70.141666666666666, 28.71 ], [ 70.145833333333329, 28.715833333333343 ], [ 70.1425, 28.7175 ], [ 70.1425, 28.72 ], [ 70.15, 28.73 ], [ 70.1575, 28.735 ], [ 70.159166666666664, 28.740833333333342 ], [ 70.164166666666659, 28.745833333333344 ], [ 70.173333333333332, 28.745833333333344 ], [ 70.17583333333333, 28.7475 ], [ 70.185833333333335, 28.746666666666677 ], [ 70.19083333333333, 28.75083333333334 ], [ 70.195833333333326, 28.75833333333334 ], [ 70.199166666666656, 28.773333333333341 ], [ 70.203333333333333, 28.781666666666673 ], [ 70.201666666666668, 28.788333333333341 ], [ 70.209166666666661, 28.798333333333343 ] ] } },
{ "type": "Feature", "properties": { "COMID": 45026940, "id": "37016", "lengthkm": 1.835966345497829, "order": 8, "uparea": 712554.87956731906 }, "geometry": { "type": "LineString", "coordinates": [ [ 70.1175, 28.661666666666676 ], [ 70.124166666666667, 28.665 ], [ 70.129166666666663, 28.6725 ] ] } },
{ "type": "Feature", "properties": { "COMID": 45026939, "id": "37016", "lengthkm": 15.841067081226774, "order": 8, "uparea": 713026.87101838097 }, "geometry": { "type": "LineString", "coordinates": [ [ 70.02, 28.5925 ], [ 70.020833333333329, 28.599166666666676 ], [ 70.025, 28.608333333333341 ], [ 70.0225, 28.611666666666675 ], [ 70.021666666666661, 28.6175 ], [ 70.023333333333326, 28.621666666666677 ], [ 70.03, 28.6275 ], [ 70.041666666666657, 28.63333333333334 ], [ 70.045, 28.636666666666677 ], [ 70.049166666666665, 28.636666666666677 ], [ 70.05916666666667, 28.646666666666675 ], [ 70.073333333333323, 28.645 ], [ 70.075833333333335, 28.644166666666678 ], [ 70.0775, 28.64083333333334 ], [ 70.086666666666659, 28.6425 ], [ 70.09, 28.645833333333343 ], [ 70.0975, 28.645 ], [ 70.103333333333325, 28.646666666666675 ], [ 70.11666666666666, 28.6575 ], [ 70.1175, 28.661666666666676 ] ] } },
{ "type": "Feature", "properties": { "COMID": 45026938, "id": "37016", "lengthkm": 18.026843579595155, "order": 8, "uparea": 713179.33508696314 }, "geometry": { "type": "LineString", "coordinates": [ [ 69.884166666666658, 28.539166666666674 ], [ 69.891666666666666, 28.538333333333341 ], [ 69.906666666666666, 28.541666666666675 ], [ 69.91, 28.544166666666676 ], [ 69.914166666666659, 28.544166666666676 ], [ 69.920833333333334, 28.5425 ], [ 69.925, 28.539166666666674 ], [ 69.9375, 28.539166666666674 ], [ 69.9425, 28.534166666666678 ], [ 69.945833333333326, 28.534166666666678 ], [ 69.95, 28.535833333333343 ], [ 69.948333333333323, 28.54 ], [ 69.949166666666656, 28.541666666666675 ], [ 69.956666666666663, 28.545833333333341 ], [ 69.964166666666657, 28.5475 ], [ 69.981666666666669, 28.5625 ], [ 69.99, 28.565833333333345 ], [ 69.995833333333337, 28.571666666666676 ], [ 70.010833333333323, 28.57833333333334 ], [ 70.018333333333331, 28.586666666666673 ], [ 70.02, 28.5925 ] ] } },
{ "type": "Feature", "properties": { "COMID": 45026937, "id": "37016", "lengthkm": 8.5432413779990863, "order": 8, "uparea": 715705.76616665209 }, "geometry": { "type": "LineString", "coordinates": [ [ 69.825, 28.496666666666677 ], [ 69.834166666666661, 28.505833333333342 ], [ 69.8425, 28.519166666666678 ], [ 69.853333333333325, 28.53 ], [ 69.86333333333333, 28.531666666666673 ], [ 69.875, 28.540833333333342 ], [ 69.884166666666658, 28.539166666666674 ] ] } },
{ "type": "Feature", "properties": { "COMID": 45026936, "id": "37016", "lengthkm": 11.850686222807205, "order": 8, "uparea": 715840.36816750199 }, "geometry": { "type": "LineString", "coordinates": [ [ 69.735, 28.443333333333342 ], [ 69.74166666666666, 28.44583333333334 ], [ 69.7475, 28.450833333333343 ], [ 69.751666666666665, 28.450833333333343 ], [ 69.758333333333326, 28.458333333333343 ], [ 69.77, 28.4675 ], [ 69.7825, 28.470833333333342 ], [ 69.795833333333334, 28.484166666666674 ], [ 69.803333333333327, 28.484166666666674 ], [ 69.814166666666665, 28.49 ], [ 69.818333333333328, 28.494166666666676 ], [ 69.825, 28.496666666666677 ] ] } },
{ "type": "Feature", "properties": { "COMID": 45026935, "id": "37016", "lengthkm": 3.4000631224601721, "order": 8, "uparea": 717828.80684695439 }, "geometry": { "type": "LineString", "coordinates": [ [ 69.7125, 28.4225 ], [ 69.723333333333329, 28.435833333333342 ], [ 69.730833333333337, 28.439166666666676 ], [ 69.735, 28.443333333333342 ] ] } },
{ "type": "Feature", "properties": { "COMID": 45026934, "id": "37016", "lengthkm": 0.64819039516898502, "order": 8, "uparea": 717997.44677729532 }, "geometry": { "type": "LineString", "coordinates": [ [ 69.71, 28.4175 ], [ 69.7125, 28.4225 ] ] } },
{ "type": "Feature", "properties": { "COMID": 45031344, "id": "37016", "lengthkm": 10.90656646350692, "order": 8, "uparea": 718163.75414190907 }, "geometry": { "type": "LineString", "coordinates": [ [ 69.693333333333328, 28.3325 ], [ 69.69083333333333, 28.335 ], [ 69.691666666666663, 28.34 ], [ 69.698333333333323, 28.3475 ], [ 69.699166666666656, 28.3525 ], [ 69.694166666666661, 28.359166666666674 ], [ 69.691666666666663, 28.379166666666677 ], [ 69.6975, 28.3875 ], [ 69.699166666666656, 28.405833333333341 ], [ 69.7025, 28.411666666666676 ], [ 69.71, 28.4175 ] ] } },
{ "type": "Feature", "properties": { "COMID": 45031343, "id": "37016", "lengthkm": 22.765749322144874, "order": 8, "uparea": 718341.15355420392 }, "geometry": { "type": "LineString", "coordinates": [ [ 69.5225, 28.284166666666678 ], [ 69.53, 28.275833333333342 ], [ 69.558333333333337, 28.269166666666678 ], [ 69.565, 28.270833333333343 ], [ 69.5675, 28.274166666666677 ], [ 69.573333333333323, 28.275 ], [ 69.588333333333324, 28.289166666666674 ], [ 69.591666666666669, 28.293333333333344 ], [ 69.594166666666666, 28.305833333333343 ], [ 69.599166666666662, 28.31 ], [ 69.611666666666665, 28.313333333333343 ], [ 69.61666666666666, 28.316666666666677 ], [ 69.62833333333333, 28.315 ], [ 69.63, 28.316666666666677 ], [ 69.6375, 28.3175 ], [ 69.654166666666669, 28.3325 ], [ 69.656666666666666, 28.3325 ], [ 69.663333333333327, 28.326666666666675 ], [ 69.6725, 28.323333333333345 ], [ 69.68, 28.324166666666677 ], [ 69.68416666666667, 28.32833333333334 ], [ 69.69, 28.32833333333334 ], [ 69.693333333333328, 28.3325 ] ] } },
{ "type": "Feature", "properties": { "COMID": 45031342, "id": "37016", "lengthkm": 26.557111213514329, "order": 8, "uparea": 718598.53908972372 }, "geometry": { "type": "LineString", "coordinates": [ [ 69.38, 28.195 ], [ 69.3875, 28.209166666666675 ], [ 69.396666666666661, 28.219166666666673 ], [ 69.399166666666659, 28.224166666666676 ], [ 69.411666666666662, 28.235833333333343 ], [ 69.415, 28.236666666666675 ], [ 69.43416666666667, 28.235 ], [ 69.443333333333328, 28.23 ], [ 69.45, 28.231666666666676 ], [ 69.456666666666663, 28.228333333333342 ], [ 69.466666666666669, 28.218333333333341 ], [ 69.484166666666667, 28.211666666666677 ], [ 69.490833333333327, 28.213333333333342 ], [ 69.495, 28.2175 ], [ 69.500833333333333, 28.218333333333341 ], [ 69.50333333333333, 28.220833333333342 ], [ 69.50333333333333, 28.225 ], [ 69.499166666666667, 28.228333333333342 ], [ 69.5, 28.231666666666676 ], [ 69.4975, 28.235 ], [ 69.49166666666666, 28.255833333333342 ], [ 69.4925, 28.264166666666675 ], [ 69.495, 28.270833333333343 ], [ 69.501666666666665, 28.279166666666676 ], [ 69.508333333333326, 28.2825 ], [ 69.51, 28.281666666666673 ], [ 69.5125, 28.283333333333342 ], [ 69.5225, 28.284166666666678 ] ] } },
{ "type": "Feature", "properties": { "COMID": 45031341, "id": "37016", "lengthkm": 6.2388793093101764, "order": 8, "uparea": 718653.57007076137 }, "geometry": { "type": "LineString", "coordinates": [ [ 69.3675, 28.144166666666678 ], [ 69.37166666666667, 28.153333333333343 ], [ 69.37166666666667, 28.160833333333343 ], [ 69.375, 28.166666666666679 ], [ 69.374166666666667, 28.170833333333341 ], [ 69.3775, 28.179166666666674 ], [ 69.3775, 28.19 ], [ 69.38, 28.195 ] ] } },
{ "type": "Feature", "properties": { "COMID": 45031340, "id": "37016", "lengthkm": 23.809422622173923, "order": 8, "uparea": 719233.96853579825 }, "geometry": { "type": "LineString", "coordinates": [ [ 69.223333333333329, 28.074166666666677 ], [ 69.235833333333332, 28.07 ], [ 69.251666666666665, 28.0575 ], [ 69.260833333333323, 28.0575 ], [ 69.2675, 28.0625 ], [ 69.27, 28.066666666666677 ], [ 69.27, 28.073333333333345 ], [ 69.268333333333331, 28.075 ], [ 69.2675, 28.081666666666678 ], [ 69.265, 28.084166666666675 ], [ 69.265833333333333, 28.0875 ], [ 69.264166666666668, 28.094166666666673 ], [ 69.2725, 28.1125 ], [ 69.276666666666671, 28.1175 ], [ 69.281666666666666, 28.12 ], [ 69.284166666666664, 28.124166666666675 ], [ 69.3025, 28.125833333333343 ], [ 69.3175, 28.121666666666677 ], [ 69.331666666666663, 28.121666666666677 ], [ 69.339166666666671, 28.126666666666676 ], [ 69.3425, 28.125 ], [ 69.345833333333331, 28.125833333333343 ], [ 69.35, 28.13 ], [ 69.360833333333332, 28.135833333333345 ], [ 69.3675, 28.144166666666678 ] ] } },
{ "type": "Feature", "properties": { "COMID": 45031339, "id": "37016", "lengthkm": 8.645352700308905, "order": 8, "uparea": 719316.2911320877 }, "geometry": { "type": "LineString", "coordinates": [ [ 69.144166666666663, 28.073333333333345 ], [ 69.1475, 28.07 ], [ 69.156666666666666, 28.07 ], [ 69.18416666666667, 28.075833333333343 ], [ 69.1975, 28.076666666666675 ], [ 69.204166666666666, 28.075 ], [ 69.206666666666663, 28.0725 ], [ 69.2125, 28.074166666666677 ], [ 69.223333333333329, 28.074166666666677 ] ] } },
{ "type": "Feature", "properties": { "COMID": 45031338, "id": "37016", "lengthkm": 16.906501876606345, "order": 8, "uparea": 719997.55243481952 }, "geometry": { "type": "LineString", "coordinates": [ [ 69.035833333333329, 28.026666666666678 ], [ 69.035833333333329, 28.0475 ], [ 69.0425, 28.064166666666676 ], [ 69.049166666666665, 28.0725 ], [ 69.055, 28.073333333333345 ], [ 69.060833333333335, 28.07833333333334 ], [ 69.071666666666658, 28.08 ], [ 69.085, 28.070833333333344 ], [ 69.0875, 28.0675 ], [ 69.100833333333327, 28.061666666666675 ], [ 69.108333333333334, 28.061666666666675 ], [ 69.1225, 28.065833333333345 ], [ 69.134166666666658, 28.071666666666676 ], [ 69.144166666666663, 28.073333333333345 ] ] } },
{ "type": "Feature", "properties": { "COMID": 45031337, "id": "37016", "lengthkm": 5.0553832652608088, "order": 8, "uparea": 720055.64252519608 }, "geometry": { "type": "LineString", "coordinates": [ [ 69.039166666666659, 27.985 ], [ 69.041666666666657, 27.988333333333344 ], [ 69.0425, 27.994166666666676 ], [ 69.035833333333329, 28.026666666666678 ] ] } },
{ "type": "Feature", "properties": { "COMID": 45031336, "id": "37016", "lengthkm": 23.928026427529158, "order": 8, "uparea": 720207.22080329061 }, "geometry": { "type": "LineString", "coordinates": [ [ 68.935, 27.919166666666676 ], [ 68.941666666666663, 27.92 ], [ 68.946666666666658, 27.918333333333344 ], [ 68.94916666666667, 27.92 ], [ 68.956666666666663, 27.92 ], [ 68.9625, 27.916666666666679 ], [ 68.975, 27.916666666666679 ], [ 68.984166666666667, 27.910833333333343 ], [ 68.985, 27.906666666666677 ], [ 68.993333333333325, 27.898333333333341 ], [ 69.005, 27.893333333333345 ], [ 69.01166666666667, 27.893333333333345 ], [ 69.014166666666668, 27.895833333333343 ], [ 69.0175, 27.895833333333343 ], [ 69.0225, 27.900833333333345 ], [ 69.028333333333336, 27.9025 ], [ 69.045833333333334, 27.919166666666676 ], [ 69.0525, 27.9225 ], [ 69.056666666666658, 27.928333333333342 ], [ 69.055833333333325, 27.934166666666677 ], [ 69.04, 27.9425 ], [ 69.035, 27.946666666666676 ], [ 69.0325, 27.95333333333334 ], [ 69.031666666666666, 27.956666666666678 ], [ 69.035833333333329, 27.97 ], [ 69.033333333333331, 27.975 ], [ 69.036666666666662, 27.9775 ], [ 69.039166666666659, 27.985 ] ] } },
{ "type": "Feature", "properties": { "COMID": 45031335, "id": "37016", "lengthkm": 11.298976075927918, "order": 8, "uparea": 720267.65667102311 }, "geometry": { "type": "LineString", "coordinates": [ [ 68.935, 27.829166666666676 ], [ 68.931666666666658, 27.835 ], [ 68.931666666666658, 27.84 ], [ 68.920833333333334, 27.855 ], [ 68.918333333333337, 27.860833333333343 ], [ 68.92, 27.885 ], [ 68.9225, 27.89083333333334 ], [ 68.924166666666665, 27.901666666666678 ], [ 68.926666666666662, 27.905833333333341 ], [ 68.926666666666662, 27.909166666666678 ], [ 68.935, 27.919166666666676 ] ] } },
{ "type": "Feature", "properties": { "COMID": 45031334, "id": "37016", "lengthkm": 10.854470374262039, "order": 8, "uparea": 720352.41136622441 }, "geometry": { "type": "LineString", "coordinates": [ [ 68.906666666666666, 27.755833333333342 ], [ 68.9075, 27.759166666666676 ], [ 68.920833333333334, 27.7725 ], [ 68.926666666666662, 27.784166666666678 ], [ 68.924166666666665, 27.795 ], [ 68.9275, 27.799166666666679 ], [ 68.9275, 27.8025 ], [ 68.92, 27.810833333333342 ], [ 68.92, 27.814166666666676 ], [ 68.923333333333332, 27.815833333333345 ], [ 68.93, 27.815833333333345 ], [ 68.933333333333337, 27.818333333333342 ], [ 68.936666666666667, 27.8225 ], [ 68.935, 27.829166666666676 ] ] } },
{ "type": "Feature", "properties": { "COMID": 45035617, "id": "37016", "lengthkm": 8.8148458587319833, "order": 8, "uparea": 720806.50809727504 }, "geometry": { "type": "LineString", "coordinates": [ [ 68.9725, 27.738333333333344 ], [ 68.9725, 27.7425 ], [ 68.969166666666666, 27.7475 ], [ 68.960833333333326, 27.753333333333345 ], [ 68.946666666666658, 27.751666666666676 ], [ 68.938333333333333, 27.746666666666677 ], [ 68.928333333333327, 27.743333333333343 ], [ 68.921666666666667, 27.743333333333343 ], [ 68.915, 27.745833333333344 ], [ 68.906666666666666, 27.755833333333342 ] ] } },
{ "type": "Feature", "properties": { "COMID": 45035616, "id": "37016", "lengthkm": 5.3145249460224511, "order": 8, "uparea": 720970.37176067394 }, "geometry": { "type": "LineString", "coordinates": [ [ 68.94, 27.7075 ], [ 68.9525, 27.713333333333345 ], [ 68.968333333333334, 27.725833333333341 ], [ 68.9725, 27.731666666666676 ], [ 68.9725, 27.738333333333344 ] ] } },
{ "type": "Feature", "properties": { "COMID": 45035615, "id": "37016", "lengthkm": 5.1367013931669954, "order": 8, "uparea": 721151.39022426785 }, "geometry": { "type": "LineString", "coordinates": [ [ 68.893333333333331, 27.696666666666676 ], [ 68.9025, 27.696666666666676 ], [ 68.92, 27.70333333333334 ], [ 68.94, 27.7075 ] ] } },
{ "type": "Feature", "properties": { "COMID": 45035614, "id": "37016", "lengthkm": 4.4849107363797884, "order": 8, "uparea": 721200.78510424017 }, "geometry": { "type": "LineString", "coordinates": [ [ 68.855833333333337, 27.6825 ], [ 68.885, 27.694166666666675 ], [ 68.889166666666668, 27.693333333333342 ], [ 68.893333333333331, 27.696666666666676 ] ] } },
{ "type": "Feature", "properties": { "COMID": 45035613, "id": "37016", "lengthkm": 0.65920788276590903, "order": 8, "uparea": 722513.58506188809 }, "geometry": { "type": "LineString", "coordinates": [ [ 68.850833333333327, 27.679166666666674 ], [ 68.855833333333337, 27.6825 ] ] } },
{ "type": "Feature", "properties": { "COMID": 45035612, "id": "37016", "lengthkm": 0.65784239676258904, "order": 8, "uparea": 722560.52017581521 }, "geometry": { "type": "LineString", "coordinates": [ [ 68.845, 27.6775 ], [ 68.850833333333327, 27.679166666666674 ] ] } },
{ "type": "Feature", "properties": { "COMID": 45035611, "id": "37016", "lengthkm": 2.1794084962279281, "order": 8, "uparea": 722643.66939963412 }, "geometry": { "type": "LineString", "coordinates": [ [ 68.825833333333335, 27.671666666666674 ], [ 68.831666666666663, 27.675 ], [ 68.845, 27.6775 ] ] } },
{ "type": "Feature", "properties": { "COMID": 45035610, "id": "37016", "lengthkm": 13.59351269015178, "order": 8, "uparea": 722709.36783217953 }, "geometry": { "type": "LineString", "coordinates": [ [ 68.724166666666662, 27.705 ], [ 68.725833333333327, 27.706666666666678 ], [ 68.73833333333333, 27.705 ], [ 68.7425, 27.700833333333343 ], [ 68.74666666666667, 27.7 ], [ 68.7525, 27.690833333333345 ], [ 68.759166666666658, 27.685833333333342 ], [ 68.763333333333335, 27.675 ], [ 68.766666666666666, 27.671666666666674 ], [ 68.775833333333324, 27.6675 ], [ 68.780833333333334, 27.669166666666676 ], [ 68.786666666666662, 27.6675 ], [ 68.79, 27.664166666666674 ], [ 68.8, 27.665833333333342 ], [ 68.8075, 27.664166666666674 ], [ 68.811666666666667, 27.6675 ], [ 68.825833333333335, 27.671666666666674 ] ] } },
{ "type": "Feature", "properties": { "COMID": 45035609, "id": "37016", "lengthkm": 29.38889155439788, "order": 8, "uparea": 722824.81488652527 }, "geometry": { "type": "LineString", "coordinates": [ [ 68.57416666666667, 27.690833333333345 ], [ 68.576666666666668, 27.696666666666676 ], [ 68.585833333333326, 27.7025 ], [ 68.5875, 27.706666666666678 ], [ 68.594166666666666, 27.711666666666677 ], [ 68.5975, 27.718333333333341 ], [ 68.605, 27.725833333333341 ], [ 68.608333333333334, 27.730833333333344 ], [ 68.611666666666665, 27.741666666666674 ], [ 68.615833333333327, 27.745 ], [ 68.6175, 27.75 ], [ 68.625, 27.759166666666676 ], [ 68.633333333333326, 27.76583333333334 ], [ 68.635833333333323, 27.771666666666675 ], [ 68.648333333333326, 27.783333333333342 ], [ 68.665, 27.79 ], [ 68.669166666666669, 27.79 ], [ 68.673333333333332, 27.7875 ], [ 68.68416666666667, 27.774166666666677 ], [ 68.68416666666667, 27.771666666666675 ], [ 68.688333333333333, 27.765 ], [ 68.685833333333335, 27.758333333333344 ], [ 68.691666666666663, 27.75 ], [ 68.69083333333333, 27.745833333333344 ], [ 68.6925, 27.744166666666676 ], [ 68.69083333333333, 27.7425 ], [ 68.700833333333335, 27.731666666666676 ], [ 68.7, 27.7275 ], [ 68.705, 27.7225 ], [ 68.705833333333331, 27.718333333333341 ], [ 68.709166666666661, 27.715 ], [ 68.710833333333326, 27.715833333333343 ], [ 68.7175, 27.7075 ], [ 68.718333333333334, 27.708333333333343 ], [ 68.724166666666662, 27.705 ] ] } },
{ "type": "Feature", "properties": { "COMID": 45035608, "id": "37016", "lengthkm": 8.9178648726943948, "order": 8, "uparea": 722957.98013355059 }, "geometry": { "type": "LineString", "coordinates": [ [ 68.513333333333335, 27.715 ], [ 68.516666666666666, 27.710833333333341 ], [ 68.518333333333331, 27.711666666666677 ], [ 68.524166666666659, 27.708333333333343 ], [ 68.526666666666671, 27.704166666666676 ], [ 68.531666666666666, 27.7025 ], [ 68.535, 27.698333333333345 ], [ 68.534166666666664, 27.695 ], [ 68.535833333333329, 27.6925 ], [ 68.545, 27.685 ], [ 68.55083333333333, 27.683333333333344 ], [ 68.55416666666666, 27.684166666666677 ], [ 68.5575, 27.681666666666676 ], [ 68.564166666666665, 27.684166666666677 ], [ 68.57416666666667, 27.690833333333345 ] ] } },
{ "type": "Feature", "properties": { "COMID": 45035607, "id": "37016", "lengthkm": 19.738909378812398, "order": 8, "uparea": 723083.04431653966 }, "geometry": { "type": "LineString", "coordinates": [ [ 68.436666666666667, 27.631666666666675 ], [ 68.431666666666658, 27.638333333333343 ], [ 68.428333333333327, 27.638333333333343 ], [ 68.42916666666666, 27.640833333333344 ], [ 68.4225, 27.648333333333341 ], [ 68.421666666666667, 27.654166666666676 ], [ 68.421666666666667, 27.664166666666674 ], [ 68.424166666666665, 27.669166666666676 ], [ 68.428333333333327, 27.674166666666679 ], [ 68.42916666666666, 27.6775 ], [ 68.436666666666667, 27.683333333333344 ], [ 68.43416666666667, 27.689166666666676 ], [ 68.438333333333333, 27.6925 ], [ 68.445833333333326, 27.691666666666677 ], [ 68.448333333333338, 27.694166666666675 ], [ 68.448333333333338, 27.6975 ], [ 68.453333333333333, 27.7 ], [ 68.465, 27.7 ], [ 68.469166666666666, 27.696666666666676 ], [ 68.470833333333331, 27.698333333333345 ], [ 68.4775, 27.6975 ], [ 68.4875, 27.700833333333343 ], [ 68.49166666666666, 27.704166666666676 ], [ 68.493333333333325, 27.70333333333334 ], [ 68.495, 27.705 ], [ 68.4975, 27.70333333333334 ], [ 68.499166666666667, 27.705 ], [ 68.500833333333333, 27.704166666666676 ], [ 68.5075, 27.706666666666678 ], [ 68.5125, 27.706666666666678 ], [ 68.514166666666668, 27.709166666666675 ], [ 68.51, 27.715 ], [ 68.513333333333335, 27.715 ] ] } },
{ "type": "Feature", "properties": { "COMID": 45035606, "id": "37016", "lengthkm": 10.446086497068034, "order": 8, "uparea": 723198.7436753267 }, "geometry": { "type": "LineString", "coordinates": [ [ 68.36666666666666, 27.603333333333342 ], [ 68.373333333333335, 27.6025 ], [ 68.381666666666661, 27.604166666666679 ], [ 68.3875, 27.601666666666674 ], [ 68.395833333333329, 27.6025 ], [ 68.401666666666671, 27.601666666666674 ], [ 68.408333333333331, 27.598333333333343 ], [ 68.411666666666662, 27.598333333333343 ], [ 68.413333333333327, 27.600833333333341 ], [ 68.421666666666667, 27.600833333333341 ], [ 68.425, 27.6025 ], [ 68.436666666666667, 27.615833333333342 ], [ 68.436666666666667, 27.62 ], [ 68.438333333333333, 27.621666666666677 ], [ 68.436666666666667, 27.631666666666675 ] ] } },
{ "type": "Feature", "properties": { "COMID": 45035605, "id": "37016", "lengthkm": 0.57480710766870902, "order": 8, "uparea": 723256.71740359813 }, "geometry": { "type": "LineString", "coordinates": [ [ 68.360833333333332, 27.603333333333342 ], [ 68.36666666666666, 27.603333333333342 ] ] } },
{ "type": "Feature", "properties": { "COMID": 45035604, "id": "37016", "lengthkm": 20.607878585447608, "order": 8, "uparea": 723351.04927540058 }, "geometry": { "type": "LineString", "coordinates": [ [ 68.346666666666664, 27.54 ], [ 68.3425, 27.536666666666676 ], [ 68.339166666666671, 27.536666666666676 ], [ 68.3375, 27.535 ], [ 68.335833333333326, 27.535833333333343 ], [ 68.330833333333331, 27.5325 ], [ 68.313333333333333, 27.53 ], [ 68.308333333333337, 27.534166666666678 ], [ 68.3, 27.534166666666678 ], [ 68.295833333333334, 27.536666666666676 ], [ 68.29, 27.541666666666679 ], [ 68.288333333333327, 27.545833333333341 ], [ 68.289166666666659, 27.55 ], [ 68.295, 27.555 ], [ 68.294166666666669, 27.561666666666675 ], [ 68.2975, 27.565 ], [ 68.2975, 27.569166666666675 ], [ 68.293333333333337, 27.579166666666676 ], [ 68.295833333333334, 27.585833333333341 ], [ 68.303333333333327, 27.593333333333341 ], [ 68.3075, 27.593333333333341 ], [ 68.32, 27.601666666666674 ], [ 68.323333333333338, 27.601666666666674 ], [ 68.325, 27.6 ], [ 68.330833333333331, 27.600833333333341 ], [ 68.334166666666661, 27.599166666666676 ], [ 68.341666666666669, 27.599166666666676 ], [ 68.350833333333327, 27.6025 ], [ 68.360833333333332, 27.603333333333342 ] ] } },
{ "type": "Feature", "properties": { "COMID": 45035603, "id": "37016", "lengthkm": 8.9331569295446478, "order": 8, "uparea": 723402.10034099058 }, "geometry": { "type": "LineString", "coordinates": [ [ 68.380833333333328, 27.506666666666675 ], [ 68.380833333333328, 27.510833333333345 ], [ 68.38666666666667, 27.519166666666678 ], [ 68.385, 27.52 ], [ 68.385833333333338, 27.526666666666678 ], [ 68.3825, 27.531666666666677 ], [ 68.379166666666663, 27.533333333333346 ], [ 68.38, 27.535 ], [ 68.3775, 27.538333333333341 ], [ 68.37833333333333, 27.539166666666677 ], [ 68.374166666666667, 27.543333333333344 ], [ 68.373333333333335, 27.5425 ], [ 68.370833333333337, 27.544166666666676 ], [ 68.3675, 27.5425 ], [ 68.358333333333334, 27.5425 ], [ 68.355833333333337, 27.543333333333344 ], [ 68.355, 27.545833333333341 ], [ 68.35, 27.540833333333342 ], [ 68.346666666666664, 27.54 ] ] } },
{ "type": "Feature", "properties": { "COMID": 45035602, "id": "37016", "lengthkm": 21.659131694553615, "order": 8, "uparea": 723563.70968910749 }, "geometry": { "type": "LineString", "coordinates": [ [ 68.273333333333326, 27.435 ], [ 68.273333333333326, 27.440833333333345 ], [ 68.268333333333331, 27.450833333333343 ], [ 68.270833333333329, 27.4525 ], [ 68.271666666666661, 27.461666666666677 ], [ 68.275833333333338, 27.464166666666678 ], [ 68.275, 27.465 ], [ 68.283333333333331, 27.473333333333343 ], [ 68.285, 27.481666666666676 ], [ 68.299166666666665, 27.490833333333342 ], [ 68.295833333333334, 27.4925 ], [ 68.3, 27.4975 ], [ 68.305833333333325, 27.4925 ], [ 68.3125, 27.494166666666676 ], [ 68.314166666666665, 27.491666666666674 ], [ 68.3125, 27.49 ], [ 68.3225, 27.483333333333341 ], [ 68.334166666666661, 27.481666666666676 ], [ 68.333333333333329, 27.4825 ], [ 68.335833333333326, 27.485 ], [ 68.338333333333338, 27.485 ], [ 68.3475, 27.480833333333344 ], [ 68.353333333333325, 27.480833333333344 ], [ 68.355833333333337, 27.479166666666679 ], [ 68.379166666666663, 27.503333333333345 ], [ 68.380833333333328, 27.506666666666675 ] ] } },
{ "type": "Feature", "properties": { "COMID": 45035601, "id": "37016", "lengthkm": 11.179846654719707, "order": 8, "uparea": 723612.48167111003 }, "geometry": { "type": "LineString", "coordinates": [ [ 68.294166666666669, 27.358333333333341 ], [ 68.293333333333337, 27.359166666666674 ], [ 68.295, 27.361666666666679 ], [ 68.293333333333337, 27.364166666666677 ], [ 68.295833333333334, 27.368333333333343 ], [ 68.295833333333334, 27.375 ], [ 68.294166666666669, 27.376666666666676 ], [ 68.295, 27.379166666666677 ], [ 68.288333333333327, 27.388333333333343 ], [ 68.283333333333331, 27.3925 ], [ 68.2825, 27.396666666666675 ], [ 68.2825, 27.398333333333341 ], [ 68.289166666666659, 27.405 ], [ 68.288333333333327, 27.408333333333346 ], [ 68.2925, 27.41 ], [ 68.2925, 27.415 ], [ 68.289166666666659, 27.4175 ], [ 68.289166666666659, 27.419166666666676 ], [ 68.285, 27.420833333333341 ], [ 68.275833333333338, 27.429166666666674 ], [ 68.273333333333326, 27.435 ] ] } },
{ "type": "Feature", "properties": { "COMID": 45035600, "id": "37016", "lengthkm": 20.411610614677716, "order": 8, "uparea": 724106.69153357798 }, "geometry": { "type": "LineString", "coordinates": [ [ 68.1425, 27.295 ], [ 68.1425, 27.299166666666679 ], [ 68.146666666666661, 27.300833333333344 ], [ 68.161666666666662, 27.326666666666675 ], [ 68.18, 27.341666666666676 ], [ 68.195833333333326, 27.351666666666677 ], [ 68.2, 27.351666666666677 ], [ 68.204166666666666, 27.354166666666679 ], [ 68.205833333333331, 27.353333333333342 ], [ 68.2125, 27.356666666666676 ], [ 68.223333333333329, 27.356666666666676 ], [ 68.233333333333334, 27.3525 ], [ 68.283333333333331, 27.35 ], [ 68.290833333333325, 27.3525 ], [ 68.290833333333325, 27.355833333333344 ], [ 68.294166666666669, 27.358333333333341 ] ] } },
{ "type": "Feature", "properties": { "COMID": 45035599, "id": "37016", "lengthkm": 7.2916957294129059, "order": 8, "uparea": 724143.82346580457 }, "geometry": { "type": "LineString", "coordinates": [ [ 68.1625, 27.238333333333344 ], [ 68.149166666666659, 27.253333333333345 ], [ 68.145833333333329, 27.259166666666676 ], [ 68.145, 27.265833333333344 ], [ 68.143333333333331, 27.2675 ], [ 68.143333333333331, 27.274166666666677 ], [ 68.14, 27.2825 ], [ 68.1425, 27.295 ] ] } },
{ "type": "Feature", "properties": { "COMID": 45035598, "id": "37016", "lengthkm": 5.3898421970529418, "order": 8, "uparea": 724228.46936634998 }, "geometry": { "type": "LineString", "coordinates": [ [ 68.193333333333328, 27.201666666666675 ], [ 68.17583333333333, 27.225 ], [ 68.1625, 27.238333333333344 ] ] } },
{ "type": "Feature", "properties": { "COMID": 45035597, "id": "37016", "lengthkm": 17.127368461647546, "order": 8, "uparea": 724326.70844985091 }, "geometry": { "type": "LineString", "coordinates": [ [ 68.083333333333329, 27.168333333333344 ], [ 68.088333333333338, 27.1675 ], [ 68.0925, 27.17 ], [ 68.098333333333329, 27.165 ], [ 68.11333333333333, 27.164166666666677 ], [ 68.125833333333333, 27.159166666666678 ], [ 68.140833333333333, 27.16 ], [ 68.149166666666659, 27.1575 ], [ 68.1575, 27.164166666666677 ], [ 68.165, 27.165833333333346 ], [ 68.168333333333337, 27.168333333333344 ], [ 68.176666666666662, 27.169166666666676 ], [ 68.180833333333325, 27.171666666666674 ], [ 68.191666666666663, 27.171666666666674 ], [ 68.2, 27.1775 ], [ 68.200833333333335, 27.183333333333344 ], [ 68.198333333333338, 27.185833333333342 ], [ 68.2, 27.188333333333343 ], [ 68.193333333333328, 27.201666666666675 ] ] } },
{ "type": "Feature", "properties": { "COMID": 45039699, "id": "37016", "lengthkm": 7.8831239566046998, "order": 8, "uparea": 724438.57051780738 }, "geometry": { "type": "LineString", "coordinates": [ [ 68.105, 27.11 ], [ 68.1025, 27.115833333333342 ], [ 68.091666666666669, 27.129166666666677 ], [ 68.091666666666669, 27.131666666666675 ], [ 68.088333333333338, 27.135 ], [ 68.088333333333338, 27.138333333333343 ], [ 68.085, 27.140833333333344 ], [ 68.085, 27.145833333333343 ], [ 68.081666666666663, 27.149166666666677 ], [ 68.081666666666663, 27.154166666666676 ], [ 68.085, 27.1575 ], [ 68.083333333333329, 27.168333333333344 ] ] } },
{ "type": "Feature", "properties": { "COMID": 45039698, "id": "37016", "lengthkm": 11.728215632135219, "order": 8, "uparea": 724547.73056466423 }, "geometry": { "type": "LineString", "coordinates": [ [ 68.0425, 27.0825 ], [ 68.049166666666665, 27.091666666666676 ], [ 68.055833333333325, 27.093333333333341 ], [ 68.0575, 27.090833333333343 ], [ 68.06583333333333, 27.09 ], [ 68.070833333333326, 27.081666666666678 ], [ 68.0725, 27.081666666666678 ], [ 68.078333333333333, 27.075833333333343 ], [ 68.085, 27.075 ], [ 68.091666666666669, 27.076666666666675 ], [ 68.095, 27.08 ], [ 68.0975, 27.08 ], [ 68.1025, 27.086666666666677 ], [ 68.1025, 27.094166666666677 ], [ 68.104166666666657, 27.095 ], [ 68.104166666666657, 27.100833333333341 ], [ 68.1025, 27.103333333333346 ], [ 68.105, 27.11 ] ] } },
{ "type": "Feature", "properties": { "COMID": 45039697, "id": "37016", "lengthkm": 10.652198633938212, "order": 8, "uparea": 724626.97589413519 }, "geometry": { "type": "LineString", "coordinates": [ [ 68.0375, 26.996666666666677 ], [ 68.035833333333329, 27.0 ], [ 68.035, 27.010833333333345 ], [ 68.03, 27.014166666666675 ], [ 68.03, 27.015833333333344 ], [ 68.033333333333331, 27.024166666666677 ], [ 68.0325, 27.0275 ], [ 68.0375, 27.038333333333341 ], [ 68.0375, 27.048333333333343 ], [ 68.035833333333329, 27.050833333333344 ], [ 68.036666666666662, 27.060833333333342 ], [ 68.039166666666659, 27.063333333333343 ], [ 68.04, 27.074166666666677 ], [ 68.0425, 27.0825 ] ] } },
{ "type": "Feature", "properties": { "COMID": 45039696, "id": "37016", "lengthkm": 24.856730813250113, "order": 8, "uparea": 724735.06584753876 }, "geometry": { "type": "LineString", "coordinates": [ [ 67.893333333333331, 26.8875 ], [ 67.898333333333326, 26.890833333333344 ], [ 67.9, 26.893333333333345 ], [ 67.899166666666659, 26.895 ], [ 67.909166666666664, 26.9075 ], [ 67.91, 26.9125 ], [ 67.9075, 26.935833333333342 ], [ 67.911666666666662, 26.940833333333345 ], [ 67.918333333333337, 26.944166666666675 ], [ 67.924166666666665, 26.94 ], [ 67.930833333333325, 26.94 ], [ 67.93416666666667, 26.941666666666677 ], [ 67.936666666666667, 26.945 ], [ 67.935833333333335, 26.9475 ], [ 67.939166666666665, 26.95 ], [ 67.955833333333331, 26.954166666666676 ], [ 67.974166666666662, 26.955 ], [ 67.98, 26.96 ], [ 67.983333333333334, 26.960833333333344 ], [ 67.985833333333332, 26.959166666666675 ], [ 67.994166666666658, 26.9625 ], [ 68.0, 26.96 ], [ 68.006666666666661, 26.96 ], [ 68.019166666666663, 26.964166666666678 ], [ 68.023333333333326, 26.964166666666678 ], [ 68.035, 26.9725 ], [ 68.034166666666664, 26.986666666666679 ], [ 68.0375, 26.990833333333342 ], [ 68.0375, 26.996666666666677 ] ] } },
{ "type": "Feature", "properties": { "COMID": 45039695, "id": "37016", "lengthkm": 9.518847419204107, "order": 8, "uparea": 724941.02505042206 }, "geometry": { "type": "LineString", "coordinates": [ [ 67.945833333333326, 26.8575 ], [ 67.945833333333326, 26.86 ], [ 67.941666666666663, 26.865 ], [ 67.9325, 26.870833333333344 ], [ 67.923333333333332, 26.874166666666675 ], [ 67.908333333333331, 26.875 ], [ 67.899166666666659, 26.87 ], [ 67.89, 26.87 ], [ 67.88666666666667, 26.875 ], [ 67.888333333333335, 26.875833333333343 ], [ 67.890833333333333, 26.880833333333342 ], [ 67.89, 26.883333333333344 ], [ 67.893333333333331, 26.8875 ] ] } },
{ "type": "Feature", "properties": { "COMID": 45039694, "id": "37016", "lengthkm": 18.202396807757388, "order": 8, "uparea": 725054.0774251495 }, "geometry": { "type": "LineString", "coordinates": [ [ 67.883333333333326, 26.728333333333346 ], [ 67.874166666666667, 26.745833333333344 ], [ 67.876666666666665, 26.755833333333342 ], [ 67.88, 26.760833333333345 ], [ 67.889166666666668, 26.764166666666675 ], [ 67.895833333333329, 26.770833333333343 ], [ 67.9, 26.7725 ], [ 67.9, 26.775 ], [ 67.906666666666666, 26.7825 ], [ 67.9075, 26.786666666666676 ], [ 67.914166666666659, 26.794166666666676 ], [ 67.916666666666671, 26.804166666666674 ], [ 67.921666666666667, 26.811666666666675 ], [ 67.92583333333333, 26.8225 ], [ 67.926666666666662, 26.83 ], [ 67.93, 26.8325 ], [ 67.930833333333325, 26.836666666666677 ], [ 67.944166666666661, 26.849166666666676 ], [ 67.945833333333326, 26.8575 ] ] } },
{ "type": "Feature", "properties": { "COMID": 45039693, "id": "37016", "lengthkm": 16.733600497292134, "order": 8, "uparea": 725247.77805659513 }, "geometry": { "type": "LineString", "coordinates": [ [ 67.831666666666663, 26.624166666666675 ], [ 67.839166666666671, 26.6275 ], [ 67.845, 26.635 ], [ 67.850833333333327, 26.633333333333344 ], [ 67.861666666666665, 26.633333333333344 ], [ 67.87166666666667, 26.643333333333345 ], [ 67.876666666666665, 26.650833333333345 ], [ 67.875833333333333, 26.654166666666676 ], [ 67.885, 26.669166666666676 ], [ 67.885, 26.674166666666679 ], [ 67.895, 26.689166666666679 ], [ 67.894166666666663, 26.695833333333344 ], [ 67.895833333333329, 26.7 ], [ 67.895833333333329, 26.710833333333344 ], [ 67.893333333333331, 26.721666666666678 ], [ 67.885833333333338, 26.728333333333346 ], [ 67.883333333333326, 26.728333333333346 ] ] } },
{ "type": "Feature", "properties": { "COMID": 45043692, "id": "37016", "lengthkm": 7.7661556103213751, "order": 8, "uparea": 725339.20992777497 }, "geometry": { "type": "LineString", "coordinates": [ [ 67.806666666666672, 26.57166666666668 ], [ 67.801666666666662, 26.574166666666677 ], [ 67.801666666666662, 26.580833333333345 ], [ 67.799166666666665, 26.585833333333344 ], [ 67.8025, 26.591666666666676 ], [ 67.8025, 26.595 ], [ 67.805, 26.599166666666676 ], [ 67.8125, 26.604166666666679 ], [ 67.813333333333333, 26.606666666666676 ], [ 67.831666666666663, 26.624166666666675 ] ] } },
{ "type": "Feature", "properties": { "COMID": 45039692, "id": "37016", "lengthkm": 10.520167311711894, "order": 8, "uparea": 725899.64001959621 }, "geometry": { "type": "LineString", "coordinates": [ [ 67.884166666666658, 26.585 ], [ 67.879166666666663, 26.593333333333344 ], [ 67.873333333333335, 26.598333333333343 ], [ 67.870833333333337, 26.598333333333343 ], [ 67.869166666666658, 26.596666666666678 ], [ 67.856666666666669, 26.593333333333344 ], [ 67.8475, 26.583333333333343 ], [ 67.846666666666664, 26.58 ], [ 67.838333333333338, 26.575833333333343 ], [ 67.835, 26.5725 ], [ 67.8325, 26.573333333333345 ], [ 67.830833333333331, 26.57166666666668 ], [ 67.820833333333326, 26.570833333333344 ], [ 67.816666666666663, 26.5725 ], [ 67.80916666666667, 26.57 ], [ 67.806666666666672, 26.57166666666668 ] ] } },
{ "type": "Feature", "properties": { "COMID": 45043691, "id": "37016", "lengthkm": 7.4110955847659374, "order": 8, "uparea": 726656.26038760238 }, "geometry": { "type": "LineString", "coordinates": [ [ 67.9325, 26.548333333333346 ], [ 67.928333333333327, 26.55 ], [ 67.9225, 26.549166666666679 ], [ 67.915, 26.550833333333344 ], [ 67.9075, 26.555833333333343 ], [ 67.904166666666669, 26.555833333333343 ], [ 67.889166666666668, 26.57 ], [ 67.885, 26.576666666666675 ], [ 67.884166666666658, 26.585 ] ] } },
{ "type": "Feature", "properties": { "COMID": 45043690, "id": "37016", "lengthkm": 2.781867491324137, "order": 8, "uparea": 726725.03803351813 }, "geometry": { "type": "LineString", "coordinates": [ [ 67.946666666666658, 26.53 ], [ 67.945, 26.535 ], [ 67.938333333333333, 26.539166666666677 ], [ 67.935833333333335, 26.545833333333341 ], [ 67.9325, 26.548333333333346 ] ] } },
{ "type": "Feature", "properties": { "COMID": 45043689, "id": "37016", "lengthkm": 15.678099533324835, "order": 8, "uparea": 726863.16318658588 }, "geometry": { "type": "LineString", "coordinates": [ [ 67.879166666666663, 26.424166666666679 ], [ 67.895833333333329, 26.429166666666678 ], [ 67.905, 26.4375 ], [ 67.906666666666666, 26.445833333333344 ], [ 67.903333333333336, 26.450833333333343 ], [ 67.9025, 26.464166666666678 ], [ 67.905833333333334, 26.478333333333346 ], [ 67.9125, 26.4875 ], [ 67.928333333333327, 26.503333333333345 ], [ 67.93416666666667, 26.506666666666675 ], [ 67.945, 26.516666666666676 ], [ 67.946666666666658, 26.53 ] ] } },
{ "type": "Feature", "properties": { "COMID": 45043688, "id": "37016", "lengthkm": 18.574411575187227, "order": 8, "uparea": 825523.61787449906 }, "geometry": { "type": "LineString", "coordinates": [ [ 67.933333333333337, 26.314166666666679 ], [ 67.926666666666662, 26.315833333333345 ], [ 67.9075, 26.314166666666679 ], [ 67.9, 26.316666666666677 ], [ 67.8925, 26.320833333333344 ], [ 67.885833333333338, 26.33 ], [ 67.880833333333328, 26.345833333333346 ], [ 67.881666666666661, 26.349166666666676 ], [ 67.890833333333333, 26.358333333333341 ], [ 67.893333333333331, 26.370833333333344 ], [ 67.895833333333329, 26.3725 ], [ 67.8975, 26.3775 ], [ 67.8975, 26.38416666666668 ], [ 67.895833333333329, 26.385833333333345 ], [ 67.899166666666659, 26.395 ], [ 67.894166666666663, 26.405 ], [ 67.885833333333338, 26.409166666666678 ], [ 67.88, 26.416666666666679 ], [ 67.879166666666663, 26.424166666666679 ] ] } },
{ "type": "Feature", "properties": { "COMID": 45043687, "id": "37016", "lengthkm": 13.817941704037899, "order": 8, "uparea": 825699.62993286818 }, "geometry": { "type": "LineString", "coordinates": [ [ 67.928333333333327, 26.2475 ], [ 67.918333333333337, 26.256666666666675 ], [ 67.918333333333337, 26.261666666666677 ], [ 67.921666666666667, 26.266666666666676 ], [ 67.9275, 26.271666666666675 ], [ 67.933333333333337, 26.271666666666675 ], [ 67.93416666666667, 26.273333333333344 ], [ 67.945833333333326, 26.276666666666678 ], [ 67.94916666666667, 26.28 ], [ 67.951666666666668, 26.278333333333343 ], [ 67.958333333333329, 26.280833333333344 ], [ 67.9675, 26.2875 ], [ 67.965833333333336, 26.2925 ], [ 67.953333333333333, 26.304166666666678 ], [ 67.95, 26.305833333333347 ], [ 67.944166666666661, 26.305 ], [ 67.935, 26.314166666666679 ], [ 67.933333333333337, 26.314166666666679 ] ] } },
{ "type": "Feature", "properties": { "COMID": 45043686, "id": "37016", "lengthkm": 14.964591384706635, "order": 8, "uparea": 825837.56857267255 }, "geometry": { "type": "LineString", "coordinates": [ [ 68.013333333333335, 26.186666666666678 ], [ 68.01166666666667, 26.188333333333343 ], [ 68.01, 26.19666666666668 ], [ 68.014166666666668, 26.209166666666675 ], [ 68.01, 26.215 ], [ 68.01, 26.225 ], [ 68.001666666666665, 26.235 ], [ 67.99666666666667, 26.235 ], [ 67.993333333333325, 26.2375 ], [ 67.976666666666659, 26.2375 ], [ 67.964166666666671, 26.233333333333341 ], [ 67.948333333333338, 26.230833333333344 ], [ 67.94083333333333, 26.233333333333341 ], [ 67.928333333333327, 26.2475 ] ] } },
{ "type": "Feature", "properties": { "COMID": 45043685, "id": "37016", "lengthkm": 2.3337515046411661, "order": 8, "uparea": 825898.65616356942 }, "geometry": { "type": "LineString", "coordinates": [ [ 68.028333333333336, 26.170833333333341 ], [ 68.013333333333335, 26.186666666666678 ] ] } },
{ "type": "Feature", "properties": { "COMID": 45043684, "id": "37016", "lengthkm": 1.171910256217783, "order": 8, "uparea": 826694.1947731924 }, "geometry": { "type": "LineString", "coordinates": [ [ 68.035833333333329, 26.163333333333345 ], [ 68.028333333333336, 26.170833333333341 ] ] } },
{ "type": "Feature", "properties": { "COMID": 45043683, "id": "37016", "lengthkm": 3.4974618238921238, "order": 8, "uparea": 826779.16380995768 }, "geometry": { "type": "LineString", "coordinates": [ [ 68.060833333333335, 26.144166666666678 ], [ 68.046666666666667, 26.1525 ], [ 68.035833333333329, 26.163333333333345 ] ] } },
{ "type": "Feature", "properties": { "COMID": 45043682, "id": "37016", "lengthkm": 6.1933988735253864, "order": 8, "uparea": 826906.44360829657 }, "geometry": { "type": "LineString", "coordinates": [ [ 68.11666666666666, 26.146666666666675 ], [ 68.110833333333332, 26.145833333333343 ], [ 68.100833333333327, 26.140833333333344 ], [ 68.089166666666671, 26.139166666666675 ], [ 68.0775, 26.139166666666675 ], [ 68.060833333333335, 26.144166666666678 ] ] } },
{ "type": "Feature", "properties": { "COMID": 45043681, "id": "37016", "lengthkm": 10.259031985096977, "order": 8, "uparea": 827027.21627638326 }, "geometry": { "type": "LineString", "coordinates": [ [ 68.120833333333337, 26.07916666666668 ], [ 68.125, 26.089166666666678 ], [ 68.1275, 26.091666666666676 ], [ 68.125833333333333, 26.099166666666676 ], [ 68.131666666666661, 26.105 ], [ 68.13, 26.116666666666678 ], [ 68.135833333333338, 26.14166666666668 ], [ 68.13, 26.146666666666675 ], [ 68.11666666666666, 26.146666666666675 ] ] } },
{ "type": "Feature", "properties": { "COMID": 45043680, "id": "37016", "lengthkm": 4.0919949104506612, "order": 8, "uparea": 827221.74162941938 }, "geometry": { "type": "LineString", "coordinates": [ [ 68.14, 26.05 ], [ 68.123333333333335, 26.065833333333345 ], [ 68.12, 26.073333333333345 ], [ 68.120833333333337, 26.07916666666668 ] ] } },
{ "type": "Feature", "properties": { "COMID": 45047750, "id": "37016", "lengthkm": 32.398419805479243, "order": 8, "uparea": 827702.67723157548 }, "geometry": { "type": "LineString", "coordinates": [ [ 68.3325, 25.875833333333347 ], [ 68.326666666666668, 25.876666666666679 ], [ 68.325, 25.875 ], [ 68.321666666666658, 25.875 ], [ 68.32, 25.876666666666679 ], [ 68.310833333333335, 25.875833333333347 ], [ 68.30916666666667, 25.8775 ], [ 68.3, 25.875833333333347 ], [ 68.296666666666667, 25.8775 ], [ 68.2825, 25.878333333333345 ], [ 68.264166666666668, 25.889166666666675 ], [ 68.259166666666658, 25.898333333333344 ], [ 68.259166666666658, 25.900833333333345 ], [ 68.26166666666667, 25.903333333333343 ], [ 68.26, 25.918333333333344 ], [ 68.255833333333328, 25.9225 ], [ 68.256666666666661, 25.923333333333346 ], [ 68.245833333333337, 25.941666666666677 ], [ 68.240833333333327, 25.94666666666668 ], [ 68.240833333333327, 25.949166666666677 ], [ 68.2375, 25.953333333333344 ], [ 68.2325, 25.965 ], [ 68.231666666666669, 25.970833333333346 ], [ 68.22, 25.9925 ], [ 68.200833333333335, 26.013333333333343 ], [ 68.194166666666661, 26.018333333333345 ], [ 68.14, 26.05 ] ] } },
{ "type": "Feature", "properties": { "COMID": 45047749, "id": "37016", "lengthkm": 12.1799135882504, "order": 8, "uparea": 827984.76704310114 }, "geometry": { "type": "LineString", "coordinates": [ [ 68.381666666666661, 25.789166666666677 ], [ 68.376666666666665, 25.795833333333345 ], [ 68.376666666666665, 25.805 ], [ 68.359166666666667, 25.8225 ], [ 68.356666666666669, 25.83 ], [ 68.345, 25.843333333333344 ], [ 68.34, 25.860833333333346 ], [ 68.340833333333336, 25.8725 ], [ 68.336666666666659, 25.875833333333347 ], [ 68.3325, 25.875833333333347 ] ] } },
{ "type": "Feature", "properties": { "COMID": 45047748, "id": "37016", "lengthkm": 11.953752872280704, "order": 8, "uparea": 828390.60089591052 }, "geometry": { "type": "LineString", "coordinates": [ [ 68.319166666666661, 25.713333333333345 ], [ 68.321666666666658, 25.715833333333343 ], [ 68.333333333333329, 25.720833333333346 ], [ 68.3325, 25.724166666666676 ], [ 68.3425, 25.729166666666679 ], [ 68.345833333333331, 25.7325 ], [ 68.3475, 25.735833333333346 ], [ 68.345833333333331, 25.7375 ], [ 68.353333333333325, 25.748333333333342 ], [ 68.355, 25.753333333333345 ], [ 68.38, 25.781666666666677 ], [ 68.381666666666661, 25.784166666666678 ], [ 68.381666666666661, 25.789166666666677 ] ] } },
{ "type": "Feature", "properties": { "COMID": 45047747, "id": "37016", "lengthkm": 15.901375433785295, "order": 8, "uparea": 829337.52867651812 }, "geometry": { "type": "LineString", "coordinates": [ [ 68.426666666666662, 25.648333333333344 ], [ 68.424166666666665, 25.650833333333345 ], [ 68.423333333333332, 25.6575 ], [ 68.415, 25.663333333333345 ], [ 68.411666666666662, 25.670833333333345 ], [ 68.405833333333334, 25.675833333333344 ], [ 68.405833333333334, 25.6775 ], [ 68.409166666666664, 25.68 ], [ 68.405833333333334, 25.685833333333342 ], [ 68.375833333333333, 25.684166666666677 ], [ 68.360833333333332, 25.6875 ], [ 68.3475, 25.6925 ], [ 68.335833333333326, 25.7 ], [ 68.32416666666667, 25.705 ], [ 68.32, 25.709166666666675 ], [ 68.319166666666661, 25.713333333333345 ] ] } },
{ "type": "Feature", "properties": { "COMID": 45047746, "id": "37016", "lengthkm": 8.1926186510774226, "order": 8, "uparea": 829524.47395390016 }, "geometry": { "type": "LineString", "coordinates": [ [ 68.37166666666667, 25.608333333333345 ], [ 68.396666666666661, 25.615 ], [ 68.406666666666666, 25.621666666666677 ], [ 68.4075, 25.620833333333344 ], [ 68.415833333333325, 25.630833333333342 ], [ 68.419166666666669, 25.6425 ], [ 68.426666666666662, 25.648333333333344 ] ] } },
{ "type": "Feature", "properties": { "COMID": 45047745, "id": "37016", "lengthkm": 7.8705876456181123, "order": 8, "uparea": 829758.79830574768 }, "geometry": { "type": "LineString", "coordinates": [ [ 68.390833333333333, 25.549166666666679 ], [ 68.393333333333331, 25.555 ], [ 68.393333333333331, 25.561666666666678 ], [ 68.385833333333338, 25.573333333333345 ], [ 68.3825, 25.575 ], [ 68.375, 25.584166666666675 ], [ 68.368333333333325, 25.598333333333343 ], [ 68.368333333333325, 25.605 ], [ 68.37166666666667, 25.608333333333345 ] ] } },
{ "type": "Feature", "properties": { "COMID": 45047744, "id": "37016", "lengthkm": 2.7929150899053168, "order": 8, "uparea": 829846.95857476629 }, "geometry": { "type": "LineString", "coordinates": [ [ 68.368333333333325, 25.538333333333345 ], [ 68.3775, 25.545 ], [ 68.38666666666667, 25.546666666666678 ], [ 68.390833333333333, 25.549166666666679 ] ] } },
{ "type": "Feature", "properties": { "COMID": 45047743, "id": "37016", "lengthkm": 6.7733636194292286, "order": 8, "uparea": 830615.75133765815 }, "geometry": { "type": "LineString", "coordinates": [ [ 68.321666666666658, 25.505 ], [ 68.329166666666666, 25.511666666666677 ], [ 68.343333333333334, 25.511666666666677 ], [ 68.351666666666659, 25.515833333333344 ], [ 68.359166666666667, 25.523333333333344 ], [ 68.368333333333325, 25.538333333333345 ] ] } },
{ "type": "Feature", "properties": { "COMID": 45047742, "id": "37016", "lengthkm": 5.4335074070052691, "order": 8, "uparea": 830679.77834853542 }, "geometry": { "type": "LineString", "coordinates": [ [ 68.316666666666663, 25.4625 ], [ 68.3125, 25.47 ], [ 68.31, 25.481666666666676 ], [ 68.311666666666667, 25.488333333333344 ], [ 68.321666666666658, 25.505 ] ] } },
{ "type": "Feature", "properties": { "COMID": 45047741, "id": "37016", "lengthkm": 2.606223330534279, "order": 8, "uparea": 830902.20851079375 }, "geometry": { "type": "LineString", "coordinates": [ [ 68.31583333333333, 25.441666666666677 ], [ 68.32, 25.453333333333344 ], [ 68.316666666666663, 25.4625 ] ] } },
{ "type": "Feature", "properties": { "COMID": 45047740, "id": "37016", "lengthkm": 0.31017766657950802, "order": 8, "uparea": 831076.57329535985 }, "geometry": { "type": "LineString", "coordinates": [ [ 68.315, 25.439166666666679 ], [ 68.31583333333333, 25.441666666666677 ] ] } },
{ "type": "Feature", "properties": { "COMID": 45051878, "id": "37016", "lengthkm": 41.309578193004533, "order": 8, "uparea": 831348.94610087201 }, "geometry": { "type": "LineString", "coordinates": [ [ 68.339166666666671, 25.179166666666678 ], [ 68.336666666666659, 25.178333333333345 ], [ 68.328333333333333, 25.1825 ], [ 68.320833333333326, 25.178333333333345 ], [ 68.315, 25.181666666666679 ], [ 68.31, 25.1825 ], [ 68.2875, 25.1825 ], [ 68.2825, 25.185 ], [ 68.279166666666669, 25.19 ], [ 68.279166666666669, 25.1975 ], [ 68.284166666666664, 25.206666666666678 ], [ 68.290833333333325, 25.2125 ], [ 68.295833333333334, 25.220833333333346 ], [ 68.315, 25.2425 ], [ 68.330833333333331, 25.254166666666677 ], [ 68.34, 25.2675 ], [ 68.34, 25.27 ], [ 68.3425, 25.271666666666675 ], [ 68.346666666666664, 25.28 ], [ 68.350833333333327, 25.295 ], [ 68.350833333333327, 25.301666666666677 ], [ 68.349166666666662, 25.304166666666678 ], [ 68.35, 25.310833333333342 ], [ 68.344166666666666, 25.3175 ], [ 68.344166666666666, 25.326666666666679 ], [ 68.334166666666661, 25.350833333333345 ], [ 68.331666666666663, 25.353333333333346 ], [ 68.331666666666663, 25.356666666666676 ], [ 68.325833333333335, 25.363333333333344 ], [ 68.306666666666658, 25.375833333333347 ], [ 68.3075, 25.380833333333342 ], [ 68.305, 25.3875 ], [ 68.3075, 25.395833333333343 ], [ 68.310833333333335, 25.400833333333345 ], [ 68.31, 25.404166666666676 ], [ 68.313333333333333, 25.41 ], [ 68.31583333333333, 25.420833333333345 ], [ 68.315, 25.439166666666679 ] ] } },
{ "type": "Feature", "properties": { "COMID": 45051877, "id": "37016", "lengthkm": 4.3262078763479277, "order": 8, "uparea": 831391.3757437981 }, "geometry": { "type": "LineString", "coordinates": [ [ 68.360833333333332, 25.1525 ], [ 68.354166666666657, 25.161666666666676 ], [ 68.355, 25.164166666666677 ], [ 68.346666666666664, 25.173333333333346 ], [ 68.345833333333331, 25.1725 ], [ 68.344166666666666, 25.174166666666679 ], [ 68.344166666666666, 25.176666666666677 ], [ 68.340833333333336, 25.176666666666677 ], [ 68.339166666666671, 25.179166666666678 ] ] } },
{ "type": "Feature", "properties": { "COMID": 45051876, "id": "37016", "lengthkm": 14.043984848270064, "order": 8, "uparea": 831471.66551537905 }, "geometry": { "type": "LineString", "coordinates": [ [ 68.2975, 25.136666666666677 ], [ 68.30416666666666, 25.138333333333343 ], [ 68.306666666666658, 25.135833333333345 ], [ 68.310833333333335, 25.135 ], [ 68.31, 25.1325 ], [ 68.311666666666667, 25.13 ], [ 68.314166666666665, 25.130833333333342 ], [ 68.31583333333333, 25.128333333333345 ], [ 68.319166666666661, 25.13 ], [ 68.320833333333326, 25.1275 ], [ 68.323333333333338, 25.1275 ], [ 68.325, 25.124166666666678 ], [ 68.326666666666668, 25.125 ], [ 68.329166666666666, 25.121666666666677 ], [ 68.335, 25.12 ], [ 68.345, 25.111666666666679 ], [ 68.3475, 25.1125 ], [ 68.350833333333327, 25.110833333333346 ], [ 68.353333333333325, 25.1125 ], [ 68.350833333333327, 25.115 ], [ 68.355833333333337, 25.118333333333347 ], [ 68.3575, 25.1175 ], [ 68.3625, 25.121666666666677 ], [ 68.36666666666666, 25.128333333333345 ], [ 68.365833333333327, 25.1425 ], [ 68.36333333333333, 25.145 ], [ 68.360833333333332, 25.1525 ] ] } },
{ "type": "Feature", "properties": { "COMID": 45051875, "id": "37016", "lengthkm": 38.614078005323854, "order": 8, "uparea": 835656.97047156526 }, "geometry": { "type": "LineString", "coordinates": [ [ 68.188333333333333, 24.9875 ], [ 68.195, 24.984166666666678 ], [ 68.2075, 24.971666666666678 ], [ 68.205, 24.966666666666676 ], [ 68.2075, 24.9625 ], [ 68.214166666666671, 24.965 ], [ 68.221666666666664, 24.9575 ], [ 68.229166666666657, 24.953333333333347 ], [ 68.2325, 24.95416666666668 ], [ 68.235, 24.9525 ], [ 68.2425, 24.955 ], [ 68.245833333333337, 24.96 ], [ 68.2475, 24.958333333333343 ], [ 68.25, 24.960833333333344 ], [ 68.249166666666667, 24.96166666666668 ], [ 68.2525, 24.9675 ], [ 68.255, 24.966666666666676 ], [ 68.255833333333328, 24.96916666666668 ], [ 68.25333333333333, 24.970833333333346 ], [ 68.254166666666663, 24.9725 ], [ 68.25, 24.973333333333343 ], [ 68.25, 24.975 ], [ 68.2525, 24.9775 ], [ 68.255, 24.975833333333345 ], [ 68.254166666666663, 24.9775 ], [ 68.2575, 24.984166666666678 ], [ 68.256666666666661, 24.9925 ], [ 68.258333333333326, 24.995 ], [ 68.259166666666658, 24.993333333333347 ], [ 68.263333333333335, 24.995833333333344 ], [ 68.264166666666668, 25.000833333333347 ], [ 68.2675, 25.003333333333345 ], [ 68.265833333333333, 25.010833333333345 ], [ 68.263333333333335, 25.0125 ], [ 68.264166666666668, 25.015 ], [ 68.260833333333338, 25.015833333333347 ], [ 68.2625, 25.018333333333345 ], [ 68.260833333333338, 25.020833333333343 ], [ 68.264166666666668, 25.0225 ], [ 68.26166666666667, 25.0275 ], [ 68.266666666666666, 25.03166666666668 ], [ 68.265, 25.040833333333346 ], [ 68.266666666666666, 25.045 ], [ 68.2675, 25.044166666666676 ], [ 68.2725, 25.046666666666678 ], [ 68.271666666666661, 25.049166666666679 ], [ 68.276666666666671, 25.063333333333347 ], [ 68.275833333333338, 25.065833333333345 ], [ 68.2775, 25.075 ], [ 68.284166666666664, 25.0775 ], [ 68.285833333333329, 25.080833333333345 ], [ 68.284166666666664, 25.0825 ], [ 68.285833333333329, 25.085833333333344 ], [ 68.284166666666664, 25.09 ], [ 68.281666666666666, 25.091666666666676 ], [ 68.2825, 25.093333333333344 ], [ 68.2775, 25.096666666666678 ], [ 68.2775, 25.1 ], [ 68.28, 25.104166666666679 ], [ 68.276666666666671, 25.105833333333344 ], [ 68.276666666666671, 25.113333333333344 ], [ 68.284166666666664, 25.128333333333345 ], [ 68.291666666666657, 25.135 ], [ 68.2975, 25.136666666666677 ] ] } },
{ "type": "Feature", "properties": { "COMID": 45051874, "id": "37016", "lengthkm": 22.750940921305677, "order": 8, "uparea": 835755.60182853043 }, "geometry": { "type": "LineString", "coordinates": [ [ 68.125, 24.86 ], [ 68.120833333333337, 24.865 ], [ 68.1225, 24.869166666666679 ], [ 68.119166666666658, 24.870833333333344 ], [ 68.1175, 24.875 ], [ 68.1175, 24.888333333333343 ], [ 68.1125, 24.890833333333347 ], [ 68.114166666666662, 24.894166666666678 ], [ 68.1125, 24.898333333333344 ], [ 68.1125, 24.910833333333343 ], [ 68.114166666666662, 24.911666666666676 ], [ 68.114166666666662, 24.914166666666681 ], [ 68.110833333333332, 24.915833333333346 ], [ 68.110833333333332, 24.919166666666676 ], [ 68.11333333333333, 24.921666666666678 ], [ 68.115, 24.9275 ], [ 68.115833333333327, 24.926666666666677 ], [ 68.1175, 24.928333333333345 ], [ 68.115833333333327, 24.931666666666679 ], [ 68.11333333333333, 24.9325 ], [ 68.1175, 24.9425 ], [ 68.12166666666667, 24.945833333333347 ], [ 68.12833333333333, 24.956666666666678 ], [ 68.138333333333335, 24.966666666666676 ], [ 68.1475, 24.979166666666679 ], [ 68.160833333333329, 24.990833333333345 ], [ 68.166666666666657, 24.9925 ], [ 68.178333333333327, 24.991666666666678 ], [ 68.180833333333325, 24.989166666666677 ], [ 68.188333333333333, 24.9875 ] ] } },
{ "type": "Feature", "properties": { "COMID": 45055797, "id": "37016", "lengthkm": 43.417762073482791, "order": 8, "uparea": 835955.41910785297 }, "geometry": { "type": "LineString", "coordinates": [ [ 68.005833333333328, 24.698333333333345 ], [ 68.008333333333326, 24.706666666666678 ], [ 68.0125, 24.71166666666668 ], [ 68.010833333333338, 24.713333333333345 ], [ 68.0125, 24.716666666666679 ], [ 68.009166666666658, 24.718333333333344 ], [ 68.01166666666667, 24.72 ], [ 68.0125, 24.7225 ], [ 68.010833333333338, 24.725 ], [ 68.0125, 24.726666666666681 ], [ 68.010833333333338, 24.728333333333346 ], [ 68.01, 24.735833333333346 ], [ 68.006666666666661, 24.7375 ], [ 68.006666666666661, 24.740833333333345 ], [ 68.008333333333326, 24.7425 ], [ 68.0075, 24.745 ], [ 68.010833333333338, 24.748333333333346 ], [ 68.010833333333338, 24.750833333333347 ], [ 68.015, 24.7525 ], [ 68.0175, 24.751666666666679 ], [ 68.024166666666659, 24.755833333333346 ], [ 68.026666666666671, 24.753333333333345 ], [ 68.03, 24.755833333333346 ], [ 68.044166666666669, 24.755 ], [ 68.051666666666662, 24.758333333333347 ], [ 68.055, 24.7575 ], [ 68.058333333333337, 24.76 ], [ 68.0625, 24.769166666666678 ], [ 68.0575, 24.779166666666676 ], [ 68.055, 24.779166666666676 ], [ 68.053333333333327, 24.7825 ], [ 68.0525, 24.78166666666668 ], [ 68.049166666666665, 24.785 ], [ 68.045833333333334, 24.784166666666678 ], [ 68.04, 24.7875 ], [ 68.039166666666659, 24.786666666666676 ], [ 68.0375, 24.789166666666681 ], [ 68.036666666666662, 24.788333333333345 ], [ 68.03, 24.795 ], [ 68.031666666666666, 24.796666666666678 ], [ 68.025833333333338, 24.8 ], [ 68.0225, 24.806666666666679 ], [ 68.025, 24.81 ], [ 68.023333333333326, 24.811666666666678 ], [ 68.026666666666671, 24.8125 ], [ 68.026666666666671, 24.815 ], [ 68.025, 24.815833333333345 ], [ 68.0275, 24.819166666666678 ], [ 68.025833333333338, 24.824166666666677 ], [ 68.0325, 24.83 ], [ 68.030833333333334, 24.831666666666678 ], [ 68.033333333333331, 24.834166666666679 ], [ 68.031666666666666, 24.835833333333344 ], [ 68.033333333333331, 24.8425 ], [ 68.036666666666662, 24.845833333333346 ], [ 68.04, 24.845 ], [ 68.039166666666659, 24.8475 ], [ 68.040833333333325, 24.846666666666678 ], [ 68.044166666666669, 24.85 ], [ 68.043333333333337, 24.851666666666681 ], [ 68.0475, 24.855833333333344 ], [ 68.05, 24.865 ], [ 68.053333333333327, 24.869166666666679 ], [ 68.0525, 24.870833333333344 ], [ 68.06, 24.875833333333347 ], [ 68.068333333333328, 24.875 ], [ 68.071666666666658, 24.870833333333344 ], [ 68.080833333333331, 24.8675 ], [ 68.0825, 24.865 ], [ 68.084166666666661, 24.865833333333345 ], [ 68.084166666666661, 24.863333333333344 ], [ 68.089166666666671, 24.864166666666677 ], [ 68.09, 24.8625 ], [ 68.0925, 24.8625 ], [ 68.096666666666664, 24.855 ], [ 68.1, 24.8575 ], [ 68.105, 24.854166666666679 ], [ 68.11333333333333, 24.8525 ], [ 68.12, 24.8525 ], [ 68.125, 24.86 ] ] } },
{ "type": "Feature", "properties": { "COMID": 45055796, "id": "37016", "lengthkm": 3.7186977128934608, "order": 8, "uparea": 835991.43815334793 }, "geometry": { "type": "LineString", "coordinates": [ [ 67.98, 24.686666666666678 ], [ 67.9925, 24.690833333333345 ], [ 67.9975, 24.689166666666679 ], [ 68.005, 24.695 ], [ 68.005833333333328, 24.698333333333345 ] ] } },
{ "type": "Feature", "properties": { "COMID": 45055795, "id": "37016", "lengthkm": 15.895332144277935, "order": 8, "uparea": 836071.35997435113 }, "geometry": { "type": "LineString", "coordinates": [ [ 68.014166666666668, 24.588333333333345 ], [ 67.984166666666667, 24.6175 ], [ 67.981666666666669, 24.6175 ], [ 67.9775, 24.621666666666677 ], [ 67.970833333333331, 24.6225 ], [ 67.96, 24.629166666666677 ], [ 67.954166666666666, 24.640833333333347 ], [ 67.958333333333329, 24.651666666666678 ], [ 67.9575, 24.655833333333344 ], [ 67.959166666666661, 24.65666666666668 ], [ 67.961666666666659, 24.668333333333344 ], [ 67.971666666666664, 24.681666666666679 ], [ 67.98, 24.686666666666678 ] ] } },
{ "type": "Feature", "properties": { "COMID": 45055794, "id": "37016", "lengthkm": 12.188917286982925, "order": 8, "uparea": 836124.51385290094 }, "geometry": { "type": "LineString", "coordinates": [ [ 67.955833333333331, 24.551666666666677 ], [ 67.959166666666661, 24.55 ], [ 67.963333333333338, 24.551666666666677 ], [ 67.97, 24.551666666666677 ], [ 67.974166666666662, 24.554166666666678 ], [ 67.98, 24.554166666666678 ], [ 67.981666666666669, 24.5575 ], [ 67.986666666666665, 24.559166666666677 ], [ 67.998333333333335, 24.559166666666677 ], [ 68.006666666666661, 24.555833333333347 ], [ 68.0225, 24.558333333333344 ], [ 68.0275, 24.565 ], [ 68.0275, 24.57 ], [ 68.023333333333326, 24.576666666666679 ], [ 68.024166666666659, 24.5775 ], [ 68.020833333333329, 24.57916666666668 ], [ 68.021666666666661, 24.580833333333345 ], [ 68.014166666666668, 24.588333333333345 ] ] } },
{ "type": "Feature", "properties": { "COMID": 45055793, "id": "37016", "lengthkm": 53.767782192068204, "order": 8, "uparea": 836344.08608211798 }, "geometry": { "type": "LineString", "coordinates": [ [ 67.773333333333326, 24.338333333333345 ], [ 67.791666666666671, 24.355 ], [ 67.8125, 24.361666666666679 ], [ 67.820833333333326, 24.3625 ], [ 67.83, 24.360833333333346 ], [ 67.838333333333338, 24.3525 ], [ 67.845833333333331, 24.3475 ], [ 67.855, 24.346666666666678 ], [ 67.8575, 24.34916666666668 ], [ 67.859166666666667, 24.360833333333346 ], [ 67.856666666666669, 24.366666666666678 ], [ 67.85, 24.375 ], [ 67.846666666666664, 24.383333333333347 ], [ 67.845, 24.390833333333347 ], [ 67.845, 24.405 ], [ 67.848333333333329, 24.411666666666676 ], [ 67.848333333333329, 24.424166666666679 ], [ 67.854166666666671, 24.4325 ], [ 67.87166666666667, 24.448333333333345 ], [ 67.87833333333333, 24.450833333333346 ], [ 67.885, 24.450833333333346 ], [ 67.9, 24.4425 ], [ 67.905833333333334, 24.440833333333345 ], [ 67.915, 24.440833333333345 ], [ 67.919166666666669, 24.438333333333347 ], [ 67.925, 24.4375 ], [ 67.939166666666665, 24.438333333333347 ], [ 67.941666666666663, 24.436666666666678 ], [ 67.9625, 24.435 ], [ 67.975, 24.438333333333347 ], [ 67.986666666666665, 24.449166666666677 ], [ 67.98833333333333, 24.45416666666668 ], [ 67.9875, 24.458333333333343 ], [ 67.9825, 24.468333333333344 ], [ 67.976666666666659, 24.4875 ], [ 67.974166666666662, 24.49 ], [ 67.968333333333334, 24.493333333333347 ], [ 67.948333333333338, 24.495833333333344 ], [ 67.9375, 24.498333333333346 ], [ 67.935833333333335, 24.5 ], [ 67.935833333333335, 24.506666666666678 ], [ 67.95, 24.521666666666679 ], [ 67.951666666666668, 24.525833333333345 ], [ 67.95, 24.534166666666678 ], [ 67.946666666666658, 24.5375 ], [ 67.945, 24.544166666666676 ], [ 67.95, 24.549166666666679 ], [ 67.955833333333331, 24.551666666666677 ] ] } },
{ "type": "Feature", "properties": { "COMID": 45059533, "id": "37016", "lengthkm": 12.133903850640225, "order": 8, "uparea": 836810.92422479833 }, "geometry": { "type": "LineString", "coordinates": [ [ 67.805833333333325, 24.248333333333346 ], [ 67.810833333333335, 24.255833333333346 ], [ 67.810833333333335, 24.268333333333345 ], [ 67.785, 24.305833333333347 ], [ 67.78, 24.316666666666677 ], [ 67.7725, 24.325 ], [ 67.769166666666663, 24.334166666666679 ], [ 67.773333333333326, 24.338333333333345 ] ] } },
{ "type": "Feature", "properties": { "COMID": 45059532, "id": "37016", "lengthkm": 31.661031307937503, "order": 8, "uparea": 836932.21579652128 }, "geometry": { "type": "LineString", "coordinates": [ [ 67.635, 24.1525 ], [ 67.64, 24.155833333333348 ], [ 67.660833333333329, 24.153333333333343 ], [ 67.67, 24.1575 ], [ 67.67583333333333, 24.165 ], [ 67.680833333333325, 24.176666666666677 ], [ 67.685833333333335, 24.181666666666679 ], [ 67.691666666666663, 24.184166666666677 ], [ 67.701666666666668, 24.184166666666677 ], [ 67.705833333333331, 24.18 ], [ 67.721666666666664, 24.170833333333345 ], [ 67.73, 24.17 ], [ 67.733333333333334, 24.171666666666681 ], [ 67.736666666666665, 24.175 ], [ 67.7375, 24.18 ], [ 67.736666666666665, 24.19 ], [ 67.731666666666669, 24.206666666666678 ], [ 67.731666666666669, 24.216666666666679 ], [ 67.735833333333332, 24.2325 ], [ 67.745, 24.248333333333346 ], [ 67.745, 24.2575 ], [ 67.75, 24.2625 ], [ 67.759166666666658, 24.265 ], [ 67.778333333333336, 24.265833333333347 ], [ 67.788333333333327, 24.2625 ], [ 67.793333333333337, 24.258333333333347 ], [ 67.795, 24.255833333333346 ], [ 67.795, 24.25 ], [ 67.796666666666667, 24.248333333333346 ], [ 67.8, 24.246666666666677 ], [ 67.805833333333325, 24.248333333333346 ] ] } },
{ "type": "Feature", "properties": { "COMID": 45059531, "id": "37016", "lengthkm": 8.8085119127682425, "order": 8, "uparea": 837163.65821221401 }, "geometry": { "type": "LineString", "coordinates": [ [ 67.650833333333338, 24.085 ], [ 67.6525, 24.108333333333345 ], [ 67.649166666666659, 24.121666666666677 ], [ 67.645833333333329, 24.129166666666677 ], [ 67.63, 24.143333333333345 ], [ 67.63, 24.145833333333343 ], [ 67.635, 24.1525 ] ] } }
]
}
