{
"type": "FeatureCollection",
"name": "downstream_75631",
"crs": { "type": "name", "properties": { "name": "urn:ogc:def:crs:OGC:1.3:CRS84" } },
"features": [
{ "type": "Feature", "properties": { "COMID": 45012368, "id": "9229", "lengthkm": 11.715909615416686, "order": 2, "uparea": 157.27830024392264 }, "geometry": { "type": "LineString", "coordinates": [ [ 81.1975, 31.41083333333334 ], [ 81.195833333333326, 31.411666666666676 ], [ 81.1925, 31.409166666666671 ], [ 81.1875, 31.408333333333339 ], [ 81.185833333333321, 31.40333333333334 ], [ 81.1825, 31.400833333333338 ], [ 81.181666666666658, 31.401666666666674 ], [ 81.18, 31.4 ], [ 81.178333333333313, 31.401666666666674 ], [ 81.175, 31.401666666666674 ], [ 81.173333333333318, 31.4 ], [ 81.173333333333318, 31.398333333333341 ], [ 81.165833333333325, 31.391666666666673 ], [ 81.163333333333327, 31.3825 ], [ 81.15916666666665, 31.378333333333341 ], [ 81.15916666666665, 31.365833333333342 ], [ 81.15583333333332, 31.36333333333334 ], [ 81.154166666666654, 31.358333333333341 ], [ 81.131666666666661, 31.344166666666673 ] ] } },
{ "type": "Feature", "properties": { "COMID": 45011781, "id": "9229", "lengthkm": 19.288420895065435, "order": 3, "uparea": 637.7574963782605 }, "geometry": { "type": "LineString", "coordinates": [ [ 81.295, 31.518333333333338 ], [ 81.2925, 31.51583333333334 ], [ 81.2925, 31.511666666666674 ], [ 81.296666666666653, 31.5075 ], [ 81.296666666666653, 31.504166666666674 ], [ 81.2925, 31.5 ], [ 81.2875, 31.5 ], [ 81.286666666666662, 31.4975 ], [ 81.283333333333317, 31.496666666666673 ], [ 81.2825, 31.493333333333339 ], [ 81.2775, 31.489166666666673 ], [ 81.278333333333322, 31.4875 ], [ 81.273333333333326, 31.484166666666674 ], [ 81.2725, 31.476666666666674 ], [ 81.265833333333319, 31.469166666666673 ], [ 81.263333333333321, 31.469166666666673 ], [ 81.264166666666654, 31.46583333333334 ], [ 81.26, 31.456666666666674 ], [ 81.254166666666663, 31.45333333333334 ], [ 81.251666666666651, 31.45 ], [ 81.2425, 31.44583333333334 ], [ 81.23333333333332, 31.436666666666675 ], [ 81.23, 31.429166666666674 ], [ 81.225, 31.424166666666672 ], [ 81.215833333333322, 31.420833333333341 ], [ 81.213333333333324, 31.414166666666674 ], [ 81.209166666666647, 31.414166666666674 ], [ 81.208333333333314, 31.41083333333334 ], [ 81.1975, 31.41083333333334 ] ] } },
{ "type": "Feature", "properties": { "COMID": 45011605, "id": "9229", "lengthkm": 6.4467366540680233, "order": 4, "uparea": 2324.6119132859617 }, "geometry": { "type": "LineString", "coordinates": [ [ 81.264166666666654, 31.551666666666673 ], [ 81.27, 31.55083333333334 ], [ 81.271666666666647, 31.549166666666672 ], [ 81.28, 31.55 ], [ 81.285833333333329, 31.545 ], [ 81.291666666666657, 31.5425 ], [ 81.290833333333325, 31.534166666666671 ], [ 81.293333333333322, 31.53 ], [ 81.295, 31.518333333333338 ] ] } },
{ "type": "Feature", "properties": { "COMID": 45011604, "id": "9229", "lengthkm": 2.5213759826996438, "order": 4, "uparea": 2367.9981087500892 }, "geometry": { "type": "LineString", "coordinates": [ [ 81.2475, 31.565 ], [ 81.251666666666651, 31.56 ], [ 81.254166666666663, 31.56 ], [ 81.2575, 31.555 ], [ 81.264166666666654, 31.551666666666673 ] ] } },
{ "type": "Feature", "properties": { "COMID": 45011603, "id": "9229", "lengthkm": 0.80936133923839604, "order": 4, "uparea": 2687.8135411316384 }, "geometry": { "type": "LineString", "coordinates": [ [ 81.24166666666666, 31.57 ], [ 81.2475, 31.565 ] ] } },
{ "type": "Feature", "properties": { "COMID": 45011602, "id": "9229", "lengthkm": 2.2124319394533161, "order": 4, "uparea": 2759.9586126937811 }, "geometry": { "type": "LineString", "coordinates": [ [ 81.226666666666659, 31.580833333333338 ], [ 81.23333333333332, 31.573333333333338 ], [ 81.2375, 31.574166666666674 ], [ 81.24166666666666, 31.57 ] ] } },
{ "type": "Feature", "properties": { "COMID": 45011601, "id": "9229", "lengthkm": 10.199094109344014, "order": 4, "uparea": 2856.1643707392182 }, "geometry": { "type": "LineString", "coordinates": [ [ 81.206666666666649, 31.654166666666676 ], [ 81.206666666666649, 31.643333333333338 ], [ 81.205, 31.64 ], [ 81.206666666666649, 31.636666666666674 ], [ 81.205, 31.630833333333342 ], [ 81.2075, 31.628333333333341 ], [ 81.206666666666649, 31.625 ], [ 81.208333333333314, 31.623333333333342 ], [ 81.205, 31.619166666666672 ], [ 81.2075, 31.614166666666673 ], [ 81.21, 31.614166666666673 ], [ 81.213333333333324, 31.6075 ], [ 81.2125, 31.60583333333334 ], [ 81.214166666666657, 31.60583333333334 ], [ 81.215833333333322, 31.596666666666671 ], [ 81.220833333333317, 31.591666666666676 ], [ 81.22166666666665, 31.5875 ], [ 81.225, 31.585833333333341 ], [ 81.226666666666659, 31.580833333333338 ] ] } },
{ "type": "Feature", "properties": { "COMID": 45011600, "id": "9229", "lengthkm": 0.39967446121906802, "order": 4, "uparea": 3185.31062137351 }, "geometry": { "type": "LineString", "coordinates": [ [ 81.2075, 31.6575 ], [ 81.206666666666649, 31.654166666666676 ] ] } },
{ "type": "Feature", "properties": { "COMID": 45011599, "id": "9229", "lengthkm": 9.9796353685002934, "order": 4, "uparea": 3281.9444286336193 }, "geometry": { "type": "LineString", "coordinates": [ [ 81.164166666666659, 31.72333333333334 ], [ 81.169166666666655, 31.7125 ], [ 81.175833333333316, 31.7075 ], [ 81.176666666666648, 31.7025 ], [ 81.181666666666658, 31.6975 ], [ 81.184166666666655, 31.6875 ], [ 81.19, 31.685833333333342 ], [ 81.1975, 31.679166666666674 ], [ 81.201666666666654, 31.665833333333339 ], [ 81.205, 31.6625 ], [ 81.204166666666652, 31.659166666666671 ], [ 81.205833333333317, 31.656666666666673 ], [ 81.2075, 31.6575 ] ] } },
{ "type": "Feature", "properties": { "COMID": 45011598, "id": "9229", "lengthkm": 3.4693009506218502, "order": 4, "uparea": 3346.9838041115117 }, "geometry": { "type": "LineString", "coordinates": [ [ 81.163333333333327, 31.751666666666672 ], [ 81.164166666666659, 31.7475 ], [ 81.161666666666662, 31.73833333333334 ], [ 81.165, 31.734166666666674 ], [ 81.163333333333327, 31.725833333333341 ], [ 81.164166666666659, 31.72333333333334 ] ] } },
{ "type": "Feature", "properties": { "COMID": 45011597, "id": "9229", "lengthkm": 5.2543235825682828, "order": 4, "uparea": 4505.7287464598949 }, "geometry": { "type": "LineString", "coordinates": [ [ 81.19, 31.7825 ], [ 81.188333333333318, 31.78 ], [ 81.185, 31.779166666666676 ], [ 81.185833333333321, 31.773333333333341 ], [ 81.184166666666655, 31.771666666666675 ], [ 81.1775, 31.770833333333339 ], [ 81.1725, 31.7625 ], [ 81.1725, 31.759166666666673 ], [ 81.163333333333327, 31.751666666666672 ] ] } },
{ "type": "Feature", "properties": { "COMID": 45011596, "id": "9229", "lengthkm": 0.52122075387225397, "order": 4, "uparea": 4532.7744894505158 }, "geometry": { "type": "LineString", "coordinates": [ [ 81.191666666666663, 31.786666666666676 ], [ 81.19, 31.7825 ] ] } },
{ "type": "Feature", "properties": { "COMID": 45011595, "id": "9229", "lengthkm": 6.086131180008727, "order": 4, "uparea": 4676.4542993385185 }, "geometry": { "type": "LineString", "coordinates": [ [ 81.2, 31.830833333333338 ], [ 81.195, 31.825833333333343 ], [ 81.198333333333323, 31.824166666666674 ], [ 81.198333333333323, 31.821666666666673 ], [ 81.193333333333328, 31.815833333333337 ], [ 81.195, 31.8125 ], [ 81.195, 31.808333333333341 ], [ 81.193333333333328, 31.805833333333339 ], [ 81.195, 31.805 ], [ 81.195, 31.8025 ], [ 81.193333333333328, 31.80083333333334 ], [ 81.194166666666661, 31.796666666666674 ], [ 81.193333333333328, 31.790833333333339 ], [ 81.19083333333333, 31.788333333333341 ], [ 81.191666666666663, 31.786666666666676 ] ] } },
{ "type": "Feature", "properties": { "COMID": 45009713, "id": "9229", "lengthkm": 4.3806599547387606, "order": 4, "uparea": 4720.3331215184307 }, "geometry": { "type": "LineString", "coordinates": [ [ 81.219166666666652, 31.858333333333341 ], [ 81.219166666666652, 31.851666666666674 ], [ 81.210833333333326, 31.845 ], [ 81.209166666666647, 31.84083333333334 ], [ 81.2025, 31.8375 ], [ 81.2025, 31.833333333333339 ], [ 81.2, 31.830833333333338 ] ] } },
{ "type": "Feature", "properties": { "COMID": 45009710, "id": "9229", "lengthkm": 3.544118017083056, "order": 4, "uparea": 4798.9977417316668 }, "geometry": { "type": "LineString", "coordinates": [ [ 81.235833333333318, 31.880833333333342 ], [ 81.2225, 31.870833333333341 ], [ 81.2225, 31.866666666666674 ], [ 81.21833333333332, 31.864166666666673 ], [ 81.22, 31.86 ], [ 81.219166666666652, 31.858333333333341 ] ] } },
{ "type": "Feature", "properties": { "COMID": 45009709, "id": "9229", "lengthkm": 4.4899343718502287, "order": 4, "uparea": 4907.7899249106295 }, "geometry": { "type": "LineString", "coordinates": [ [ 81.266666666666652, 31.9025 ], [ 81.261666666666656, 31.900833333333338 ], [ 81.263333333333321, 31.9 ], [ 81.259166666666658, 31.895 ], [ 81.25333333333333, 31.8925 ], [ 81.2475, 31.8875 ], [ 81.238333333333316, 31.884166666666673 ], [ 81.235833333333318, 31.880833333333342 ] ] } },
{ "type": "Feature", "properties": { "COMID": 45009708, "id": "9229", "lengthkm": 11.256757509197463, "order": 4, "uparea": 5010.3461016226365 }, "geometry": { "type": "LineString", "coordinates": [ [ 81.3475, 31.945 ], [ 81.340833333333322, 31.940833333333337 ], [ 81.336666666666659, 31.940833333333337 ], [ 81.3325, 31.9375 ], [ 81.3275, 31.94 ], [ 81.324166666666656, 31.939166666666672 ], [ 81.315, 31.93 ], [ 81.2875, 31.926666666666673 ], [ 81.286666666666662, 31.923333333333339 ], [ 81.276666666666657, 31.913333333333341 ], [ 81.276666666666657, 31.91 ], [ 81.2725, 31.906666666666673 ], [ 81.27, 31.9075 ], [ 81.266666666666652, 31.9025 ] ] } },
{ "type": "Feature", "properties": { "COMID": 45009707, "id": "9229", "lengthkm": 10.717186026277373, "order": 4, "uparea": 5206.3290498300075 }, "geometry": { "type": "LineString", "coordinates": [ [ 81.355833333333322, 32.015 ], [ 81.36166666666665, 32.009166666666673 ], [ 81.365, 32.01 ], [ 81.365833333333313, 32.006666666666675 ], [ 81.37, 32.001666666666672 ], [ 81.370833333333323, 31.993333333333339 ], [ 81.375, 31.989166666666673 ], [ 81.375, 31.986666666666672 ], [ 81.368333333333325, 31.974166666666672 ], [ 81.36666666666666, 31.974166666666672 ], [ 81.365833333333313, 31.968333333333341 ], [ 81.360833333333318, 31.96583333333334 ], [ 81.360833333333318, 31.960833333333341 ], [ 81.359166666666653, 31.960833333333341 ], [ 81.35833333333332, 31.9575 ], [ 81.3525, 31.95333333333334 ], [ 81.353333333333325, 31.948333333333338 ], [ 81.3475, 31.945 ] ] } },
{ "type": "Feature", "properties": { "COMID": 45009706, "id": "9229", "lengthkm": 4.0422152950004149, "order": 4, "uparea": 6391.6510215408871 }, "geometry": { "type": "LineString", "coordinates": [ [ 81.326666666666654, 32.028333333333336 ], [ 81.335, 32.026666666666671 ], [ 81.336666666666659, 32.0225 ], [ 81.34, 32.02 ], [ 81.340833333333322, 32.020833333333343 ], [ 81.340833333333322, 32.019166666666671 ], [ 81.34666666666665, 32.014166666666675 ], [ 81.355833333333322, 32.015 ] ] } },
{ "type": "Feature", "properties": { "COMID": 45009705, "id": "9229", "lengthkm": 12.595338531398909, "order": 4, "uparea": 6577.4317077951828 }, "geometry": { "type": "LineString", "coordinates": [ [ 81.26, 32.096666666666671 ], [ 81.2625, 32.090833333333336 ], [ 81.27, 32.083333333333343 ], [ 81.268333333333317, 32.081666666666671 ], [ 81.274166666666659, 32.081666666666671 ], [ 81.289166666666659, 32.065833333333337 ], [ 81.2875, 32.0625 ], [ 81.293333333333322, 32.05916666666667 ], [ 81.295, 32.050833333333337 ], [ 81.29916666666665, 32.046666666666674 ], [ 81.3075, 32.046666666666674 ], [ 81.3125, 32.0425 ], [ 81.3125, 32.036666666666676 ], [ 81.314166666666651, 32.035 ], [ 81.319166666666661, 32.035 ], [ 81.3225, 32.031666666666673 ], [ 81.324166666666656, 32.0325 ], [ 81.326666666666654, 32.028333333333336 ] ] } },
{ "type": "Feature", "properties": { "COMID": 45009704, "id": "9229", "lengthkm": 11.43864030780883, "order": 4, "uparea": 6791.0510033271266 }, "geometry": { "type": "LineString", "coordinates": [ [ 81.2825, 32.18 ], [ 81.283333333333317, 32.178333333333342 ], [ 81.2775, 32.170833333333341 ], [ 81.278333333333322, 32.165 ], [ 81.275833333333324, 32.159166666666671 ], [ 81.2825, 32.150833333333338 ], [ 81.2825, 32.145 ], [ 81.28, 32.14083333333334 ], [ 81.2725, 32.13666666666667 ], [ 81.271666666666647, 32.1375 ], [ 81.269166666666649, 32.13333333333334 ], [ 81.271666666666647, 32.130833333333342 ], [ 81.271666666666647, 32.12166666666667 ], [ 81.26, 32.096666666666671 ] ] } },
{ "type": "Feature", "properties": { "COMID": 45009703, "id": "9229", "lengthkm": 22.373721076398692, "order": 4, "uparea": 7393.1240759414723 }, "geometry": { "type": "LineString", "coordinates": [ [ 81.211666666666659, 32.31666666666667 ], [ 81.215, 32.31333333333334 ], [ 81.215833333333322, 32.308333333333337 ], [ 81.21833333333332, 32.305 ], [ 81.220833333333317, 32.279166666666676 ], [ 81.224166666666662, 32.275833333333338 ], [ 81.225833333333327, 32.270833333333343 ], [ 81.2275, 32.270833333333343 ], [ 81.23, 32.2675 ], [ 81.230833333333322, 32.265 ], [ 81.229166666666657, 32.263333333333343 ], [ 81.23333333333332, 32.26166666666667 ], [ 81.2325, 32.259166666666673 ], [ 81.235833333333318, 32.255833333333342 ], [ 81.23333333333332, 32.251666666666672 ], [ 81.2375, 32.248333333333342 ], [ 81.2375, 32.244166666666672 ], [ 81.24, 32.243333333333339 ], [ 81.23666666666665, 32.233333333333341 ], [ 81.24, 32.228333333333339 ], [ 81.239166666666648, 32.225 ], [ 81.24166666666666, 32.2225 ], [ 81.240833333333313, 32.220833333333339 ], [ 81.243333333333325, 32.218333333333341 ], [ 81.24166666666666, 32.215833333333336 ], [ 81.243333333333325, 32.208333333333343 ], [ 81.2425, 32.204166666666673 ], [ 81.248333333333321, 32.2 ], [ 81.245833333333323, 32.1925 ], [ 81.255833333333328, 32.178333333333342 ], [ 81.258333333333326, 32.178333333333342 ], [ 81.2625, 32.1825 ], [ 81.266666666666652, 32.183333333333337 ], [ 81.27, 32.181666666666672 ], [ 81.276666666666657, 32.183333333333337 ], [ 81.2775, 32.180833333333339 ], [ 81.28083333333332, 32.1825 ], [ 81.2825, 32.18 ] ] } },
{ "type": "Feature", "properties": { "COMID": 45009702, "id": "9229", "lengthkm": 12.488734815338585, "order": 4, "uparea": 7616.0897987368362 }, "geometry": { "type": "LineString", "coordinates": [ [ 81.129166666666663, 32.380833333333342 ], [ 81.13, 32.378333333333337 ], [ 81.139166666666654, 32.374166666666675 ], [ 81.1425, 32.370833333333337 ], [ 81.145, 32.370833333333337 ], [ 81.154166666666654, 32.3625 ], [ 81.1625, 32.361666666666672 ], [ 81.17416666666665, 32.355833333333337 ], [ 81.175, 32.351666666666674 ], [ 81.181666666666658, 32.346666666666671 ], [ 81.183333333333323, 32.3375 ], [ 81.1875, 32.335 ], [ 81.189166666666651, 32.33 ], [ 81.195, 32.3275 ], [ 81.198333333333323, 32.323333333333338 ], [ 81.203333333333319, 32.323333333333338 ], [ 81.206666666666649, 32.319166666666675 ], [ 81.208333333333314, 32.32 ], [ 81.211666666666659, 32.31666666666667 ] ] } },
{ "type": "Feature", "properties": { "COMID": 45009701, "id": "9229", "lengthkm": 0.39907639407616502, "order": 4, "uparea": 7765.8138867769039 }, "geometry": { "type": "LineString", "coordinates": [ [ 81.125833333333318, 32.3825 ], [ 81.129166666666663, 32.380833333333342 ] ] } },
{ "type": "Feature", "properties": { "COMID": 45009700, "id": "9229", "lengthkm": 0.35604220332630598, "order": 4, "uparea": 7817.9394819185354 }, "geometry": { "type": "LineString", "coordinates": [ [ 81.1225, 32.381666666666675 ], [ 81.125833333333318, 32.3825 ] ] } },
{ "type": "Feature", "properties": { "COMID": 45008042, "id": "9229", "lengthkm": 13.980954416109187, "order": 4, "uparea": 7909.3238303631178 }, "geometry": { "type": "LineString", "coordinates": [ [ 81.015833333333319, 32.419166666666669 ], [ 81.020833333333314, 32.42 ], [ 81.0275, 32.416666666666671 ], [ 81.029166666666654, 32.414166666666674 ], [ 81.033333333333317, 32.414166666666674 ], [ 81.034166666666664, 32.411666666666676 ], [ 81.044166666666655, 32.408333333333339 ], [ 81.046666666666653, 32.405 ], [ 81.05, 32.405 ], [ 81.059166666666655, 32.398333333333341 ], [ 81.0625, 32.398333333333341 ], [ 81.066666666666663, 32.393333333333338 ], [ 81.069166666666661, 32.3925 ], [ 81.070833333333326, 32.394166666666671 ], [ 81.074166666666656, 32.394166666666671 ], [ 81.08, 32.393333333333338 ], [ 81.081666666666649, 32.391666666666673 ], [ 81.085, 32.391666666666673 ], [ 81.088333333333324, 32.394166666666671 ], [ 81.0925, 32.391666666666673 ], [ 81.098333333333329, 32.394166666666671 ], [ 81.1025, 32.391666666666673 ], [ 81.11, 32.393333333333338 ], [ 81.11166666666665, 32.391666666666673 ], [ 81.115833333333313, 32.391666666666673 ], [ 81.115, 32.388333333333343 ], [ 81.120833333333323, 32.381666666666675 ], [ 81.1225, 32.381666666666675 ] ] } },
{ "type": "Feature", "properties": { "COMID": 45008041, "id": "9229", "lengthkm": 0.81236919208538405, "order": 4, "uparea": 8052.9178824394385 }, "geometry": { "type": "LineString", "coordinates": [ [ 81.01, 32.421666666666674 ], [ 81.014166666666654, 32.421666666666674 ], [ 81.015833333333319, 32.419166666666669 ] ] } },
{ "type": "Feature", "properties": { "COMID": 45008039, "id": "9229", "lengthkm": 0.15643747088284399, "order": 4, "uparea": 8165.3915548296363 }, "geometry": { "type": "LineString", "coordinates": [ [ 81.008333333333326, 32.421666666666674 ], [ 81.01, 32.421666666666674 ] ] } },
{ "type": "Feature", "properties": { "COMID": 45008038, "id": "9229", "lengthkm": 8.7856108800152235, "order": 4, "uparea": 8320.4115836459168 }, "geometry": { "type": "LineString", "coordinates": [ [ 80.951666666666654, 32.448333333333338 ], [ 80.955833333333317, 32.443333333333342 ], [ 80.959166666666661, 32.445 ], [ 80.961666666666659, 32.444166666666675 ], [ 80.963333333333324, 32.446666666666673 ], [ 80.965833333333322, 32.446666666666673 ], [ 80.9675, 32.444166666666675 ], [ 80.970833333333317, 32.446666666666673 ], [ 80.973333333333329, 32.445 ], [ 80.9775, 32.445 ], [ 80.979166666666657, 32.44166666666667 ], [ 80.98333333333332, 32.443333333333342 ], [ 80.98333333333332, 32.44166666666667 ], [ 80.98666666666665, 32.44 ], [ 80.9875, 32.436666666666675 ], [ 80.99, 32.435833333333342 ], [ 80.990833333333327, 32.431666666666672 ], [ 80.993333333333325, 32.431666666666672 ], [ 80.995833333333323, 32.428333333333342 ], [ 80.9975, 32.429166666666674 ], [ 81.004166666666663, 32.425 ], [ 81.0075, 32.425 ], [ 81.008333333333326, 32.421666666666674 ] ] } },
{ "type": "Feature", "properties": { "COMID": 45008036, "id": "9229", "lengthkm": 5.2927154819965549, "order": 4, "uparea": 8646.9511434784345 }, "geometry": { "type": "LineString", "coordinates": [ [ 80.90916666666665, 32.448333333333338 ], [ 80.9125, 32.448333333333338 ], [ 80.915, 32.44583333333334 ], [ 80.915833333333325, 32.446666666666673 ], [ 80.921666666666653, 32.444166666666675 ], [ 80.925833333333316, 32.44583333333334 ], [ 80.926666666666648, 32.444166666666675 ], [ 80.930833333333325, 32.44583333333334 ], [ 80.935, 32.44583333333334 ], [ 80.9375, 32.444166666666675 ], [ 80.943333333333328, 32.44916666666667 ], [ 80.949166666666656, 32.4475 ], [ 80.951666666666654, 32.448333333333338 ] ] } },
{ "type": "Feature", "properties": { "COMID": 45008034, "id": "9229", "lengthkm": 9.5173748077854246, "order": 4, "uparea": 8776.6076729004999 }, "geometry": { "type": "LineString", "coordinates": [ [ 80.841666666666654, 32.469166666666673 ], [ 80.8475, 32.469166666666673 ], [ 80.848333333333329, 32.468333333333341 ], [ 80.84666666666665, 32.466666666666676 ], [ 80.848333333333329, 32.464166666666671 ], [ 80.854166666666657, 32.465833333333336 ], [ 80.8575, 32.463333333333338 ], [ 80.86166666666665, 32.465833333333336 ], [ 80.8625, 32.463333333333338 ], [ 80.863333333333316, 32.464166666666671 ], [ 80.86666666666666, 32.461666666666673 ], [ 80.871666666666655, 32.463333333333338 ], [ 80.8725, 32.460833333333341 ], [ 80.878333333333316, 32.463333333333338 ], [ 80.8825, 32.46 ], [ 80.884166666666658, 32.460833333333341 ], [ 80.8875, 32.4575 ], [ 80.8925, 32.458333333333343 ], [ 80.9025, 32.44916666666667 ], [ 80.9075, 32.45 ], [ 80.90916666666665, 32.448333333333338 ] ] } },
{ "type": "Feature", "properties": { "COMID": 45008032, "id": "9229", "lengthkm": 0.52005513574283002, "order": 5, "uparea": 12203.567968339499 }, "geometry": { "type": "LineString", "coordinates": [ [ 80.8375, 32.471666666666671 ], [ 80.841666666666654, 32.469166666666673 ] ] } },
{ "type": "Feature", "properties": { "COMID": 45008031, "id": "9229", "lengthkm": 2.1385157931235308, "order": 5, "uparea": 12236.485493584609 }, "geometry": { "type": "LineString", "coordinates": [ [ 80.826666666666654, 32.486666666666672 ], [ 80.829166666666652, 32.484166666666674 ], [ 80.829166666666652, 32.480833333333337 ], [ 80.833333333333314, 32.474166666666676 ], [ 80.8375, 32.471666666666671 ] ] } },
{ "type": "Feature", "properties": { "COMID": 45008030, "id": "9229", "lengthkm": 2.2428172173529699, "order": 5, "uparea": 12271.703646629561 }, "geometry": { "type": "LineString", "coordinates": [ [ 80.808333333333323, 32.4925 ], [ 80.810833333333321, 32.494166666666672 ], [ 80.815833333333316, 32.489166666666677 ], [ 80.820833333333326, 32.489166666666677 ], [ 80.826666666666654, 32.486666666666672 ] ] } },
{ "type": "Feature", "properties": { "COMID": 45008028, "id": "9229", "lengthkm": 5.4483946913073327, "order": 5, "uparea": 12372.186200719669 }, "geometry": { "type": "LineString", "coordinates": [ [ 80.773333333333326, 32.514166666666675 ], [ 80.78083333333332, 32.5125 ], [ 80.783333333333317, 32.509166666666673 ], [ 80.7825, 32.506666666666675 ], [ 80.78416666666665, 32.50416666666667 ], [ 80.7925, 32.503333333333337 ], [ 80.79916666666665, 32.495 ], [ 80.8, 32.490833333333342 ], [ 80.8025, 32.4925 ], [ 80.808333333333323, 32.4925 ] ] } },
{ "type": "Feature", "properties": { "COMID": 45008027, "id": "9229", "lengthkm": 15.279512379265633, "order": 5, "uparea": 12558.429223422125 }, "geometry": { "type": "LineString", "coordinates": [ [ 80.655, 32.545 ], [ 80.665833333333325, 32.545833333333341 ], [ 80.6775, 32.539166666666674 ], [ 80.69, 32.543333333333337 ], [ 80.6925, 32.541666666666671 ], [ 80.693333333333328, 32.5375 ], [ 80.699166666666656, 32.536666666666676 ], [ 80.700833333333321, 32.531666666666673 ], [ 80.7075, 32.5375 ], [ 80.715, 32.535 ], [ 80.71833333333332, 32.531666666666673 ], [ 80.719166666666652, 32.528333333333336 ], [ 80.725, 32.529166666666676 ], [ 80.728333333333325, 32.5275 ], [ 80.74166666666666, 32.526666666666671 ], [ 80.7425, 32.52 ], [ 80.745833333333323, 32.52 ], [ 80.751666666666651, 32.514166666666675 ], [ 80.760833333333323, 32.513333333333343 ], [ 80.765, 32.51583333333334 ], [ 80.773333333333326, 32.514166666666675 ] ] } },
{ "type": "Feature", "properties": { "COMID": 45008026, "id": "9229", "lengthkm": 6.4836863060540884, "order": 5, "uparea": 12706.491083085222 }, "geometry": { "type": "LineString", "coordinates": [ [ 80.601666666666659, 32.5275 ], [ 80.6075, 32.533333333333339 ], [ 80.618333333333325, 32.536666666666676 ], [ 80.625, 32.540833333333339 ], [ 80.630833333333328, 32.54 ], [ 80.634166666666658, 32.5425 ], [ 80.64, 32.543333333333337 ], [ 80.650833333333324, 32.540833333333339 ], [ 80.655, 32.545 ] ] } },
{ "type": "Feature", "properties": { "COMID": 45008025, "id": "9229", "lengthkm": 16.233530798497807, "order": 5, "uparea": 12923.747812491803 }, "geometry": { "type": "LineString", "coordinates": [ [ 80.473333333333329, 32.540833333333339 ], [ 80.474166666666662, 32.539166666666674 ], [ 80.481666666666655, 32.539166666666674 ], [ 80.48333333333332, 32.544166666666669 ], [ 80.49, 32.543333333333337 ], [ 80.4975, 32.545833333333341 ], [ 80.501666666666651, 32.544166666666669 ], [ 80.51, 32.544166666666669 ], [ 80.518333333333317, 32.535 ], [ 80.525, 32.535833333333343 ], [ 80.531666666666652, 32.541666666666671 ], [ 80.538333333333327, 32.5425 ], [ 80.541666666666657, 32.536666666666676 ], [ 80.553333333333327, 32.534166666666671 ], [ 80.56, 32.524166666666673 ], [ 80.570833333333326, 32.526666666666671 ], [ 80.575833333333321, 32.525 ], [ 80.579166666666652, 32.526666666666671 ], [ 80.5825, 32.524166666666673 ], [ 80.585, 32.525833333333338 ], [ 80.5925, 32.524166666666673 ], [ 80.595833333333317, 32.5275 ], [ 80.601666666666659, 32.5275 ] ] } },
{ "type": "Feature", "properties": { "COMID": 45008024, "id": "9229", "lengthkm": 4.1759926442977813, "order": 5, "uparea": 14201.214259377466 }, "geometry": { "type": "LineString", "coordinates": [ [ 80.436666666666653, 32.5375 ], [ 80.443333333333328, 32.5375 ], [ 80.446666666666658, 32.539166666666674 ], [ 80.4575, 32.538333333333341 ], [ 80.4625, 32.541666666666671 ], [ 80.465, 32.541666666666671 ], [ 80.469166666666652, 32.538333333333341 ], [ 80.4725, 32.539166666666674 ], [ 80.473333333333329, 32.540833333333339 ] ] } },
{ "type": "Feature", "properties": { "COMID": 45008023, "id": "9229", "lengthkm": 2.2404766894270041, "order": 5, "uparea": 14347.302087927268 }, "geometry": { "type": "LineString", "coordinates": [ [ 80.4175, 32.544166666666669 ], [ 80.42083333333332, 32.540833333333339 ], [ 80.436666666666653, 32.5375 ] ] } },
{ "type": "Feature", "properties": { "COMID": 45008022, "id": "9229", "lengthkm": 0.55482929035967998, "order": 5, "uparea": 14395.409596196712 }, "geometry": { "type": "LineString", "coordinates": [ [ 80.4125, 32.545833333333341 ], [ 80.415833333333325, 32.545833333333341 ], [ 80.4175, 32.544166666666669 ] ] } },
{ "type": "Feature", "properties": { "COMID": 45008021, "id": "9229", "lengthkm": 11.12482444701125, "order": 5, "uparea": 14703.443042191549 }, "geometry": { "type": "LineString", "coordinates": [ [ 80.319166666666661, 32.5425 ], [ 80.323333333333323, 32.544166666666669 ], [ 80.326666666666654, 32.543333333333337 ], [ 80.33, 32.545 ], [ 80.336666666666659, 32.545 ], [ 80.348333333333329, 32.535833333333343 ], [ 80.355, 32.5375 ], [ 80.36, 32.535 ], [ 80.37, 32.5425 ], [ 80.379166666666663, 32.539166666666674 ], [ 80.3825, 32.54 ], [ 80.385, 32.5375 ], [ 80.391666666666652, 32.5375 ], [ 80.395, 32.54 ], [ 80.398333333333326, 32.54 ], [ 80.4025, 32.544166666666669 ], [ 80.4075, 32.543333333333337 ], [ 80.41, 32.545833333333341 ], [ 80.4125, 32.545833333333341 ] ] } },
{ "type": "Feature", "properties": { "COMID": 45008020, "id": "9229", "lengthkm": 0.67603951193147305, "order": 5, "uparea": 14741.450225239028 }, "geometry": { "type": "LineString", "coordinates": [ [ 80.313333333333318, 32.541666666666671 ], [ 80.319166666666661, 32.5425 ] ] } },
{ "type": "Feature", "properties": { "COMID": 45008019, "id": "9229", "lengthkm": 6.1852545220864679, "order": 5, "uparea": 14822.511329742305 }, "geometry": { "type": "LineString", "coordinates": [ [ 80.261666666666656, 32.53 ], [ 80.28083333333332, 32.539166666666674 ], [ 80.28416666666665, 32.538333333333341 ], [ 80.294166666666655, 32.540833333333339 ], [ 80.296666666666653, 32.538333333333341 ], [ 80.300833333333316, 32.538333333333341 ], [ 80.31, 32.5425 ], [ 80.313333333333318, 32.541666666666671 ] ] } },
{ "type": "Feature", "properties": { "COMID": 45008018, "id": "9229", "lengthkm": 10.271991957402555, "order": 5, "uparea": 14913.282232664773 }, "geometry": { "type": "LineString", "coordinates": [ [ 80.186666666666653, 32.543333333333337 ], [ 80.195833333333326, 32.543333333333337 ], [ 80.2025, 32.541666666666671 ], [ 80.205833333333317, 32.539166666666674 ], [ 80.2075, 32.541666666666671 ], [ 80.21, 32.541666666666671 ], [ 80.2175, 32.535833333333343 ], [ 80.223333333333329, 32.5375 ], [ 80.225833333333327, 32.534166666666671 ], [ 80.228333333333325, 32.535833333333343 ], [ 80.230833333333322, 32.533333333333339 ], [ 80.23333333333332, 32.535 ], [ 80.234166666666653, 32.533333333333339 ], [ 80.2375, 32.535 ], [ 80.24166666666666, 32.534166666666671 ], [ 80.243333333333325, 32.5325 ], [ 80.240833333333327, 32.528333333333336 ], [ 80.2475, 32.525833333333338 ], [ 80.251666666666651, 32.525833333333338 ], [ 80.254166666666663, 32.529166666666676 ], [ 80.2575, 32.528333333333336 ], [ 80.258333333333326, 32.53 ], [ 80.261666666666656, 32.53 ] ] } },
{ "type": "Feature", "properties": { "COMID": 45008017, "id": "9229", "lengthkm": 10.289861224922882, "order": 5, "uparea": 15222.452827932118 }, "geometry": { "type": "LineString", "coordinates": [ [ 80.125, 32.514166666666675 ], [ 80.135833333333323, 32.515 ], [ 80.1375, 32.510833333333338 ], [ 80.136666666666656, 32.509166666666673 ], [ 80.146666666666661, 32.51 ], [ 80.155, 32.515 ], [ 80.1575, 32.524166666666673 ], [ 80.156666666666652, 32.53 ], [ 80.15916666666665, 32.5325 ], [ 80.161666666666662, 32.530833333333341 ], [ 80.165, 32.533333333333339 ], [ 80.165, 32.538333333333341 ], [ 80.17, 32.544166666666669 ], [ 80.175, 32.545 ], [ 80.1775, 32.543333333333337 ], [ 80.18, 32.545 ], [ 80.186666666666653, 32.543333333333337 ] ] } },
{ "type": "Feature", "properties": { "COMID": 45008016, "id": "9229", "lengthkm": 6.5434723654315388, "order": 5, "uparea": 15268.584915250249 }, "geometry": { "type": "LineString", "coordinates": [ [ 80.078333333333319, 32.491666666666674 ], [ 80.08, 32.495 ], [ 80.09, 32.5 ], [ 80.110833333333318, 32.5 ], [ 80.115833333333327, 32.505 ], [ 80.114166666666648, 32.505833333333342 ], [ 80.114166666666648, 32.509166666666673 ], [ 80.125, 32.514166666666675 ] ] } },
{ "type": "Feature", "properties": { "COMID": 45008015, "id": "9229", "lengthkm": 2.1726050692894101, "order": 5, "uparea": 17418.469568010591 }, "geometry": { "type": "LineString", "coordinates": [ [ 80.063333333333318, 32.4875 ], [ 80.068333333333328, 32.491666666666674 ], [ 80.071666666666658, 32.49 ], [ 80.075833333333321, 32.493333333333339 ], [ 80.078333333333319, 32.491666666666674 ] ] } },
{ "type": "Feature", "properties": { "COMID": 45008014, "id": "9229", "lengthkm": 9.0831881209047829, "order": 5, "uparea": 17465.052256400806 }, "geometry": { "type": "LineString", "coordinates": [ [ 79.995, 32.455833333333338 ], [ 80.0, 32.456666666666671 ], [ 80.009166666666658, 32.4525 ], [ 80.0175, 32.455833333333338 ], [ 80.021666666666661, 32.455 ], [ 80.0325, 32.466666666666676 ], [ 80.045, 32.474166666666676 ], [ 80.050833333333316, 32.475 ], [ 80.059166666666655, 32.48 ], [ 80.063333333333318, 32.484166666666674 ], [ 80.063333333333318, 32.4875 ] ] } },
{ "type": "Feature", "properties": { "COMID": 45008013, "id": "9229", "lengthkm": 16.60041418053514, "order": 5, "uparea": 17797.985465459722 }, "geometry": { "type": "LineString", "coordinates": [ [ 79.8825, 32.4675 ], [ 79.885833333333323, 32.4675 ], [ 79.891666666666652, 32.4725 ], [ 79.895833333333329, 32.470833333333339 ], [ 79.899166666666659, 32.475 ], [ 79.904166666666654, 32.471666666666671 ], [ 79.905, 32.475833333333341 ], [ 79.908333333333317, 32.4775 ], [ 79.916666666666657, 32.476666666666674 ], [ 79.919166666666655, 32.48 ], [ 79.92416666666665, 32.476666666666674 ], [ 79.9325, 32.475833333333341 ], [ 79.94083333333333, 32.48 ], [ 79.9425, 32.4825 ], [ 79.945833333333326, 32.4825 ], [ 79.9525, 32.476666666666674 ], [ 79.9575, 32.478333333333339 ], [ 79.961666666666659, 32.473333333333343 ], [ 79.9625, 32.474166666666676 ], [ 79.96833333333332, 32.469166666666673 ], [ 79.96833333333332, 32.465833333333336 ], [ 79.975, 32.4625 ], [ 79.975833333333327, 32.465 ], [ 79.976666666666659, 32.461666666666673 ], [ 79.981666666666655, 32.4575 ], [ 79.985833333333318, 32.458333333333343 ], [ 79.9875, 32.455833333333338 ], [ 79.990833333333327, 32.459166666666675 ], [ 79.995, 32.455833333333338 ] ] } },
{ "type": "Feature", "properties": { "COMID": 45008012, "id": "9229", "lengthkm": 4.4402713816254744, "order": 5, "uparea": 17877.605064577052 }, "geometry": { "type": "LineString", "coordinates": [ [ 79.8525, 32.474166666666676 ], [ 79.855, 32.47 ], [ 79.85833333333332, 32.4725 ], [ 79.863333333333316, 32.466666666666676 ], [ 79.865833333333327, 32.469166666666673 ], [ 79.869166666666658, 32.466666666666676 ], [ 79.8725, 32.466666666666676 ], [ 79.875833333333318, 32.47 ], [ 79.88, 32.47 ], [ 79.8825, 32.4675 ] ] } },
{ "type": "Feature", "properties": { "COMID": 45008011, "id": "9229", "lengthkm": 21.768678543588862, "order": 5, "uparea": 18718.768090679769 }, "geometry": { "type": "LineString", "coordinates": [ [ 79.7125, 32.439166666666672 ], [ 79.72, 32.44166666666667 ], [ 79.723333333333329, 32.44 ], [ 79.726666666666659, 32.435 ], [ 79.73666666666665, 32.43416666666667 ], [ 79.740833333333327, 32.4375 ], [ 79.7475, 32.435833333333342 ], [ 79.748333333333321, 32.439166666666672 ], [ 79.750833333333318, 32.440833333333337 ], [ 79.754166666666663, 32.436666666666675 ], [ 79.756666666666661, 32.436666666666675 ], [ 79.759166666666658, 32.43416666666667 ], [ 79.76, 32.436666666666675 ], [ 79.764166666666654, 32.4375 ], [ 79.764166666666654, 32.44 ], [ 79.768333333333317, 32.443333333333342 ], [ 79.77, 32.44 ], [ 79.771666666666661, 32.44 ], [ 79.7725, 32.444166666666675 ], [ 79.779166666666654, 32.44916666666667 ], [ 79.781666666666652, 32.44916666666667 ], [ 79.7825, 32.446666666666673 ], [ 79.786666666666662, 32.4475 ], [ 79.789166666666659, 32.444166666666675 ], [ 79.7925, 32.444166666666675 ], [ 79.795, 32.4475 ], [ 79.805833333333325, 32.446666666666673 ], [ 79.8075, 32.448333333333338 ], [ 79.806666666666658, 32.450833333333343 ], [ 79.809166666666655, 32.45333333333334 ], [ 79.811666666666653, 32.450833333333343 ], [ 79.8125, 32.4525 ], [ 79.814166666666651, 32.450833333333343 ], [ 79.820833333333326, 32.4575 ], [ 79.8275, 32.459166666666675 ], [ 79.831666666666649, 32.458333333333343 ], [ 79.835833333333326, 32.461666666666673 ], [ 79.841666666666654, 32.455833333333338 ], [ 79.8425, 32.465 ], [ 79.845, 32.468333333333341 ], [ 79.848333333333329, 32.4675 ], [ 79.8525, 32.474166666666676 ] ] } },
{ "type": "Feature", "properties": { "COMID": 45008010, "id": "9229", "lengthkm": 3.7346611646066581, "order": 5, "uparea": 25018.415361416392 }, "geometry": { "type": "LineString", "coordinates": [ [ 79.6925, 32.4575 ], [ 79.698333333333323, 32.448333333333338 ], [ 79.703333333333319, 32.448333333333338 ], [ 79.7025, 32.444166666666675 ], [ 79.704166666666652, 32.4425 ], [ 79.709166666666661, 32.444166666666675 ], [ 79.7125, 32.439166666666672 ] ] } },
{ "type": "Feature", "properties": { "COMID": 45008009, "id": "9229", "lengthkm": 3.9054930374787649, "order": 5, "uparea": 25075.656680047046 }, "geometry": { "type": "LineString", "coordinates": [ [ 79.685833333333321, 32.483333333333341 ], [ 79.6875, 32.4825 ], [ 79.689166666666651, 32.4775 ], [ 79.685833333333321, 32.474166666666676 ], [ 79.686666666666653, 32.4725 ], [ 79.684166666666655, 32.470833333333339 ], [ 79.684166666666655, 32.468333333333341 ], [ 79.69083333333333, 32.465833333333336 ], [ 79.6925, 32.4575 ] ] } },
{ "type": "Feature", "properties": { "COMID": 45008008, "id": "9229", "lengthkm": 1.718067394723735, "order": 5, "uparea": 25194.794827969788 }, "geometry": { "type": "LineString", "coordinates": [ [ 79.688333333333318, 32.4975 ], [ 79.685, 32.486666666666672 ], [ 79.685833333333321, 32.483333333333341 ] ] } },
{ "type": "Feature", "properties": { "COMID": 45008007, "id": "9229", "lengthkm": 10.292754415920214, "order": 5, "uparea": 25321.344746653398 }, "geometry": { "type": "LineString", "coordinates": [ [ 79.635, 32.5575 ], [ 79.635, 32.554166666666674 ], [ 79.638333333333321, 32.550833333333337 ], [ 79.65, 32.544166666666669 ], [ 79.654166666666654, 32.535833333333343 ], [ 79.66, 32.5325 ], [ 79.659166666666664, 32.5275 ], [ 79.660833333333329, 32.525833333333338 ], [ 79.666666666666657, 32.526666666666671 ], [ 79.669166666666655, 32.525 ], [ 79.67, 32.52 ], [ 79.67416666666665, 32.518333333333338 ], [ 79.678333333333327, 32.513333333333343 ], [ 79.688333333333318, 32.51166666666667 ], [ 79.688333333333318, 32.4975 ] ] } },
{ "type": "Feature", "properties": { "COMID": 45008006, "id": "9229", "lengthkm": 1.7720844472547681, "order": 5, "uparea": 25403.148819992115 }, "geometry": { "type": "LineString", "coordinates": [ [ 79.623333333333321, 32.565833333333337 ], [ 79.6275, 32.56333333333334 ], [ 79.634166666666658, 32.5625 ], [ 79.635, 32.5575 ] ] } },
{ "type": "Feature", "properties": { "COMID": 45008005, "id": "9229", "lengthkm": 1.7020022484464199, "order": 5, "uparea": 25656.962225105064 }, "geometry": { "type": "LineString", "coordinates": [ [ 79.613333333333316, 32.57416666666667 ], [ 79.615833333333327, 32.5725 ], [ 79.62, 32.5725 ], [ 79.621666666666655, 32.56666666666667 ], [ 79.623333333333321, 32.565833333333337 ] ] } },
{ "type": "Feature", "properties": { "COMID": 45008004, "id": "9229", "lengthkm": 5.0269049949490734, "order": 5, "uparea": 25733.521432664438 }, "geometry": { "type": "LineString", "coordinates": [ [ 79.581666666666649, 32.600833333333341 ], [ 79.584166666666661, 32.596666666666671 ], [ 79.5875, 32.595 ], [ 79.595, 32.586666666666673 ], [ 79.601666666666659, 32.5875 ], [ 79.605833333333322, 32.576666666666675 ], [ 79.613333333333316, 32.57416666666667 ] ] } },
{ "type": "Feature", "properties": { "COMID": 45008003, "id": "9229", "lengthkm": 2.8742549493086278, "order": 5, "uparea": 25792.985693575527 }, "geometry": { "type": "LineString", "coordinates": [ [ 79.561666666666653, 32.61 ], [ 79.573333333333323, 32.61 ], [ 79.575, 32.6075 ], [ 79.575, 32.603333333333339 ], [ 79.581666666666649, 32.600833333333341 ] ] } },
{ "type": "Feature", "properties": { "COMID": 45008002, "id": "9229", "lengthkm": 2.7213415763448952, "order": 5, "uparea": 25848.558657986632 }, "geometry": { "type": "LineString", "coordinates": [ [ 79.543333333333322, 32.6275 ], [ 79.561666666666653, 32.61 ] ] } },
{ "type": "Feature", "properties": { "COMID": 45008001, "id": "9229", "lengthkm": 13.121802980912936, "order": 5, "uparea": 26055.781742006428 }, "geometry": { "type": "LineString", "coordinates": [ [ 79.465, 32.7075 ], [ 79.474166666666662, 32.694166666666675 ], [ 79.484166666666653, 32.683333333333337 ], [ 79.484166666666653, 32.678333333333342 ], [ 79.493333333333325, 32.674166666666672 ], [ 79.5, 32.669166666666669 ], [ 79.501666666666651, 32.665 ], [ 79.513333333333321, 32.656666666666673 ], [ 79.518333333333317, 32.655 ], [ 79.518333333333317, 32.65 ], [ 79.524166666666659, 32.643333333333338 ], [ 79.534166666666664, 32.6425 ], [ 79.54, 32.63 ], [ 79.543333333333322, 32.6275 ] ] } },
{ "type": "Feature", "properties": { "COMID": 45008000, "id": "9229", "lengthkm": 3.77126630433039, "order": 5, "uparea": 26283.43177854289 }, "geometry": { "type": "LineString", "coordinates": [ [ 79.438333333333318, 32.728333333333339 ], [ 79.4425, 32.721666666666671 ], [ 79.450833333333321, 32.718333333333341 ], [ 79.455, 32.713333333333338 ], [ 79.465, 32.7075 ] ] } },
{ "type": "Feature", "properties": { "COMID": 45007999, "id": "9229", "lengthkm": 1.2290397071986809, "order": 5, "uparea": 26355.084672957015 }, "geometry": { "type": "LineString", "coordinates": [ [ 79.4275, 32.7325 ], [ 79.430833333333325, 32.7325 ], [ 79.438333333333318, 32.728333333333339 ] ] } },
{ "type": "Feature", "properties": { "COMID": 45007998, "id": "9229", "lengthkm": 6.1567670457646644, "order": 5, "uparea": 26436.688170526908 }, "geometry": { "type": "LineString", "coordinates": [ [ 79.411666666666662, 32.766666666666673 ], [ 79.415, 32.7625 ], [ 79.415833333333325, 32.755 ], [ 79.421666666666653, 32.749166666666675 ], [ 79.423333333333318, 32.745 ], [ 79.4225, 32.7425 ], [ 79.42, 32.744166666666672 ], [ 79.415833333333325, 32.7425 ], [ 79.415, 32.735 ], [ 79.4225, 32.735 ], [ 79.4275, 32.7325 ] ] } },
{ "type": "Feature", "properties": { "COMID": 45007997, "id": "9229", "lengthkm": 5.6302644533259452, "order": 5, "uparea": 26517.114654175482 }, "geometry": { "type": "LineString", "coordinates": [ [ 79.385, 32.8025 ], [ 79.3875, 32.8 ], [ 79.388333333333321, 32.794166666666669 ], [ 79.390833333333319, 32.791666666666671 ], [ 79.4025, 32.786666666666676 ], [ 79.403333333333322, 32.7875 ], [ 79.4075, 32.784166666666671 ], [ 79.410833333333329, 32.776666666666671 ], [ 79.41, 32.77 ], [ 79.411666666666662, 32.766666666666673 ] ] } },
{ "type": "Feature", "properties": { "COMID": 45007996, "id": "9229", "lengthkm": 2.6695484968884409, "order": 5, "uparea": 26599.414914915116 }, "geometry": { "type": "LineString", "coordinates": [ [ 79.370833333333323, 32.82083333333334 ], [ 79.375833333333318, 32.811666666666675 ], [ 79.385, 32.8025 ] ] } },
{ "type": "Feature", "properties": { "COMID": 45007995, "id": "9229", "lengthkm": 1.6811920562002609, "order": 5, "uparea": 26657.947390242996 }, "geometry": { "type": "LineString", "coordinates": [ [ 79.365, 32.834166666666675 ], [ 79.369166666666658, 32.829166666666673 ], [ 79.370833333333323, 32.82083333333334 ] ] } },
{ "type": "Feature", "properties": { "COMID": 45007994, "id": "9229", "lengthkm": 7.035338686363608, "order": 5, "uparea": 26736.239813209864 }, "geometry": { "type": "LineString", "coordinates": [ [ 79.321666666666658, 32.8775 ], [ 79.321666666666658, 32.870833333333337 ], [ 79.3325, 32.86 ], [ 79.34, 32.853333333333339 ], [ 79.348333333333329, 32.851666666666674 ], [ 79.3525, 32.844166666666673 ], [ 79.359166666666653, 32.841666666666669 ], [ 79.365, 32.834166666666675 ] ] } },
{ "type": "Feature", "properties": { "COMID": 45007993, "id": "9229", "lengthkm": 2.4775402771599602, "order": 5, "uparea": 26775.246746734232 }, "geometry": { "type": "LineString", "coordinates": [ [ 79.303333333333327, 32.885833333333338 ], [ 79.318333333333328, 32.885 ], [ 79.321666666666658, 32.881666666666675 ], [ 79.321666666666658, 32.8775 ] ] } },
{ "type": "Feature", "properties": { "COMID": 45007992, "id": "9229", "lengthkm": 6.6867620937965127, "order": 5, "uparea": 26849.760636810362 }, "geometry": { "type": "LineString", "coordinates": [ [ 79.30416666666666, 32.9275 ], [ 79.306666666666658, 32.9275 ], [ 79.3075, 32.924166666666672 ], [ 79.301666666666662, 32.92 ], [ 79.301666666666662, 32.911666666666676 ], [ 79.310833333333321, 32.905833333333341 ], [ 79.313333333333318, 32.899166666666673 ], [ 79.306666666666658, 32.895833333333343 ], [ 79.3025, 32.891666666666673 ], [ 79.301666666666662, 32.8875 ], [ 79.303333333333327, 32.885833333333338 ] ] } },
{ "type": "Feature", "properties": { "COMID": 45007991, "id": "9229", "lengthkm": 13.508985580806868, "order": 5, "uparea": 26952.285973477177 }, "geometry": { "type": "LineString", "coordinates": [ [ 79.220833333333317, 32.961666666666673 ], [ 79.224166666666662, 32.966666666666669 ], [ 79.224166666666662, 32.97 ], [ 79.23333333333332, 32.975 ], [ 79.239166666666662, 32.973333333333336 ], [ 79.24, 32.97 ], [ 79.243333333333325, 32.966666666666669 ], [ 79.244166666666658, 32.961666666666673 ], [ 79.25, 32.965 ], [ 79.2525, 32.964166666666671 ], [ 79.258333333333326, 32.966666666666669 ], [ 79.26, 32.965 ], [ 79.261666666666656, 32.966666666666669 ], [ 79.265833333333319, 32.9625 ], [ 79.269166666666649, 32.9625 ], [ 79.274166666666659, 32.956666666666671 ], [ 79.281666666666652, 32.954166666666673 ], [ 79.284166666666664, 32.951666666666675 ], [ 79.285833333333329, 32.94583333333334 ], [ 79.284166666666664, 32.939166666666672 ], [ 79.2875, 32.93416666666667 ], [ 79.30416666666666, 32.9275 ] ] } },
{ "type": "Feature", "properties": { "COMID": 45007990, "id": "9229", "lengthkm": 6.1717859874951033, "order": 5, "uparea": 27685.809179986118 }, "geometry": { "type": "LineString", "coordinates": [ [ 79.180833333333325, 32.983333333333341 ], [ 79.186666666666653, 32.9875 ], [ 79.19, 32.986666666666672 ], [ 79.193333333333328, 32.9825 ], [ 79.198333333333323, 32.981666666666669 ], [ 79.2025, 32.978333333333339 ], [ 79.201666666666654, 32.968333333333341 ], [ 79.203333333333319, 32.966666666666669 ], [ 79.208333333333329, 32.966666666666669 ], [ 79.215, 32.961666666666673 ], [ 79.220833333333317, 32.961666666666673 ] ] } },
{ "type": "Feature", "properties": { "COMID": 45007989, "id": "9229", "lengthkm": 0.76018473679436205, "order": 5, "uparea": 27725.172465206317 }, "geometry": { "type": "LineString", "coordinates": [ [ 79.175, 32.985833333333339 ], [ 79.17916666666666, 32.9825 ], [ 79.180833333333325, 32.983333333333341 ] ] } },
{ "type": "Feature", "properties": { "COMID": 45006419, "id": "9229", "lengthkm": 15.948403769499045, "order": 5, "uparea": 27889.57674840861 }, "geometry": { "type": "LineString", "coordinates": [ [ 79.100833333333327, 33.065 ], [ 79.10833333333332, 33.0575 ], [ 79.1125, 33.048333333333339 ], [ 79.118333333333325, 33.044166666666669 ], [ 79.120833333333323, 33.038333333333341 ], [ 79.130833333333328, 33.030833333333341 ], [ 79.1425, 33.0325 ], [ 79.143333333333317, 33.029166666666669 ], [ 79.138333333333321, 33.025833333333338 ], [ 79.14, 33.023333333333341 ], [ 79.144166666666649, 33.025 ], [ 79.151666666666657, 33.024166666666673 ], [ 79.154166666666654, 33.018333333333338 ], [ 79.154166666666654, 33.00833333333334 ], [ 79.158333333333317, 33.00833333333334 ], [ 79.160833333333329, 33.013333333333335 ], [ 79.164166666666659, 33.013333333333335 ], [ 79.168333333333322, 33.01 ], [ 79.168333333333322, 33.00083333333334 ], [ 79.176666666666662, 32.9925 ], [ 79.175, 32.985833333333339 ] ] } },
{ "type": "Feature", "properties": { "COMID": 45006417, "id": "9229", "lengthkm": 6.9118240833006874, "order": 5, "uparea": 28399.014145927798 }, "geometry": { "type": "LineString", "coordinates": [ [ 79.0675, 33.104166666666671 ], [ 79.070833333333326, 33.101666666666674 ], [ 79.074166666666656, 33.1025 ], [ 79.076666666666654, 33.105833333333337 ], [ 79.08, 33.104166666666671 ], [ 79.080833333333317, 33.095 ], [ 79.084166666666661, 33.090833333333336 ], [ 79.085, 33.085 ], [ 79.09333333333332, 33.07833333333334 ], [ 79.0975, 33.0675 ], [ 79.100833333333327, 33.065 ] ] } },
{ "type": "Feature", "properties": { "COMID": 45006416, "id": "9229", "lengthkm": 15.176595524568071, "order": 5, "uparea": 28577.589019410814 }, "geometry": { "type": "LineString", "coordinates": [ [ 78.993333333333325, 33.165 ], [ 78.996666666666655, 33.1675 ], [ 79.0, 33.1675 ], [ 79.0025, 33.165 ], [ 78.998333333333321, 33.159166666666671 ], [ 79.0, 33.154166666666669 ], [ 79.00333333333333, 33.154166666666669 ], [ 79.009166666666658, 33.158333333333339 ], [ 79.010833333333323, 33.156666666666673 ], [ 79.010833333333323, 33.150833333333338 ], [ 79.015, 33.150833333333338 ], [ 79.019166666666649, 33.154166666666669 ], [ 79.023333333333326, 33.154166666666669 ], [ 79.035, 33.15 ], [ 79.035833333333329, 33.14083333333334 ], [ 79.045, 33.14083333333334 ], [ 79.0475, 33.139166666666675 ], [ 79.0475, 33.135833333333338 ], [ 79.041666666666657, 33.13 ], [ 79.041666666666657, 33.1275 ], [ 79.055, 33.119166666666672 ], [ 79.060833333333321, 33.113333333333337 ], [ 79.061666666666653, 33.106666666666669 ], [ 79.0675, 33.104166666666671 ] ] } },
{ "type": "Feature", "properties": { "COMID": 45006415, "id": "9229", "lengthkm": 12.982722898629213, "order": 5, "uparea": 28695.09312369024 }, "geometry": { "type": "LineString", "coordinates": [ [ 78.923333333333318, 33.22 ], [ 78.926666666666662, 33.220833333333339 ], [ 78.931666666666658, 33.216666666666669 ], [ 78.94, 33.22 ], [ 78.9475, 33.215 ], [ 78.949166666666656, 33.213333333333338 ], [ 78.945, 33.210833333333341 ], [ 78.9475, 33.205 ], [ 78.9525, 33.2025 ], [ 78.959166666666661, 33.194166666666675 ], [ 78.966666666666654, 33.198333333333338 ], [ 78.97, 33.193333333333342 ], [ 78.969166666666652, 33.185833333333342 ], [ 78.9725, 33.183333333333337 ], [ 78.975833333333327, 33.18416666666667 ], [ 78.978333333333325, 33.181666666666672 ], [ 78.9825, 33.180833333333339 ], [ 78.984166666666653, 33.178333333333342 ], [ 78.9825, 33.173333333333339 ], [ 78.985, 33.1675 ], [ 78.990833333333327, 33.164166666666674 ], [ 78.993333333333325, 33.165 ] ] } },
{ "type": "Feature", "properties": { "COMID": 45006414, "id": "9229", "lengthkm": 2.4285547300878578, "order": 5, "uparea": 28785.311293637631 }, "geometry": { "type": "LineString", "coordinates": [ [ 78.905, 33.2175 ], [ 78.921666666666653, 33.214166666666671 ], [ 78.923333333333318, 33.22 ] ] } },
{ "type": "Feature", "properties": { "COMID": 45006413, "id": "9229", "lengthkm": 1.4792078154274531, "order": 5, "uparea": 28990.248330185055 }, "geometry": { "type": "LineString", "coordinates": [ [ 78.898333333333326, 33.206666666666671 ], [ 78.9, 33.208333333333343 ], [ 78.900833333333324, 33.214166666666671 ], [ 78.905, 33.2175 ] ] } },
{ "type": "Feature", "properties": { "COMID": 45006412, "id": "9229", "lengthkm": 3.042033793293927, "order": 5, "uparea": 29039.426084939318 }, "geometry": { "type": "LineString", "coordinates": [ [ 78.88, 33.193333333333342 ], [ 78.889166666666654, 33.196666666666673 ], [ 78.8925, 33.2 ], [ 78.8975, 33.19916666666667 ], [ 78.899166666666659, 33.200833333333335 ], [ 78.8975, 33.20333333333334 ], [ 78.898333333333326, 33.206666666666671 ] ] } },
{ "type": "Feature", "properties": { "COMID": 45006411, "id": "9229", "lengthkm": 8.4060073699401023, "order": 5, "uparea": 29138.135918673848 }, "geometry": { "type": "LineString", "coordinates": [ [ 78.820833333333326, 33.168333333333337 ], [ 78.826666666666654, 33.17 ], [ 78.834166666666661, 33.165 ], [ 78.844166666666652, 33.17 ], [ 78.8475, 33.174166666666672 ], [ 78.854166666666657, 33.178333333333342 ], [ 78.865, 33.181666666666672 ], [ 78.868333333333325, 33.185 ], [ 78.8675, 33.189166666666672 ], [ 78.870833333333323, 33.195 ], [ 78.873333333333321, 33.19583333333334 ], [ 78.875833333333318, 33.19166666666667 ], [ 78.88, 33.193333333333342 ] ] } },
{ "type": "Feature", "properties": { "COMID": 45006410, "id": "9229", "lengthkm": 8.7341332101464015, "order": 5, "uparea": 32025.243627672906 }, "geometry": { "type": "LineString", "coordinates": [ [ 78.754166666666663, 33.135833333333338 ], [ 78.759166666666658, 33.1375 ], [ 78.76, 33.14083333333334 ], [ 78.765833333333319, 33.145 ], [ 78.773333333333326, 33.144166666666671 ], [ 78.7775, 33.1475 ], [ 78.783333333333331, 33.1475 ], [ 78.795, 33.1525 ], [ 78.8025, 33.15 ], [ 78.8075, 33.155833333333341 ], [ 78.811666666666653, 33.156666666666673 ], [ 78.814166666666651, 33.159166666666671 ], [ 78.81583333333333, 33.165833333333339 ], [ 78.820833333333326, 33.168333333333337 ] ] } },
{ "type": "Feature", "properties": { "COMID": 45006409, "id": "9229", "lengthkm": 6.8567371177167908, "order": 5, "uparea": 32412.358991170557 }, "geometry": { "type": "LineString", "coordinates": [ [ 78.700833333333321, 33.1625 ], [ 78.719166666666652, 33.145 ], [ 78.725, 33.144166666666671 ], [ 78.731666666666655, 33.13666666666667 ], [ 78.738333333333316, 33.13666666666667 ], [ 78.74166666666666, 33.138333333333335 ], [ 78.749166666666653, 33.135 ], [ 78.754166666666663, 33.135833333333338 ] ] } },
{ "type": "Feature", "properties": { "COMID": 45006408, "id": "9229", "lengthkm": 9.1080333188569291, "order": 5, "uparea": 32619.110659035639 }, "geometry": { "type": "LineString", "coordinates": [ [ 78.63, 33.198333333333338 ], [ 78.635, 33.194166666666675 ], [ 78.639166666666654, 33.193333333333342 ], [ 78.640833333333319, 33.19166666666667 ], [ 78.641666666666652, 33.185833333333342 ], [ 78.648333333333326, 33.18 ], [ 78.651666666666657, 33.178333333333342 ], [ 78.658333333333331, 33.18 ], [ 78.6625, 33.176666666666669 ], [ 78.671666666666653, 33.175833333333337 ], [ 78.67416666666665, 33.174166666666672 ], [ 78.680833333333325, 33.175 ], [ 78.688333333333318, 33.169166666666669 ], [ 78.696666666666658, 33.166666666666671 ], [ 78.700833333333321, 33.1625 ] ] } },
{ "type": "Feature", "properties": { "COMID": 45006407, "id": "9229", "lengthkm": 0.44000645751635398, "order": 5, "uparea": 32717.521163516063 }, "geometry": { "type": "LineString", "coordinates": [ [ 78.626666666666651, 33.200833333333335 ], [ 78.63, 33.198333333333338 ] ] } },
{ "type": "Feature", "properties": { "COMID": 45006406, "id": "9229", "lengthkm": 4.8223212533670887, "order": 5, "uparea": 32934.572719875337 }, "geometry": { "type": "LineString", "coordinates": [ [ 78.588333333333324, 33.19916666666667 ], [ 78.59, 33.1975 ], [ 78.59, 33.193333333333342 ], [ 78.5925, 33.19166666666667 ], [ 78.603333333333325, 33.195 ], [ 78.605833333333322, 33.194166666666675 ], [ 78.610833333333318, 33.1975 ], [ 78.615, 33.1975 ], [ 78.620833333333323, 33.200833333333335 ], [ 78.626666666666651, 33.200833333333335 ] ] } },
{ "type": "Feature", "properties": { "COMID": 45006405, "id": "9229", "lengthkm": 1.224395763236356, "order": 5, "uparea": 32970.480555200294 }, "geometry": { "type": "LineString", "coordinates": [ [ 78.5775, 33.20333333333334 ], [ 78.588333333333324, 33.19916666666667 ] ] } },
{ "type": "Feature", "properties": { "COMID": 45006404, "id": "9229", "lengthkm": 1.5244264159458529, "order": 5, "uparea": 33025.360420802564 }, "geometry": { "type": "LineString", "coordinates": [ [ 78.56583333333333, 33.209166666666675 ], [ 78.570833333333326, 33.20333333333334 ], [ 78.5775, 33.20333333333334 ] ] } },
{ "type": "Feature", "properties": { "COMID": 45006403, "id": "9229", "lengthkm": 11.441976226503488, "order": 5, "uparea": 33167.738172451725 }, "geometry": { "type": "LineString", "coordinates": [ [ 78.498333333333321, 33.256666666666675 ], [ 78.505, 33.25833333333334 ], [ 78.506666666666661, 33.26166666666667 ], [ 78.510833333333323, 33.26166666666667 ], [ 78.5225, 33.251666666666672 ], [ 78.5275, 33.249166666666675 ], [ 78.5325, 33.251666666666672 ], [ 78.538333333333327, 33.24666666666667 ], [ 78.54916666666665, 33.2425 ], [ 78.54916666666665, 33.240833333333342 ], [ 78.55416666666666, 33.236666666666672 ], [ 78.553333333333327, 33.233333333333341 ], [ 78.555833333333325, 33.230833333333337 ], [ 78.566666666666663, 33.226666666666674 ], [ 78.566666666666663, 33.22 ], [ 78.564166666666651, 33.216666666666669 ], [ 78.56583333333333, 33.209166666666675 ] ] } },
{ "type": "Feature", "properties": { "COMID": 45006402, "id": "9229", "lengthkm": 3.1410431203066018, "order": 5, "uparea": 33219.632525985238 }, "geometry": { "type": "LineString", "coordinates": [ [ 78.471666666666664, 33.2675 ], [ 78.48833333333333, 33.26583333333334 ], [ 78.496666666666655, 33.256666666666675 ], [ 78.498333333333321, 33.256666666666675 ] ] } },
{ "type": "Feature", "properties": { "COMID": 45006401, "id": "9229", "lengthkm": 0.508164825061864, "order": 5, "uparea": 33786.501948158162 }, "geometry": { "type": "LineString", "coordinates": [ [ 78.466666666666654, 33.268333333333338 ], [ 78.471666666666664, 33.2675 ] ] } },
{ "type": "Feature", "properties": { "COMID": 45006400, "id": "9229", "lengthkm": 5.3116882706447379, "order": 5, "uparea": 33935.570006652815 }, "geometry": { "type": "LineString", "coordinates": [ [ 78.42416666666665, 33.281666666666673 ], [ 78.42916666666666, 33.281666666666673 ], [ 78.436666666666653, 33.278333333333336 ], [ 78.44, 33.281666666666673 ], [ 78.443333333333328, 33.281666666666673 ], [ 78.445833333333326, 33.279166666666669 ], [ 78.445833333333326, 33.276666666666671 ], [ 78.453333333333319, 33.270833333333343 ], [ 78.460833333333326, 33.270833333333343 ], [ 78.466666666666654, 33.268333333333338 ] ] } },
{ "type": "Feature", "properties": { "COMID": 45006399, "id": "9229", "lengthkm": 13.609157984249615, "order": 5, "uparea": 34043.30593894812 }, "geometry": { "type": "LineString", "coordinates": [ [ 78.354166666666657, 33.3575 ], [ 78.364166666666662, 33.3575 ], [ 78.3725, 33.3475 ], [ 78.374166666666653, 33.348333333333336 ], [ 78.380833333333328, 33.343333333333341 ], [ 78.380833333333328, 33.34 ], [ 78.385, 33.333333333333343 ], [ 78.385, 33.323333333333338 ], [ 78.389166666666654, 33.32083333333334 ], [ 78.398333333333326, 33.32083333333334 ], [ 78.401666666666657, 33.31666666666667 ], [ 78.400833333333324, 33.30916666666667 ], [ 78.3975, 33.305833333333339 ], [ 78.3975, 33.3 ], [ 78.400833333333324, 33.295833333333341 ], [ 78.410833333333329, 33.294166666666669 ], [ 78.421666666666653, 33.2825 ], [ 78.42416666666665, 33.281666666666673 ] ] } },
{ "type": "Feature", "properties": { "COMID": 45006398, "id": "9229", "lengthkm": 3.8633683200079889, "order": 5, "uparea": 34234.344339532348 }, "geometry": { "type": "LineString", "coordinates": [ [ 78.319166666666661, 33.36 ], [ 78.33, 33.36 ], [ 78.331666666666649, 33.3575 ], [ 78.3375, 33.355 ], [ 78.354166666666657, 33.3575 ] ] } },
{ "type": "Feature", "properties": { "COMID": 45006397, "id": "9229", "lengthkm": 5.9511232465037951, "order": 5, "uparea": 34295.333802229085 }, "geometry": { "type": "LineString", "coordinates": [ [ 78.28, 33.38 ], [ 78.281666666666652, 33.378333333333337 ], [ 78.28083333333332, 33.374166666666675 ], [ 78.286666666666662, 33.365 ], [ 78.298333333333318, 33.3625 ], [ 78.3075, 33.355833333333337 ], [ 78.315, 33.355 ], [ 78.319166666666661, 33.36 ] ] } },
{ "type": "Feature", "properties": { "COMID": 45006396, "id": "9229", "lengthkm": 4.7190960550337149, "order": 5, "uparea": 34371.283163956454 }, "geometry": { "type": "LineString", "coordinates": [ [ 78.2425, 33.396666666666675 ], [ 78.245833333333323, 33.395 ], [ 78.255, 33.395833333333343 ], [ 78.266666666666652, 33.388333333333335 ], [ 78.2725, 33.389166666666675 ], [ 78.2775, 33.385 ], [ 78.28, 33.38 ] ] } },
{ "type": "Feature", "properties": { "COMID": 45006395, "id": "9229", "lengthkm": 2.9012297447523792, "order": 5, "uparea": 34440.55846586718 }, "geometry": { "type": "LineString", "coordinates": [ [ 78.2275, 33.414166666666674 ], [ 78.235833333333318, 33.411666666666676 ], [ 78.235833333333318, 33.405833333333341 ], [ 78.2425, 33.396666666666675 ] ] } },
{ "type": "Feature", "properties": { "COMID": 45006394, "id": "9229", "lengthkm": 3.9600579129100528, "order": 5, "uparea": 34506.620640948138 }, "geometry": { "type": "LineString", "coordinates": [ [ 78.199166666666656, 33.43 ], [ 78.200833333333321, 33.4275 ], [ 78.205, 33.426666666666669 ], [ 78.21, 33.42 ], [ 78.214166666666657, 33.42 ], [ 78.216666666666654, 33.418333333333337 ], [ 78.220833333333331, 33.4125 ], [ 78.223333333333329, 33.411666666666676 ], [ 78.2275, 33.414166666666674 ] ] } },
{ "type": "Feature", "properties": { "COMID": 45006393, "id": "9229", "lengthkm": 13.403220237643232, "order": 5, "uparea": 34778.570493400235 }, "geometry": { "type": "LineString", "coordinates": [ [ 78.1375, 33.49 ], [ 78.135833333333323, 33.486666666666672 ], [ 78.12833333333333, 33.480833333333337 ], [ 78.129166666666663, 33.478333333333339 ], [ 78.126666666666665, 33.475833333333341 ], [ 78.1275, 33.475 ], [ 78.134166666666658, 33.473333333333336 ], [ 78.135833333333323, 33.476666666666674 ], [ 78.14, 33.474166666666676 ], [ 78.143333333333317, 33.469166666666673 ], [ 78.149166666666659, 33.471666666666671 ], [ 78.155, 33.468333333333341 ], [ 78.156666666666652, 33.458333333333336 ], [ 78.163333333333327, 33.456666666666671 ], [ 78.169166666666655, 33.450833333333335 ], [ 78.176666666666662, 33.4475 ], [ 78.17916666666666, 33.443333333333342 ], [ 78.185833333333321, 33.443333333333342 ], [ 78.186666666666653, 33.440833333333337 ], [ 78.19083333333333, 33.436666666666675 ], [ 78.193333333333328, 33.436666666666675 ], [ 78.199166666666656, 33.43 ] ] } },
{ "type": "Feature", "properties": { "COMID": 45006392, "id": "9229", "lengthkm": 3.054987590076268, "order": 5, "uparea": 34837.156085849318 }, "geometry": { "type": "LineString", "coordinates": [ [ 78.1525, 33.5125 ], [ 78.1525, 33.51 ], [ 78.148333333333326, 33.505833333333342 ], [ 78.145833333333329, 33.5 ], [ 78.1375, 33.49 ] ] } },
{ "type": "Feature", "properties": { "COMID": 45006391, "id": "9229", "lengthkm": 4.5025838256610804, "order": 5, "uparea": 35016.337242003239 }, "geometry": { "type": "LineString", "coordinates": [ [ 78.15, 33.548333333333339 ], [ 78.153333333333322, 33.546666666666674 ], [ 78.154166666666654, 33.543333333333337 ], [ 78.154166666666654, 33.54 ], [ 78.150833333333324, 33.534166666666671 ], [ 78.150833333333324, 33.525 ], [ 78.1525, 33.519166666666671 ], [ 78.150833333333324, 33.514166666666675 ], [ 78.1525, 33.5125 ] ] } },
{ "type": "Feature", "properties": { "COMID": 45004755, "id": "9229", "lengthkm": 8.9569493162961269, "order": 5, "uparea": 35115.348049164131 }, "geometry": { "type": "LineString", "coordinates": [ [ 78.08, 33.585833333333341 ], [ 78.085833333333326, 33.580833333333338 ], [ 78.11, 33.576666666666675 ], [ 78.126666666666665, 33.57 ], [ 78.133333333333326, 33.5625 ], [ 78.139166666666654, 33.56 ], [ 78.15, 33.548333333333339 ] ] } },
{ "type": "Feature", "properties": { "COMID": 45004754, "id": "9229", "lengthkm": 3.8165346617654019, "order": 5, "uparea": 35325.196967489224 }, "geometry": { "type": "LineString", "coordinates": [ [ 78.0825, 33.615 ], [ 78.083333333333329, 33.6125 ], [ 78.078333333333319, 33.6075 ], [ 78.0775, 33.600833333333341 ], [ 78.075, 33.596666666666671 ], [ 78.075, 33.591666666666669 ], [ 78.08, 33.585833333333341 ] ] } },
{ "type": "Feature", "properties": { "COMID": 45004751, "id": "9229", "lengthkm": 9.450500610327154, "order": 5, "uparea": 35562.770654082589 }, "geometry": { "type": "LineString", "coordinates": [ [ 78.01, 33.655 ], [ 78.018333333333317, 33.648333333333341 ], [ 78.023333333333326, 33.65 ], [ 78.03, 33.648333333333341 ], [ 78.04, 33.6425 ], [ 78.05, 33.6425 ], [ 78.055833333333325, 33.64083333333334 ], [ 78.058333333333323, 33.6375 ], [ 78.074166666666656, 33.6275 ], [ 78.0825, 33.615 ] ] } },
{ "type": "Feature", "properties": { "COMID": 45004745, "id": "9229", "lengthkm": 3.0214366000225201, "order": 5, "uparea": 35619.397054495115 }, "geometry": { "type": "LineString", "coordinates": [ [ 77.995, 33.673333333333339 ], [ 77.996666666666655, 33.671666666666674 ], [ 77.996666666666655, 33.665 ], [ 78.0, 33.6625 ], [ 78.000833333333318, 33.658333333333339 ], [ 78.00333333333333, 33.656666666666673 ], [ 78.0075, 33.6575 ], [ 78.01, 33.655 ] ] } },
{ "type": "Feature", "properties": { "COMID": 45004744, "id": "9229", "lengthkm": 5.5198242456983744, "order": 5, "uparea": 35696.752651336072 }, "geometry": { "type": "LineString", "coordinates": [ [ 77.964166666666657, 33.7075 ], [ 77.965, 33.7025 ], [ 77.971666666666664, 33.7 ], [ 77.974166666666662, 33.694166666666675 ], [ 77.979166666666657, 33.69 ], [ 77.984166666666653, 33.68833333333334 ], [ 77.98833333333333, 33.6775 ], [ 77.993333333333325, 33.675833333333337 ], [ 77.995, 33.673333333333339 ] ] } },
{ "type": "Feature", "properties": { "COMID": 45004742, "id": "9229", "lengthkm": 2.366432349539898, "order": 5, "uparea": 35744.225260676154 }, "geometry": { "type": "LineString", "coordinates": [ [ 77.9575, 33.725833333333341 ], [ 77.96, 33.724166666666669 ], [ 77.96, 33.714166666666671 ], [ 77.964166666666657, 33.7075 ] ] } },
{ "type": "Feature", "properties": { "COMID": 45004740, "id": "9229", "lengthkm": 5.2709349430762247, "order": 5, "uparea": 36003.895924221768 }, "geometry": { "type": "LineString", "coordinates": [ [ 77.926666666666662, 33.751666666666672 ], [ 77.928333333333327, 33.7525 ], [ 77.93, 33.75083333333334 ], [ 77.928333333333327, 33.745 ], [ 77.92916666666666, 33.7425 ], [ 77.933333333333323, 33.74 ], [ 77.934166666666655, 33.735833333333339 ], [ 77.94, 33.735 ], [ 77.945, 33.73 ], [ 77.948333333333323, 33.73 ], [ 77.951666666666654, 33.725833333333341 ], [ 77.9575, 33.725833333333341 ] ] } },
{ "type": "Feature", "properties": { "COMID": 45004738, "id": "9229", "lengthkm": 7.4166563937462664, "order": 5, "uparea": 36102.113641312448 }, "geometry": { "type": "LineString", "coordinates": [ [ 77.8675, 33.771666666666675 ], [ 77.875833333333318, 33.76583333333334 ], [ 77.879166666666663, 33.760833333333338 ], [ 77.8825, 33.76 ], [ 77.884166666666658, 33.755833333333342 ], [ 77.8875, 33.755 ], [ 77.896666666666661, 33.7575 ], [ 77.9025, 33.755 ], [ 77.90583333333332, 33.756666666666675 ], [ 77.91, 33.75416666666667 ], [ 77.918333333333322, 33.755 ], [ 77.926666666666662, 33.751666666666672 ] ] } },
{ "type": "Feature", "properties": { "COMID": 45004735, "id": "9229", "lengthkm": 7.8113804974406174, "order": 5, "uparea": 36229.751146968738 }, "geometry": { "type": "LineString", "coordinates": [ [ 77.824166666666656, 33.818333333333342 ], [ 77.825, 33.815 ], [ 77.835, 33.803333333333342 ], [ 77.835, 33.801666666666669 ], [ 77.84, 33.8 ], [ 77.839166666666657, 33.7925 ], [ 77.848333333333329, 33.791666666666671 ], [ 77.851666666666659, 33.7875 ], [ 77.851666666666659, 33.785 ], [ 77.855833333333322, 33.7825 ], [ 77.864166666666662, 33.7725 ], [ 77.8675, 33.771666666666675 ] ] } },
{ "type": "Feature", "properties": { "COMID": 45004734, "id": "9229", "lengthkm": 1.186117661855012, "order": 5, "uparea": 37032.640232825186 }, "geometry": { "type": "LineString", "coordinates": [ [ 77.819166666666661, 33.8275 ], [ 77.82, 33.823333333333338 ], [ 77.824166666666656, 33.818333333333342 ] ] } },
{ "type": "Feature", "properties": { "COMID": 45004733, "id": "9229", "lengthkm": 8.9535055064338724, "order": 5, "uparea": 37123.352393922811 }, "geometry": { "type": "LineString", "coordinates": [ [ 77.766666666666652, 33.875 ], [ 77.771666666666661, 33.873333333333335 ], [ 77.7775, 33.874166666666675 ], [ 77.7825, 33.869166666666672 ], [ 77.784166666666664, 33.864166666666669 ], [ 77.791666666666657, 33.864166666666669 ], [ 77.798333333333318, 33.856666666666669 ], [ 77.8, 33.850833333333341 ], [ 77.803333333333327, 33.8475 ], [ 77.80416666666666, 33.838333333333338 ], [ 77.81, 33.835 ], [ 77.81, 33.831666666666671 ], [ 77.811666666666653, 33.83 ], [ 77.814166666666665, 33.82833333333334 ], [ 77.8175, 33.829166666666673 ], [ 77.819166666666661, 33.8275 ] ] } },
{ "type": "Feature", "properties": { "COMID": 45004730, "id": "9229", "lengthkm": 5.8241817024277758, "order": 5, "uparea": 37265.364098085454 }, "geometry": { "type": "LineString", "coordinates": [ [ 77.7425, 33.911666666666669 ], [ 77.75, 33.900833333333338 ], [ 77.75, 33.884166666666673 ], [ 77.754166666666663, 33.8825 ], [ 77.755833333333328, 33.88 ], [ 77.764166666666654, 33.87916666666667 ], [ 77.765, 33.87583333333334 ], [ 77.766666666666652, 33.875 ] ] } },
{ "type": "Feature", "properties": { "COMID": 45004729, "id": "9229", "lengthkm": 0.57432050028777304, "order": 5, "uparea": 37444.264257676834 }, "geometry": { "type": "LineString", "coordinates": [ [ 77.739166666666662, 33.915833333333339 ], [ 77.7425, 33.911666666666669 ] ] } },
{ "type": "Feature", "properties": { "COMID": 45004728, "id": "9229", "lengthkm": 6.1547012811195394, "order": 5, "uparea": 37679.879643952816 }, "geometry": { "type": "LineString", "coordinates": [ [ 77.715833333333322, 33.959166666666675 ], [ 77.720833333333331, 33.9525 ], [ 77.72, 33.94916666666667 ], [ 77.721666666666664, 33.946666666666673 ], [ 77.725833333333327, 33.945 ], [ 77.7275, 33.9425 ], [ 77.726666666666659, 33.939166666666672 ], [ 77.729166666666657, 33.935833333333335 ], [ 77.73, 33.93 ], [ 77.729166666666657, 33.926666666666669 ], [ 77.735, 33.921666666666674 ], [ 77.735833333333318, 33.915833333333339 ], [ 77.739166666666662, 33.915833333333339 ] ] } },
{ "type": "Feature", "properties": { "COMID": 45004727, "id": "9229", "lengthkm": 7.7019045655116836, "order": 5, "uparea": 37761.527335008534 }, "geometry": { "type": "LineString", "coordinates": [ [ 77.6825, 34.01166666666667 ], [ 77.689166666666665, 34.006666666666675 ], [ 77.689166666666665, 34.003333333333337 ], [ 77.6925, 33.999166666666675 ], [ 77.699166666666656, 33.995833333333337 ], [ 77.698333333333323, 33.99 ], [ 77.701666666666654, 33.985 ], [ 77.701666666666654, 33.9825 ], [ 77.708333333333329, 33.976666666666674 ], [ 77.71, 33.973333333333336 ], [ 77.708333333333329, 33.97 ], [ 77.709166666666661, 33.963333333333338 ], [ 77.711666666666659, 33.959166666666675 ], [ 77.715833333333322, 33.959166666666675 ] ] } },
{ "type": "Feature", "properties": { "COMID": 45004725, "id": "9229", "lengthkm": 0.240715669597517, "order": 5, "uparea": 37793.96436367026 }, "geometry": { "type": "LineString", "coordinates": [ [ 77.680833333333325, 34.013333333333335 ], [ 77.6825, 34.01166666666667 ] ] } },
{ "type": "Feature", "properties": { "COMID": 45004724, "id": "9229", "lengthkm": 0.771249992904674, "order": 5, "uparea": 37861.348633292437 }, "geometry": { "type": "LineString", "coordinates": [ [ 77.67583333333333, 34.018333333333338 ], [ 77.680833333333325, 34.013333333333335 ] ] } },
{ "type": "Feature", "properties": { "COMID": 45004723, "id": "9229", "lengthkm": 5.7104678790324179, "order": 5, "uparea": 38001.444046408113 }, "geometry": { "type": "LineString", "coordinates": [ [ 77.65, 34.055833333333339 ], [ 77.649166666666659, 34.053333333333342 ], [ 77.6525, 34.05 ], [ 77.6575, 34.049166666666672 ], [ 77.661666666666662, 34.045833333333341 ], [ 77.661666666666662, 34.0425 ], [ 77.665833333333325, 34.039166666666674 ], [ 77.665833333333325, 34.035833333333336 ], [ 77.67083333333332, 34.0325 ], [ 77.67083333333332, 34.029166666666669 ], [ 77.675, 34.025 ], [ 77.67583333333333, 34.018333333333338 ] ] } },
{ "type": "Feature", "properties": { "COMID": 45004721, "id": "9229", "lengthkm": 3.2012175967812868, "order": 5, "uparea": 38103.576076809732 }, "geometry": { "type": "LineString", "coordinates": [ [ 77.625833333333318, 34.068333333333342 ], [ 77.626666666666665, 34.065833333333337 ], [ 77.631666666666661, 34.06333333333334 ], [ 77.633333333333326, 34.060833333333335 ], [ 77.636666666666656, 34.06 ], [ 77.638333333333321, 34.061666666666675 ], [ 77.6475, 34.058333333333337 ], [ 77.65, 34.055833333333339 ] ] } },
{ "type": "Feature", "properties": { "COMID": 45004720, "id": "9229", "lengthkm": 4.3909350603130584, "order": 5, "uparea": 38231.143486437919 }, "geometry": { "type": "LineString", "coordinates": [ [ 77.599166666666662, 34.0925 ], [ 77.600833333333327, 34.089166666666671 ], [ 77.603333333333325, 34.0875 ], [ 77.605, 34.088333333333338 ], [ 77.61166666666665, 34.081666666666671 ], [ 77.6125, 34.075833333333335 ], [ 77.615, 34.073333333333338 ], [ 77.61666666666666, 34.07416666666667 ], [ 77.625833333333318, 34.068333333333342 ] ] } },
{ "type": "Feature", "properties": { "COMID": 45004719, "id": "9229", "lengthkm": 4.473928123091218, "order": 5, "uparea": 38323.484973131264 }, "geometry": { "type": "LineString", "coordinates": [ [ 77.5675, 34.11 ], [ 77.571666666666658, 34.104166666666671 ], [ 77.573333333333323, 34.105833333333337 ], [ 77.579166666666652, 34.1025 ], [ 77.584166666666661, 34.103333333333339 ], [ 77.585833333333326, 34.101666666666674 ], [ 77.5925, 34.101666666666674 ], [ 77.599166666666662, 34.0925 ] ] } },
{ "type": "Feature", "properties": { "COMID": 45004718, "id": "9229", "lengthkm": 3.4198593075088932, "order": 5, "uparea": 38425.424899372767 }, "geometry": { "type": "LineString", "coordinates": [ [ 77.54, 34.114166666666669 ], [ 77.541666666666657, 34.110833333333339 ], [ 77.54583333333332, 34.110833333333339 ], [ 77.54916666666665, 34.113333333333337 ], [ 77.553333333333327, 34.111666666666672 ], [ 77.56, 34.1125 ], [ 77.560833333333321, 34.110833333333339 ], [ 77.564166666666665, 34.111666666666672 ], [ 77.5675, 34.11 ] ] } },
{ "type": "Feature", "properties": { "COMID": 45004717, "id": "9229", "lengthkm": 8.0842776264894098, "order": 5, "uparea": 38650.338000149182 }, "geometry": { "type": "LineString", "coordinates": [ [ 77.479166666666657, 34.1325 ], [ 77.4825, 34.1375 ], [ 77.4875, 34.1375 ], [ 77.4925, 34.13333333333334 ], [ 77.4975, 34.1325 ], [ 77.499166666666653, 34.134166666666673 ], [ 77.5025, 34.13 ], [ 77.505833333333328, 34.130833333333342 ], [ 77.5125, 34.1275 ], [ 77.5175, 34.1225 ], [ 77.520833333333329, 34.1225 ], [ 77.525833333333324, 34.118333333333339 ], [ 77.526666666666657, 34.115833333333342 ], [ 77.5325, 34.113333333333337 ], [ 77.534166666666664, 34.113333333333337 ], [ 77.535833333333329, 34.115833333333342 ], [ 77.54, 34.114166666666669 ] ] } },
{ "type": "Feature", "properties": { "COMID": 45004716, "id": "9229", "lengthkm": 3.5144415660595301, "order": 5, "uparea": 38764.16980867667 }, "geometry": { "type": "LineString", "coordinates": [ [ 77.446666666666658, 34.130833333333342 ], [ 77.449166666666656, 34.1325 ], [ 77.4525, 34.130833333333342 ], [ 77.459166666666661, 34.131666666666675 ], [ 77.465833333333322, 34.12916666666667 ], [ 77.4725, 34.12916666666667 ], [ 77.479166666666657, 34.1325 ] ] } },
{ "type": "Feature", "properties": { "COMID": 45004715, "id": "9229", "lengthkm": 3.9988449058628972, "order": 5, "uparea": 38863.366259111404 }, "geometry": { "type": "LineString", "coordinates": [ [ 77.419166666666655, 34.123333333333335 ], [ 77.42416666666665, 34.120833333333337 ], [ 77.4325, 34.12166666666667 ], [ 77.435, 34.125 ], [ 77.436666666666653, 34.125 ], [ 77.435, 34.1275 ], [ 77.435833333333321, 34.130833333333342 ], [ 77.4425, 34.12916666666667 ], [ 77.446666666666658, 34.130833333333342 ] ] } },
{ "type": "Feature", "properties": { "COMID": 45004714, "id": "9229", "lengthkm": 11.785048126374425, "order": 5, "uparea": 39033.725747509139 }, "geometry": { "type": "LineString", "coordinates": [ [ 77.331666666666663, 34.165833333333339 ], [ 77.335, 34.165 ], [ 77.341666666666654, 34.1575 ], [ 77.345833333333331, 34.1575 ], [ 77.351666666666659, 34.16 ], [ 77.36, 34.1525 ], [ 77.374166666666653, 34.1525 ], [ 77.376666666666665, 34.154166666666669 ], [ 77.38, 34.149166666666673 ], [ 77.391666666666652, 34.138333333333335 ], [ 77.400833333333324, 34.13666666666667 ], [ 77.403333333333322, 34.14 ], [ 77.408333333333331, 34.139166666666668 ], [ 77.419166666666655, 34.123333333333335 ] ] } },
{ "type": "Feature", "properties": { "COMID": 45003186, "id": "9229", "lengthkm": 2.5390949759505368, "order": 6, "uparea": 53891.162577047377 }, "geometry": { "type": "LineString", "coordinates": [ [ 77.334166666666661, 34.185 ], [ 77.335833333333326, 34.181666666666672 ], [ 77.329166666666652, 34.175 ], [ 77.329166666666652, 34.170833333333334 ], [ 77.331666666666663, 34.165833333333339 ] ] } },
{ "type": "Feature", "properties": { "COMID": 45003185, "id": "9229", "lengthkm": 0.86326100170999398, "order": 6, "uparea": 53943.696277224211 }, "geometry": { "type": "LineString", "coordinates": [ [ 77.330833333333317, 34.190833333333337 ], [ 77.33, 34.18833333333334 ], [ 77.334166666666661, 34.185 ] ] } },
{ "type": "Feature", "properties": { "COMID": 45003184, "id": "9229", "lengthkm": 4.9491054413227076, "order": 6, "uparea": 54047.276209015487 }, "geometry": { "type": "LineString", "coordinates": [ [ 77.29, 34.205833333333338 ], [ 77.295, 34.206666666666671 ], [ 77.30416666666666, 34.201666666666668 ], [ 77.31, 34.201666666666668 ], [ 77.31583333333333, 34.1975 ], [ 77.324166666666656, 34.198333333333338 ], [ 77.325, 34.19583333333334 ], [ 77.330833333333317, 34.190833333333337 ] ] } },
{ "type": "Feature", "properties": { "COMID": 45003183, "id": "9229", "lengthkm": 14.767358720093034, "order": 6, "uparea": 54254.793618689342 }, "geometry": { "type": "LineString", "coordinates": [ [ 77.1775, 34.22 ], [ 77.180833333333325, 34.216666666666669 ], [ 77.194166666666661, 34.210833333333341 ], [ 77.200833333333321, 34.215 ], [ 77.2125, 34.216666666666669 ], [ 77.2175, 34.215833333333336 ], [ 77.223333333333329, 34.210833333333341 ], [ 77.229166666666657, 34.209166666666675 ], [ 77.229166666666657, 34.205 ], [ 77.2325, 34.200833333333335 ], [ 77.23833333333333, 34.19916666666667 ], [ 77.244166666666658, 34.195 ], [ 77.2525, 34.195 ], [ 77.261666666666656, 34.186666666666675 ], [ 77.264166666666654, 34.186666666666675 ], [ 77.268333333333317, 34.19 ], [ 77.2775, 34.19166666666667 ], [ 77.279166666666654, 34.194166666666675 ], [ 77.279166666666654, 34.200833333333335 ], [ 77.29, 34.205833333333338 ] ] } },
{ "type": "Feature", "properties": { "COMID": 45003181, "id": "9229", "lengthkm": 2.1465732675668461, "order": 6, "uparea": 54285.046963650384 }, "geometry": { "type": "LineString", "coordinates": [ [ 77.1675, 34.235833333333339 ], [ 77.1775, 34.223333333333336 ], [ 77.1775, 34.22 ] ] } },
{ "type": "Feature", "properties": { "COMID": 45003179, "id": "9229", "lengthkm": 1.1855236817727799, "order": 6, "uparea": 54395.035647743098 }, "geometry": { "type": "LineString", "coordinates": [ [ 77.16, 34.2425 ], [ 77.164166666666659, 34.241666666666674 ], [ 77.1675, 34.235833333333339 ] ] } },
{ "type": "Feature", "properties": { "COMID": 45003178, "id": "9229", "lengthkm": 4.7623850253984914, "order": 6, "uparea": 54504.20488661823 }, "geometry": { "type": "LineString", "coordinates": [ [ 77.119166666666658, 34.239166666666669 ], [ 77.130833333333328, 34.2325 ], [ 77.133333333333326, 34.2325 ], [ 77.141666666666652, 34.235833333333339 ], [ 77.144166666666663, 34.239166666666669 ], [ 77.150833333333324, 34.24 ], [ 77.153333333333322, 34.2425 ], [ 77.16, 34.2425 ] ] } },
{ "type": "Feature", "properties": { "COMID": 45003177, "id": "9229", "lengthkm": 4.060291337027687, "order": 6, "uparea": 54542.227199832982 }, "geometry": { "type": "LineString", "coordinates": [ [ 77.09, 34.25083333333334 ], [ 77.099166666666662, 34.255833333333335 ], [ 77.104166666666657, 34.25 ], [ 77.110833333333318, 34.245833333333337 ], [ 77.11166666666665, 34.2425 ], [ 77.119166666666658, 34.239166666666669 ] ] } },
{ "type": "Feature", "properties": { "COMID": 45003175, "id": "9229", "lengthkm": 0.90746927320607296, "order": 6, "uparea": 54625.199706916268 }, "geometry": { "type": "LineString", "coordinates": [ [ 77.0825, 34.253333333333337 ], [ 77.0875, 34.25 ], [ 77.09, 34.25083333333334 ] ] } },
{ "type": "Feature", "properties": { "COMID": 45003174, "id": "9229", "lengthkm": 5.1061259703681632, "order": 6, "uparea": 54714.474420723986 }, "geometry": { "type": "LineString", "coordinates": [ [ 77.0375, 34.27 ], [ 77.0525, 34.264166666666668 ], [ 77.069166666666661, 34.2625 ], [ 77.074166666666656, 34.255833333333335 ], [ 77.0825, 34.253333333333337 ] ] } },
{ "type": "Feature", "properties": { "COMID": 45003172, "id": "9229", "lengthkm": 7.8780979005979406, "order": 6, "uparea": 54837.438329911798 }, "geometry": { "type": "LineString", "coordinates": [ [ 76.985833333333318, 34.3 ], [ 76.9925, 34.2975 ], [ 76.998333333333321, 34.2975 ], [ 77.00333333333333, 34.294166666666669 ], [ 77.0125, 34.293333333333337 ], [ 77.016666666666652, 34.295833333333334 ], [ 77.028333333333322, 34.290833333333339 ], [ 77.0325, 34.290833333333339 ], [ 77.033333333333331, 34.289166666666674 ], [ 77.03, 34.283333333333339 ], [ 77.03, 34.278333333333336 ], [ 77.034166666666664, 34.270833333333336 ], [ 77.0375, 34.27 ] ] } },
{ "type": "Feature", "properties": { "COMID": 45003168, "id": "9229", "lengthkm": 0.19673984447654899, "order": 6, "uparea": 55045.879167025989 }, "geometry": { "type": "LineString", "coordinates": [ [ 76.984166666666653, 34.299166666666672 ], [ 76.985833333333318, 34.3 ] ] } },
{ "type": "Feature", "properties": { "COMID": 45003167, "id": "9229", "lengthkm": 12.163402021952036, "order": 6, "uparea": 55153.822616905811 }, "geometry": { "type": "LineString", "coordinates": [ [ 76.8825, 34.319166666666675 ], [ 76.885833333333323, 34.318333333333335 ], [ 76.890833333333319, 34.321666666666673 ], [ 76.894166666666663, 34.321666666666673 ], [ 76.904166666666654, 34.315 ], [ 76.911666666666662, 34.315 ], [ 76.916666666666657, 34.308333333333337 ], [ 76.923333333333318, 34.303333333333342 ], [ 76.945833333333326, 34.304166666666674 ], [ 76.9525, 34.308333333333337 ], [ 76.961666666666659, 34.31 ], [ 76.96833333333332, 34.314166666666672 ], [ 76.9775, 34.301666666666669 ], [ 76.984166666666653, 34.299166666666672 ] ] } },
{ "type": "Feature", "properties": { "COMID": 45003165, "id": "9229", "lengthkm": 5.206962391014077, "order": 6, "uparea": 55223.607008395302 }, "geometry": { "type": "LineString", "coordinates": [ [ 76.838333333333324, 34.331666666666671 ], [ 76.844166666666652, 34.3275 ], [ 76.849166666666662, 34.32833333333334 ], [ 76.853333333333325, 34.325833333333335 ], [ 76.8575, 34.325833333333335 ], [ 76.860833333333318, 34.32 ], [ 76.8725, 34.3175 ], [ 76.8825, 34.319166666666675 ] ] } },
{ "type": "Feature", "properties": { "COMID": 45003163, "id": "9229", "lengthkm": 6.2799399824952982, "order": 6, "uparea": 56343.370015451925 }, "geometry": { "type": "LineString", "coordinates": [ [ 76.801666666666662, 34.369166666666672 ], [ 76.805833333333325, 34.3675 ], [ 76.80416666666666, 34.361666666666672 ], [ 76.805, 34.355 ], [ 76.838333333333324, 34.331666666666671 ] ] } },
{ "type": "Feature", "properties": { "COMID": 45003162, "id": "9229", "lengthkm": 5.5905092693903757, "order": 6, "uparea": 56396.851179523626 }, "geometry": { "type": "LineString", "coordinates": [ [ 76.766666666666652, 34.3825 ], [ 76.769166666666663, 34.380833333333335 ], [ 76.778333333333322, 34.38 ], [ 76.78083333333332, 34.384166666666673 ], [ 76.791666666666657, 34.38666666666667 ], [ 76.79583333333332, 34.38333333333334 ], [ 76.795, 34.3775 ], [ 76.798333333333318, 34.374166666666675 ], [ 76.7975, 34.370833333333337 ], [ 76.801666666666662, 34.369166666666672 ] ] } },
{ "type": "Feature", "properties": { "COMID": 45003160, "id": "9229", "lengthkm": 1.850464326504895, "order": 6, "uparea": 56432.050360389519 }, "geometry": { "type": "LineString", "coordinates": [ [ 76.7575, 34.394166666666671 ], [ 76.756666666666661, 34.389166666666668 ], [ 76.766666666666652, 34.3825 ] ] } },
{ "type": "Feature", "properties": { "COMID": 45003158, "id": "9229", "lengthkm": 4.1711567083084864, "order": 6, "uparea": 56636.355210498565 }, "geometry": { "type": "LineString", "coordinates": [ [ 76.7425, 34.414166666666674 ], [ 76.7475, 34.411666666666669 ], [ 76.749166666666653, 34.4125 ], [ 76.765, 34.404166666666669 ], [ 76.763333333333321, 34.4 ], [ 76.7575, 34.394166666666671 ] ] } },
{ "type": "Feature", "properties": { "COMID": 45003157, "id": "9229", "lengthkm": 4.5796995699413969, "order": 6, "uparea": 56684.743077020052 }, "geometry": { "type": "LineString", "coordinates": [ [ 76.709166666666661, 34.431666666666672 ], [ 76.715, 34.431666666666672 ], [ 76.7225, 34.423333333333339 ], [ 76.729166666666657, 34.4225 ], [ 76.735, 34.424166666666672 ], [ 76.739166666666662, 34.42 ], [ 76.739166666666662, 34.416666666666671 ], [ 76.7425, 34.414166666666674 ] ] } },
{ "type": "Feature", "properties": { "COMID": 45003155, "id": "9229", "lengthkm": 3.7821098932922772, "order": 6, "uparea": 56824.885520838776 }, "geometry": { "type": "LineString", "coordinates": [ [ 76.685833333333321, 34.445 ], [ 76.691666666666663, 34.4375 ], [ 76.6925, 34.429166666666674 ], [ 76.706666666666663, 34.429166666666674 ], [ 76.709166666666661, 34.431666666666672 ] ] } },
{ "type": "Feature", "properties": { "COMID": 45003153, "id": "9229", "lengthkm": 10.452677206890948, "order": 6, "uparea": 56933.205314449813 }, "geometry": { "type": "LineString", "coordinates": [ [ 76.633333333333326, 34.501666666666672 ], [ 76.640833333333319, 34.4975 ], [ 76.641666666666652, 34.489166666666669 ], [ 76.643333333333331, 34.4875 ], [ 76.659166666666664, 34.488333333333337 ], [ 76.67083333333332, 34.480833333333337 ], [ 76.6725, 34.4725 ], [ 76.6675, 34.469166666666673 ], [ 76.6675, 34.464166666666671 ], [ 76.671666666666653, 34.46 ], [ 76.676666666666662, 34.46 ], [ 76.681666666666658, 34.456666666666671 ], [ 76.6825, 34.448333333333338 ], [ 76.685833333333321, 34.445 ] ] } },
{ "type": "Feature", "properties": { "COMID": 45003150, "id": "9229", "lengthkm": 0.27280102861615702, "order": 6, "uparea": 56962.13583544585 }, "geometry": { "type": "LineString", "coordinates": [ [ 76.630833333333328, 34.5025 ], [ 76.633333333333326, 34.501666666666672 ] ] } },
{ "type": "Feature", "properties": { "COMID": 45003149, "id": "9229", "lengthkm": 9.5287936652238017, "order": 6, "uparea": 57092.208012186755 }, "geometry": { "type": "LineString", "coordinates": [ [ 76.589166666666657, 34.56 ], [ 76.599166666666662, 34.56 ], [ 76.6025, 34.556666666666672 ], [ 76.605833333333322, 34.549166666666672 ], [ 76.62, 34.54 ], [ 76.619166666666658, 34.539166666666674 ], [ 76.6225, 34.535 ], [ 76.6225, 34.528333333333336 ], [ 76.625833333333333, 34.5225 ], [ 76.625, 34.518333333333338 ], [ 76.626666666666665, 34.515 ], [ 76.625, 34.5125 ], [ 76.625833333333333, 34.51 ], [ 76.621666666666655, 34.506666666666675 ], [ 76.630833333333328, 34.5025 ] ] } },
{ "type": "Feature", "properties": { "COMID": 45003148, "id": "9229", "lengthkm": 6.8703702598406382, "order": 6, "uparea": 57429.035733226687 }, "geometry": { "type": "LineString", "coordinates": [ [ 76.529166666666654, 34.575833333333335 ], [ 76.53083333333332, 34.573333333333338 ], [ 76.535833333333329, 34.5725 ], [ 76.56, 34.57083333333334 ], [ 76.566666666666663, 34.56666666666667 ], [ 76.571666666666658, 34.56 ], [ 76.576666666666654, 34.5575 ], [ 76.585833333333326, 34.5575 ], [ 76.589166666666657, 34.56 ] ] } },
{ "type": "Feature", "properties": { "COMID": 45003145, "id": "9229", "lengthkm": 3.6530794173158569, "order": 6, "uparea": 58340.205521092365 }, "geometry": { "type": "LineString", "coordinates": [ [ 76.513333333333321, 34.6 ], [ 76.516666666666652, 34.6 ], [ 76.525833333333324, 34.594166666666673 ], [ 76.529166666666654, 34.585833333333341 ], [ 76.529166666666654, 34.575833333333335 ] ] } },
{ "type": "Feature", "properties": { "COMID": 45003142, "id": "9229", "lengthkm": 4.6834490651235612, "order": 6, "uparea": 58395.372597815178 }, "geometry": { "type": "LineString", "coordinates": [ [ 76.476666666666659, 34.6225 ], [ 76.490833333333327, 34.618333333333339 ], [ 76.496666666666655, 34.613333333333337 ], [ 76.501666666666665, 34.605833333333337 ], [ 76.513333333333321, 34.6 ] ] } },
{ "type": "Feature", "properties": { "COMID": 45003141, "id": "9229", "lengthkm": 5.1885654435769606, "order": 6, "uparea": 58591.255224132175 }, "geometry": { "type": "LineString", "coordinates": [ [ 76.43, 34.63333333333334 ], [ 76.441666666666663, 34.63333333333334 ], [ 76.4475, 34.635833333333338 ], [ 76.476666666666659, 34.6225 ] ] } },
{ "type": "Feature", "properties": { "COMID": 45003139, "id": "9229", "lengthkm": 5.5261259992447593, "order": 6, "uparea": 58639.54922031414 }, "geometry": { "type": "LineString", "coordinates": [ [ 76.381666666666661, 34.634166666666673 ], [ 76.394166666666663, 34.635833333333338 ], [ 76.396666666666661, 34.64 ], [ 76.4025, 34.64083333333334 ], [ 76.409166666666664, 34.638333333333335 ], [ 76.414166666666659, 34.634166666666673 ], [ 76.4225, 34.635 ], [ 76.43, 34.63333333333334 ] ] } },
{ "type": "Feature", "properties": { "COMID": 45003136, "id": "9229", "lengthkm": 4.5249226461059866, "order": 6, "uparea": 58699.860591081735 }, "geometry": { "type": "LineString", "coordinates": [ [ 76.346666666666664, 34.655833333333341 ], [ 76.353333333333325, 34.6475 ], [ 76.36333333333333, 34.64 ], [ 76.376666666666665, 34.63333333333334 ], [ 76.381666666666661, 34.634166666666673 ] ] } },
{ "type": "Feature", "properties": { "COMID": 45003134, "id": "9229", "lengthkm": 1.0514825305631841, "order": 6, "uparea": 58762.905179531794 }, "geometry": { "type": "LineString", "coordinates": [ [ 76.339166666666657, 34.66 ], [ 76.345, 34.66 ], [ 76.346666666666664, 34.655833333333341 ] ] } },
{ "type": "Feature", "properties": { "COMID": 45003132, "id": "9229", "lengthkm": 8.7959611384597469, "order": 6, "uparea": 58860.806844568076 }, "geometry": { "type": "LineString", "coordinates": [ [ 76.271666666666661, 34.6975 ], [ 76.274166666666659, 34.693333333333335 ], [ 76.284166666666664, 34.69 ], [ 76.301666666666662, 34.676666666666669 ], [ 76.3075, 34.675833333333337 ], [ 76.31583333333333, 34.6675 ], [ 76.320833333333326, 34.659166666666671 ], [ 76.3325, 34.6575 ], [ 76.339166666666657, 34.66 ] ] } },
{ "type": "Feature", "properties": { "COMID": 45003128, "id": "9229", "lengthkm": 4.8843258375942584, "order": 6, "uparea": 58923.680802441282 }, "geometry": { "type": "LineString", "coordinates": [ [ 76.245833333333323, 34.7325 ], [ 76.248333333333321, 34.7325 ], [ 76.251666666666665, 34.729166666666671 ], [ 76.25333333333333, 34.723333333333336 ], [ 76.271666666666661, 34.6975 ] ] } },
{ "type": "Feature", "properties": { "COMID": 45003126, "id": "9229", "lengthkm": 3.6824223157392151, "order": 6, "uparea": 59069.656585732606 }, "geometry": { "type": "LineString", "coordinates": [ [ 76.216666666666654, 34.74666666666667 ], [ 76.220833333333331, 34.745 ], [ 76.225, 34.74666666666667 ], [ 76.2375, 34.733333333333334 ], [ 76.245833333333323, 34.7325 ] ] } },
{ "type": "Feature", "properties": { "COMID": 45001813, "id": "9229", "lengthkm": 8.3334619704838389, "order": 6, "uparea": 69624.522652574407 }, "geometry": { "type": "LineString", "coordinates": [ [ 76.193333333333328, 34.81 ], [ 76.200833333333321, 34.803333333333342 ], [ 76.2025, 34.798333333333339 ], [ 76.2025, 34.791666666666671 ], [ 76.198333333333323, 34.785833333333336 ], [ 76.198333333333323, 34.781666666666673 ], [ 76.204166666666652, 34.774166666666673 ], [ 76.205, 34.766666666666673 ], [ 76.203333333333319, 34.76166666666667 ], [ 76.216666666666654, 34.74666666666667 ] ] } },
{ "type": "Feature", "properties": { "COMID": 45001812, "id": "9229", "lengthkm": 4.4252577480132356, "order": 6, "uparea": 69705.538246234064 }, "geometry": { "type": "LineString", "coordinates": [ [ 76.194166666666661, 34.844166666666673 ], [ 76.1875, 34.835 ], [ 76.189166666666665, 34.8275 ], [ 76.194166666666661, 34.82 ], [ 76.19083333333333, 34.814166666666672 ], [ 76.193333333333328, 34.81 ] ] } },
{ "type": "Feature", "properties": { "COMID": 45001811, "id": "9229", "lengthkm": 2.9361387044419498, "order": 6, "uparea": 69813.18724684573 }, "geometry": { "type": "LineString", "coordinates": [ [ 76.185, 34.864166666666669 ], [ 76.1825, 34.8625 ], [ 76.1825, 34.86 ], [ 76.189166666666665, 34.851666666666674 ], [ 76.195, 34.848333333333336 ], [ 76.194166666666661, 34.844166666666673 ] ] } },
{ "type": "Feature", "properties": { "COMID": 45001810, "id": "9229", "lengthkm": 4.0472826009476233, "order": 6, "uparea": 69952.415781254036 }, "geometry": { "type": "LineString", "coordinates": [ [ 76.195, 34.8925 ], [ 76.191666666666663, 34.885833333333338 ], [ 76.1875, 34.88333333333334 ], [ 76.1875, 34.87916666666667 ], [ 76.1925, 34.8725 ], [ 76.191666666666663, 34.869166666666672 ], [ 76.1875, 34.864166666666669 ], [ 76.185, 34.864166666666669 ] ] } },
{ "type": "Feature", "properties": { "COMID": 45001809, "id": "9229", "lengthkm": 7.8565322753944589, "order": 6, "uparea": 70086.276762744877 }, "geometry": { "type": "LineString", "coordinates": [ [ 76.223333333333329, 34.9425 ], [ 76.2275, 34.940833333333337 ], [ 76.231666666666655, 34.936666666666667 ], [ 76.230833333333322, 34.9275 ], [ 76.21833333333332, 34.919166666666669 ], [ 76.2125, 34.919166666666669 ], [ 76.21, 34.9175 ], [ 76.200833333333321, 34.906666666666673 ], [ 76.200833333333321, 34.9025 ], [ 76.195, 34.8925 ] ] } },
{ "type": "Feature", "properties": { "COMID": 45001808, "id": "9229", "lengthkm": 2.4883409272026511, "order": 6, "uparea": 70291.998408634026 }, "geometry": { "type": "LineString", "coordinates": [ [ 76.208333333333329, 34.959166666666668 ], [ 76.211666666666659, 34.956666666666671 ], [ 76.215833333333322, 34.94916666666667 ], [ 76.223333333333329, 34.9425 ] ] } },
{ "type": "Feature", "properties": { "COMID": 45001807, "id": "9229", "lengthkm": 1.1870647173606319, "order": 6, "uparea": 70325.01311921241 }, "geometry": { "type": "LineString", "coordinates": [ [ 76.205, 34.9675 ], [ 76.2075, 34.965833333333336 ], [ 76.206666666666663, 34.961666666666673 ], [ 76.208333333333329, 34.959166666666668 ] ] } },
{ "type": "Feature", "properties": { "COMID": 45001806, "id": "9229", "lengthkm": 16.236687192718627, "order": 6, "uparea": 70557.957441096878 }, "geometry": { "type": "LineString", "coordinates": [ [ 76.089166666666657, 35.030833333333334 ], [ 76.100833333333327, 35.033333333333339 ], [ 76.110833333333318, 35.0325 ], [ 76.121666666666655, 35.025833333333338 ], [ 76.12833333333333, 35.018333333333338 ], [ 76.135, 35.015 ], [ 76.14, 35.00833333333334 ], [ 76.140833333333319, 35.00416666666667 ], [ 76.1475, 34.9975 ], [ 76.149166666666659, 34.998333333333335 ], [ 76.150833333333324, 34.99666666666667 ], [ 76.153333333333322, 34.986666666666672 ], [ 76.153333333333322, 34.978333333333339 ], [ 76.163333333333327, 34.966666666666669 ], [ 76.169166666666655, 34.965833333333336 ], [ 76.174166666666665, 34.968333333333334 ], [ 76.181666666666658, 34.968333333333334 ], [ 76.185, 34.97 ], [ 76.1975, 34.97 ], [ 76.205, 34.9675 ] ] } },
{ "type": "Feature", "properties": { "COMID": 45001805, "id": "9229", "lengthkm": 3.852980750796271, "order": 6, "uparea": 70673.145683718525 }, "geometry": { "type": "LineString", "coordinates": [ [ 76.073333333333323, 35.050833333333337 ], [ 76.075, 35.045833333333334 ], [ 76.071666666666658, 35.038333333333341 ], [ 76.083333333333329, 35.028333333333336 ], [ 76.089166666666657, 35.030833333333334 ] ] } },
{ "type": "Feature", "properties": { "COMID": 45001804, "id": "9229", "lengthkm": 2.0774232076243111, "order": 6, "uparea": 70721.711420600885 }, "geometry": { "type": "LineString", "coordinates": [ [ 76.058333333333323, 35.0575 ], [ 76.061666666666653, 35.0575 ], [ 76.06583333333333, 35.06 ], [ 76.073333333333323, 35.050833333333337 ] ] } },
{ "type": "Feature", "properties": { "COMID": 45001803, "id": "9229", "lengthkm": 9.2920452184772273, "order": 6, "uparea": 70806.132354510351 }, "geometry": { "type": "LineString", "coordinates": [ [ 76.000833333333333, 35.0925 ], [ 76.004166666666663, 35.094166666666673 ], [ 76.014166666666654, 35.0925 ], [ 76.025833333333324, 35.093333333333334 ], [ 76.03083333333332, 35.09 ], [ 76.039166666666659, 35.09 ], [ 76.0425, 35.085833333333341 ], [ 76.04, 35.07833333333334 ], [ 76.04, 35.073333333333338 ], [ 76.041666666666657, 35.07083333333334 ], [ 76.040833333333325, 35.0625 ], [ 76.046666666666653, 35.056666666666672 ], [ 76.05083333333333, 35.056666666666672 ], [ 76.053333333333327, 35.058333333333337 ], [ 76.058333333333323, 35.0575 ] ] } },
{ "type": "Feature", "properties": { "COMID": 45001802, "id": "9229", "lengthkm": 1.3887300414262731, "order": 6, "uparea": 71106.14296287419 }, "geometry": { "type": "LineString", "coordinates": [ [ 75.9875, 35.094166666666673 ], [ 75.9925, 35.0925 ], [ 76.000833333333333, 35.0925 ] ] } },
{ "type": "Feature", "properties": { "COMID": 45001801, "id": "9229", "lengthkm": 5.9872858780752134, "order": 6, "uparea": 71176.20443113611 }, "geometry": { "type": "LineString", "coordinates": [ [ 75.9625, 35.1375 ], [ 75.965, 35.13333333333334 ], [ 75.96833333333332, 35.131666666666675 ], [ 75.976666666666659, 35.1225 ], [ 75.9775, 35.118333333333339 ], [ 75.975, 35.111666666666672 ], [ 75.981666666666655, 35.098333333333336 ], [ 75.9875, 35.094166666666673 ] ] } },
{ "type": "Feature", "properties": { "COMID": 45001800, "id": "9229", "lengthkm": 7.4783871165596336, "order": 6, "uparea": 71518.022869505876 }, "geometry": { "type": "LineString", "coordinates": [ [ 75.9125, 35.1775 ], [ 75.913333333333327, 35.173333333333339 ], [ 75.918333333333322, 35.168333333333337 ], [ 75.9225, 35.1675 ], [ 75.9325, 35.16 ], [ 75.941666666666663, 35.159166666666671 ], [ 75.945833333333326, 35.15 ], [ 75.950833333333321, 35.146666666666668 ], [ 75.958333333333329, 35.145 ], [ 75.9625, 35.14083333333334 ], [ 75.9625, 35.1375 ] ] } },
{ "type": "Feature", "properties": { "COMID": 45001799, "id": "9229", "lengthkm": 7.4253684258874069, "order": 6, "uparea": 71701.625095838448 }, "geometry": { "type": "LineString", "coordinates": [ [ 75.915833333333325, 35.229166666666671 ], [ 75.916666666666657, 35.2275 ], [ 75.910833333333329, 35.2225 ], [ 75.91, 35.2175 ], [ 75.9175, 35.210833333333341 ], [ 75.913333333333327, 35.2075 ], [ 75.908333333333331, 35.206666666666671 ], [ 75.904166666666654, 35.19916666666667 ], [ 75.904166666666654, 35.196666666666673 ], [ 75.911666666666662, 35.185833333333335 ], [ 75.9125, 35.1775 ] ] } },
{ "type": "Feature", "properties": { "COMID": 45001765, "id": "9229", "lengthkm": 6.5351003477272789, "order": 7, "uparea": 130943.96384956824 }, "geometry": { "type": "LineString", "coordinates": [ [ 75.87, 35.249166666666667 ], [ 75.868333333333325, 35.2475 ], [ 75.87, 35.2425 ], [ 75.874166666666653, 35.240833333333335 ], [ 75.874166666666653, 35.235833333333339 ], [ 75.885833333333323, 35.2275 ], [ 75.893333333333331, 35.229166666666671 ], [ 75.899166666666659, 35.2325 ], [ 75.909166666666664, 35.2325 ], [ 75.913333333333327, 35.231666666666669 ], [ 75.915833333333325, 35.229166666666671 ] ] } },
{ "type": "Feature", "properties": { "COMID": 45001764, "id": "9229", "lengthkm": 7.7696906920002116, "order": 7, "uparea": 131037.14798861016 }, "geometry": { "type": "LineString", "coordinates": [ [ 75.8575, 35.311666666666667 ], [ 75.8575, 35.303333333333335 ], [ 75.86, 35.2975 ], [ 75.85833333333332, 35.28 ], [ 75.8625, 35.275 ], [ 75.8625, 35.265 ], [ 75.864166666666662, 35.26166666666667 ], [ 75.87, 35.256666666666675 ], [ 75.87, 35.249166666666667 ] ] } },
{ "type": "Feature", "properties": { "COMID": 45001763, "id": "9229", "lengthkm": 2.8986409450525472, "order": 7, "uparea": 131117.18341387674 }, "geometry": { "type": "LineString", "coordinates": [ [ 75.8425, 35.3325 ], [ 75.8525, 35.32083333333334 ], [ 75.855833333333322, 35.319166666666668 ], [ 75.8575, 35.311666666666667 ] ] } },
{ "type": "Feature", "properties": { "COMID": 45001762, "id": "9229", "lengthkm": 18.54269373841014, "order": 7, "uparea": 131308.96595215323 }, "geometry": { "type": "LineString", "coordinates": [ [ 75.7125, 35.304166666666674 ], [ 75.72, 35.299166666666672 ], [ 75.726666666666659, 35.298333333333339 ], [ 75.731666666666655, 35.305833333333339 ], [ 75.740833333333327, 35.3125 ], [ 75.7475, 35.308333333333337 ], [ 75.765, 35.310833333333335 ], [ 75.773333333333326, 35.30916666666667 ], [ 75.7775, 35.31 ], [ 75.781666666666666, 35.315 ], [ 75.788333333333327, 35.318333333333335 ], [ 75.7975, 35.3275 ], [ 75.794166666666655, 35.34 ], [ 75.79583333333332, 35.346666666666671 ], [ 75.799166666666665, 35.35 ], [ 75.8025, 35.35 ], [ 75.809166666666655, 35.344166666666673 ], [ 75.8125, 35.346666666666671 ], [ 75.820833333333326, 35.345833333333339 ], [ 75.829166666666652, 35.339166666666671 ], [ 75.84, 35.335833333333341 ], [ 75.8425, 35.3325 ] ] } },
{ "type": "Feature", "properties": { "COMID": 45001761, "id": "9229", "lengthkm": 13.349242507206313, "order": 7, "uparea": 131427.07710476322 }, "geometry": { "type": "LineString", "coordinates": [ [ 75.618333333333325, 35.325833333333335 ], [ 75.629166666666663, 35.325833333333335 ], [ 75.6325, 35.32416666666667 ], [ 75.638333333333321, 35.3175 ], [ 75.640833333333319, 35.310833333333335 ], [ 75.650833333333324, 35.3 ], [ 75.658333333333331, 35.295833333333334 ], [ 75.665, 35.295833333333334 ], [ 75.674166666666665, 35.304166666666674 ], [ 75.67583333333333, 35.304166666666674 ], [ 75.6825, 35.315833333333337 ], [ 75.69, 35.32083333333334 ], [ 75.7, 35.32 ], [ 75.705833333333331, 35.3175 ], [ 75.71, 35.31333333333334 ], [ 75.7125, 35.304166666666674 ] ] } },
{ "type": "Feature", "properties": { "COMID": 45001760, "id": "9229", "lengthkm": 1.7195891241150161, "order": 7, "uparea": 138473.74120856874 }, "geometry": { "type": "LineString", "coordinates": [ [ 75.600833333333327, 35.32833333333334 ], [ 75.604166666666657, 35.325833333333335 ], [ 75.618333333333325, 35.325833333333335 ] ] } },
{ "type": "Feature", "properties": { "COMID": 45000937, "id": "9229", "lengthkm": 2.1764596498836131, "order": 7, "uparea": 138834.95978073296 }, "geometry": { "type": "LineString", "coordinates": [ [ 75.584166666666661, 35.34 ], [ 75.593333333333334, 35.330833333333338 ], [ 75.5975, 35.32833333333334 ], [ 75.600833333333327, 35.32833333333334 ] ] } },
{ "type": "Feature", "properties": { "COMID": 45000936, "id": "9229", "lengthkm": 2.4030121276213201, "order": 7, "uparea": 138878.31805555295 }, "geometry": { "type": "LineString", "coordinates": [ [ 75.565, 35.351666666666674 ], [ 75.568333333333328, 35.351666666666674 ], [ 75.575833333333321, 35.343333333333334 ], [ 75.584166666666661, 35.34 ] ] } },
{ "type": "Feature", "properties": { "COMID": 45000935, "id": "9229", "lengthkm": 9.8511656781173578, "order": 7, "uparea": 139096.33808143914 }, "geometry": { "type": "LineString", "coordinates": [ [ 75.5025, 35.404166666666669 ], [ 75.511666666666656, 35.395833333333336 ], [ 75.5125, 35.39083333333334 ], [ 75.5175, 35.389166666666668 ], [ 75.516666666666652, 35.385 ], [ 75.518333333333331, 35.381666666666668 ], [ 75.523333333333326, 35.378333333333337 ], [ 75.53, 35.366666666666674 ], [ 75.538333333333327, 35.365 ], [ 75.543333333333322, 35.365833333333335 ], [ 75.56, 35.360833333333339 ], [ 75.5625, 35.358333333333334 ], [ 75.561666666666653, 35.355 ], [ 75.565, 35.351666666666674 ] ] } },
{ "type": "Feature", "properties": { "COMID": 45000934, "id": "9229", "lengthkm": 5.9700764726810096, "order": 7, "uparea": 139198.25313271466 }, "geometry": { "type": "LineString", "coordinates": [ [ 75.460833333333326, 35.439166666666672 ], [ 75.469166666666666, 35.43416666666667 ], [ 75.476666666666659, 35.426666666666669 ], [ 75.475833333333327, 35.424166666666672 ], [ 75.485833333333332, 35.415833333333339 ], [ 75.494166666666658, 35.413333333333341 ], [ 75.500833333333333, 35.4075 ], [ 75.5025, 35.404166666666669 ] ] } },
{ "type": "Feature", "properties": { "COMID": 45000933, "id": "9229", "lengthkm": 12.869894399032841, "order": 7, "uparea": 139943.87637174051 }, "geometry": { "type": "LineString", "coordinates": [ [ 75.36, 35.4725 ], [ 75.3675, 35.468333333333334 ], [ 75.375, 35.4675 ], [ 75.388333333333321, 35.471666666666671 ], [ 75.393333333333331, 35.4775 ], [ 75.400833333333324, 35.478333333333339 ], [ 75.409166666666664, 35.473333333333336 ], [ 75.42, 35.470833333333339 ], [ 75.4275, 35.463333333333338 ], [ 75.4325, 35.461666666666673 ], [ 75.4475, 35.460833333333341 ], [ 75.454166666666652, 35.458333333333336 ], [ 75.455833333333331, 35.456666666666671 ], [ 75.455, 35.450833333333335 ], [ 75.4575, 35.448333333333338 ], [ 75.458333333333329, 35.4425 ], [ 75.460833333333326, 35.439166666666672 ] ] } },
{ "type": "Feature", "properties": { "COMID": 45000932, "id": "9229", "lengthkm": 3.7651344804163478, "order": 7, "uparea": 140076.47637035354 }, "geometry": { "type": "LineString", "coordinates": [ [ 75.351666666666659, 35.5025 ], [ 75.359166666666653, 35.493333333333339 ], [ 75.359166666666653, 35.483333333333334 ], [ 75.3575, 35.478333333333339 ], [ 75.36, 35.4725 ] ] } },
{ "type": "Feature", "properties": { "COMID": 45000931, "id": "9229", "lengthkm": 5.7230103640367114, "order": 7, "uparea": 140148.37832497052 }, "geometry": { "type": "LineString", "coordinates": [ [ 75.344166666666666, 35.550833333333337 ], [ 75.343333333333334, 35.534166666666671 ], [ 75.345833333333331, 35.530833333333334 ], [ 75.346666666666664, 35.525833333333338 ], [ 75.345833333333331, 35.510833333333338 ], [ 75.351666666666659, 35.5025 ] ] } },
{ "type": "Feature", "properties": { "COMID": 45000930, "id": "9229", "lengthkm": 4.6877619881267458, "order": 7, "uparea": 140201.32913112716 }, "geometry": { "type": "LineString", "coordinates": [ [ 75.333333333333329, 35.586666666666673 ], [ 75.335833333333326, 35.584166666666668 ], [ 75.338333333333324, 35.575 ], [ 75.336666666666659, 35.56333333333334 ], [ 75.340833333333322, 35.558333333333337 ], [ 75.345, 35.556666666666672 ], [ 75.344166666666666, 35.550833333333337 ] ] } },
{ "type": "Feature", "properties": { "COMID": 45000929, "id": "9229", "lengthkm": 2.0092616064597579, "order": 7, "uparea": 140253.79730694511 }, "geometry": { "type": "LineString", "coordinates": [ [ 75.3175, 35.59 ], [ 75.324166666666656, 35.593333333333334 ], [ 75.329166666666652, 35.5875 ], [ 75.333333333333329, 35.586666666666673 ] ] } },
{ "type": "Feature", "properties": { "COMID": 45000928, "id": "9229", "lengthkm": 3.304385073909299, "order": 7, "uparea": 140491.5733335815 }, "geometry": { "type": "LineString", "coordinates": [ [ 75.285833333333329, 35.581666666666671 ], [ 75.3, 35.584166666666668 ], [ 75.3075, 35.5875 ], [ 75.31583333333333, 35.588333333333338 ], [ 75.3175, 35.59 ] ] } },
{ "type": "Feature", "properties": { "COMID": 45000927, "id": "9229", "lengthkm": 7.8305344947966198, "order": 7, "uparea": 140584.68707742382 }, "geometry": { "type": "LineString", "coordinates": [ [ 75.2125, 35.595833333333339 ], [ 75.216666666666654, 35.596666666666671 ], [ 75.220833333333331, 35.591666666666669 ], [ 75.225833333333327, 35.589166666666671 ], [ 75.240833333333327, 35.59 ], [ 75.244166666666658, 35.585833333333341 ], [ 75.248333333333321, 35.585 ], [ 75.25333333333333, 35.585833333333341 ], [ 75.268333333333331, 35.581666666666671 ], [ 75.285833333333329, 35.581666666666671 ] ] } },
{ "type": "Feature", "properties": { "COMID": 45000926, "id": "9229", "lengthkm": 1.0548688118806619, "order": 7, "uparea": 140683.78759448178 }, "geometry": { "type": "LineString", "coordinates": [ [ 75.200833333333321, 35.595833333333339 ], [ 75.2125, 35.595833333333339 ] ] } },
{ "type": "Feature", "properties": { "COMID": 45000925, "id": "9229", "lengthkm": 1.6147260554477569, "order": 7, "uparea": 140714.58826495716 }, "geometry": { "type": "LineString", "coordinates": [ [ 75.19, 35.5875 ], [ 75.194166666666661, 35.5875 ], [ 75.1975, 35.593333333333334 ], [ 75.200833333333321, 35.595833333333339 ] ] } },
{ "type": "Feature", "properties": { "COMID": 45000924, "id": "9229", "lengthkm": 5.8847624188013334, "order": 7, "uparea": 140801.30126727582 }, "geometry": { "type": "LineString", "coordinates": [ [ 75.136666666666656, 35.601666666666674 ], [ 75.145, 35.603333333333339 ], [ 75.150833333333324, 35.6025 ], [ 75.161666666666662, 35.594166666666673 ], [ 75.17083333333332, 35.593333333333334 ], [ 75.180833333333325, 35.5875 ], [ 75.19, 35.5875 ] ] } },
{ "type": "Feature", "properties": { "COMID": 45000923, "id": "9229", "lengthkm": 7.5266854314162446, "order": 7, "uparea": 141017.2897518542 }, "geometry": { "type": "LineString", "coordinates": [ [ 75.070833333333326, 35.603333333333339 ], [ 75.0725, 35.596666666666671 ], [ 75.075833333333321, 35.593333333333334 ], [ 75.079166666666652, 35.5925 ], [ 75.1, 35.596666666666671 ], [ 75.11666666666666, 35.6025 ], [ 75.125, 35.600833333333341 ], [ 75.136666666666656, 35.601666666666674 ] ] } },
{ "type": "Feature", "properties": { "COMID": 45000922, "id": "9229", "lengthkm": 3.6881172338455381, "order": 7, "uparea": 141121.31353063823 }, "geometry": { "type": "LineString", "coordinates": [ [ 75.06, 35.6325 ], [ 75.061666666666667, 35.6325 ], [ 75.064166666666665, 35.62916666666667 ], [ 75.065, 35.6175 ], [ 75.0675, 35.614166666666669 ], [ 75.068333333333328, 35.6075 ], [ 75.070833333333326, 35.603333333333339 ] ] } },
{ "type": "Feature", "properties": { "COMID": 45000921, "id": "9229", "lengthkm": 3.484669291188609, "order": 7, "uparea": 141197.17772307078 }, "geometry": { "type": "LineString", "coordinates": [ [ 75.025833333333324, 35.631666666666668 ], [ 75.035833333333329, 35.6325 ], [ 75.043333333333322, 35.635 ], [ 75.05083333333333, 35.635 ], [ 75.0575, 35.631666666666668 ], [ 75.06, 35.6325 ] ] } },
{ "type": "Feature", "properties": { "COMID": 45000920, "id": "9229", "lengthkm": 2.6380404670998798, "order": 7, "uparea": 141550.2857661969 }, "geometry": { "type": "LineString", "coordinates": [ [ 75.0025, 35.625 ], [ 75.010833333333323, 35.6275 ], [ 75.016666666666652, 35.62583333333334 ], [ 75.025833333333324, 35.631666666666668 ] ] } },
{ "type": "Feature", "properties": { "COMID": 45000919, "id": "9229", "lengthkm": 7.4985312425582453, "order": 7, "uparea": 141668.75654469401 }, "geometry": { "type": "LineString", "coordinates": [ [ 74.934166666666655, 35.646666666666668 ], [ 74.945, 35.641666666666673 ], [ 74.954166666666666, 35.634166666666673 ], [ 74.965, 35.631666666666668 ], [ 74.978333333333325, 35.6325 ], [ 74.9925, 35.625 ], [ 75.0025, 35.625 ] ] } },
{ "type": "Feature", "properties": { "COMID": 45000918, "id": "9229", "lengthkm": 6.2700876755762067, "order": 7, "uparea": 141802.50579290499 }, "geometry": { "type": "LineString", "coordinates": [ [ 74.911666666666662, 35.693333333333335 ], [ 74.915, 35.6925 ], [ 74.918333333333322, 35.68833333333334 ], [ 74.915, 35.673333333333339 ], [ 74.926666666666662, 35.6575 ], [ 74.92916666666666, 35.651666666666671 ], [ 74.934166666666655, 35.646666666666668 ] ] } },
{ "type": "Feature", "properties": { "COMID": 45000917, "id": "9229", "lengthkm": 5.8220572752267472, "order": 7, "uparea": 141854.98432620894 }, "geometry": { "type": "LineString", "coordinates": [ [ 74.8575, 35.708333333333336 ], [ 74.865833333333327, 35.708333333333336 ], [ 74.881666666666661, 35.701666666666668 ], [ 74.900833333333324, 35.6975 ], [ 74.911666666666662, 35.693333333333335 ] ] } },
{ "type": "Feature", "properties": { "COMID": 45000916, "id": "9229", "lengthkm": 1.6813147101019901, "order": 7, "uparea": 141908.64935116013 }, "geometry": { "type": "LineString", "coordinates": [ [ 74.840833333333322, 35.711666666666673 ], [ 74.846666666666664, 35.708333333333336 ], [ 74.8575, 35.708333333333336 ] ] } },
{ "type": "Feature", "properties": { "COMID": 45000915, "id": "9229", "lengthkm": 24.38074253347526, "order": 7, "uparea": 142163.14754147857 }, "geometry": { "type": "LineString", "coordinates": [ [ 74.73833333333333, 35.8075 ], [ 74.73833333333333, 35.803333333333335 ], [ 74.73, 35.7975 ], [ 74.729166666666657, 35.79 ], [ 74.7325, 35.7875 ], [ 74.739166666666662, 35.7875 ], [ 74.745833333333323, 35.780833333333334 ], [ 74.751666666666665, 35.778333333333336 ], [ 74.759166666666658, 35.768333333333338 ], [ 74.759166666666658, 35.76166666666667 ], [ 74.755, 35.753333333333337 ], [ 74.740833333333327, 35.745 ], [ 74.743333333333325, 35.736666666666672 ], [ 74.743333333333325, 35.730833333333337 ], [ 74.74, 35.726666666666674 ], [ 74.739166666666662, 35.7225 ], [ 74.743333333333325, 35.716666666666669 ], [ 74.748333333333321, 35.713333333333338 ], [ 74.755, 35.711666666666673 ], [ 74.760833333333323, 35.7125 ], [ 74.766666666666666, 35.710833333333341 ], [ 74.769166666666663, 35.7125 ], [ 74.773333333333326, 35.7125 ], [ 74.776666666666657, 35.715833333333336 ], [ 74.7825, 35.715833333333336 ], [ 74.786666666666662, 35.715 ], [ 74.791666666666657, 35.710833333333341 ], [ 74.795, 35.71 ], [ 74.8075, 35.71 ], [ 74.814166666666665, 35.7125 ], [ 74.82, 35.719166666666673 ], [ 74.826666666666654, 35.719166666666673 ], [ 74.830833333333331, 35.718333333333334 ], [ 74.840833333333322, 35.711666666666673 ] ] } },
{ "type": "Feature", "properties": { "COMID": 45000914, "id": "9229", "lengthkm": 4.5287634287716259, "order": 7, "uparea": 142238.75061503085 }, "geometry": { "type": "LineString", "coordinates": [ [ 74.74166666666666, 35.845833333333339 ], [ 74.73833333333333, 35.84 ], [ 74.73833333333333, 35.831666666666671 ], [ 74.740833333333327, 35.82 ], [ 74.73833333333333, 35.8075 ] ] } },
{ "type": "Feature", "properties": { "COMID": 45000913, "id": "9229", "lengthkm": 0.54316445114148904, "order": 7, "uparea": 142269.39979681335 }, "geometry": { "type": "LineString", "coordinates": [ [ 74.739166666666662, 35.85 ], [ 74.74166666666666, 35.845833333333339 ] ] } },
{ "type": "Feature", "properties": { "COMID": 45000912, "id": "9229", "lengthkm": 0.61409061943417298, "order": 7, "uparea": 142628.48818177625 }, "geometry": { "type": "LineString", "coordinates": [ [ 74.73333333333332, 35.851666666666674 ], [ 74.739166666666662, 35.85 ] ] } },
{ "type": "Feature", "properties": { "COMID": 45000911, "id": "9229", "lengthkm": 22.852343251848289, "order": 7, "uparea": 142889.32346106766 }, "geometry": { "type": "LineString", "coordinates": [ [ 74.624166666666667, 35.741666666666674 ], [ 74.639166666666654, 35.748333333333335 ], [ 74.65, 35.760833333333338 ], [ 74.6525, 35.768333333333338 ], [ 74.6525, 35.7725 ], [ 74.645833333333329, 35.7775 ], [ 74.630833333333328, 35.779166666666669 ], [ 74.623333333333321, 35.785 ], [ 74.6225, 35.788333333333341 ], [ 74.633333333333326, 35.805833333333339 ], [ 74.645, 35.811666666666667 ], [ 74.648333333333326, 35.815 ], [ 74.6525, 35.82416666666667 ], [ 74.656666666666666, 35.828333333333333 ], [ 74.6675, 35.83 ], [ 74.675, 35.828333333333333 ], [ 74.6825, 35.8325 ], [ 74.6925, 35.8325 ], [ 74.6975, 35.835 ], [ 74.705, 35.835833333333341 ], [ 74.726666666666659, 35.85 ], [ 74.73333333333332, 35.851666666666674 ] ] } },
{ "type": "Feature", "properties": { "COMID": 45000910, "id": "9229", "lengthkm": 12.019988484501347, "order": 7, "uparea": 170315.19078751898 }, "geometry": { "type": "LineString", "coordinates": [ [ 74.623333333333321, 35.663333333333341 ], [ 74.630833333333328, 35.6675 ], [ 74.634166666666658, 35.6675 ], [ 74.636666666666656, 35.67 ], [ 74.640833333333319, 35.679166666666674 ], [ 74.639166666666654, 35.686666666666667 ], [ 74.64, 35.693333333333335 ], [ 74.641666666666666, 35.69583333333334 ], [ 74.643333333333331, 35.695 ], [ 74.645833333333329, 35.696666666666673 ], [ 74.645, 35.698333333333338 ], [ 74.650833333333324, 35.704166666666673 ], [ 74.650833333333324, 35.7075 ], [ 74.6475, 35.710833333333341 ], [ 74.635, 35.714166666666671 ], [ 74.625833333333333, 35.723333333333336 ], [ 74.623333333333321, 35.729166666666671 ], [ 74.625, 35.733333333333334 ], [ 74.623333333333321, 35.738333333333337 ], [ 74.624166666666667, 35.741666666666674 ] ] } },
{ "type": "Feature", "properties": { "COMID": 45000909, "id": "9229", "lengthkm": 2.8993066132180911, "order": 7, "uparea": 171154.42089202302 }, "geometry": { "type": "LineString", "coordinates": [ [ 74.61666666666666, 35.643333333333338 ], [ 74.6125, 35.649166666666673 ], [ 74.6125, 35.651666666666671 ], [ 74.615833333333327, 35.659166666666671 ], [ 74.623333333333321, 35.663333333333341 ] ] } },
{ "type": "Feature", "properties": { "COMID": 45000908, "id": "9229", "lengthkm": 11.193872021709039, "order": 7, "uparea": 171257.24860985318 }, "geometry": { "type": "LineString", "coordinates": [ [ 74.645, 35.569166666666668 ], [ 74.640833333333319, 35.5775 ], [ 74.64, 35.584166666666668 ], [ 74.635833333333323, 35.586666666666673 ], [ 74.63, 35.5875 ], [ 74.625833333333333, 35.5925 ], [ 74.625833333333333, 35.595 ], [ 74.634166666666658, 35.603333333333339 ], [ 74.634166666666658, 35.608333333333334 ], [ 74.62833333333333, 35.6125 ], [ 74.626666666666665, 35.616666666666674 ], [ 74.621666666666655, 35.620833333333337 ], [ 74.615, 35.6225 ], [ 74.611666666666665, 35.625 ], [ 74.6125, 35.634166666666673 ], [ 74.618333333333325, 35.638333333333335 ], [ 74.618333333333325, 35.641666666666673 ], [ 74.61666666666666, 35.643333333333338 ] ] } },
{ "type": "Feature", "properties": { "COMID": 45000907, "id": "9229", "lengthkm": 8.4638504680338649, "order": 7, "uparea": 175330.44584380495 }, "geometry": { "type": "LineString", "coordinates": [ [ 74.624166666666667, 35.516666666666673 ], [ 74.625833333333333, 35.519166666666671 ], [ 74.634166666666658, 35.521666666666668 ], [ 74.635833333333323, 35.524166666666673 ], [ 74.630833333333328, 35.534166666666671 ], [ 74.63, 35.540833333333339 ], [ 74.624166666666667, 35.55 ], [ 74.625833333333333, 35.560833333333335 ], [ 74.6275, 35.56333333333334 ], [ 74.6325, 35.565833333333337 ], [ 74.6425, 35.565 ], [ 74.645, 35.569166666666668 ] ] } },
{ "type": "Feature", "properties": { "COMID": 45000906, "id": "9229", "lengthkm": 3.8489304003673439, "order": 7, "uparea": 175377.92981456814 }, "geometry": { "type": "LineString", "coordinates": [ [ 74.603333333333325, 35.4925 ], [ 74.6075, 35.4925 ], [ 74.61, 35.495 ], [ 74.6175, 35.506666666666668 ], [ 74.6175, 35.513333333333335 ], [ 74.624166666666667, 35.516666666666673 ] ] } },
{ "type": "Feature", "properties": { "COMID": 45000905, "id": "9229", "lengthkm": 0.691647623106037, "order": 7, "uparea": 175498.37622867903 }, "geometry": { "type": "LineString", "coordinates": [ [ 74.596666666666664, 35.4925 ], [ 74.603333333333325, 35.4925 ] ] } },
{ "type": "Feature", "properties": { "COMID": 45000904, "id": "9229", "lengthkm": 6.156449983031024, "order": 7, "uparea": 175702.59441220126 }, "geometry": { "type": "LineString", "coordinates": [ [ 74.540833333333325, 35.476666666666674 ], [ 74.56, 35.476666666666674 ], [ 74.57, 35.485 ], [ 74.580833333333331, 35.490833333333335 ], [ 74.593333333333334, 35.493333333333339 ], [ 74.596666666666664, 35.4925 ] ] } },
{ "type": "Feature", "properties": { "COMID": 45000903, "id": "9229", "lengthkm": 4.1317716513874796, "order": 7, "uparea": 175768.7521602441 }, "geometry": { "type": "LineString", "coordinates": [ [ 74.5025, 35.484166666666667 ], [ 74.5175, 35.475 ], [ 74.529166666666654, 35.474166666666669 ], [ 74.540833333333325, 35.476666666666674 ] ] } },
{ "type": "Feature", "properties": { "COMID": 45000902, "id": "9229", "lengthkm": 4.1973717733751812, "order": 7, "uparea": 175828.94990728446 }, "geometry": { "type": "LineString", "coordinates": [ [ 74.4725, 35.463333333333338 ], [ 74.474166666666662, 35.469166666666673 ], [ 74.478333333333325, 35.473333333333336 ], [ 74.489166666666662, 35.476666666666674 ], [ 74.496666666666655, 35.485 ], [ 74.5025, 35.484166666666667 ] ] } },
{ "type": "Feature", "properties": { "COMID": 45000901, "id": "9229", "lengthkm": 1.5234128510186951, "order": 7, "uparea": 175877.58725194255 }, "geometry": { "type": "LineString", "coordinates": [ [ 74.461666666666659, 35.455833333333338 ], [ 74.468333333333334, 35.456666666666671 ], [ 74.4725, 35.463333333333338 ] ] } },
{ "type": "Feature", "properties": { "COMID": 45000900, "id": "9229", "lengthkm": 4.2892875087201556, "order": 7, "uparea": 175946.00549941685 }, "geometry": { "type": "LineString", "coordinates": [ [ 74.435833333333321, 35.429166666666674 ], [ 74.446666666666658, 35.439166666666672 ], [ 74.456666666666663, 35.443333333333335 ], [ 74.459166666666661, 35.44583333333334 ], [ 74.458333333333329, 35.451666666666668 ], [ 74.461666666666659, 35.455833333333338 ] ] } },
{ "type": "Feature", "properties": { "COMID": 45000899, "id": "9229", "lengthkm": 1.862941571957528, "order": 7, "uparea": 175988.56010716225 }, "geometry": { "type": "LineString", "coordinates": [ [ 74.42583333333333, 35.4175 ], [ 74.433333333333323, 35.420833333333334 ], [ 74.435833333333321, 35.429166666666674 ] ] } },
{ "type": "Feature", "properties": { "COMID": 45000898, "id": "9229", "lengthkm": 3.8051992627287059, "order": 7, "uparea": 176080.72948822554 }, "geometry": { "type": "LineString", "coordinates": [ [ 74.391666666666666, 35.415 ], [ 74.398333333333326, 35.415 ], [ 74.41, 35.411666666666669 ], [ 74.416666666666657, 35.415 ], [ 74.421666666666653, 35.414166666666674 ], [ 74.42583333333333, 35.4175 ] ] } },
{ "type": "Feature", "properties": { "COMID": 45000897, "id": "9229", "lengthkm": 5.6696778463887636, "order": 7, "uparea": 176167.38134219014 }, "geometry": { "type": "LineString", "coordinates": [ [ 74.338333333333324, 35.4125 ], [ 74.344166666666666, 35.413333333333341 ], [ 74.348333333333329, 35.41 ], [ 74.361666666666665, 35.411666666666669 ], [ 74.365, 35.408333333333339 ], [ 74.369166666666658, 35.408333333333339 ], [ 74.37833333333333, 35.413333333333341 ], [ 74.391666666666666, 35.415 ] ] } },
{ "type": "Feature", "properties": { "COMID": 45000896, "id": "9229", "lengthkm": 1.95710253948347, "order": 7, "uparea": 176254.24905791646 }, "geometry": { "type": "LineString", "coordinates": [ [ 74.319166666666661, 35.41 ], [ 74.33, 35.409166666666671 ], [ 74.338333333333324, 35.4125 ] ] } },
{ "type": "Feature", "properties": { "COMID": 45000895, "id": "9229", "lengthkm": 5.7296301758720301, "order": 7, "uparea": 176971.43291440091 }, "geometry": { "type": "LineString", "coordinates": [ [ 74.274166666666659, 35.436666666666667 ], [ 74.28, 35.430833333333339 ], [ 74.29, 35.4275 ], [ 74.295, 35.419166666666669 ], [ 74.305, 35.410833333333336 ], [ 74.319166666666661, 35.41 ] ] } },
{ "type": "Feature", "properties": { "COMID": 45000894, "id": "9229", "lengthkm": 0.22649214453223099, "order": 7, "uparea": 177129.32684244271 }, "geometry": { "type": "LineString", "coordinates": [ [ 74.271666666666661, 35.436666666666667 ], [ 74.274166666666659, 35.436666666666667 ] ] } },
{ "type": "Feature", "properties": { "COMID": 45000893, "id": "9229", "lengthkm": 7.1043440085366516, "order": 7, "uparea": 177214.80779253441 }, "geometry": { "type": "LineString", "coordinates": [ [ 74.215, 35.405833333333334 ], [ 74.221666666666664, 35.4075 ], [ 74.224166666666662, 35.411666666666669 ], [ 74.235, 35.411666666666669 ], [ 74.246666666666655, 35.415 ], [ 74.25, 35.4175 ], [ 74.25333333333333, 35.4175 ], [ 74.258333333333326, 35.4225 ], [ 74.261666666666656, 35.429166666666674 ], [ 74.269166666666663, 35.436666666666667 ], [ 74.271666666666661, 35.436666666666667 ] ] } },
{ "type": "Feature", "properties": { "COMID": 45000892, "id": "9229", "lengthkm": 7.0276797034097003, "order": 7, "uparea": 177297.40127503886 }, "geometry": { "type": "LineString", "coordinates": [ [ 74.149166666666659, 35.408333333333339 ], [ 74.156666666666666, 35.405 ], [ 74.1625, 35.4075 ], [ 74.17, 35.408333333333339 ], [ 74.178333333333327, 35.401666666666671 ], [ 74.194166666666661, 35.401666666666671 ], [ 74.206666666666663, 35.406666666666673 ], [ 74.215, 35.405833333333334 ] ] } },
{ "type": "Feature", "properties": { "COMID": 45000891, "id": "9229", "lengthkm": 1.4724567909256829, "order": 7, "uparea": 177817.46231659048 }, "geometry": { "type": "LineString", "coordinates": [ [ 74.135833333333323, 35.413333333333341 ], [ 74.149166666666659, 35.408333333333339 ] ] } },
{ "type": "Feature", "properties": { "COMID": 45000890, "id": "9229", "lengthkm": 2.4629146510851712, "order": 7, "uparea": 178129.35059103332 }, "geometry": { "type": "LineString", "coordinates": [ [ 74.1175, 35.426666666666669 ], [ 74.1225, 35.425 ], [ 74.13, 35.415833333333339 ], [ 74.135833333333323, 35.413333333333341 ] ] } },
{ "type": "Feature", "properties": { "COMID": 45000889, "id": "9229", "lengthkm": 8.8834995505453005, "order": 7, "uparea": 178466.9185124959 }, "geometry": { "type": "LineString", "coordinates": [ [ 74.035, 35.425 ], [ 74.04, 35.423333333333339 ], [ 74.055, 35.43 ], [ 74.071666666666658, 35.4325 ], [ 74.075833333333321, 35.436666666666667 ], [ 74.079166666666666, 35.4375 ], [ 74.089166666666657, 35.4375 ], [ 74.1025, 35.435 ], [ 74.1175, 35.426666666666669 ] ] } },
{ "type": "Feature", "properties": { "COMID": 45000888, "id": "9229", "lengthkm": 6.59238274331413, "order": 7, "uparea": 178540.51431786374 }, "geometry": { "type": "LineString", "coordinates": [ [ 73.99166666666666, 35.445 ], [ 73.999166666666667, 35.444166666666668 ], [ 74.004166666666663, 35.45 ], [ 74.014166666666654, 35.4525 ], [ 74.018333333333331, 35.44916666666667 ], [ 74.019166666666663, 35.439166666666672 ], [ 74.025, 35.430833333333339 ], [ 74.028333333333322, 35.4275 ], [ 74.035, 35.425 ] ] } },
{ "type": "Feature", "properties": { "COMID": 45000887, "id": "9229", "lengthkm": 6.6662166897947523, "order": 7, "uparea": 178794.95533180475 }, "geometry": { "type": "LineString", "coordinates": [ [ 73.966666666666654, 35.488333333333337 ], [ 73.97, 35.488333333333337 ], [ 73.974166666666662, 35.485 ], [ 73.969166666666666, 35.475 ], [ 73.969166666666666, 35.466666666666669 ], [ 73.971666666666664, 35.46 ], [ 73.9775, 35.4525 ], [ 73.99166666666666, 35.445 ] ] } },
{ "type": "Feature", "properties": { "COMID": 45000886, "id": "9229", "lengthkm": 4.8292215773056242, "order": 7, "uparea": 178872.37579874482 }, "geometry": { "type": "LineString", "coordinates": [ [ 73.919166666666655, 35.488333333333337 ], [ 73.925, 35.488333333333337 ], [ 73.94083333333333, 35.484166666666667 ], [ 73.966666666666654, 35.488333333333337 ] ] } },
{ "type": "Feature", "properties": { "COMID": 45000885, "id": "9229", "lengthkm": 5.9689114750881824, "order": 7, "uparea": 178963.06502241845 }, "geometry": { "type": "LineString", "coordinates": [ [ 73.8675, 35.49 ], [ 73.870833333333323, 35.485833333333339 ], [ 73.880833333333328, 35.4825 ], [ 73.888333333333321, 35.484166666666667 ], [ 73.903333333333322, 35.491666666666674 ], [ 73.911666666666662, 35.491666666666674 ], [ 73.919166666666655, 35.488333333333337 ] ] } },
{ "type": "Feature", "properties": { "COMID": 45000884, "id": "9229", "lengthkm": 9.7348407893773192, "order": 7, "uparea": 179463.37997310399 }, "geometry": { "type": "LineString", "coordinates": [ [ 73.79, 35.518333333333338 ], [ 73.8025, 35.514166666666668 ], [ 73.805, 35.510833333333338 ], [ 73.806666666666658, 35.50416666666667 ], [ 73.8125, 35.498333333333335 ], [ 73.826666666666654, 35.489166666666669 ], [ 73.8325, 35.4875 ], [ 73.838333333333324, 35.488333333333337 ], [ 73.8475, 35.494166666666672 ], [ 73.854166666666657, 35.495833333333337 ], [ 73.860833333333332, 35.495 ], [ 73.8675, 35.49 ] ] } },
{ "type": "Feature", "properties": { "COMID": 45000883, "id": "9229", "lengthkm": 7.4110097333540317, "order": 7, "uparea": 180304.4728777917 }, "geometry": { "type": "LineString", "coordinates": [ [ 73.7275, 35.5325 ], [ 73.735833333333332, 35.529166666666669 ], [ 73.73833333333333, 35.525833333333338 ], [ 73.73833333333333, 35.52 ], [ 73.7425, 35.5175 ], [ 73.748333333333335, 35.5175 ], [ 73.755833333333328, 35.52 ], [ 73.7625, 35.52 ], [ 73.7725, 35.51583333333334 ], [ 73.776666666666657, 35.51583333333334 ], [ 73.780833333333334, 35.519166666666671 ], [ 73.79, 35.518333333333338 ] ] } },
{ "type": "Feature", "properties": { "COMID": 45000882, "id": "9229", "lengthkm": 0.78404987106603197, "order": 7, "uparea": 180424.00929561266 }, "geometry": { "type": "LineString", "coordinates": [ [ 73.720833333333331, 35.531666666666673 ], [ 73.726666666666659, 35.530833333333334 ], [ 73.7275, 35.5325 ] ] } },
{ "type": "Feature", "properties": { "COMID": 45000881, "id": "9229", "lengthkm": 12.863036656447337, "order": 7, "uparea": 180565.75632548868 }, "geometry": { "type": "LineString", "coordinates": [ [ 73.601666666666659, 35.540833333333339 ], [ 73.615, 35.5475 ], [ 73.6225, 35.5475 ], [ 73.626666666666665, 35.545 ], [ 73.630833333333328, 35.539166666666674 ], [ 73.6375, 35.535 ], [ 73.648333333333326, 35.534166666666671 ], [ 73.655833333333334, 35.528333333333336 ], [ 73.673333333333332, 35.525 ], [ 73.6825, 35.528333333333336 ], [ 73.69, 35.528333333333336 ], [ 73.7075, 35.5325 ], [ 73.720833333333331, 35.531666666666673 ] ] } },
{ "type": "Feature", "properties": { "COMID": 45000880, "id": "9229", "lengthkm": 1.8977426278249401, "order": 7, "uparea": 180810.97228354239 }, "geometry": { "type": "LineString", "coordinates": [ [ 73.581666666666663, 35.539166666666674 ], [ 73.594166666666666, 35.539166666666674 ], [ 73.601666666666659, 35.540833333333339 ] ] } },
{ "type": "Feature", "properties": { "COMID": 45000879, "id": "9229", "lengthkm": 3.2687981110627158, "order": 7, "uparea": 181537.97529369182 }, "geometry": { "type": "LineString", "coordinates": [ [ 73.553333333333327, 35.5275 ], [ 73.556666666666658, 35.526666666666671 ], [ 73.569166666666661, 35.535 ], [ 73.581666666666663, 35.539166666666674 ] ] } },
{ "type": "Feature", "properties": { "COMID": 45000878, "id": "9229", "lengthkm": 5.7016587393768319, "order": 7, "uparea": 181609.76539387173 }, "geometry": { "type": "LineString", "coordinates": [ [ 73.51, 35.5325 ], [ 73.5175, 35.535 ], [ 73.52, 35.54 ], [ 73.525833333333324, 35.544166666666669 ], [ 73.530833333333334, 35.539166666666674 ], [ 73.544166666666655, 35.5325 ], [ 73.54583333333332, 35.53 ], [ 73.546666666666653, 35.530833333333334 ], [ 73.553333333333327, 35.5275 ] ] } },
{ "type": "Feature", "properties": { "COMID": 45000877, "id": "9229", "lengthkm": 14.158710710906222, "order": 7, "uparea": 182592.40745822492 }, "geometry": { "type": "LineString", "coordinates": [ [ 73.385, 35.5125 ], [ 73.389166666666654, 35.5125 ], [ 73.390833333333333, 35.514166666666668 ], [ 73.394166666666663, 35.513333333333335 ], [ 73.395, 35.515 ], [ 73.3975, 35.514166666666668 ], [ 73.398333333333326, 35.51583333333334 ], [ 73.413333333333327, 35.520833333333336 ], [ 73.4225, 35.526666666666671 ], [ 73.43, 35.5275 ], [ 73.4325, 35.529166666666669 ], [ 73.441666666666663, 35.529166666666669 ], [ 73.455833333333331, 35.5325 ], [ 73.4575, 35.534166666666671 ], [ 73.466666666666669, 35.534166666666671 ], [ 73.471666666666664, 35.536666666666669 ], [ 73.475, 35.540833333333339 ], [ 73.48333333333332, 35.541666666666671 ], [ 73.49, 35.534166666666671 ], [ 73.496666666666655, 35.530833333333334 ], [ 73.505, 35.530833333333334 ], [ 73.51, 35.5325 ] ] } },
{ "type": "Feature", "properties": { "COMID": 45000876, "id": "9229", "lengthkm": 2.2254650353781522, "order": 7, "uparea": 182786.45004472855 }, "geometry": { "type": "LineString", "coordinates": [ [ 73.36333333333333, 35.5075 ], [ 73.385, 35.5125 ] ] } },
{ "type": "Feature", "properties": { "COMID": 45000875, "id": "9229", "lengthkm": 7.6073167222684122, "order": 7, "uparea": 182923.12879989023 }, "geometry": { "type": "LineString", "coordinates": [ [ 73.2975, 35.498333333333335 ], [ 73.30416666666666, 35.506666666666668 ], [ 73.31, 35.509166666666673 ], [ 73.310833333333335, 35.5075 ], [ 73.320833333333326, 35.5075 ], [ 73.33, 35.5025 ], [ 73.336666666666659, 35.5025 ], [ 73.350833333333327, 35.5075 ], [ 73.36333333333333, 35.5075 ] ] } },
{ "type": "Feature", "properties": { "COMID": 45000874, "id": "9229", "lengthkm": 12.158105810065374, "order": 7, "uparea": 183211.34160647469 }, "geometry": { "type": "LineString", "coordinates": [ [ 73.21, 35.436666666666667 ], [ 73.231666666666655, 35.455833333333338 ], [ 73.2475, 35.464166666666671 ], [ 73.264166666666654, 35.484166666666667 ], [ 73.28, 35.481666666666669 ], [ 73.291666666666657, 35.488333333333337 ], [ 73.2975, 35.498333333333335 ] ] } },
{ "type": "Feature", "properties": { "COMID": 45000873, "id": "9229", "lengthkm": 4.6700663505821698, "order": 7, "uparea": 185479.93682470472 }, "geometry": { "type": "LineString", "coordinates": [ [ 73.200833333333321, 35.403333333333336 ], [ 73.203333333333333, 35.405 ], [ 73.204166666666666, 35.41 ], [ 73.201666666666654, 35.414166666666674 ], [ 73.200833333333321, 35.425 ], [ 73.198333333333323, 35.429166666666674 ], [ 73.21, 35.436666666666667 ] ] } },
{ "type": "Feature", "properties": { "COMID": 45000872, "id": "9229", "lengthkm": 1.848735451596961, "order": 7, "uparea": 185528.25124176996 }, "geometry": { "type": "LineString", "coordinates": [ [ 73.1975, 35.39 ], [ 73.195, 35.399166666666673 ], [ 73.200833333333321, 35.403333333333336 ] ] } },
{ "type": "Feature", "properties": { "COMID": 45000871, "id": "9229", "lengthkm": 6.6904845506113526, "order": 7, "uparea": 185617.07927559997 }, "geometry": { "type": "LineString", "coordinates": [ [ 73.203333333333333, 35.335833333333341 ], [ 73.205, 35.3375 ], [ 73.205, 35.346666666666671 ], [ 73.2025, 35.355833333333337 ], [ 73.199166666666656, 35.360833333333339 ], [ 73.199166666666656, 35.366666666666674 ], [ 73.2, 35.37 ], [ 73.204166666666666, 35.373333333333335 ], [ 73.204166666666666, 35.37916666666667 ], [ 73.1975, 35.39 ] ] } },
{ "type": "Feature", "properties": { "COMID": 45001759, "id": "9229", "lengthkm": 3.296233389809303, "order": 7, "uparea": 185700.72263076337 }, "geometry": { "type": "LineString", "coordinates": [ [ 73.189166666666665, 35.311666666666667 ], [ 73.189166666666665, 35.314166666666672 ], [ 73.199166666666656, 35.3225 ], [ 73.2, 35.33 ], [ 73.203333333333333, 35.335833333333341 ] ] } },
{ "type": "Feature", "properties": { "COMID": 45001758, "id": "9229", "lengthkm": 8.6760135283197179, "order": 7, "uparea": 185794.64428582325 }, "geometry": { "type": "LineString", "coordinates": [ [ 73.219166666666666, 35.25833333333334 ], [ 73.221666666666664, 35.264166666666668 ], [ 73.220833333333331, 35.2725 ], [ 73.224166666666662, 35.281666666666673 ], [ 73.2225, 35.286666666666669 ], [ 73.223333333333329, 35.289166666666674 ], [ 73.213333333333324, 35.295 ], [ 73.199166666666656, 35.295 ], [ 73.196666666666658, 35.2975 ], [ 73.196666666666658, 35.3025 ], [ 73.19, 35.308333333333337 ], [ 73.189166666666665, 35.311666666666667 ] ] } },
{ "type": "Feature", "properties": { "COMID": 45001757, "id": "9229", "lengthkm": 3.2633513699188699, "order": 7, "uparea": 186050.90727835524 }, "geometry": { "type": "LineString", "coordinates": [ [ 73.196666666666658, 35.243333333333339 ], [ 73.208333333333329, 35.243333333333339 ], [ 73.2125, 35.253333333333337 ], [ 73.219166666666666, 35.25833333333334 ] ] } },
{ "type": "Feature", "properties": { "COMID": 45001756, "id": "9229", "lengthkm": 1.733377506404379, "order": 7, "uparea": 187585.77480966412 }, "geometry": { "type": "LineString", "coordinates": [ [ 73.18, 35.240833333333335 ], [ 73.1925, 35.244166666666672 ], [ 73.196666666666658, 35.243333333333339 ] ] } },
{ "type": "Feature", "properties": { "COMID": 45001755, "id": "9229", "lengthkm": 3.342179014463853, "order": 7, "uparea": 187637.44430618087 }, "geometry": { "type": "LineString", "coordinates": [ [ 73.1575, 35.220833333333339 ], [ 73.161666666666662, 35.224166666666669 ], [ 73.17083333333332, 35.2275 ], [ 73.1775, 35.234166666666667 ], [ 73.18, 35.240833333333335 ] ] } },
{ "type": "Feature", "properties": { "COMID": 45001754, "id": "9229", "lengthkm": 7.7867043676488974, "order": 7, "uparea": 187711.05325558886 }, "geometry": { "type": "LineString", "coordinates": [ [ 73.106666666666655, 35.17 ], [ 73.11333333333333, 35.1825 ], [ 73.124166666666667, 35.1925 ], [ 73.134166666666658, 35.205 ], [ 73.148333333333326, 35.2125 ], [ 73.1575, 35.220833333333339 ] ] } },
{ "type": "Feature", "properties": { "COMID": 45001753, "id": "9229", "lengthkm": 4.0631931332827644, "order": 7, "uparea": 187779.16444522262 }, "geometry": { "type": "LineString", "coordinates": [ [ 73.083333333333329, 35.143333333333338 ], [ 73.091666666666669, 35.1475 ], [ 73.101666666666659, 35.155833333333334 ], [ 73.106666666666655, 35.17 ] ] } },
{ "type": "Feature", "properties": { "COMID": 45001752, "id": "9229", "lengthkm": 2.30177515208086, "order": 7, "uparea": 188999.09957903411 }, "geometry": { "type": "LineString", "coordinates": [ [ 73.063333333333333, 35.134166666666673 ], [ 73.076666666666654, 35.141666666666673 ], [ 73.083333333333329, 35.143333333333338 ] ] } },
{ "type": "Feature", "properties": { "COMID": 45001751, "id": "9229", "lengthkm": 8.0425982189841694, "order": 7, "uparea": 189191.68096203296 }, "geometry": { "type": "LineString", "coordinates": [ [ 73.005, 35.105 ], [ 73.009166666666658, 35.103333333333339 ], [ 73.013333333333321, 35.1075 ], [ 73.016666666666666, 35.116666666666674 ], [ 73.02, 35.119166666666672 ], [ 73.034166666666664, 35.1175 ], [ 73.04, 35.115 ], [ 73.0475, 35.115833333333335 ], [ 73.051666666666662, 35.120833333333337 ], [ 73.053333333333327, 35.12583333333334 ], [ 73.063333333333333, 35.134166666666673 ] ] } },
{ "type": "Feature", "properties": { "COMID": 45001750, "id": "9229", "lengthkm": 0.49875422696657801, "order": 7, "uparea": 189225.08458854948 }, "geometry": { "type": "LineString", "coordinates": [ [ 73.0, 35.105833333333337 ], [ 73.005, 35.105 ] ] } },
{ "type": "Feature", "properties": { "COMID": 45001749, "id": "9229", "lengthkm": 9.8839871847396523, "order": 7, "uparea": 189317.9695674493 }, "geometry": { "type": "LineString", "coordinates": [ [ 72.951666666666654, 35.045 ], [ 72.955833333333331, 35.048333333333339 ], [ 72.9525, 35.0625 ], [ 72.963333333333324, 35.069166666666675 ], [ 72.980833333333322, 35.076666666666668 ], [ 72.98833333333333, 35.085 ], [ 72.993333333333325, 35.0875 ], [ 72.995, 35.089166666666671 ], [ 72.995, 35.0925 ], [ 72.9925, 35.099166666666669 ], [ 72.9975, 35.105833333333337 ], [ 73.0, 35.105833333333337 ] ] } },
{ "type": "Feature", "properties": { "COMID": 45001748, "id": "9229", "lengthkm": 5.5058614583527659, "order": 7, "uparea": 189401.31697572453 }, "geometry": { "type": "LineString", "coordinates": [ [ 72.900833333333324, 35.036666666666669 ], [ 72.91, 35.039166666666674 ], [ 72.916666666666657, 35.038333333333341 ], [ 72.924166666666665, 35.035 ], [ 72.935, 35.035 ], [ 72.945833333333326, 35.04 ], [ 72.951666666666654, 35.045 ] ] } },
{ "type": "Feature", "properties": { "COMID": 45001747, "id": "9229", "lengthkm": 3.825534829981029, "order": 7, "uparea": 189922.88808714517 }, "geometry": { "type": "LineString", "coordinates": [ [ 72.889166666666654, 35.0125 ], [ 72.885833333333323, 35.015 ], [ 72.885, 35.020833333333336 ], [ 72.8875, 35.023333333333341 ], [ 72.899166666666659, 35.028333333333336 ], [ 72.900833333333324, 35.030833333333334 ], [ 72.900833333333324, 35.036666666666669 ] ] } },
{ "type": "Feature", "properties": { "COMID": 45001746, "id": "9229", "lengthkm": 5.9696006539811872, "order": 7, "uparea": 189976.1643833007 }, "geometry": { "type": "LineString", "coordinates": [ [ 72.905, 34.975833333333341 ], [ 72.9075, 34.9775 ], [ 72.9075, 34.984166666666674 ], [ 72.911666666666662, 34.990833333333342 ], [ 72.914166666666659, 35.0 ], [ 72.909166666666664, 35.0025 ], [ 72.901666666666657, 35.003333333333337 ], [ 72.889166666666654, 35.0125 ] ] } },
{ "type": "Feature", "properties": { "COMID": 45001745, "id": "9229", "lengthkm": 7.4061489321018099, "order": 7, "uparea": 190041.18099667766 }, "geometry": { "type": "LineString", "coordinates": [ [ 72.88, 34.923333333333339 ], [ 72.8825, 34.928333333333342 ], [ 72.880833333333328, 34.9375 ], [ 72.881666666666661, 34.946666666666673 ], [ 72.884166666666658, 34.950833333333335 ], [ 72.8925, 34.955 ], [ 72.896666666666661, 34.955 ], [ 72.903333333333322, 34.960833333333341 ], [ 72.903333333333322, 34.974166666666669 ], [ 72.905, 34.975833333333341 ] ] } },
{ "type": "Feature", "properties": { "COMID": 45001744, "id": "9229", "lengthkm": 4.9295567037414241, "order": 7, "uparea": 190727.72465164206 }, "geometry": { "type": "LineString", "coordinates": [ [ 72.870833333333323, 34.888333333333335 ], [ 72.86333333333333, 34.893333333333338 ], [ 72.8625, 34.896666666666668 ], [ 72.865833333333327, 34.905833333333341 ], [ 72.876666666666665, 34.9175 ], [ 72.88, 34.923333333333339 ] ] } },
{ "type": "Feature", "properties": { "COMID": 45001743, "id": "9229", "lengthkm": 29.282228304624944, "order": 7, "uparea": 191349.61023734446 }, "geometry": { "type": "LineString", "coordinates": [ [ 72.926666666666662, 34.773333333333341 ], [ 72.9275, 34.7775 ], [ 72.92583333333333, 34.789166666666674 ], [ 72.931666666666658, 34.8025 ], [ 72.939166666666665, 34.805 ], [ 72.944166666666661, 34.804166666666674 ], [ 72.956666666666663, 34.808333333333337 ], [ 72.9675, 34.81666666666667 ], [ 72.9725, 34.818333333333335 ], [ 72.980833333333322, 34.814166666666672 ], [ 72.995833333333323, 34.814166666666672 ], [ 73.005, 34.829166666666673 ], [ 73.005, 34.833333333333336 ], [ 73.000833333333333, 34.840833333333336 ], [ 73.001666666666665, 34.8425 ], [ 72.995, 34.849166666666669 ], [ 72.974166666666662, 34.849166666666669 ], [ 72.965833333333322, 34.854166666666671 ], [ 72.9625, 34.854166666666671 ], [ 72.958333333333329, 34.856666666666669 ], [ 72.95, 34.866666666666674 ], [ 72.945, 34.869166666666672 ], [ 72.930833333333325, 34.869166666666672 ], [ 72.926666666666662, 34.87166666666667 ], [ 72.92, 34.870833333333337 ], [ 72.909166666666664, 34.87916666666667 ], [ 72.896666666666661, 34.87916666666667 ], [ 72.890833333333333, 34.88333333333334 ], [ 72.875, 34.885833333333338 ], [ 72.870833333333323, 34.888333333333335 ] ] } },
{ "type": "Feature", "properties": { "COMID": 45003061, "id": "9229", "lengthkm": 13.071994780128696, "order": 7, "uparea": 191986.51036855087 }, "geometry": { "type": "LineString", "coordinates": [ [ 72.816666666666663, 34.7475 ], [ 72.825833333333321, 34.755833333333335 ], [ 72.8325, 34.768333333333338 ], [ 72.861666666666665, 34.768333333333338 ], [ 72.86666666666666, 34.76583333333334 ], [ 72.881666666666661, 34.764166666666668 ], [ 72.8875, 34.760833333333338 ], [ 72.895833333333329, 34.759166666666673 ], [ 72.909166666666664, 34.766666666666673 ], [ 72.916666666666657, 34.7675 ], [ 72.921666666666667, 34.770833333333336 ], [ 72.925, 34.770833333333336 ], [ 72.926666666666662, 34.773333333333341 ] ] } },
{ "type": "Feature", "properties": { "COMID": 45003060, "id": "9229", "lengthkm": 15.014152617174346, "order": 7, "uparea": 192190.73409590361 }, "geometry": { "type": "LineString", "coordinates": [ [ 72.7875, 34.628333333333337 ], [ 72.795, 34.635833333333338 ], [ 72.799166666666665, 34.644166666666671 ], [ 72.80083333333333, 34.654166666666669 ], [ 72.805833333333325, 34.665 ], [ 72.805, 34.6725 ], [ 72.795833333333334, 34.683333333333337 ], [ 72.795833333333334, 34.694166666666675 ], [ 72.7975, 34.705 ], [ 72.809166666666655, 34.723333333333336 ], [ 72.811666666666667, 34.738333333333337 ], [ 72.816666666666663, 34.7475 ] ] } },
{ "type": "Feature", "properties": { "COMID": 45003059, "id": "9229", "lengthkm": 4.0298066821409764, "order": 7, "uparea": 192562.90909714453 }, "geometry": { "type": "LineString", "coordinates": [ [ 72.786666666666662, 34.6 ], [ 72.781666666666666, 34.605 ], [ 72.776666666666657, 34.619166666666672 ], [ 72.785, 34.624166666666667 ], [ 72.7875, 34.628333333333337 ] ] } },
{ "type": "Feature", "properties": { "COMID": 45003058, "id": "9229", "lengthkm": 2.2570898486923281, "order": 7, "uparea": 192622.65875653195 }, "geometry": { "type": "LineString", "coordinates": [ [ 72.805, 34.590833333333336 ], [ 72.80083333333333, 34.595833333333339 ], [ 72.7975, 34.5975 ], [ 72.790833333333325, 34.5975 ], [ 72.786666666666662, 34.6 ] ] } },
{ "type": "Feature", "properties": { "COMID": 45003057, "id": "9229", "lengthkm": 18.884867439030746, "order": 7, "uparea": 192757.58308470712 }, "geometry": { "type": "LineString", "coordinates": [ [ 72.825, 34.5125 ], [ 72.811666666666667, 34.50833333333334 ], [ 72.794166666666655, 34.498333333333335 ], [ 72.783333333333331, 34.4975 ], [ 72.775, 34.50416666666667 ], [ 72.766666666666666, 34.519166666666671 ], [ 72.766666666666666, 34.526666666666671 ], [ 72.770833333333329, 34.530833333333341 ], [ 72.788333333333327, 34.539166666666674 ], [ 72.799166666666665, 34.540833333333339 ], [ 72.81, 34.555 ], [ 72.815, 34.55916666666667 ], [ 72.8175, 34.5675 ], [ 72.8175, 34.575 ], [ 72.81583333333333, 34.579166666666673 ], [ 72.805, 34.590833333333336 ] ] } },
{ "type": "Feature", "properties": { "COMID": 45003056, "id": "9229", "lengthkm": 11.412632899942329, "order": 7, "uparea": 192887.470723568 }, "geometry": { "type": "LineString", "coordinates": [ [ 72.816666666666663, 34.43 ], [ 72.81583333333333, 34.4425 ], [ 72.818333333333328, 34.450833333333335 ], [ 72.8275, 34.455833333333338 ], [ 72.845, 34.47 ], [ 72.844166666666666, 34.490833333333342 ], [ 72.8325, 34.503333333333337 ], [ 72.83, 34.509166666666673 ], [ 72.825, 34.5125 ] ] } },
{ "type": "Feature", "properties": { "COMID": 45003055, "id": "9229", "lengthkm": 10.87145675891886, "order": 7, "uparea": 194382.75225891333 }, "geometry": { "type": "LineString", "coordinates": [ [ 72.8475, 34.346666666666671 ], [ 72.8325, 34.351666666666674 ], [ 72.8275, 34.3575 ], [ 72.8275, 34.365 ], [ 72.824166666666656, 34.3725 ], [ 72.823333333333323, 34.385 ], [ 72.82, 34.394166666666671 ], [ 72.818333333333328, 34.428333333333342 ], [ 72.816666666666663, 34.43 ] ] } },
{ "type": "Feature", "properties": { "COMID": 45003054, "id": "9229", "lengthkm": 9.7433465145031857, "order": 7, "uparea": 194861.37529465894 }, "geometry": { "type": "LineString", "coordinates": [ [ 72.828333333333333, 34.271666666666675 ], [ 72.836666666666659, 34.288333333333341 ], [ 72.848333333333329, 34.300833333333337 ], [ 72.856666666666655, 34.315833333333337 ], [ 72.859166666666667, 34.331666666666671 ], [ 72.8475, 34.346666666666671 ] ] } },
{ "type": "Feature", "properties": { "COMID": 45003053, "id": "9229", "lengthkm": 1.6478951612685071, "order": 7, "uparea": 194952.78673503664 }, "geometry": { "type": "LineString", "coordinates": [ [ 72.825, 34.25833333333334 ], [ 72.826666666666654, 34.26166666666667 ], [ 72.826666666666654, 34.269166666666671 ], [ 72.828333333333333, 34.271666666666675 ] ] } },
{ "type": "Feature", "properties": { "COMID": 45003052, "id": "9229", "lengthkm": 3.288326562300961, "order": 7, "uparea": 194989.52398609265 }, "geometry": { "type": "LineString", "coordinates": [ [ 72.820833333333326, 34.23 ], [ 72.823333333333323, 34.243333333333339 ], [ 72.823333333333323, 34.255 ], [ 72.825, 34.25833333333334 ] ] } },
{ "type": "Feature", "properties": { "COMID": 45003051, "id": "9229", "lengthkm": 0.76887000925223503, "order": 7, "uparea": 195022.650681014 }, "geometry": { "type": "LineString", "coordinates": [ [ 72.821666666666658, 34.223333333333336 ], [ 72.820833333333326, 34.23 ] ] } },
{ "type": "Feature", "properties": { "COMID": 45004693, "id": "9229", "lengthkm": 10.273444417670484, "order": 7, "uparea": 195142.86498357766 }, "geometry": { "type": "LineString", "coordinates": [ [ 72.805, 34.138333333333335 ], [ 72.813333333333333, 34.149166666666673 ], [ 72.8125, 34.1625 ], [ 72.816666666666663, 34.18416666666667 ], [ 72.816666666666663, 34.19583333333334 ], [ 72.818333333333328, 34.2025 ], [ 72.820833333333326, 34.205833333333338 ], [ 72.821666666666658, 34.211666666666673 ], [ 72.82, 34.2125 ], [ 72.82, 34.2175 ], [ 72.821666666666658, 34.223333333333336 ] ] } },
{ "type": "Feature", "properties": { "COMID": 45004692, "id": "9229", "lengthkm": 21.874221758021864, "order": 7, "uparea": 198117.48902382446 }, "geometry": { "type": "LineString", "coordinates": [ [ 72.659166666666664, 34.039166666666674 ], [ 72.6575, 34.044166666666669 ], [ 72.658333333333331, 34.046666666666674 ], [ 72.6675, 34.058333333333337 ], [ 72.666666666666657, 34.06333333333334 ], [ 72.673333333333332, 34.069166666666675 ], [ 72.6825, 34.069166666666675 ], [ 72.685833333333335, 34.073333333333338 ], [ 72.69083333333333, 34.07416666666667 ], [ 72.693333333333328, 34.07416666666667 ], [ 72.6975, 34.07083333333334 ], [ 72.706666666666663, 34.069166666666675 ], [ 72.715, 34.07083333333334 ], [ 72.730833333333322, 34.08 ], [ 72.731666666666655, 34.081666666666671 ], [ 72.729166666666657, 34.084166666666675 ], [ 72.729166666666657, 34.101666666666674 ], [ 72.731666666666655, 34.104166666666671 ], [ 72.745, 34.110833333333339 ], [ 72.756666666666661, 34.111666666666672 ], [ 72.765833333333333, 34.115 ], [ 72.783333333333331, 34.12583333333334 ], [ 72.795833333333334, 34.130833333333342 ], [ 72.805, 34.138333333333335 ] ] } },
{ "type": "Feature", "properties": { "COMID": 45004691, "id": "9229", "lengthkm": 7.5861945690831689, "order": 7, "uparea": 198184.46341399106 }, "geometry": { "type": "LineString", "coordinates": [ [ 72.601666666666659, 34.00416666666667 ], [ 72.618333333333325, 34.019166666666671 ], [ 72.626666666666665, 34.019166666666671 ], [ 72.635833333333323, 34.026666666666671 ], [ 72.6375, 34.025 ], [ 72.646666666666661, 34.025833333333338 ], [ 72.659166666666664, 34.039166666666674 ] ] } },
{ "type": "Feature", "properties": { "COMID": 45004690, "id": "9229", "lengthkm": 11.411237729506164, "order": 7, "uparea": 198320.51205770852 }, "geometry": { "type": "LineString", "coordinates": [ [ 72.504166666666663, 33.9925 ], [ 72.531666666666666, 34.0 ], [ 72.535, 33.9975 ], [ 72.544166666666655, 33.995833333333337 ], [ 72.55083333333333, 33.9975 ], [ 72.568333333333328, 33.995833333333337 ], [ 72.576666666666654, 33.988333333333337 ], [ 72.583333333333329, 33.986666666666672 ], [ 72.590833333333322, 33.991666666666674 ], [ 72.595, 33.995833333333337 ], [ 72.5975, 34.001666666666672 ], [ 72.601666666666659, 34.00416666666667 ] ] } },
{ "type": "Feature", "properties": { "COMID": 45004689, "id": "9229", "lengthkm": 8.1523732971927689, "order": 7, "uparea": 198370.16566488254 }, "geometry": { "type": "LineString", "coordinates": [ [ 72.433333333333323, 34.003333333333337 ], [ 72.4375, 34.003333333333337 ], [ 72.444166666666661, 34.0 ], [ 72.450833333333321, 33.994166666666672 ], [ 72.46, 33.99 ], [ 72.461666666666659, 33.991666666666674 ], [ 72.4675, 33.991666666666674 ], [ 72.48, 33.9975 ], [ 72.483333333333334, 33.9975 ], [ 72.48833333333333, 33.991666666666674 ], [ 72.49166666666666, 33.991666666666674 ], [ 72.4925, 33.993333333333339 ], [ 72.504166666666663, 33.9925 ] ] } },
{ "type": "Feature", "properties": { "COMID": 45004688, "id": "9229", "lengthkm": 5.0209813855495451, "order": 7, "uparea": 198834.673086942 }, "geometry": { "type": "LineString", "coordinates": [ [ 72.394166666666663, 33.990833333333342 ], [ 72.399166666666659, 33.9925 ], [ 72.403333333333322, 33.991666666666674 ], [ 72.410833333333329, 33.986666666666672 ], [ 72.414166666666659, 33.986666666666672 ], [ 72.419166666666655, 33.989166666666669 ], [ 72.424166666666665, 33.99666666666667 ], [ 72.433333333333323, 34.003333333333337 ] ] } },
{ "type": "Feature", "properties": { "COMID": 45004687, "id": "9229", "lengthkm": 7.1092851274982252, "order": 7, "uparea": 199333.66366118987 }, "geometry": { "type": "LineString", "coordinates": [ [ 72.356666666666655, 33.95 ], [ 72.358333333333334, 33.96 ], [ 72.365, 33.959166666666675 ], [ 72.37, 33.960833333333341 ], [ 72.371666666666655, 33.963333333333338 ], [ 72.374166666666667, 33.974166666666669 ], [ 72.3775, 33.978333333333339 ], [ 72.376666666666665, 33.9825 ], [ 72.380833333333328, 33.985833333333339 ], [ 72.394166666666663, 33.990833333333342 ] ] } },
{ "type": "Feature", "properties": { "COMID": 45004686, "id": "9229", "lengthkm": 3.0064092369728841, "order": 7, "uparea": 199415.39214987145 }, "geometry": { "type": "LineString", "coordinates": [ [ 72.334166666666661, 33.946666666666673 ], [ 72.3375, 33.943333333333342 ], [ 72.346666666666664, 33.940833333333337 ], [ 72.349166666666662, 33.94166666666667 ], [ 72.356666666666655, 33.95 ] ] } },
{ "type": "Feature", "properties": { "COMID": 45004685, "id": "9229", "lengthkm": 0.54826970840010703, "order": 7, "uparea": 199498.07796235909 }, "geometry": { "type": "LineString", "coordinates": [ [ 72.329166666666666, 33.945 ], [ 72.334166666666661, 33.946666666666673 ] ] } },
{ "type": "Feature", "properties": { "COMID": 45004684, "id": "9229", "lengthkm": 7.9632227686851396, "order": 7, "uparea": 199787.11107447275 }, "geometry": { "type": "LineString", "coordinates": [ [ 72.278333333333322, 33.915 ], [ 72.289166666666659, 33.915833333333339 ], [ 72.296666666666667, 33.925833333333337 ], [ 72.305833333333325, 33.9275 ], [ 72.306666666666658, 33.9325 ], [ 72.3025, 33.939166666666672 ], [ 72.3125, 33.9475 ], [ 72.326666666666668, 33.946666666666673 ], [ 72.329166666666666, 33.945 ] ] } },
{ "type": "Feature", "properties": { "COMID": 45004683, "id": "9229", "lengthkm": 5.2721386802961856, "order": 7, "uparea": 199896.20146377012 }, "geometry": { "type": "LineString", "coordinates": [ [ 72.236666666666665, 33.900833333333338 ], [ 72.245, 33.900833333333338 ], [ 72.250833333333333, 33.905 ], [ 72.255, 33.905833333333341 ], [ 72.2575, 33.910833333333336 ], [ 72.265833333333333, 33.914166666666674 ], [ 72.270833333333329, 33.918333333333337 ], [ 72.273333333333326, 33.918333333333337 ], [ 72.278333333333322, 33.915 ] ] } },
{ "type": "Feature", "properties": { "COMID": 45004682, "id": "9229", "lengthkm": 1.0931982448708299, "order": 7, "uparea": 292547.45516143821 }, "geometry": { "type": "LineString", "coordinates": [ [ 72.231666666666655, 33.8925 ], [ 72.236666666666665, 33.900833333333338 ] ] } },
{ "type": "Feature", "properties": { "COMID": 45004681, "id": "9229", "lengthkm": 8.9785785597269552, "order": 7, "uparea": 292650.06064323976 }, "geometry": { "type": "LineString", "coordinates": [ [ 72.2375, 33.8175 ], [ 72.2375, 33.833333333333336 ], [ 72.239166666666662, 33.839166666666671 ], [ 72.235833333333332, 33.849166666666669 ], [ 72.235833333333332, 33.854166666666671 ], [ 72.239166666666662, 33.86 ], [ 72.24, 33.869166666666672 ], [ 72.236666666666665, 33.8725 ], [ 72.2325, 33.881666666666675 ], [ 72.230833333333322, 33.88666666666667 ], [ 72.231666666666655, 33.8925 ] ] } },
{ "type": "Feature", "properties": { "COMID": 45004680, "id": "9229", "lengthkm": 5.9771468576326443, "order": 7, "uparea": 292728.48414497264 }, "geometry": { "type": "LineString", "coordinates": [ [ 72.243333333333325, 33.7675 ], [ 72.236666666666665, 33.778333333333336 ], [ 72.234166666666667, 33.785833333333336 ], [ 72.234166666666667, 33.799166666666672 ], [ 72.2375, 33.8175 ] ] } },
{ "type": "Feature", "properties": { "COMID": 45004679, "id": "9229", "lengthkm": 10.499372686864849, "order": 7, "uparea": 295912.74803611945 }, "geometry": { "type": "LineString", "coordinates": [ [ 72.159166666666664, 33.769166666666671 ], [ 72.1675, 33.769166666666671 ], [ 72.1875, 33.76166666666667 ], [ 72.2025, 33.7625 ], [ 72.206666666666663, 33.765 ], [ 72.2075, 33.764166666666668 ], [ 72.210833333333326, 33.766666666666673 ], [ 72.209166666666661, 33.769166666666671 ], [ 72.210833333333326, 33.7725 ], [ 72.2175, 33.7725 ], [ 72.235833333333332, 33.76166666666667 ], [ 72.2425, 33.76166666666667 ], [ 72.244166666666658, 33.763333333333335 ], [ 72.243333333333325, 33.7675 ] ] } },
{ "type": "Feature", "properties": { "COMID": 45004678, "id": "9229", "lengthkm": 4.9220094886338774, "order": 7, "uparea": 295975.76757961017 }, "geometry": { "type": "LineString", "coordinates": [ [ 72.1125, 33.780833333333341 ], [ 72.1375, 33.770833333333336 ], [ 72.159166666666664, 33.769166666666671 ] ] } },
{ "type": "Feature", "properties": { "COMID": 45004677, "id": "9229", "lengthkm": 3.153865046053252, "order": 7, "uparea": 296009.64348266128 }, "geometry": { "type": "LineString", "coordinates": [ [ 72.081666666666663, 33.786666666666669 ], [ 72.091666666666669, 33.786666666666669 ], [ 72.1125, 33.780833333333341 ] ] } },
{ "type": "Feature", "properties": { "COMID": 45004676, "id": "9229", "lengthkm": 5.9197210865492478, "order": 7, "uparea": 296089.49662608426 }, "geometry": { "type": "LineString", "coordinates": [ [ 72.056666666666658, 33.75833333333334 ], [ 72.069166666666661, 33.75833333333334 ], [ 72.08, 33.7675 ], [ 72.08, 33.771666666666675 ], [ 72.071666666666658, 33.78 ], [ 72.071666666666658, 33.7825 ], [ 72.081666666666663, 33.786666666666669 ] ] } },
{ "type": "Feature", "properties": { "COMID": 45004675, "id": "9229", "lengthkm": 3.889870985250155, "order": 7, "uparea": 296367.31955419609 }, "geometry": { "type": "LineString", "coordinates": [ [ 72.033333333333331, 33.7375 ], [ 72.033333333333331, 33.745833333333337 ], [ 72.039166666666659, 33.753333333333337 ], [ 72.05, 33.755 ], [ 72.056666666666658, 33.75833333333334 ] ] } },
{ "type": "Feature", "properties": { "COMID": 45004674, "id": "9229", "lengthkm": 0.93629062016986198, "order": 7, "uparea": 296415.79007837083 }, "geometry": { "type": "LineString", "coordinates": [ [ 72.0275, 33.730833333333337 ], [ 72.033333333333331, 33.7375 ] ] } },
{ "type": "Feature", "properties": { "COMID": 45004673, "id": "9229", "lengthkm": 5.0886380309129438, "order": 7, "uparea": 296497.3966389799 }, "geometry": { "type": "LineString", "coordinates": [ [ 72.001666666666665, 33.694166666666675 ], [ 72.001666666666665, 33.7 ], [ 72.005, 33.706666666666671 ], [ 72.019166666666663, 33.718333333333341 ], [ 72.0275, 33.730833333333337 ] ] } },
{ "type": "Feature", "properties": { "COMID": 45004672, "id": "9229", "lengthkm": 4.4243992558046514, "order": 7, "uparea": 296563.98706527491 }, "geometry": { "type": "LineString", "coordinates": [ [ 71.983333333333334, 33.665 ], [ 71.9925, 33.675833333333337 ], [ 71.999166666666667, 33.6775 ], [ 72.00333333333333, 33.680833333333339 ], [ 72.005, 33.68833333333334 ], [ 72.001666666666665, 33.69166666666667 ], [ 72.001666666666665, 33.694166666666675 ] ] } },
{ "type": "Feature", "properties": { "COMID": 45004671, "id": "9229", "lengthkm": 1.566288251386049, "order": 7, "uparea": 296591.62046936061 }, "geometry": { "type": "LineString", "coordinates": [ [ 71.980833333333322, 33.651666666666671 ], [ 71.980833333333322, 33.660833333333336 ], [ 71.983333333333334, 33.665 ] ] } },
{ "type": "Feature", "properties": { "COMID": 45004670, "id": "9229", "lengthkm": 0.91767832281343997, "order": 7, "uparea": 296755.94719288091 }, "geometry": { "type": "LineString", "coordinates": [ [ 71.983333333333334, 33.644166666666671 ], [ 71.980833333333322, 33.651666666666671 ] ] } },
{ "type": "Feature", "properties": { "COMID": 45004669, "id": "9229", "lengthkm": 4.4032056431863094, "order": 7, "uparea": 296953.52032537287 }, "geometry": { "type": "LineString", "coordinates": [ [ 71.979166666666657, 33.608333333333341 ], [ 71.978333333333325, 33.63 ], [ 71.985, 33.639166666666668 ], [ 71.985, 33.6425 ], [ 71.983333333333334, 33.644166666666671 ] ] } },
{ "type": "Feature", "properties": { "COMID": 45006373, "id": "9229", "lengthkm": 5.680005850884986, "order": 7, "uparea": 297096.74637896538 }, "geometry": { "type": "LineString", "coordinates": [ [ 71.9525, 33.5725 ], [ 71.9625, 33.579166666666673 ], [ 71.9725, 33.580833333333338 ], [ 71.978333333333325, 33.5875 ], [ 71.98, 33.591666666666669 ], [ 71.979166666666657, 33.608333333333341 ] ] } },
{ "type": "Feature", "properties": { "COMID": 45006372, "id": "9229", "lengthkm": 2.7012868241978452, "order": 7, "uparea": 297140.33115209104 }, "geometry": { "type": "LineString", "coordinates": [ [ 71.959166666666661, 33.551666666666669 ], [ 71.951666666666668, 33.561666666666675 ], [ 71.9525, 33.5725 ] ] } },
{ "type": "Feature", "properties": { "COMID": 45006371, "id": "9229", "lengthkm": 1.7835312231418929, "order": 7, "uparea": 297273.52192485682 }, "geometry": { "type": "LineString", "coordinates": [ [ 71.966666666666669, 33.538333333333341 ], [ 71.9625, 33.549166666666672 ], [ 71.959166666666661, 33.551666666666669 ] ] } },
{ "type": "Feature", "properties": { "COMID": 45006370, "id": "9229", "lengthkm": 3.035472908492439, "order": 7, "uparea": 297351.67086520058 }, "geometry": { "type": "LineString", "coordinates": [ [ 71.955, 33.515 ], [ 71.958333333333329, 33.523333333333341 ], [ 71.966666666666669, 33.535 ], [ 71.966666666666669, 33.538333333333341 ] ] } },
{ "type": "Feature", "properties": { "COMID": 45006369, "id": "9229", "lengthkm": 13.582034900812138, "order": 7, "uparea": 297564.38240928896 }, "geometry": { "type": "LineString", "coordinates": [ [ 71.871666666666655, 33.435 ], [ 71.871666666666655, 33.44583333333334 ], [ 71.875833333333333, 33.454166666666673 ], [ 71.88, 33.458333333333336 ], [ 71.888333333333321, 33.46 ], [ 71.9, 33.465833333333336 ], [ 71.909166666666664, 33.4775 ], [ 71.908333333333331, 33.485 ], [ 71.92916666666666, 33.491666666666674 ], [ 71.946666666666658, 33.505833333333342 ], [ 71.955, 33.515 ] ] } },
{ "type": "Feature", "properties": { "COMID": 45006368, "id": "9229", "lengthkm": 2.689554089957837, "order": 7, "uparea": 297623.69713440997 }, "geometry": { "type": "LineString", "coordinates": [ [ 71.871666666666655, 33.413333333333341 ], [ 71.875833333333333, 33.42 ], [ 71.875833333333333, 33.426666666666669 ], [ 71.871666666666655, 33.435 ] ] } },
{ "type": "Feature", "properties": { "COMID": 45006367, "id": "9229", "lengthkm": 7.9869818205924217, "order": 7, "uparea": 298771.30288236612 }, "geometry": { "type": "LineString", "coordinates": [ [ 71.8025, 33.395833333333343 ], [ 71.8325, 33.41 ], [ 71.839166666666657, 33.410833333333336 ], [ 71.8525, 33.405833333333341 ], [ 71.859166666666667, 33.405 ], [ 71.871666666666655, 33.413333333333341 ] ] } },
{ "type": "Feature", "properties": { "COMID": 45006366, "id": "9229", "lengthkm": 8.1560221106033861, "order": 7, "uparea": 302081.63451105374 }, "geometry": { "type": "LineString", "coordinates": [ [ 71.733333333333334, 33.3625 ], [ 71.746666666666655, 33.370833333333337 ], [ 71.755, 33.373333333333335 ], [ 71.7775, 33.385833333333338 ], [ 71.795833333333334, 33.391666666666673 ], [ 71.8025, 33.395833333333343 ] ] } },
{ "type": "Feature", "properties": { "COMID": 45006365, "id": "9229", "lengthkm": 3.0328356246149442, "order": 7, "uparea": 302129.32296644896 }, "geometry": { "type": "LineString", "coordinates": [ [ 71.715, 33.341666666666669 ], [ 71.72, 33.346666666666671 ], [ 71.724166666666662, 33.355 ], [ 71.733333333333334, 33.3625 ] ] } },
{ "type": "Feature", "properties": { "COMID": 45006364, "id": "9229", "lengthkm": 6.6154214698024596, "order": 7, "uparea": 302282.56631353986 }, "geometry": { "type": "LineString", "coordinates": [ [ 71.720833333333331, 33.295833333333341 ], [ 71.730833333333322, 33.311666666666675 ], [ 71.730833333333322, 33.32083333333334 ], [ 71.726666666666659, 33.334166666666675 ], [ 71.7225, 33.336666666666673 ], [ 71.715, 33.336666666666673 ], [ 71.715, 33.341666666666669 ] ] } },
{ "type": "Feature", "properties": { "COMID": 45006363, "id": "9229", "lengthkm": 2.4980782061996161, "order": 7, "uparea": 302380.8458158744 }, "geometry": { "type": "LineString", "coordinates": [ [ 71.705, 33.280833333333341 ], [ 71.705, 33.284166666666671 ], [ 71.709166666666661, 33.289166666666674 ], [ 71.720833333333331, 33.295833333333341 ] ] } },
{ "type": "Feature", "properties": { "COMID": 45006362, "id": "9229", "lengthkm": 6.8147430198956034, "order": 7, "uparea": 304072.1992597889 }, "geometry": { "type": "LineString", "coordinates": [ [ 71.730833333333322, 33.229166666666671 ], [ 71.7125, 33.245833333333337 ], [ 71.709166666666661, 33.25083333333334 ], [ 71.708333333333329, 33.265 ], [ 71.705, 33.280833333333341 ] ] } },
{ "type": "Feature", "properties": { "COMID": 45006361, "id": "9229", "lengthkm": 10.686478776850915, "order": 7, "uparea": 304295.78856262669 }, "geometry": { "type": "LineString", "coordinates": [ [ 71.749166666666667, 33.1475 ], [ 71.7575, 33.164166666666674 ], [ 71.760833333333323, 33.1775 ], [ 71.760833333333323, 33.185833333333342 ], [ 71.751666666666665, 33.21 ], [ 71.730833333333322, 33.229166666666671 ] ] } },
{ "type": "Feature", "properties": { "COMID": 45006360, "id": "9229", "lengthkm": 2.7144222386174688, "order": 7, "uparea": 304339.64662684721 }, "geometry": { "type": "LineString", "coordinates": [ [ 71.730833333333322, 33.13 ], [ 71.73833333333333, 33.135 ], [ 71.749166666666667, 33.1475 ] ] } },
{ "type": "Feature", "properties": { "COMID": 45006359, "id": "9229", "lengthkm": 8.684589678067276, "order": 7, "uparea": 304489.35861998616 }, "geometry": { "type": "LineString", "coordinates": [ [ 71.716666666666669, 33.061666666666675 ], [ 71.7125, 33.080833333333338 ], [ 71.713333333333324, 33.083333333333343 ], [ 71.710833333333326, 33.099166666666676 ], [ 71.711666666666659, 33.105833333333337 ], [ 71.720833333333331, 33.12166666666667 ], [ 71.730833333333322, 33.13 ] ] } },
{ "type": "Feature", "properties": { "COMID": 45006358, "id": "9229", "lengthkm": 1.986535243994487, "order": 7, "uparea": 304522.87057383638 }, "geometry": { "type": "LineString", "coordinates": [ [ 71.723333333333329, 33.045833333333341 ], [ 71.716666666666669, 33.061666666666675 ] ] } },
{ "type": "Feature", "properties": { "COMID": 45006357, "id": "9229", "lengthkm": 2.8621363659967889, "order": 7, "uparea": 304571.35242813459 }, "geometry": { "type": "LineString", "coordinates": [ [ 71.720833333333331, 33.023333333333341 ], [ 71.724166666666662, 33.025833333333338 ], [ 71.726666666666659, 33.030833333333341 ], [ 71.726666666666659, 33.0375 ], [ 71.723333333333329, 33.045833333333341 ] ] } },
{ "type": "Feature", "properties": { "COMID": 45006356, "id": "9229", "lengthkm": 1.312658195034732, "order": 7, "uparea": 315807.46506810858 }, "geometry": { "type": "LineString", "coordinates": [ [ 71.71, 33.0175 ], [ 71.7175, 33.02 ], [ 71.720833333333331, 33.023333333333341 ] ] } },
{ "type": "Feature", "properties": { "COMID": 45006355, "id": "9229", "lengthkm": 2.871337201878343, "order": 7, "uparea": 315842.57594274572 }, "geometry": { "type": "LineString", "coordinates": [ [ 71.6975, 33.0 ], [ 71.6975, 33.0125 ], [ 71.7025, 33.01583333333334 ], [ 71.71, 33.0175 ] ] } },
{ "type": "Feature", "properties": { "COMID": 45007959, "id": "9229", "lengthkm": 14.434537304735784, "order": 7, "uparea": 316070.92928259034 }, "geometry": { "type": "LineString", "coordinates": [ [ 71.579166666666666, 32.965 ], [ 71.585, 32.963333333333338 ], [ 71.596666666666664, 32.95333333333334 ], [ 71.605, 32.951666666666675 ], [ 71.61666666666666, 32.958333333333343 ], [ 71.62, 32.965 ], [ 71.63, 32.970833333333339 ], [ 71.634166666666658, 32.9725 ], [ 71.645, 32.9725 ], [ 71.658333333333331, 32.9775 ], [ 71.674166666666665, 32.980833333333337 ], [ 71.6975, 33.0 ] ] } },
{ "type": "Feature", "properties": { "COMID": 45007958, "id": "9229", "lengthkm": 5.7037009297378347, "order": 7, "uparea": 316303.07489481912 }, "geometry": { "type": "LineString", "coordinates": [ [ 71.535833333333329, 32.939166666666672 ], [ 71.553333333333327, 32.958333333333343 ], [ 71.559166666666655, 32.9625 ], [ 71.565, 32.965 ], [ 71.579166666666666, 32.965 ] ] } },
{ "type": "Feature", "properties": { "COMID": 45007957, "id": "9229", "lengthkm": 2.491592393498181, "order": 7, "uparea": 316349.13864039001 }, "geometry": { "type": "LineString", "coordinates": [ [ 71.524166666666659, 32.920833333333341 ], [ 71.5275, 32.925 ], [ 71.526666666666657, 32.926666666666669 ], [ 71.528333333333336, 32.93 ], [ 71.535833333333329, 32.939166666666672 ] ] } },
{ "type": "Feature", "properties": { "COMID": 45007956, "id": "9229", "lengthkm": 0.24196383460340401, "order": 7, "uparea": 316399.23254301504 }, "geometry": { "type": "LineString", "coordinates": [ [ 71.5225, 32.919166666666669 ], [ 71.524166666666659, 32.920833333333341 ] ] } },
{ "type": "Feature", "properties": { "COMID": 45007955, "id": "9229", "lengthkm": 5.7770286459616731, "order": 7, "uparea": 317365.16671809315 }, "geometry": { "type": "LineString", "coordinates": [ [ 71.474166666666662, 32.903333333333336 ], [ 71.480833333333322, 32.91 ], [ 71.484166666666667, 32.91 ], [ 71.486666666666665, 32.913333333333341 ], [ 71.5, 32.914166666666674 ], [ 71.50333333333333, 32.915833333333339 ], [ 71.5125, 32.9125 ], [ 71.5225, 32.919166666666669 ] ] } },
{ "type": "Feature", "properties": { "COMID": 45007954, "id": "9229", "lengthkm": 0.21365444340760401, "order": 7, "uparea": 317566.33310342091 }, "geometry": { "type": "LineString", "coordinates": [ [ 71.473333333333329, 32.901666666666671 ], [ 71.474166666666662, 32.903333333333336 ] ] } },
{ "type": "Feature", "properties": { "COMID": 45007953, "id": "9229", "lengthkm": 24.501484944392772, "order": 7, "uparea": 317753.02362537012 }, "geometry": { "type": "LineString", "coordinates": [ [ 71.416666666666657, 32.7225 ], [ 71.415, 32.725 ], [ 71.416666666666657, 32.728333333333339 ], [ 71.415833333333325, 32.738333333333337 ], [ 71.42, 32.7425 ], [ 71.420833333333334, 32.75 ], [ 71.4225, 32.7525 ], [ 71.418333333333322, 32.768333333333338 ], [ 71.42, 32.7725 ], [ 71.424166666666665, 32.775 ], [ 71.424166666666665, 32.785 ], [ 71.42916666666666, 32.788333333333341 ], [ 71.433333333333323, 32.795 ], [ 71.441666666666663, 32.8025 ], [ 71.443333333333328, 32.8075 ], [ 71.443333333333328, 32.814166666666672 ], [ 71.4375, 32.82416666666667 ], [ 71.439166666666665, 32.826666666666675 ], [ 71.433333333333323, 32.831666666666671 ], [ 71.4325, 32.835 ], [ 71.42916666666666, 32.838333333333338 ], [ 71.42916666666666, 32.8475 ], [ 71.4325, 32.8525 ], [ 71.436666666666667, 32.855 ], [ 71.438333333333333, 32.858333333333341 ], [ 71.438333333333333, 32.865833333333342 ], [ 71.4475, 32.880833333333342 ], [ 71.450833333333321, 32.884166666666673 ], [ 71.455833333333331, 32.885833333333338 ], [ 71.468333333333334, 32.894166666666671 ], [ 71.4725, 32.898333333333341 ], [ 71.473333333333329, 32.901666666666671 ] ] } },
{ "type": "Feature", "properties": { "COMID": 45007952, "id": "9229", "lengthkm": 15.548476127237107, "order": 7, "uparea": 317827.87472582114 }, "geometry": { "type": "LineString", "coordinates": [ [ 71.361666666666665, 32.620833333333337 ], [ 71.364166666666662, 32.6275 ], [ 71.364166666666662, 32.6325 ], [ 71.371666666666655, 32.64083333333334 ], [ 71.373333333333335, 32.645833333333343 ], [ 71.3825, 32.6525 ], [ 71.383333333333326, 32.655 ], [ 71.38, 32.659166666666671 ], [ 71.381666666666661, 32.661666666666676 ], [ 71.380833333333328, 32.665833333333339 ], [ 71.383333333333326, 32.668333333333337 ], [ 71.385833333333323, 32.668333333333337 ], [ 71.385833333333323, 32.671666666666674 ], [ 71.39, 32.6775 ], [ 71.389166666666668, 32.679166666666674 ], [ 71.396666666666661, 32.685 ], [ 71.4, 32.683333333333337 ], [ 71.406666666666666, 32.685833333333342 ], [ 71.405, 32.696666666666673 ], [ 71.405833333333334, 32.700833333333335 ], [ 71.403333333333336, 32.705 ], [ 71.405, 32.711666666666673 ], [ 71.404166666666669, 32.715 ], [ 71.406666666666666, 32.7175 ], [ 71.41, 32.716666666666676 ], [ 71.416666666666657, 32.7225 ] ] } },
{ "type": "Feature", "properties": { "COMID": 45007951, "id": "9229", "lengthkm": 1.74621538870138, "order": 7, "uparea": 318846.69752208045 }, "geometry": { "type": "LineString", "coordinates": [ [ 71.361666666666665, 32.606666666666669 ], [ 71.36333333333333, 32.61 ], [ 71.36333333333333, 32.618333333333339 ], [ 71.361666666666665, 32.620833333333337 ] ] } },
{ "type": "Feature", "properties": { "COMID": 45007950, "id": "9229", "lengthkm": 15.997952845714169, "order": 7, "uparea": 344376.69527020119 }, "geometry": { "type": "LineString", "coordinates": [ [ 71.349166666666662, 32.498333333333342 ], [ 71.350833333333327, 32.505 ], [ 71.354166666666657, 32.51 ], [ 71.353333333333325, 32.519166666666671 ], [ 71.356666666666655, 32.52 ], [ 71.36, 32.525 ], [ 71.365833333333327, 32.526666666666671 ], [ 71.369166666666658, 32.530833333333341 ], [ 71.370833333333323, 32.529166666666676 ], [ 71.374166666666667, 32.530833333333341 ], [ 71.376666666666665, 32.535 ], [ 71.375833333333333, 32.54 ], [ 71.37, 32.544166666666669 ], [ 71.369166666666658, 32.5475 ], [ 71.3725, 32.555833333333339 ], [ 71.373333333333335, 32.564166666666672 ], [ 71.375833333333333, 32.565833333333337 ], [ 71.374166666666667, 32.568333333333342 ], [ 71.374166666666667, 32.57416666666667 ], [ 71.37833333333333, 32.580833333333338 ], [ 71.376666666666665, 32.583333333333343 ], [ 71.375, 32.5825 ], [ 71.3725, 32.585 ], [ 71.373333333333335, 32.590833333333336 ], [ 71.369166666666658, 32.5975 ], [ 71.369166666666658, 32.601666666666674 ], [ 71.36666666666666, 32.601666666666674 ], [ 71.361666666666665, 32.606666666666669 ] ] } },
{ "type": "Feature", "properties": { "COMID": 45007949, "id": "9229", "lengthkm": 7.5928369081598603, "order": 7, "uparea": 344768.882660134 }, "geometry": { "type": "LineString", "coordinates": [ [ 71.380833333333328, 32.44166666666667 ], [ 71.369166666666658, 32.455833333333338 ], [ 71.36666666666666, 32.463333333333338 ], [ 71.3625, 32.468333333333341 ], [ 71.3625, 32.4725 ], [ 71.360833333333332, 32.475 ], [ 71.348333333333329, 32.4875 ], [ 71.349166666666662, 32.498333333333342 ] ] } },
{ "type": "Feature", "properties": { "COMID": 45009605, "id": "9229", "lengthkm": 27.443822564197912, "order": 7, "uparea": 345515.13181110611 }, "geometry": { "type": "LineString", "coordinates": [ [ 71.30416666666666, 32.2575 ], [ 71.310833333333335, 32.266666666666673 ], [ 71.309166666666655, 32.269166666666671 ], [ 71.31, 32.271666666666675 ], [ 71.31583333333333, 32.274166666666673 ], [ 71.31583333333333, 32.285833333333343 ], [ 71.32, 32.2925 ], [ 71.32, 32.299166666666672 ], [ 71.325, 32.305833333333339 ], [ 71.325833333333335, 32.3175 ], [ 71.331666666666663, 32.3325 ], [ 71.346666666666664, 32.34 ], [ 71.351666666666659, 32.344166666666673 ], [ 71.36333333333333, 32.346666666666671 ], [ 71.388333333333335, 32.355833333333337 ], [ 71.396666666666661, 32.365 ], [ 71.400833333333324, 32.374166666666675 ], [ 71.400833333333324, 32.376666666666672 ], [ 71.396666666666661, 32.380833333333342 ], [ 71.3975, 32.3875 ], [ 71.395833333333329, 32.391666666666673 ], [ 71.4, 32.399166666666673 ], [ 71.399166666666659, 32.405 ], [ 71.39, 32.4125 ], [ 71.385833333333323, 32.420833333333341 ], [ 71.385833333333323, 32.424166666666672 ], [ 71.380833333333328, 32.43 ], [ 71.380833333333328, 32.44166666666667 ] ] } },
{ "type": "Feature", "properties": { "COMID": 45009604, "id": "9229", "lengthkm": 3.5739696247743771, "order": 7, "uparea": 345556.02509140701 }, "geometry": { "type": "LineString", "coordinates": [ [ 71.275833333333324, 32.2425 ], [ 71.278333333333336, 32.245833333333337 ], [ 71.283333333333331, 32.245 ], [ 71.290833333333325, 32.25083333333334 ], [ 71.30416666666666, 32.2575 ] ] } },
{ "type": "Feature", "properties": { "COMID": 45009603, "id": "9229", "lengthkm": 0.76344354898936995, "order": 7, "uparea": 345626.22419840441 }, "geometry": { "type": "LineString", "coordinates": [ [ 71.2725, 32.236666666666672 ], [ 71.275833333333324, 32.2425 ] ] } },
{ "type": "Feature", "properties": { "COMID": 45009602, "id": "9229", "lengthkm": 6.9055115082448593, "order": 7, "uparea": 345692.42372863559 }, "geometry": { "type": "LineString", "coordinates": [ [ 71.27, 32.1825 ], [ 71.268333333333331, 32.185 ], [ 71.268333333333331, 32.19166666666667 ], [ 71.26, 32.2025 ], [ 71.26, 32.211666666666673 ], [ 71.265833333333333, 32.223333333333343 ], [ 71.265833333333333, 32.23 ], [ 71.2725, 32.236666666666672 ] ] } },
{ "type": "Feature", "properties": { "COMID": 45009601, "id": "9229", "lengthkm": 4.1886034962237391, "order": 7, "uparea": 345741.94983392122 }, "geometry": { "type": "LineString", "coordinates": [ [ 71.2475, 32.155833333333341 ], [ 71.25333333333333, 32.156666666666673 ], [ 71.266666666666666, 32.1675 ], [ 71.27, 32.173333333333339 ], [ 71.27, 32.1825 ] ] } },
{ "type": "Feature", "properties": { "COMID": 45009600, "id": "9229", "lengthkm": 25.455699731304581, "order": 7, "uparea": 345869.89698156761 }, "geometry": { "type": "LineString", "coordinates": [ [ 71.084166666666661, 32.03 ], [ 71.081666666666663, 32.034166666666671 ], [ 71.083333333333329, 32.038333333333341 ], [ 71.0825, 32.054166666666674 ], [ 71.09, 32.0625 ], [ 71.098333333333329, 32.065 ], [ 71.098333333333329, 32.07083333333334 ], [ 71.100833333333327, 32.073333333333338 ], [ 71.109166666666667, 32.07833333333334 ], [ 71.1175, 32.079166666666673 ], [ 71.131666666666661, 32.085 ], [ 71.145, 32.093333333333341 ], [ 71.150833333333324, 32.093333333333341 ], [ 71.155833333333334, 32.100833333333341 ], [ 71.165833333333325, 32.105833333333337 ], [ 71.17, 32.11 ], [ 71.173333333333332, 32.116666666666674 ], [ 71.18, 32.120833333333337 ], [ 71.191666666666663, 32.12 ], [ 71.1975, 32.124166666666675 ], [ 71.21, 32.1225 ], [ 71.223333333333329, 32.125 ], [ 71.228333333333325, 32.13 ], [ 71.228333333333325, 32.1325 ], [ 71.234166666666667, 32.134166666666673 ], [ 71.236666666666665, 32.13666666666667 ], [ 71.2375, 32.146666666666675 ], [ 71.2475, 32.155833333333341 ] ] } },
{ "type": "Feature", "properties": { "COMID": 45009599, "id": "9229", "lengthkm": 4.5565847319318022, "order": 7, "uparea": 345968.68687450612 }, "geometry": { "type": "LineString", "coordinates": [ [ 71.05, 32.010833333333338 ], [ 71.05916666666667, 32.0175 ], [ 71.080833333333331, 32.020833333333343 ], [ 71.084166666666661, 32.025833333333338 ], [ 71.084166666666661, 32.03 ] ] } },
{ "type": "Feature", "properties": { "COMID": 45009598, "id": "9229", "lengthkm": 4.0344022691772663, "order": 7, "uparea": 346156.36863031308 }, "geometry": { "type": "LineString", "coordinates": [ [ 71.030833333333334, 31.984166666666674 ], [ 71.035, 31.989166666666673 ], [ 71.0425, 31.990833333333342 ], [ 71.05083333333333, 32.006666666666675 ], [ 71.05, 32.010833333333338 ] ] } },
{ "type": "Feature", "properties": { "COMID": 45009597, "id": "9229", "lengthkm": 8.3325349902640884, "order": 7, "uparea": 347667.00387463329 }, "geometry": { "type": "LineString", "coordinates": [ [ 71.004166666666663, 31.923333333333339 ], [ 71.004166666666663, 31.933333333333341 ], [ 71.000833333333333, 31.936666666666675 ], [ 71.0025, 31.941666666666674 ], [ 71.0025, 31.951666666666675 ], [ 71.006666666666661, 31.9575 ], [ 71.01, 31.959166666666675 ], [ 71.0125, 31.968333333333341 ], [ 71.030833333333334, 31.984166666666674 ] ] } },
{ "type": "Feature", "properties": { "COMID": 45009596, "id": "9229", "lengthkm": 3.5174869756926999, "order": 7, "uparea": 347705.77875063213 }, "geometry": { "type": "LineString", "coordinates": [ [ 70.973333333333329, 31.9175 ], [ 70.981666666666655, 31.916666666666671 ], [ 70.98833333333333, 31.91833333333334 ], [ 70.994166666666658, 31.916666666666671 ], [ 71.001666666666665, 31.92 ], [ 71.004166666666663, 31.923333333333339 ] ] } },
{ "type": "Feature", "properties": { "COMID": 45009595, "id": "9229", "lengthkm": 6.1860215449587734, "order": 7, "uparea": 347796.31758416729 }, "geometry": { "type": "LineString", "coordinates": [ [ 70.944166666666661, 31.874166666666675 ], [ 70.945, 31.879166666666674 ], [ 70.951666666666668, 31.885 ], [ 70.953333333333333, 31.89083333333334 ], [ 70.958333333333329, 31.896666666666675 ], [ 70.9575, 31.9025 ], [ 70.9625, 31.91083333333334 ], [ 70.965833333333336, 31.914166666666674 ], [ 70.973333333333329, 31.9175 ] ] } },
{ "type": "Feature", "properties": { "COMID": 45009594, "id": "9229", "lengthkm": 5.1865712838889646, "order": 7, "uparea": 353373.95342968538 }, "geometry": { "type": "LineString", "coordinates": [ [ 70.93416666666667, 31.836666666666673 ], [ 70.933333333333323, 31.84083333333334 ], [ 70.926666666666662, 31.84833333333334 ], [ 70.9275, 31.856666666666673 ], [ 70.93, 31.860833333333339 ], [ 70.93416666666667, 31.86333333333334 ], [ 70.944166666666661, 31.874166666666675 ] ] } },
{ "type": "Feature", "properties": { "COMID": 45011403, "id": "9229", "lengthkm": 5.5246880555212892, "order": 7, "uparea": 353420.64070614561 }, "geometry": { "type": "LineString", "coordinates": [ [ 70.935833333333335, 31.791666666666671 ], [ 70.935, 31.794166666666673 ], [ 70.9375, 31.796666666666674 ], [ 70.9375, 31.8 ], [ 70.931666666666658, 31.808333333333341 ], [ 70.93, 31.816666666666674 ], [ 70.93416666666667, 31.836666666666673 ] ] } },
{ "type": "Feature", "properties": { "COMID": 45011402, "id": "9229", "lengthkm": 3.8281048618623732, "order": 7, "uparea": 353482.01430707023 }, "geometry": { "type": "LineString", "coordinates": [ [ 70.943333333333328, 31.761666666666674 ], [ 70.944166666666661, 31.77 ], [ 70.941666666666663, 31.774166666666673 ], [ 70.941666666666663, 31.78 ], [ 70.943333333333328, 31.781666666666673 ], [ 70.935833333333335, 31.791666666666671 ] ] } },
{ "type": "Feature", "properties": { "COMID": 45011401, "id": "9229", "lengthkm": 3.4112972762776939, "order": 7, "uparea": 353633.51802393165 }, "geometry": { "type": "LineString", "coordinates": [ [ 70.944166666666661, 31.733333333333341 ], [ 70.94, 31.7375 ], [ 70.94, 31.756666666666675 ], [ 70.943333333333328, 31.761666666666674 ] ] } },
{ "type": "Feature", "properties": { "COMID": 45011400, "id": "9229", "lengthkm": 22.372698919097108, "order": 7, "uparea": 353802.61603520904 }, "geometry": { "type": "LineString", "coordinates": [ [ 70.854166666666657, 31.6175 ], [ 70.858333333333334, 31.620833333333341 ], [ 70.853333333333325, 31.626666666666672 ], [ 70.855, 31.6325 ], [ 70.8675, 31.639166666666675 ], [ 70.88, 31.64 ], [ 70.888333333333335, 31.644166666666674 ], [ 70.923333333333332, 31.645833333333339 ], [ 70.935, 31.6525 ], [ 70.94, 31.651666666666671 ], [ 70.945833333333326, 31.656666666666673 ], [ 70.943333333333328, 31.66083333333334 ], [ 70.938333333333333, 31.661666666666676 ], [ 70.93416666666667, 31.665833333333339 ], [ 70.93416666666667, 31.681666666666672 ], [ 70.93, 31.685833333333342 ], [ 70.92916666666666, 31.690833333333337 ], [ 70.935, 31.699166666666674 ], [ 70.935, 31.706666666666674 ], [ 70.944166666666661, 31.715 ], [ 70.944166666666661, 31.733333333333341 ] ] } },
{ "type": "Feature", "properties": { "COMID": 45011399, "id": "9229", "lengthkm": 1.3208001586340139, "order": 7, "uparea": 354285.84505089174 }, "geometry": { "type": "LineString", "coordinates": [ [ 70.850833333333327, 31.606666666666673 ], [ 70.851666666666659, 31.614166666666673 ], [ 70.854166666666657, 31.6175 ] ] } },
{ "type": "Feature", "properties": { "COMID": 45011398, "id": "9229", "lengthkm": 1.8163349063059171, "order": 7, "uparea": 354336.93242054165 }, "geometry": { "type": "LineString", "coordinates": [ [ 70.86, 31.595 ], [ 70.859166666666667, 31.600833333333341 ], [ 70.854166666666657, 31.6025 ], [ 70.850833333333327, 31.606666666666673 ] ] } },
{ "type": "Feature", "properties": { "COMID": 45011397, "id": "9229", "lengthkm": 10.698734293948318, "order": 7, "uparea": 354418.56669374515 }, "geometry": { "type": "LineString", "coordinates": [ [ 70.828333333333333, 31.520833333333343 ], [ 70.835833333333326, 31.5225 ], [ 70.845, 31.5275 ], [ 70.848333333333329, 31.530833333333341 ], [ 70.848333333333329, 31.534166666666671 ], [ 70.853333333333325, 31.539166666666674 ], [ 70.855833333333322, 31.5475 ], [ 70.86, 31.551666666666673 ], [ 70.860833333333332, 31.555833333333339 ], [ 70.855, 31.561666666666675 ], [ 70.8575, 31.575 ], [ 70.859166666666667, 31.576666666666675 ], [ 70.855, 31.583333333333339 ], [ 70.86, 31.595 ] ] } },
{ "type": "Feature", "properties": { "COMID": 45011396, "id": "9229", "lengthkm": 3.6625445112059269, "order": 7, "uparea": 354465.36353209306 }, "geometry": { "type": "LineString", "coordinates": [ [ 70.81, 31.495 ], [ 70.816666666666663, 31.50083333333334 ], [ 70.819166666666661, 31.5125 ], [ 70.828333333333333, 31.520833333333343 ] ] } },
{ "type": "Feature", "properties": { "COMID": 45011395, "id": "9229", "lengthkm": 9.2901306222117039, "order": 7, "uparea": 354627.34214447509 }, "geometry": { "type": "LineString", "coordinates": [ [ 70.791666666666657, 31.425 ], [ 70.8, 31.426666666666673 ], [ 70.801666666666662, 31.428333333333342 ], [ 70.801666666666662, 31.436666666666675 ], [ 70.799166666666665, 31.44 ], [ 70.799166666666665, 31.4475 ], [ 70.803333333333327, 31.451666666666675 ], [ 70.803333333333327, 31.4575 ], [ 70.8, 31.479166666666671 ], [ 70.80916666666667, 31.491666666666674 ], [ 70.81, 31.495 ] ] } },
{ "type": "Feature", "properties": { "COMID": 45011394, "id": "9229", "lengthkm": 2.9496344918265578, "order": 7, "uparea": 354837.6237379706 }, "geometry": { "type": "LineString", "coordinates": [ [ 70.784166666666664, 31.400833333333338 ], [ 70.785833333333329, 31.409166666666671 ], [ 70.79, 31.415 ], [ 70.791666666666657, 31.425 ] ] } },
{ "type": "Feature", "properties": { "COMID": 45011393, "id": "9229", "lengthkm": 9.6248299549548477, "order": 7, "uparea": 355080.25755519303 }, "geometry": { "type": "LineString", "coordinates": [ [ 70.793333333333322, 31.32833333333334 ], [ 70.793333333333322, 31.331666666666674 ], [ 70.788333333333327, 31.336666666666673 ], [ 70.7875, 31.34 ], [ 70.776666666666657, 31.3475 ], [ 70.773333333333326, 31.351666666666674 ], [ 70.775, 31.358333333333341 ], [ 70.78, 31.365833333333342 ], [ 70.780833333333334, 31.370833333333341 ], [ 70.7875, 31.380833333333342 ], [ 70.7875, 31.394166666666674 ], [ 70.784166666666664, 31.400833333333338 ] ] } },
{ "type": "Feature", "properties": { "COMID": 45011392, "id": "9229", "lengthkm": 7.7246412858406472, "order": 7, "uparea": 355230.48391157313 }, "geometry": { "type": "LineString", "coordinates": [ [ 70.8025, 31.270833333333343 ], [ 70.8025, 31.2725 ], [ 70.796666666666667, 31.276666666666674 ], [ 70.795, 31.281666666666673 ], [ 70.796666666666667, 31.2875 ], [ 70.795, 31.2925 ], [ 70.8, 31.301666666666673 ], [ 70.799166666666665, 31.306666666666672 ], [ 70.795, 31.310833333333342 ], [ 70.7925, 31.310833333333342 ], [ 70.789166666666659, 31.315 ], [ 70.793333333333322, 31.32833333333334 ] ] } },
{ "type": "Feature", "properties": { "COMID": 45013246, "id": "9229", "lengthkm": 10.201112008220411, "order": 7, "uparea": 355305.07387187367 }, "geometry": { "type": "LineString", "coordinates": [ [ 70.801666666666662, 31.193333333333342 ], [ 70.7925, 31.204166666666673 ], [ 70.791666666666657, 31.208333333333343 ], [ 70.795, 31.215 ], [ 70.794166666666669, 31.220833333333339 ], [ 70.798333333333332, 31.226666666666674 ], [ 70.798333333333332, 31.23083333333334 ], [ 70.795, 31.235 ], [ 70.796666666666667, 31.2375 ], [ 70.796666666666667, 31.241666666666674 ], [ 70.8025, 31.245833333333341 ], [ 70.796666666666667, 31.264166666666675 ], [ 70.801666666666662, 31.268333333333338 ], [ 70.8025, 31.270833333333343 ] ] } },
{ "type": "Feature", "properties": { "COMID": 45013245, "id": "9229", "lengthkm": 3.5312359271625162, "order": 7, "uparea": 355340.2372716433 }, "geometry": { "type": "LineString", "coordinates": [ [ 70.794166666666669, 31.165 ], [ 70.7975, 31.17 ], [ 70.7975, 31.175 ], [ 70.801666666666662, 31.184166666666673 ], [ 70.801666666666662, 31.193333333333342 ] ] } },
{ "type": "Feature", "properties": { "COMID": 45013244, "id": "9229", "lengthkm": 8.5777215588453952, "order": 7, "uparea": 400585.00706634281 }, "geometry": { "type": "LineString", "coordinates": [ [ 70.785833333333329, 31.096666666666675 ], [ 70.785833333333329, 31.1025 ], [ 70.7875, 31.104166666666671 ], [ 70.79, 31.114166666666673 ], [ 70.7925, 31.118333333333339 ], [ 70.7975, 31.121666666666673 ], [ 70.796666666666667, 31.12583333333334 ], [ 70.791666666666657, 31.134166666666673 ], [ 70.7925, 31.1475 ], [ 70.790833333333325, 31.1525 ], [ 70.791666666666657, 31.16 ], [ 70.794166666666669, 31.165 ] ] } },
{ "type": "Feature", "properties": { "COMID": 45013243, "id": "9229", "lengthkm": 17.591374524295482, "order": 7, "uparea": 400718.32153545454 }, "geometry": { "type": "LineString", "coordinates": [ [ 70.815, 30.959166666666675 ], [ 70.814166666666665, 30.961666666666673 ], [ 70.81583333333333, 30.963333333333338 ], [ 70.81583333333333, 30.969166666666673 ], [ 70.8075, 30.984166666666674 ], [ 70.805833333333325, 30.994166666666672 ], [ 70.8125, 31.013333333333343 ], [ 70.814166666666665, 31.033333333333339 ], [ 70.81583333333333, 31.035 ], [ 70.815, 31.038333333333341 ], [ 70.82, 31.046666666666674 ], [ 70.82, 31.05 ], [ 70.8075, 31.065 ], [ 70.805833333333325, 31.07 ], [ 70.8, 31.075 ], [ 70.796666666666667, 31.085 ], [ 70.785833333333329, 31.096666666666675 ] ] } },
{ "type": "Feature", "properties": { "COMID": 45013242, "id": "9229", "lengthkm": 0.73241164182294305, "order": 7, "uparea": 400862.52862454753 }, "geometry": { "type": "LineString", "coordinates": [ [ 70.82, 30.954166666666673 ], [ 70.815, 30.959166666666675 ] ] } },
{ "type": "Feature", "properties": { "COMID": 45013241, "id": "9229", "lengthkm": 17.223091568855882, "order": 7, "uparea": 401147.54456046532 }, "geometry": { "type": "LineString", "coordinates": [ [ 70.833333333333329, 30.849166666666676 ], [ 70.838333333333324, 30.855 ], [ 70.859166666666667, 30.855 ], [ 70.86333333333333, 30.856666666666676 ], [ 70.868333333333325, 30.861666666666672 ], [ 70.87166666666667, 30.868333333333339 ], [ 70.87166666666667, 30.878333333333341 ], [ 70.8675, 30.886666666666674 ], [ 70.8575, 30.895833333333343 ], [ 70.8525, 30.905833333333341 ], [ 70.8475, 30.91 ], [ 70.836666666666659, 30.914166666666674 ], [ 70.835, 30.9225 ], [ 70.8325, 30.923333333333339 ], [ 70.8275, 30.929166666666674 ], [ 70.821666666666658, 30.9425 ], [ 70.82, 30.946666666666673 ], [ 70.82, 30.954166666666673 ] ] } },
{ "type": "Feature", "properties": { "COMID": 45013240, "id": "9229", "lengthkm": 1.5652897391010849, "order": 7, "uparea": 401194.54920239717 }, "geometry": { "type": "LineString", "coordinates": [ [ 70.819166666666661, 30.845 ], [ 70.820833333333326, 30.846666666666675 ], [ 70.833333333333329, 30.849166666666676 ] ] } },
{ "type": "Feature", "properties": { "COMID": 45013239, "id": "9229", "lengthkm": 19.26872989371693, "order": 7, "uparea": 401311.6870193457 }, "geometry": { "type": "LineString", "coordinates": [ [ 70.765, 30.69583333333334 ], [ 70.7725, 30.699166666666674 ], [ 70.776666666666657, 30.70333333333334 ], [ 70.78, 30.711666666666673 ], [ 70.784166666666664, 30.716666666666676 ], [ 70.788333333333327, 30.740833333333342 ], [ 70.801666666666662, 30.77 ], [ 70.803333333333327, 30.775 ], [ 70.8025, 30.7825 ], [ 70.805, 30.784166666666675 ], [ 70.8075, 30.790833333333339 ], [ 70.806666666666658, 30.795 ], [ 70.803333333333327, 30.799166666666672 ], [ 70.805833333333325, 30.811666666666675 ], [ 70.805, 30.821666666666673 ], [ 70.81, 30.835 ], [ 70.819166666666661, 30.845 ] ] } },
{ "type": "Feature", "properties": { "COMID": 45015433, "id": "9229", "lengthkm": 10.991812697393383, "order": 7, "uparea": 408195.92052006407 }, "geometry": { "type": "LineString", "coordinates": [ [ 70.7925, 30.610833333333339 ], [ 70.784166666666664, 30.618333333333339 ], [ 70.7825, 30.621666666666677 ], [ 70.78, 30.6325 ], [ 70.78, 30.645833333333343 ], [ 70.776666666666657, 30.649166666666673 ], [ 70.773333333333326, 30.658333333333339 ], [ 70.766666666666666, 30.666666666666675 ], [ 70.766666666666666, 30.67 ], [ 70.764166666666668, 30.674166666666672 ], [ 70.760833333333323, 30.690833333333341 ], [ 70.765, 30.69583333333334 ] ] } },
{ "type": "Feature", "properties": { "COMID": 45015432, "id": "9229", "lengthkm": 3.5185823276811199, "order": 7, "uparea": 408264.35451936658 }, "geometry": { "type": "LineString", "coordinates": [ [ 70.806666666666658, 30.584166666666675 ], [ 70.799166666666665, 30.591666666666676 ], [ 70.7925, 30.610833333333339 ] ] } },
{ "type": "Feature", "properties": { "COMID": 45015431, "id": "9229", "lengthkm": 2.7387842871769328, "order": 7, "uparea": 408407.76919303578 }, "geometry": { "type": "LineString", "coordinates": [ [ 70.806666666666658, 30.561666666666675 ], [ 70.806666666666658, 30.571666666666673 ], [ 70.80416666666666, 30.575833333333343 ], [ 70.805, 30.5825 ], [ 70.806666666666658, 30.584166666666675 ] ] } },
{ "type": "Feature", "properties": { "COMID": 45015430, "id": "9229", "lengthkm": 6.0269387038461968, "order": 7, "uparea": 408889.49425571173 }, "geometry": { "type": "LineString", "coordinates": [ [ 70.845, 30.523333333333341 ], [ 70.831666666666663, 30.533333333333339 ], [ 70.828333333333333, 30.534166666666675 ], [ 70.82, 30.541666666666675 ], [ 70.806666666666658, 30.561666666666675 ] ] } },
{ "type": "Feature", "properties": { "COMID": 45015429, "id": "9229", "lengthkm": 1.3528170778229229, "order": 7, "uparea": 410815.54941715545 }, "geometry": { "type": "LineString", "coordinates": [ [ 70.849166666666662, 30.5125 ], [ 70.849166666666662, 30.518333333333342 ], [ 70.845, 30.523333333333341 ] ] } },
{ "type": "Feature", "properties": { "COMID": 45015428, "id": "9229", "lengthkm": 0.092662443658761001, "order": 7, "uparea": 410859.68305782147 }, "geometry": { "type": "LineString", "coordinates": [ [ 70.849166666666662, 30.511666666666674 ], [ 70.849166666666662, 30.5125 ] ] } },
{ "type": "Feature", "properties": { "COMID": 45015427, "id": "9229", "lengthkm": 17.49327488108986, "order": 7, "uparea": 411232.21846517094 }, "geometry": { "type": "LineString", "coordinates": [ [ 70.814166666666665, 30.3925 ], [ 70.819166666666661, 30.395 ], [ 70.824166666666656, 30.405833333333341 ], [ 70.8275, 30.405833333333341 ], [ 70.8325, 30.410833333333343 ], [ 70.84, 30.420833333333341 ], [ 70.840833333333336, 30.424166666666672 ], [ 70.845, 30.42583333333334 ], [ 70.849166666666662, 30.434166666666677 ], [ 70.850833333333327, 30.435833333333342 ], [ 70.8525, 30.435 ], [ 70.856666666666669, 30.439166666666672 ], [ 70.858333333333334, 30.443333333333342 ], [ 70.8575, 30.448333333333341 ], [ 70.861666666666665, 30.4525 ], [ 70.86333333333333, 30.46 ], [ 70.855833333333322, 30.460833333333341 ], [ 70.855, 30.463333333333338 ], [ 70.860833333333332, 30.47 ], [ 70.861666666666665, 30.474166666666676 ], [ 70.86, 30.485 ], [ 70.8625, 30.49 ], [ 70.8625, 30.495 ], [ 70.849166666666662, 30.511666666666674 ] ] } },
{ "type": "Feature", "properties": { "COMID": 45015426, "id": "9229", "lengthkm": 14.398439059799941, "order": 7, "uparea": 411330.61486506171 }, "geometry": { "type": "LineString", "coordinates": [ [ 70.785, 30.294166666666676 ], [ 70.793333333333322, 30.296666666666674 ], [ 70.795833333333334, 30.30083333333334 ], [ 70.801666666666662, 30.3025 ], [ 70.806666666666658, 30.3075 ], [ 70.806666666666658, 30.310833333333342 ], [ 70.801666666666662, 30.314166666666672 ], [ 70.810833333333335, 30.319166666666675 ], [ 70.81, 30.325 ], [ 70.813333333333333, 30.331666666666674 ], [ 70.811666666666667, 30.339166666666674 ], [ 70.81583333333333, 30.345833333333339 ], [ 70.819166666666661, 30.356666666666676 ], [ 70.825833333333335, 30.3625 ], [ 70.824166666666656, 30.370833333333341 ], [ 70.820833333333326, 30.374166666666675 ], [ 70.814166666666665, 30.3925 ] ] } },
{ "type": "Feature", "properties": { "COMID": 45015425, "id": "9229", "lengthkm": 2.554701976101855, "order": 7, "uparea": 411483.95432206814 }, "geometry": { "type": "LineString", "coordinates": [ [ 70.788333333333327, 30.273333333333341 ], [ 70.783333333333331, 30.2875 ], [ 70.783333333333331, 30.2925 ], [ 70.785, 30.294166666666676 ] ] } },
{ "type": "Feature", "properties": { "COMID": 45015424, "id": "9229", "lengthkm": 4.5615384354987514, "order": 7, "uparea": 411551.50621081592 }, "geometry": { "type": "LineString", "coordinates": [ [ 70.778333333333336, 30.2375 ], [ 70.78, 30.243333333333339 ], [ 70.783333333333331, 30.245 ], [ 70.7825, 30.259166666666673 ], [ 70.788333333333327, 30.273333333333341 ] ] } },
{ "type": "Feature", "properties": { "COMID": 45015423, "id": "9229", "lengthkm": 13.206536385150418, "order": 7, "uparea": 411670.56612353853 }, "geometry": { "type": "LineString", "coordinates": [ [ 70.810833333333335, 30.145 ], [ 70.80416666666666, 30.155833333333341 ], [ 70.80416666666666, 30.160833333333343 ], [ 70.8075, 30.166666666666675 ], [ 70.808333333333323, 30.1775 ], [ 70.805, 30.191666666666677 ], [ 70.793333333333322, 30.206666666666674 ], [ 70.778333333333336, 30.2125 ], [ 70.7725, 30.216666666666676 ], [ 70.773333333333326, 30.2225 ], [ 70.770833333333329, 30.228333333333339 ], [ 70.774166666666659, 30.2325 ], [ 70.778333333333336, 30.234166666666674 ], [ 70.778333333333336, 30.2375 ] ] } },
{ "type": "Feature", "properties": { "COMID": 45015422, "id": "9229", "lengthkm": 6.5924821963374738, "order": 7, "uparea": 411723.9953955668 }, "geometry": { "type": "LineString", "coordinates": [ [ 70.793333333333322, 30.096666666666675 ], [ 70.805833333333325, 30.103333333333339 ], [ 70.805, 30.11 ], [ 70.80916666666667, 30.119166666666672 ], [ 70.813333333333333, 30.124166666666675 ], [ 70.810833333333335, 30.145 ] ] } },
{ "type": "Feature", "properties": { "COMID": 45018443, "id": "9229", "lengthkm": 3.4859405238402061, "order": 7, "uparea": 411771.4906387474 }, "geometry": { "type": "LineString", "coordinates": [ [ 70.806666666666658, 30.0725 ], [ 70.80416666666666, 30.075833333333343 ], [ 70.7975, 30.079166666666673 ], [ 70.796666666666667, 30.085833333333341 ], [ 70.793333333333322, 30.089166666666674 ], [ 70.795, 30.090833333333343 ], [ 70.795, 30.095 ], [ 70.793333333333322, 30.096666666666675 ] ] } },
{ "type": "Feature", "properties": { "COMID": 45018442, "id": "9229", "lengthkm": 1.2458742900742319, "order": 7, "uparea": 411799.60449122603 }, "geometry": { "type": "LineString", "coordinates": [ [ 70.814166666666665, 30.064166666666672 ], [ 70.806666666666658, 30.0725 ] ] } },
{ "type": "Feature", "properties": { "COMID": 45018441, "id": "9229", "lengthkm": 26.789539704372331, "order": 7, "uparea": 411972.89481832687 }, "geometry": { "type": "LineString", "coordinates": [ [ 70.806666666666658, 29.896666666666675 ], [ 70.793333333333322, 29.913333333333341 ], [ 70.789166666666659, 29.924166666666675 ], [ 70.7825, 29.93 ], [ 70.776666666666657, 29.93 ], [ 70.775, 29.931666666666676 ], [ 70.775, 29.939166666666672 ], [ 70.7725, 29.941666666666677 ], [ 70.7725, 29.944166666666675 ], [ 70.775833333333324, 29.949166666666674 ], [ 70.775833333333324, 29.9525 ], [ 70.779166666666669, 29.954166666666673 ], [ 70.784166666666664, 29.960833333333341 ], [ 70.7875, 29.961666666666673 ], [ 70.791666666666657, 29.958333333333343 ], [ 70.8025, 29.958333333333343 ], [ 70.806666666666658, 29.961666666666673 ], [ 70.806666666666658, 29.965 ], [ 70.811666666666667, 29.971666666666675 ], [ 70.810833333333335, 29.973333333333343 ], [ 70.814166666666665, 29.985 ], [ 70.806666666666658, 29.994166666666672 ], [ 70.799166666666665, 29.9925 ], [ 70.796666666666667, 29.995 ], [ 70.796666666666667, 29.9975 ], [ 70.79, 30.004166666666677 ], [ 70.79, 30.0075 ], [ 70.7925, 30.0175 ], [ 70.795, 30.02 ], [ 70.7975, 30.02 ], [ 70.80083333333333, 30.024166666666673 ], [ 70.80416666666666, 30.0325 ], [ 70.803333333333327, 30.0375 ], [ 70.806666666666658, 30.041666666666675 ], [ 70.808333333333323, 30.0475 ], [ 70.81583333333333, 30.053333333333342 ], [ 70.81583333333333, 30.06 ], [ 70.814166666666665, 30.064166666666672 ] ] } },
{ "type": "Feature", "properties": { "COMID": 45018440, "id": "9229", "lengthkm": 9.1709729641396187, "order": 7, "uparea": 412050.0900093189 }, "geometry": { "type": "LineString", "coordinates": [ [ 70.7875, 29.82833333333334 ], [ 70.79, 29.835 ], [ 70.790833333333325, 29.845833333333342 ], [ 70.796666666666667, 29.848333333333343 ], [ 70.796666666666667, 29.8525 ], [ 70.8, 29.855833333333344 ], [ 70.8025, 29.863333333333344 ], [ 70.810833333333335, 29.869166666666676 ], [ 70.810833333333335, 29.873333333333342 ], [ 70.806666666666658, 29.88333333333334 ], [ 70.808333333333323, 29.885833333333341 ], [ 70.806666666666658, 29.896666666666675 ] ] } },
{ "type": "Feature", "properties": { "COMID": 45018439, "id": "9229", "lengthkm": 8.5317777575561653, "order": 7, "uparea": 412117.10120609094 }, "geometry": { "type": "LineString", "coordinates": [ [ 70.7825, 29.759166666666673 ], [ 70.7825, 29.763333333333343 ], [ 70.775, 29.7825 ], [ 70.78, 29.791666666666675 ], [ 70.78, 29.8 ], [ 70.785833333333329, 29.8075 ], [ 70.785833333333329, 29.82083333333334 ], [ 70.7875, 29.82833333333334 ] ] } },
{ "type": "Feature", "properties": { "COMID": 45018438, "id": "9229", "lengthkm": 15.053204649039472, "order": 7, "uparea": 412356.15126077353 }, "geometry": { "type": "LineString", "coordinates": [ [ 70.710833333333326, 29.655833333333341 ], [ 70.7225, 29.665833333333342 ], [ 70.729166666666657, 29.675 ], [ 70.7325, 29.685 ], [ 70.731666666666669, 29.694166666666675 ], [ 70.734166666666667, 29.6975 ], [ 70.734166666666667, 29.708333333333343 ], [ 70.7375, 29.711666666666673 ], [ 70.73833333333333, 29.715833333333343 ], [ 70.751666666666665, 29.7325 ], [ 70.751666666666665, 29.7375 ], [ 70.755833333333328, 29.740833333333342 ], [ 70.775833333333324, 29.749166666666675 ], [ 70.781666666666666, 29.755833333333342 ], [ 70.7825, 29.759166666666673 ] ] } },
{ "type": "Feature", "properties": { "COMID": 45022508, "id": "9229", "lengthkm": 21.675502711497153, "order": 7, "uparea": 412516.68684205326 }, "geometry": { "type": "LineString", "coordinates": [ [ 70.688333333333333, 29.486666666666675 ], [ 70.693333333333328, 29.493333333333339 ], [ 70.69, 29.504166666666677 ], [ 70.69, 29.519166666666674 ], [ 70.6925, 29.5225 ], [ 70.6925, 29.526666666666674 ], [ 70.688333333333333, 29.535 ], [ 70.686666666666667, 29.5425 ], [ 70.68416666666667, 29.545 ], [ 70.685, 29.553333333333342 ], [ 70.689166666666665, 29.561666666666675 ], [ 70.6925, 29.565 ], [ 70.701666666666668, 29.569166666666675 ], [ 70.72, 29.594166666666673 ], [ 70.718333333333334, 29.5975 ], [ 70.718333333333334, 29.61 ], [ 70.715, 29.6175 ], [ 70.715833333333336, 29.623333333333342 ], [ 70.711666666666659, 29.6325 ], [ 70.711666666666659, 29.636666666666677 ], [ 70.709166666666661, 29.639166666666675 ], [ 70.710833333333326, 29.655833333333341 ] ] } },
{ "type": "Feature", "properties": { "COMID": 45022507, "id": "9229", "lengthkm": 2.5882987728277782, "order": 7, "uparea": 412609.93954647455 }, "geometry": { "type": "LineString", "coordinates": [ [ 70.685833333333335, 29.465833333333343 ], [ 70.683333333333323, 29.471666666666675 ], [ 70.683333333333323, 29.479166666666675 ], [ 70.688333333333333, 29.484166666666674 ], [ 70.688333333333333, 29.486666666666675 ] ] } },
{ "type": "Feature", "properties": { "COMID": 45022506, "id": "9229", "lengthkm": 2.1198321844304608, "order": 7, "uparea": 412658.33304444811 }, "geometry": { "type": "LineString", "coordinates": [ [ 70.7025, 29.455833333333342 ], [ 70.69, 29.461666666666673 ], [ 70.685833333333335, 29.465833333333343 ] ] } },
{ "type": "Feature", "properties": { "COMID": 45022505, "id": "9229", "lengthkm": 0.338397799991564, "order": 7, "uparea": 412710.46505099506 }, "geometry": { "type": "LineString", "coordinates": [ [ 70.704166666666666, 29.45333333333334 ], [ 70.7025, 29.455833333333342 ] ] } },
{ "type": "Feature", "properties": { "COMID": 45022504, "id": "9229", "lengthkm": 8.9244356389956803, "order": 7, "uparea": 412764.03043247241 }, "geometry": { "type": "LineString", "coordinates": [ [ 70.686666666666667, 29.386666666666677 ], [ 70.68416666666667, 29.396666666666675 ], [ 70.689166666666665, 29.401666666666674 ], [ 70.689166666666665, 29.405 ], [ 70.685, 29.41 ], [ 70.685833333333335, 29.418333333333344 ], [ 70.695833333333326, 29.429166666666674 ], [ 70.6975, 29.434166666666677 ], [ 70.7025, 29.436666666666675 ], [ 70.7075, 29.444166666666675 ], [ 70.704166666666666, 29.45333333333334 ] ] } },
{ "type": "Feature", "properties": { "COMID": 45022503, "id": "9229", "lengthkm": 40.891558012405312, "order": 7, "uparea": 413299.71059662796 }, "geometry": { "type": "LineString", "coordinates": [ [ 70.650833333333324, 29.1075 ], [ 70.656666666666666, 29.101666666666674 ], [ 70.660833333333329, 29.101666666666674 ], [ 70.664166666666659, 29.105 ], [ 70.678333333333327, 29.106666666666676 ], [ 70.693333333333328, 29.120833333333344 ], [ 70.694166666666661, 29.131666666666675 ], [ 70.691666666666663, 29.144166666666678 ], [ 70.691666666666663, 29.160833333333343 ], [ 70.694166666666661, 29.1675 ], [ 70.694166666666661, 29.1725 ], [ 70.691666666666663, 29.1775 ], [ 70.695, 29.1825 ], [ 70.695, 29.18833333333334 ], [ 70.6975, 29.190833333333341 ], [ 70.6975, 29.198333333333341 ], [ 70.695833333333326, 29.200833333333343 ], [ 70.696666666666658, 29.205 ], [ 70.695, 29.21 ], [ 70.700833333333335, 29.215833333333343 ], [ 70.7125, 29.221666666666675 ], [ 70.7125, 29.225 ], [ 70.709166666666661, 29.23 ], [ 70.709166666666661, 29.238333333333344 ], [ 70.7075, 29.240833333333342 ], [ 70.7025, 29.245 ], [ 70.694166666666661, 29.245833333333344 ], [ 70.69083333333333, 29.249166666666675 ], [ 70.688333333333333, 29.255 ], [ 70.6925, 29.261666666666677 ], [ 70.69083333333333, 29.268333333333342 ], [ 70.695833333333326, 29.276666666666674 ], [ 70.694166666666661, 29.2875 ], [ 70.700833333333335, 29.2975 ], [ 70.700833333333335, 29.305 ], [ 70.705, 29.3125 ], [ 70.704166666666666, 29.315833333333341 ], [ 70.705833333333331, 29.319166666666675 ], [ 70.7025, 29.325833333333343 ], [ 70.6825, 29.343333333333341 ], [ 70.68, 29.35 ], [ 70.678333333333327, 29.368333333333339 ], [ 70.6825, 29.380833333333342 ], [ 70.686666666666667, 29.386666666666677 ] ] } },
{ "type": "Feature", "properties": { "COMID": 45022502, "id": "9229", "lengthkm": 5.1753723494641619, "order": 7, "uparea": 413349.57209739788 }, "geometry": { "type": "LineString", "coordinates": [ [ 70.6175, 29.080833333333342 ], [ 70.618333333333325, 29.0875 ], [ 70.62166666666667, 29.090833333333343 ], [ 70.6275, 29.095 ], [ 70.635833333333323, 29.095833333333342 ], [ 70.639166666666668, 29.101666666666674 ], [ 70.644166666666663, 29.105833333333344 ], [ 70.650833333333324, 29.1075 ] ] } },
{ "type": "Feature", "properties": { "COMID": 45022501, "id": "9229", "lengthkm": 8.550671100559736, "order": 8, "uparea": 694109.00468849204 }, "geometry": { "type": "LineString", "coordinates": [ [ 70.571666666666658, 29.024166666666673 ], [ 70.5775, 29.030833333333341 ], [ 70.576666666666668, 29.033333333333342 ], [ 70.580833333333331, 29.040833333333342 ], [ 70.58, 29.045 ], [ 70.585, 29.0525 ], [ 70.595, 29.061666666666675 ], [ 70.603333333333325, 29.065833333333345 ], [ 70.609166666666667, 29.07083333333334 ], [ 70.6175, 29.080833333333342 ] ] } },
{ "type": "Feature", "properties": { "COMID": 45022500, "id": "9229", "lengthkm": 3.9849245568691729, "order": 8, "uparea": 694220.25549729599 }, "geometry": { "type": "LineString", "coordinates": [ [ 70.586666666666659, 28.994166666666676 ], [ 70.580833333333331, 29.00083333333334 ], [ 70.580833333333331, 29.006666666666675 ], [ 70.575833333333335, 29.016666666666673 ], [ 70.5725, 29.02 ], [ 70.571666666666658, 29.024166666666673 ] ] } },
{ "type": "Feature", "properties": { "COMID": 45022499, "id": "9229", "lengthkm": 2.4052873739025742, "order": 8, "uparea": 694271.26496319158 }, "geometry": { "type": "LineString", "coordinates": [ [ 70.5825, 28.975 ], [ 70.586666666666659, 28.981666666666676 ], [ 70.586666666666659, 28.994166666666676 ] ] } },
{ "type": "Feature", "properties": { "COMID": 45022498, "id": "9229", "lengthkm": 5.575188132316713, "order": 8, "uparea": 694340.64501228149 }, "geometry": { "type": "LineString", "coordinates": [ [ 70.538333333333327, 28.978333333333342 ], [ 70.55, 28.978333333333342 ], [ 70.56, 28.9675 ], [ 70.56583333333333, 28.965833333333343 ], [ 70.57, 28.965833333333343 ], [ 70.5825, 28.975 ] ] } },
{ "type": "Feature", "properties": { "COMID": 45026948, "id": "9229", "lengthkm": 26.967780072702471, "order": 8, "uparea": 694493.60835969227 }, "geometry": { "type": "LineString", "coordinates": [ [ 70.389166666666668, 28.831666666666678 ], [ 70.4025, 28.8375 ], [ 70.41, 28.845 ], [ 70.409166666666664, 28.848333333333343 ], [ 70.415, 28.8575 ], [ 70.414166666666659, 28.859166666666674 ], [ 70.4175, 28.8625 ], [ 70.421666666666667, 28.8625 ], [ 70.423333333333332, 28.865 ], [ 70.44, 28.863333333333344 ], [ 70.446666666666658, 28.873333333333342 ], [ 70.45, 28.88333333333334 ], [ 70.455, 28.8875 ], [ 70.459166666666661, 28.901666666666678 ], [ 70.464166666666657, 28.91 ], [ 70.4775, 28.915833333333342 ], [ 70.483333333333334, 28.915 ], [ 70.484166666666667, 28.918333333333344 ], [ 70.48833333333333, 28.9175 ], [ 70.49166666666666, 28.9225 ], [ 70.495833333333323, 28.923333333333343 ], [ 70.498333333333335, 28.925833333333344 ], [ 70.501666666666665, 28.930833333333339 ], [ 70.5, 28.935833333333342 ], [ 70.498333333333335, 28.936666666666675 ], [ 70.499166666666667, 28.948333333333341 ], [ 70.505, 28.96 ], [ 70.508333333333326, 28.963333333333342 ], [ 70.514166666666668, 28.9625 ], [ 70.524166666666659, 28.973333333333343 ], [ 70.538333333333327, 28.978333333333342 ] ] } },
{ "type": "Feature", "properties": { "COMID": 45026946, "id": "9229", "lengthkm": 4.196408377782852, "order": 8, "uparea": 694600.38637904671 }, "geometry": { "type": "LineString", "coordinates": [ [ 70.350833333333327, 28.825833333333343 ], [ 70.3725, 28.825833333333343 ], [ 70.385, 28.831666666666678 ], [ 70.389166666666668, 28.831666666666678 ] ] } },
{ "type": "Feature", "properties": { "COMID": 45026945, "id": "9229", "lengthkm": 10.103787458180069, "order": 8, "uparea": 694729.10518677882 }, "geometry": { "type": "LineString", "coordinates": [ [ 70.258333333333326, 28.82083333333334 ], [ 70.281666666666666, 28.8175 ], [ 70.294166666666669, 28.819166666666675 ], [ 70.30416666666666, 28.8175 ], [ 70.324166666666656, 28.825 ], [ 70.330833333333331, 28.823333333333341 ], [ 70.345, 28.823333333333341 ], [ 70.350833333333327, 28.825833333333343 ] ] } },
{ "type": "Feature", "properties": { "COMID": 45026944, "id": "9229", "lengthkm": 0.52912021563301204, "order": 8, "uparea": 694762.17397426162 }, "geometry": { "type": "LineString", "coordinates": [ [ 70.25333333333333, 28.82 ], [ 70.258333333333326, 28.82083333333334 ] ] } },
{ "type": "Feature", "properties": { "COMID": 45026943, "id": "9229", "lengthkm": 1.635081047167718, "order": 8, "uparea": 712274.05577187939 }, "geometry": { "type": "LineString", "coordinates": [ [ 70.24, 28.81333333333334 ], [ 70.245833333333337, 28.8175 ], [ 70.25333333333333, 28.82 ] ] } },
{ "type": "Feature", "properties": { "COMID": 45026942, "id": "9229", "lengthkm": 3.8444448122293671, "order": 8, "uparea": 712313.23790665797 }, "geometry": { "type": "LineString", "coordinates": [ [ 70.209166666666661, 28.798333333333343 ], [ 70.215833333333336, 28.798333333333343 ], [ 70.2225, 28.804166666666674 ], [ 70.2275, 28.805 ], [ 70.24, 28.81333333333334 ] ] } },
{ "type": "Feature", "properties": { "COMID": 45026941, "id": "9229", "lengthkm": 19.134266524289998, "order": 8, "uparea": 712463.98799553642 }, "geometry": { "type": "LineString", "coordinates": [ [ 70.129166666666663, 28.6725 ], [ 70.129166666666663, 28.675833333333344 ], [ 70.133333333333326, 28.683333333333344 ], [ 70.133333333333326, 28.6875 ], [ 70.135833333333323, 28.690833333333345 ], [ 70.1375, 28.70333333333334 ], [ 70.141666666666666, 28.706666666666678 ], [ 70.141666666666666, 28.71 ], [ 70.145833333333329, 28.715833333333343 ], [ 70.1425, 28.7175 ], [ 70.1425, 28.72 ], [ 70.15, 28.73 ], [ 70.1575, 28.735 ], [ 70.159166666666664, 28.740833333333342 ], [ 70.164166666666659, 28.745833333333344 ], [ 70.173333333333332, 28.745833333333344 ], [ 70.17583333333333, 28.7475 ], [ 70.185833333333335, 28.746666666666677 ], [ 70.19083333333333, 28.75083333333334 ], [ 70.195833333333326, 28.75833333333334 ], [ 70.199166666666656, 28.773333333333341 ], [ 70.203333333333333, 28.781666666666673 ], [ 70.201666666666668, 28.788333333333341 ], [ 70.209166666666661, 28.798333333333343 ] ] } },
{ "type": "Feature", "properties": { "COMID": 45026940, "id": "9229", "lengthkm": 1.835966345497829, "order": 8, "uparea": 712554.87956731906 }, "geometry": { "type": "LineString", "coordinates": [ [ 70.1175, 28.661666666666676 ], [ 70.124166666666667, 28.665 ], [ 70.129166666666663, 28.6725 ] ] } },
{ "type": "Feature", "properties": { "COMID": 45026939, "id": "9229", "lengthkm": 15.841067081226774, "order": 8, "uparea": 713026.87101838097 }, "geometry": { "type": "LineString", "coordinates": [ [ 70.02, 28.5925 ], [ 70.020833333333329, 28.599166666666676 ], [ 70.025, 28.608333333333341 ], [ 70.0225, 28.611666666666675 ], [ 70.021666666666661, 28.6175 ], [ 70.023333333333326, 28.621666666666677 ], [ 70.03, 28.6275 ], [ 70.041666666666657, 28.63333333333334 ], [ 70.045, 28.636666666666677 ], [ 70.049166666666665, 28.636666666666677 ], [ 70.05916666666667, 28.646666666666675 ], [ 70.073333333333323, 28.645 ], [ 70.075833333333335, 28.644166666666678 ], [ 70.0775, 28.64083333333334 ], [ 70.086666666666659, 28.6425 ], [ 70.09, 28.645833333333343 ], [ 70.0975, 28.645 ], [ 70.103333333333325, 28.646666666666675 ], [ 70.11666666666666, 28.6575 ], [ 70.1175, 28.661666666666676 ] ] } },
{ "type": "Feature", "properties": { "COMID": 45026938, "id": "9229", "lengthkm": 18.026843579595155, "order": 8, "uparea": 713179.33508696314 }, "geometry": { "type": "LineString", "coordinates": [ [ 69.884166666666658, 28.539166666666674 ], [ 69.891666666666666, 28.538333333333341 ], [ 69.906666666666666, 28.541666666666675 ], [ 69.91, 28.544166666666676 ], [ 69.914166666666659, 28.544166666666676 ], [ 69.920833333333334, 28.5425 ], [ 69.925, 28.539166666666674 ], [ 69.9375, 28.539166666666674 ], [ 69.9425, 28.534166666666678 ], [ 69.945833333333326, 28.534166666666678 ], [ 69.95, 28.535833333333343 ], [ 69.948333333333323, 28.54 ], [ 69.949166666666656, 28.541666666666675 ], [ 69.956666666666663, 28.545833333333341 ], [ 69.964166666666657, 28.5475 ], [ 69.981666666666669, 28.5625 ], [ 69.99, 28.565833333333345 ], [ 69.995833333333337, 28.571666666666676 ], [ 70.010833333333323, 28.57833333333334 ], [ 70.018333333333331, 28.586666666666673 ], [ 70.02, 28.5925 ] ] } },
{ "type": "Feature", "properties": { "COMID": 45026937, "id": "9229", "lengthkm": 8.5432413779990863, "order": 8, "uparea": 715705.76616665209 }, "geometry": { "type": "LineString", "coordinates": [ [ 69.825, 28.496666666666677 ], [ 69.834166666666661, 28.505833333333342 ], [ 69.8425, 28.519166666666678 ], [ 69.853333333333325, 28.53 ], [ 69.86333333333333, 28.531666666666673 ], [ 69.875, 28.540833333333342 ], [ 69.884166666666658, 28.539166666666674 ] ] } },
{ "type": "Feature", "properties": { "COMID": 45026936, "id": "9229", "lengthkm": 11.850686222807205, "order": 8, "uparea": 715840.36816750199 }, "geometry": { "type": "LineString", "coordinates": [ [ 69.735, 28.443333333333342 ], [ 69.74166666666666, 28.44583333333334 ], [ 69.7475, 28.450833333333343 ], [ 69.751666666666665, 28.450833333333343 ], [ 69.758333333333326, 28.458333333333343 ], [ 69.77, 28.4675 ], [ 69.7825, 28.470833333333342 ], [ 69.795833333333334, 28.484166666666674 ], [ 69.803333333333327, 28.484166666666674 ], [ 69.814166666666665, 28.49 ], [ 69.818333333333328, 28.494166666666676 ], [ 69.825, 28.496666666666677 ] ] } },
{ "type": "Feature", "properties": { "COMID": 45026935, "id": "9229", "lengthkm": 3.4000631224601721, "order": 8, "uparea": 717828.80684695439 }, "geometry": { "type": "LineString", "coordinates": [ [ 69.7125, 28.4225 ], [ 69.723333333333329, 28.435833333333342 ], [ 69.730833333333337, 28.439166666666676 ], [ 69.735, 28.443333333333342 ] ] } },
{ "type": "Feature", "properties": { "COMID": 45026934, "id": "9229", "lengthkm": 0.64819039516898502, "order": 8, "uparea": 717997.44677729532 }, "geometry": { "type": "LineString", "coordinates": [ [ 69.71, 28.4175 ], [ 69.7125, 28.4225 ] ] } },
{ "type": "Feature", "properties": { "COMID": 45031344, "id": "9229", "lengthkm": 10.90656646350692, "order": 8, "uparea": 718163.75414190907 }, "geometry": { "type": "LineString", "coordinates": [ [ 69.693333333333328, 28.3325 ], [ 69.69083333333333, 28.335 ], [ 69.691666666666663, 28.34 ], [ 69.698333333333323, 28.3475 ], [ 69.699166666666656, 28.3525 ], [ 69.694166666666661, 28.359166666666674 ], [ 69.691666666666663, 28.379166666666677 ], [ 69.6975, 28.3875 ], [ 69.699166666666656, 28.405833333333341 ], [ 69.7025, 28.411666666666676 ], [ 69.71, 28.4175 ] ] } },
{ "type": "Feature", "properties": { "COMID": 45031343, "id": "9229", "lengthkm": 22.765749322144874, "order": 8, "uparea": 718341.15355420392 }, "geometry": { "type": "LineString", "coordinates": [ [ 69.5225, 28.284166666666678 ], [ 69.53, 28.275833333333342 ], [ 69.558333333333337, 28.269166666666678 ], [ 69.565, 28.270833333333343 ], [ 69.5675, 28.274166666666677 ], [ 69.573333333333323, 28.275 ], [ 69.588333333333324, 28.289166666666674 ], [ 69.591666666666669, 28.293333333333344 ], [ 69.594166666666666, 28.305833333333343 ], [ 69.599166666666662, 28.31 ], [ 69.611666666666665, 28.313333333333343 ], [ 69.61666666666666, 28.316666666666677 ], [ 69.62833333333333, 28.315 ], [ 69.63, 28.316666666666677 ], [ 69.6375, 28.3175 ], [ 69.654166666666669, 28.3325 ], [ 69.656666666666666, 28.3325 ], [ 69.663333333333327, 28.326666666666675 ], [ 69.6725, 28.323333333333345 ], [ 69.68, 28.324166666666677 ], [ 69.68416666666667, 28.32833333333334 ], [ 69.69, 28.32833333333334 ], [ 69.693333333333328, 28.3325 ] ] } },
{ "type": "Feature", "properties": { "COMID": 45031342, "id": "9229", "lengthkm": 26.557111213514329, "order": 8, "uparea": 718598.53908972372 }, "geometry": { "type": "LineString", "coordinates": [ [ 69.38, 28.195 ], [ 69.3875, 28.209166666666675 ], [ 69.396666666666661, 28.219166666666673 ], [ 69.399166666666659, 28.224166666666676 ], [ 69.411666666666662, 28.235833333333343 ], [ 69.415, 28.236666666666675 ], [ 69.43416666666667, 28.235 ], [ 69.443333333333328, 28.23 ], [ 69.45, 28.231666666666676 ], [ 69.456666666666663, 28.228333333333342 ], [ 69.466666666666669, 28.218333333333341 ], [ 69.484166666666667, 28.211666666666677 ], [ 69.490833333333327, 28.213333333333342 ], [ 69.495, 28.2175 ], [ 69.500833333333333, 28.218333333333341 ], [ 69.50333333333333, 28.220833333333342 ], [ 69.50333333333333, 28.225 ], [ 69.499166666666667, 28.228333333333342 ], [ 69.5, 28.231666666666676 ], [ 69.4975, 28.235 ], [ 69.49166666666666, 28.255833333333342 ], [ 69.4925, 28.264166666666675 ], [ 69.495, 28.270833333333343 ], [ 69.501666666666665, 28.279166666666676 ], [ 69.508333333333326, 28.2825 ], [ 69.51, 28.281666666666673 ], [ 69.5125, 28.283333333333342 ], [ 69.5225, 28.284166666666678 ] ] } },
{ "type": "Feature", "properties": { "COMID": 45031341, "id": "9229", "lengthkm": 6.2388793093101764, "order": 8, "uparea": 718653.57007076137 }, "geometry": { "type": "LineString", "coordinates": [ [ 69.3675, 28.144166666666678 ], [ 69.37166666666667, 28.153333333333343 ], [ 69.37166666666667, 28.160833333333343 ], [ 69.375, 28.166666666666679 ], [ 69.374166666666667, 28.170833333333341 ], [ 69.3775, 28.179166666666674 ], [ 69.3775, 28.19 ], [ 69.38, 28.195 ] ] } },
{ "type": "Feature", "properties": { "COMID": 45031340, "id": "9229", "lengthkm": 23.809422622173923, "order": 8, "uparea": 719233.96853579825 }, "geometry": { "type": "LineString", "coordinates": [ [ 69.223333333333329, 28.074166666666677 ], [ 69.235833333333332, 28.07 ], [ 69.251666666666665, 28.0575 ], [ 69.260833333333323, 28.0575 ], [ 69.2675, 28.0625 ], [ 69.27, 28.066666666666677 ], [ 69.27, 28.073333333333345 ], [ 69.268333333333331, 28.075 ], [ 69.2675, 28.081666666666678 ], [ 69.265, 28.084166666666675 ], [ 69.265833333333333, 28.0875 ], [ 69.264166666666668, 28.094166666666673 ], [ 69.2725, 28.1125 ], [ 69.276666666666671, 28.1175 ], [ 69.281666666666666, 28.12 ], [ 69.284166666666664, 28.124166666666675 ], [ 69.3025, 28.125833333333343 ], [ 69.3175, 28.121666666666677 ], [ 69.331666666666663, 28.121666666666677 ], [ 69.339166666666671, 28.126666666666676 ], [ 69.3425, 28.125 ], [ 69.345833333333331, 28.125833333333343 ], [ 69.35, 28.13 ], [ 69.360833333333332, 28.135833333333345 ], [ 69.3675, 28.144166666666678 ] ] } },
{ "type": "Feature", "properties": { "COMID": 45031339, "id": "9229", "lengthkm": 8.645352700308905, "order": 8, "uparea": 719316.2911320877 }, "geometry": { "type": "LineString", "coordinates": [ [ 69.144166666666663, 28.073333333333345 ], [ 69.1475, 28.07 ], [ 69.156666666666666, 28.07 ], [ 69.18416666666667, 28.075833333333343 ], [ 69.1975, 28.076666666666675 ], [ 69.204166666666666, 28.075 ], [ 69.206666666666663, 28.0725 ], [ 69.2125, 28.074166666666677 ], [ 69.223333333333329, 28.074166666666677 ] ] } },
{ "type": "Feature", "properties": { "COMID": 45031338, "id": "9229", "lengthkm": 16.906501876606345, "order": 8, "uparea": 719997.55243481952 }, "geometry": { "type": "LineString", "coordinates": [ [ 69.035833333333329, 28.026666666666678 ], [ 69.035833333333329, 28.0475 ], [ 69.0425, 28.064166666666676 ], [ 69.049166666666665, 28.0725 ], [ 69.055, 28.073333333333345 ], [ 69.060833333333335, 28.07833333333334 ], [ 69.071666666666658, 28.08 ], [ 69.085, 28.070833333333344 ], [ 69.0875, 28.0675 ], [ 69.100833333333327, 28.061666666666675 ], [ 69.108333333333334, 28.061666666666675 ], [ 69.1225, 28.065833333333345 ], [ 69.134166666666658, 28.071666666666676 ], [ 69.144166666666663, 28.073333333333345 ] ] } },
{ "type": "Feature", "properties": { "COMID": 45031337, "id": "9229", "lengthkm": 5.0553832652608088, "order": 8, "uparea": 720055.64252519608 }, "geometry": { "type": "LineString", "coordinates": [ [ 69.039166666666659, 27.985 ], [ 69.041666666666657, 27.988333333333344 ], [ 69.0425, 27.994166666666676 ], [ 69.035833333333329, 28.026666666666678 ] ] } },
{ "type": "Feature", "properties": { "COMID": 45031336, "id": "9229", "lengthkm": 23.928026427529158, "order": 8, "uparea": 720207.22080329061 }, "geometry": { "type": "LineString", "coordinates": [ [ 68.935, 27.919166666666676 ], [ 68.941666666666663, 27.92 ], [ 68.946666666666658, 27.918333333333344 ], [ 68.94916666666667, 27.92 ], [ 68.956666666666663, 27.92 ], [ 68.9625, 27.916666666666679 ], [ 68.975, 27.916666666666679 ], [ 68.984166666666667, 27.910833333333343 ], [ 68.985, 27.906666666666677 ], [ 68.993333333333325, 27.898333333333341 ], [ 69.005, 27.893333333333345 ], [ 69.01166666666667, 27.893333333333345 ], [ 69.014166666666668, 27.895833333333343 ], [ 69.0175, 27.895833333333343 ], [ 69.0225, 27.900833333333345 ], [ 69.028333333333336, 27.9025 ], [ 69.045833333333334, 27.919166666666676 ], [ 69.0525, 27.9225 ], [ 69.056666666666658, 27.928333333333342 ], [ 69.055833333333325, 27.934166666666677 ], [ 69.04, 27.9425 ], [ 69.035, 27.946666666666676 ], [ 69.0325, 27.95333333333334 ], [ 69.031666666666666, 27.956666666666678 ], [ 69.035833333333329, 27.97 ], [ 69.033333333333331, 27.975 ], [ 69.036666666666662, 27.9775 ], [ 69.039166666666659, 27.985 ] ] } },
{ "type": "Feature", "properties": { "COMID": 45031335, "id": "9229", "lengthkm": 11.298976075927918, "order": 8, "uparea": 720267.65667102311 }, "geometry": { "type": "LineString", "coordinates": [ [ 68.935, 27.829166666666676 ], [ 68.931666666666658, 27.835 ], [ 68.931666666666658, 27.84 ], [ 68.920833333333334, 27.855 ], [ 68.918333333333337, 27.860833333333343 ], [ 68.92, 27.885 ], [ 68.9225, 27.89083333333334 ], [ 68.924166666666665, 27.901666666666678 ], [ 68.926666666666662, 27.905833333333341 ], [ 68.926666666666662, 27.909166666666678 ], [ 68.935, 27.919166666666676 ] ] } },
{ "type": "Feature", "properties": { "COMID": 45031334, "id": "9229", "lengthkm": 10.854470374262039, "order": 8, "uparea": 720352.41136622441 }, "geometry": { "type": "LineString", "coordinates": [ [ 68.906666666666666, 27.755833333333342 ], [ 68.9075, 27.759166666666676 ], [ 68.920833333333334, 27.7725 ], [ 68.926666666666662, 27.784166666666678 ], [ 68.924166666666665, 27.795 ], [ 68.9275, 27.799166666666679 ], [ 68.9275, 27.8025 ], [ 68.92, 27.810833333333342 ], [ 68.92, 27.814166666666676 ], [ 68.923333333333332, 27.815833333333345 ], [ 68.93, 27.815833333333345 ], [ 68.933333333333337, 27.818333333333342 ], [ 68.936666666666667, 27.8225 ], [ 68.935, 27.829166666666676 ] ] } },
{ "type": "Feature", "properties": { "COMID": 45035617, "id": "9229", "lengthkm": 8.8148458587319833, "order": 8, "uparea": 720806.50809727504 }, "geometry": { "type": "LineString", "coordinates": [ [ 68.9725, 27.738333333333344 ], [ 68.9725, 27.7425 ], [ 68.969166666666666, 27.7475 ], [ 68.960833333333326, 27.753333333333345 ], [ 68.946666666666658, 27.751666666666676 ], [ 68.938333333333333, 27.746666666666677 ], [ 68.928333333333327, 27.743333333333343 ], [ 68.921666666666667, 27.743333333333343 ], [ 68.915, 27.745833333333344 ], [ 68.906666666666666, 27.755833333333342 ] ] } },
{ "type": "Feature", "properties": { "COMID": 45035616, "id": "9229", "lengthkm": 5.3145249460224511, "order": 8, "uparea": 720970.37176067394 }, "geometry": { "type": "LineString", "coordinates": [ [ 68.94, 27.7075 ], [ 68.9525, 27.713333333333345 ], [ 68.968333333333334, 27.725833333333341 ], [ 68.9725, 27.731666666666676 ], [ 68.9725, 27.738333333333344 ] ] } },
{ "type": "Feature", "properties": { "COMID": 45035615, "id": "9229", "lengthkm": 5.1367013931669954, "order": 8, "uparea": 721151.39022426785 }, "geometry": { "type": "LineString", "coordinates": [ [ 68.893333333333331, 27.696666666666676 ], [ 68.9025, 27.696666666666676 ], [ 68.92, 27.70333333333334 ], [ 68.94, 27.7075 ] ] } },
{ "type": "Feature", "properties": { "COMID": 45035614, "id": "9229", "lengthkm": 4.4849107363797884, "order": 8, "uparea": 721200.78510424017 }, "geometry": { "type": "LineString", "coordinates": [ [ 68.855833333333337, 27.6825 ], [ 68.885, 27.694166666666675 ], [ 68.889166666666668, 27.693333333333342 ], [ 68.893333333333331, 27.696666666666676 ] ] } },
{ "type": "Feature", "properties": { "COMID": 45035613, "id": "9229", "lengthkm": 0.65920788276590903, "order": 8, "uparea": 722513.58506188809 }, "geometry": { "type": "LineString", "coordinates": [ [ 68.850833333333327, 27.679166666666674 ], [ 68.855833333333337, 27.6825 ] ] } },
{ "type": "Feature", "properties": { "COMID": 45035612, "id": "9229", "lengthkm": 0.65784239676258904, "order": 8, "uparea": 722560.52017581521 }, "geometry": { "type": "LineString", "coordinates": [ [ 68.845, 27.6775 ], [ 68.850833333333327, 27.679166666666674 ] ] } },
{ "type": "Feature", "properties": { "COMID": 45035611, "id": "9229", "lengthkm": 2.1794084962279281, "order": 8, "uparea": 722643.66939963412 }, "geometry": { "type": "LineString", "coordinates": [ [ 68.825833333333335, 27.671666666666674 ], [ 68.831666666666663, 27.675 ], [ 68.845, 27.6775 ] ] } },
{ "type": "Feature", "properties": { "COMID": 45035610, "id": "9229", "lengthkm": 13.59351269015178, "order": 8, "uparea": 722709.36783217953 }, "geometry": { "type": "LineString", "coordinates": [ [ 68.724166666666662, 27.705 ], [ 68.725833333333327, 27.706666666666678 ], [ 68.73833333333333, 27.705 ], [ 68.7425, 27.700833333333343 ], [ 68.74666666666667, 27.7 ], [ 68.7525, 27.690833333333345 ], [ 68.759166666666658, 27.685833333333342 ], [ 68.763333333333335, 27.675 ], [ 68.766666666666666, 27.671666666666674 ], [ 68.775833333333324, 27.6675 ], [ 68.780833333333334, 27.669166666666676 ], [ 68.786666666666662, 27.6675 ], [ 68.79, 27.664166666666674 ], [ 68.8, 27.665833333333342 ], [ 68.8075, 27.664166666666674 ], [ 68.811666666666667, 27.6675 ], [ 68.825833333333335, 27.671666666666674 ] ] } },
{ "type": "Feature", "properties": { "COMID": 45035609, "id": "9229", "lengthkm": 29.38889155439788, "order": 8, "uparea": 722824.81488652527 }, "geometry": { "type": "LineString", "coordinates": [ [ 68.57416666666667, 27.690833333333345 ], [ 68.576666666666668, 27.696666666666676 ], [ 68.585833333333326, 27.7025 ], [ 68.5875, 27.706666666666678 ], [ 68.594166666666666, 27.711666666666677 ], [ 68.5975, 27.718333333333341 ], [ 68.605, 27.725833333333341 ], [ 68.608333333333334, 27.730833333333344 ], [ 68.611666666666665, 27.741666666666674 ], [ 68.615833333333327, 27.745 ], [ 68.6175, 27.75 ], [ 68.625, 27.759166666666676 ], [ 68.633333333333326, 27.76583333333334 ], [ 68.635833333333323, 27.771666666666675 ], [ 68.648333333333326, 27.783333333333342 ], [ 68.665, 27.79 ], [ 68.669166666666669, 27.79 ], [ 68.673333333333332, 27.7875 ], [ 68.68416666666667, 27.774166666666677 ], [ 68.68416666666667, 27.771666666666675 ], [ 68.688333333333333, 27.765 ], [ 68.685833333333335, 27.758333333333344 ], [ 68.691666666666663, 27.75 ], [ 68.69083333333333, 27.745833333333344 ], [ 68.6925, 27.744166666666676 ], [ 68.69083333333333, 27.7425 ], [ 68.700833333333335, 27.731666666666676 ], [ 68.7, 27.7275 ], [ 68.705, 27.7225 ], [ 68.705833333333331, 27.718333333333341 ], [ 68.709166666666661, 27.715 ], [ 68.710833333333326, 27.715833333333343 ], [ 68.7175, 27.7075 ], [ 68.718333333333334, 27.708333333333343 ], [ 68.724166666666662, 27.705 ] ] } },
{ "type": "Feature", "properties": { "COMID": 45035608, "id": "9229", "lengthkm": 8.9178648726943948, "order": 8, "uparea": 722957.98013355059 }, "geometry": { "type": "LineString", "coordinates": [ [ 68.513333333333335, 27.715 ], [ 68.516666666666666, 27.710833333333341 ], [ 68.518333333333331, 27.711666666666677 ], [ 68.524166666666659, 27.708333333333343 ], [ 68.526666666666671, 27.704166666666676 ], [ 68.531666666666666, 27.7025 ], [ 68.535, 27.698333333333345 ], [ 68.534166666666664, 27.695 ], [ 68.535833333333329, 27.6925 ], [ 68.545, 27.685 ], [ 68.55083333333333, 27.683333333333344 ], [ 68.55416666666666, 27.684166666666677 ], [ 68.5575, 27.681666666666676 ], [ 68.564166666666665, 27.684166666666677 ], [ 68.57416666666667, 27.690833333333345 ] ] } },
{ "type": "Feature", "properties": { "COMID": 45035607, "id": "9229", "lengthkm": 19.738909378812398, "order": 8, "uparea": 723083.04431653966 }, "geometry": { "type": "LineString", "coordinates": [ [ 68.436666666666667, 27.631666666666675 ], [ 68.431666666666658, 27.638333333333343 ], [ 68.428333333333327, 27.638333333333343 ], [ 68.42916666666666, 27.640833333333344 ], [ 68.4225, 27.648333333333341 ], [ 68.421666666666667, 27.654166666666676 ], [ 68.421666666666667, 27.664166666666674 ], [ 68.424166666666665, 27.669166666666676 ], [ 68.428333333333327, 27.674166666666679 ], [ 68.42916666666666, 27.6775 ], [ 68.436666666666667, 27.683333333333344 ], [ 68.43416666666667, 27.689166666666676 ], [ 68.438333333333333, 27.6925 ], [ 68.445833333333326, 27.691666666666677 ], [ 68.448333333333338, 27.694166666666675 ], [ 68.448333333333338, 27.6975 ], [ 68.453333333333333, 27.7 ], [ 68.465, 27.7 ], [ 68.469166666666666, 27.696666666666676 ], [ 68.470833333333331, 27.698333333333345 ], [ 68.4775, 27.6975 ], [ 68.4875, 27.700833333333343 ], [ 68.49166666666666, 27.704166666666676 ], [ 68.493333333333325, 27.70333333333334 ], [ 68.495, 27.705 ], [ 68.4975, 27.70333333333334 ], [ 68.499166666666667, 27.705 ], [ 68.500833333333333, 27.704166666666676 ], [ 68.5075, 27.706666666666678 ], [ 68.5125, 27.706666666666678 ], [ 68.514166666666668, 27.709166666666675 ], [ 68.51, 27.715 ], [ 68.513333333333335, 27.715 ] ] } },
{ "type": "Feature", "properties": { "COMID": 45035606, "id": "9229", "lengthkm": 10.446086497068034, "order": 8, "uparea": 723198.7436753267 }, "geometry": { "type": "LineString", "coordinates": [ [ 68.36666666666666, 27.603333333333342 ], [ 68.373333333333335, 27.6025 ], [ 68.381666666666661, 27.604166666666679 ], [ 68.3875, 27.601666666666674 ], [ 68.395833333333329, 27.6025 ], [ 68.401666666666671, 27.601666666666674 ], [ 68.408333333333331, 27.598333333333343 ], [ 68.411666666666662, 27.598333333333343 ], [ 68.413333333333327, 27.600833333333341 ], [ 68.421666666666667, 27.600833333333341 ], [ 68.425, 27.6025 ], [ 68.436666666666667, 27.615833333333342 ], [ 68.436666666666667, 27.62 ], [ 68.438333333333333, 27.621666666666677 ], [ 68.436666666666667, 27.631666666666675 ] ] } },
{ "type": "Feature", "properties": { "COMID": 45035605, "id": "9229", "lengthkm": 0.57480710766870902, "order": 8, "uparea": 723256.71740359813 }, "geometry": { "type": "LineString", "coordinates": [ [ 68.360833333333332, 27.603333333333342 ], [ 68.36666666666666, 27.603333333333342 ] ] } },
{ "type": "Feature", "properties": { "COMID": 45035604, "id": "9229", "lengthkm": 20.607878585447608, "order": 8, "uparea": 723351.04927540058 }, "geometry": { "type": "LineString", "coordinates": [ [ 68.346666666666664, 27.54 ], [ 68.3425, 27.536666666666676 ], [ 68.339166666666671, 27.536666666666676 ], [ 68.3375, 27.535 ], [ 68.335833333333326, 27.535833333333343 ], [ 68.330833333333331, 27.5325 ], [ 68.313333333333333, 27.53 ], [ 68.308333333333337, 27.534166666666678 ], [ 68.3, 27.534166666666678 ], [ 68.295833333333334, 27.536666666666676 ], [ 68.29, 27.541666666666679 ], [ 68.288333333333327, 27.545833333333341 ], [ 68.289166666666659, 27.55 ], [ 68.295, 27.555 ], [ 68.294166666666669, 27.561666666666675 ], [ 68.2975, 27.565 ], [ 68.2975, 27.569166666666675 ], [ 68.293333333333337, 27.579166666666676 ], [ 68.295833333333334, 27.585833333333341 ], [ 68.303333333333327, 27.593333333333341 ], [ 68.3075, 27.593333333333341 ], [ 68.32, 27.601666666666674 ], [ 68.323333333333338, 27.601666666666674 ], [ 68.325, 27.6 ], [ 68.330833333333331, 27.600833333333341 ], [ 68.334166666666661, 27.599166666666676 ], [ 68.341666666666669, 27.599166666666676 ], [ 68.350833333333327, 27.6025 ], [ 68.360833333333332, 27.603333333333342 ] ] } },
{ "type": "Feature", "properties": { "COMID": 45035603, "id": "9229", "lengthkm": 8.9331569295446478, "order": 8, "uparea": 723402.10034099058 }, "geometry": { "type": "LineString", "coordinates": [ [ 68.380833333333328, 27.506666666666675 ], [ 68.380833333333328, 27.510833333333345 ], [ 68.38666666666667, 27.519166666666678 ], [ 68.385, 27.52 ], [ 68.385833333333338, 27.526666666666678 ], [ 68.3825, 27.531666666666677 ], [ 68.379166666666663, 27.533333333333346 ], [ 68.38, 27.535 ], [ 68.3775, 27.538333333333341 ], [ 68.37833333333333, 27.539166666666677 ], [ 68.374166666666667, 27.543333333333344 ], [ 68.373333333333335, 27.5425 ], [ 68.370833333333337, 27.544166666666676 ], [ 68.3675, 27.5425 ], [ 68.358333333333334, 27.5425 ], [ 68.355833333333337, 27.543333333333344 ], [ 68.355, 27.545833333333341 ], [ 68.35, 27.540833333333342 ], [ 68.346666666666664, 27.54 ] ] } },
{ "type": "Feature", "properties": { "COMID": 45035602, "id": "9229", "lengthkm": 21.659131694553615, "order": 8, "uparea": 723563.70968910749 }, "geometry": { "type": "LineString", "coordinates": [ [ 68.273333333333326, 27.435 ], [ 68.273333333333326, 27.440833333333345 ], [ 68.268333333333331, 27.450833333333343 ], [ 68.270833333333329, 27.4525 ], [ 68.271666666666661, 27.461666666666677 ], [ 68.275833333333338, 27.464166666666678 ], [ 68.275, 27.465 ], [ 68.283333333333331, 27.473333333333343 ], [ 68.285, 27.481666666666676 ], [ 68.299166666666665, 27.490833333333342 ], [ 68.295833333333334, 27.4925 ], [ 68.3, 27.4975 ], [ 68.305833333333325, 27.4925 ], [ 68.3125, 27.494166666666676 ], [ 68.314166666666665, 27.491666666666674 ], [ 68.3125, 27.49 ], [ 68.3225, 27.483333333333341 ], [ 68.334166666666661, 27.481666666666676 ], [ 68.333333333333329, 27.4825 ], [ 68.335833333333326, 27.485 ], [ 68.338333333333338, 27.485 ], [ 68.3475, 27.480833333333344 ], [ 68.353333333333325, 27.480833333333344 ], [ 68.355833333333337, 27.479166666666679 ], [ 68.379166666666663, 27.503333333333345 ], [ 68.380833333333328, 27.506666666666675 ] ] } },
{ "type": "Feature", "properties": { "COMID": 45035601, "id": "9229", "lengthkm": 11.179846654719707, "order": 8, "uparea": 723612.48167111003 }, "geometry": { "type": "LineString", "coordinates": [ [ 68.294166666666669, 27.358333333333341 ], [ 68.293333333333337, 27.359166666666674 ], [ 68.295, 27.361666666666679 ], [ 68.293333333333337, 27.364166666666677 ], [ 68.295833333333334, 27.368333333333343 ], [ 68.295833333333334, 27.375 ], [ 68.294166666666669, 27.376666666666676 ], [ 68.295, 27.379166666666677 ], [ 68.288333333333327, 27.388333333333343 ], [ 68.283333333333331, 27.3925 ], [ 68.2825, 27.396666666666675 ], [ 68.2825, 27.398333333333341 ], [ 68.289166666666659, 27.405 ], [ 68.288333333333327, 27.408333333333346 ], [ 68.2925, 27.41 ], [ 68.2925, 27.415 ], [ 68.289166666666659, 27.4175 ], [ 68.289166666666659, 27.419166666666676 ], [ 68.285, 27.420833333333341 ], [ 68.275833333333338, 27.429166666666674 ], [ 68.273333333333326, 27.435 ] ] } },
{ "type": "Feature", "properties": { "COMID": 45035600, "id": "9229", "lengthkm": 20.411610614677716, "order": 8, "uparea": 724106.69153357798 }, "geometry": { "type": "LineString", "coordinates": [ [ 68.1425, 27.295 ], [ 68.1425, 27.299166666666679 ], [ 68.146666666666661, 27.300833333333344 ], [ 68.161666666666662, 27.326666666666675 ], [ 68.18, 27.341666666666676 ], [ 68.195833333333326, 27.351666666666677 ], [ 68.2, 27.351666666666677 ], [ 68.204166666666666, 27.354166666666679 ], [ 68.205833333333331, 27.353333333333342 ], [ 68.2125, 27.356666666666676 ], [ 68.223333333333329, 27.356666666666676 ], [ 68.233333333333334, 27.3525 ], [ 68.283333333333331, 27.35 ], [ 68.290833333333325, 27.3525 ], [ 68.290833333333325, 27.355833333333344 ], [ 68.294166666666669, 27.358333333333341 ] ] } },
{ "type": "Feature", "properties": { "COMID": 45035599, "id": "9229", "lengthkm": 7.2916957294129059, "order": 8, "uparea": 724143.82346580457 }, "geometry": { "type": "LineString", "coordinates": [ [ 68.1625, 27.238333333333344 ], [ 68.149166666666659, 27.253333333333345 ], [ 68.145833333333329, 27.259166666666676 ], [ 68.145, 27.265833333333344 ], [ 68.143333333333331, 27.2675 ], [ 68.143333333333331, 27.274166666666677 ], [ 68.14, 27.2825 ], [ 68.1425, 27.295 ] ] } },
{ "type": "Feature", "properties": { "COMID": 45035598, "id": "9229", "lengthkm": 5.3898421970529418, "order": 8, "uparea": 724228.46936634998 }, "geometry": { "type": "LineString", "coordinates": [ [ 68.193333333333328, 27.201666666666675 ], [ 68.17583333333333, 27.225 ], [ 68.1625, 27.238333333333344 ] ] } },
{ "type": "Feature", "properties": { "COMID": 45035597, "id": "9229", "lengthkm": 17.127368461647546, "order": 8, "uparea": 724326.70844985091 }, "geometry": { "type": "LineString", "coordinates": [ [ 68.083333333333329, 27.168333333333344 ], [ 68.088333333333338, 27.1675 ], [ 68.0925, 27.17 ], [ 68.098333333333329, 27.165 ], [ 68.11333333333333, 27.164166666666677 ], [ 68.125833333333333, 27.159166666666678 ], [ 68.140833333333333, 27.16 ], [ 68.149166666666659, 27.1575 ], [ 68.1575, 27.164166666666677 ], [ 68.165, 27.165833333333346 ], [ 68.168333333333337, 27.168333333333344 ], [ 68.176666666666662, 27.169166666666676 ], [ 68.180833333333325, 27.171666666666674 ], [ 68.191666666666663, 27.171666666666674 ], [ 68.2, 27.1775 ], [ 68.200833333333335, 27.183333333333344 ], [ 68.198333333333338, 27.185833333333342 ], [ 68.2, 27.188333333333343 ], [ 68.193333333333328, 27.201666666666675 ] ] } },
{ "type": "Feature", "properties": { "COMID": 45039699, "id": "9229", "lengthkm": 7.8831239566046998, "order": 8, "uparea": 724438.57051780738 }, "geometry": { "type": "LineString", "coordinates": [ [ 68.105, 27.11 ], [ 68.1025, 27.115833333333342 ], [ 68.091666666666669, 27.129166666666677 ], [ 68.091666666666669, 27.131666666666675 ], [ 68.088333333333338, 27.135 ], [ 68.088333333333338, 27.138333333333343 ], [ 68.085, 27.140833333333344 ], [ 68.085, 27.145833333333343 ], [ 68.081666666666663, 27.149166666666677 ], [ 68.081666666666663, 27.154166666666676 ], [ 68.085, 27.1575 ], [ 68.083333333333329, 27.168333333333344 ] ] } },
{ "type": "Feature", "properties": { "COMID": 45039698, "id": "9229", "lengthkm": 11.728215632135219, "order": 8, "uparea": 724547.73056466423 }, "geometry": { "type": "LineString", "coordinates": [ [ 68.0425, 27.0825 ], [ 68.049166666666665, 27.091666666666676 ], [ 68.055833333333325, 27.093333333333341 ], [ 68.0575, 27.090833333333343 ], [ 68.06583333333333, 27.09 ], [ 68.070833333333326, 27.081666666666678 ], [ 68.0725, 27.081666666666678 ], [ 68.078333333333333, 27.075833333333343 ], [ 68.085, 27.075 ], [ 68.091666666666669, 27.076666666666675 ], [ 68.095, 27.08 ], [ 68.0975, 27.08 ], [ 68.1025, 27.086666666666677 ], [ 68.1025, 27.094166666666677 ], [ 68.104166666666657, 27.095 ], [ 68.104166666666657, 27.100833333333341 ], [ 68.1025, 27.103333333333346 ], [ 68.105, 27.11 ] ] } },
{ "type": "Feature", "properties": { "COMID": 45039697, "id": "9229", "lengthkm": 10.652198633938212, "order": 8, "uparea": 724626.97589413519 }, "geometry": { "type": "LineString", "coordinates": [ [ 68.0375, 26.996666666666677 ], [ 68.035833333333329, 27.0 ], [ 68.035, 27.010833333333345 ], [ 68.03, 27.014166666666675 ], [ 68.03, 27.015833333333344 ], [ 68.033333333333331, 27.024166666666677 ], [ 68.0325, 27.0275 ], [ 68.0375, 27.038333333333341 ], [ 68.0375, 27.048333333333343 ], [ 68.035833333333329, 27.050833333333344 ], [ 68.036666666666662, 27.060833333333342 ], [ 68.039166666666659, 27.063333333333343 ], [ 68.04, 27.074166666666677 ], [ 68.0425, 27.0825 ] ] } },
{ "type": "Feature", "properties": { "COMID": 45039696, "id": "9229", "lengthkm": 24.856730813250113, "order": 8, "uparea": 724735.06584753876 }, "geometry": { "type": "LineString", "coordinates": [ [ 67.893333333333331, 26.8875 ], [ 67.898333333333326, 26.890833333333344 ], [ 67.9, 26.893333333333345 ], [ 67.899166666666659, 26.895 ], [ 67.909166666666664, 26.9075 ], [ 67.91, 26.9125 ], [ 67.9075, 26.935833333333342 ], [ 67.911666666666662, 26.940833333333345 ], [ 67.918333333333337, 26.944166666666675 ], [ 67.924166666666665, 26.94 ], [ 67.930833333333325, 26.94 ], [ 67.93416666666667, 26.941666666666677 ], [ 67.936666666666667, 26.945 ], [ 67.935833333333335, 26.9475 ], [ 67.939166666666665, 26.95 ], [ 67.955833333333331, 26.954166666666676 ], [ 67.974166666666662, 26.955 ], [ 67.98, 26.96 ], [ 67.983333333333334, 26.960833333333344 ], [ 67.985833333333332, 26.959166666666675 ], [ 67.994166666666658, 26.9625 ], [ 68.0, 26.96 ], [ 68.006666666666661, 26.96 ], [ 68.019166666666663, 26.964166666666678 ], [ 68.023333333333326, 26.964166666666678 ], [ 68.035, 26.9725 ], [ 68.034166666666664, 26.986666666666679 ], [ 68.0375, 26.990833333333342 ], [ 68.0375, 26.996666666666677 ] ] } },
{ "type": "Feature", "properties": { "COMID": 45039695, "id": "9229", "lengthkm": 9.518847419204107, "order": 8, "uparea": 724941.02505042206 }, "geometry": { "type": "LineString", "coordinates": [ [ 67.945833333333326, 26.8575 ], [ 67.945833333333326, 26.86 ], [ 67.941666666666663, 26.865 ], [ 67.9325, 26.870833333333344 ], [ 67.923333333333332, 26.874166666666675 ], [ 67.908333333333331, 26.875 ], [ 67.899166666666659, 26.87 ], [ 67.89, 26.87 ], [ 67.88666666666667, 26.875 ], [ 67.888333333333335, 26.875833333333343 ], [ 67.890833333333333, 26.880833333333342 ], [ 67.89, 26.883333333333344 ], [ 67.893333333333331, 26.8875 ] ] } },
{ "type": "Feature", "properties": { "COMID": 45039694, "id": "9229", "lengthkm": 18.202396807757388, "order": 8, "uparea": 725054.0774251495 }, "geometry": { "type": "LineString", "coordinates": [ [ 67.883333333333326, 26.728333333333346 ], [ 67.874166666666667, 26.745833333333344 ], [ 67.876666666666665, 26.755833333333342 ], [ 67.88, 26.760833333333345 ], [ 67.889166666666668, 26.764166666666675 ], [ 67.895833333333329, 26.770833333333343 ], [ 67.9, 26.7725 ], [ 67.9, 26.775 ], [ 67.906666666666666, 26.7825 ], [ 67.9075, 26.786666666666676 ], [ 67.914166666666659, 26.794166666666676 ], [ 67.916666666666671, 26.804166666666674 ], [ 67.921666666666667, 26.811666666666675 ], [ 67.92583333333333, 26.8225 ], [ 67.926666666666662, 26.83 ], [ 67.93, 26.8325 ], [ 67.930833333333325, 26.836666666666677 ], [ 67.944166666666661, 26.849166666666676 ], [ 67.945833333333326, 26.8575 ] ] } },
{ "type": "Feature", "properties": { "COMID": 45039693, "id": "9229", "lengthkm": 16.733600497292134, "order": 8, "uparea": 725247.77805659513 }, "geometry": { "type": "LineString", "coordinates": [ [ 67.831666666666663, 26.624166666666675 ], [ 67.839166666666671, 26.6275 ], [ 67.845, 26.635 ], [ 67.850833333333327, 26.633333333333344 ], [ 67.861666666666665, 26.633333333333344 ], [ 67.87166666666667, 26.643333333333345 ], [ 67.876666666666665, 26.650833333333345 ], [ 67.875833333333333, 26.654166666666676 ], [ 67.885, 26.669166666666676 ], [ 67.885, 26.674166666666679 ], [ 67.895, 26.689166666666679 ], [ 67.894166666666663, 26.695833333333344 ], [ 67.895833333333329, 26.7 ], [ 67.895833333333329, 26.710833333333344 ], [ 67.893333333333331, 26.721666666666678 ], [ 67.885833333333338, 26.728333333333346 ], [ 67.883333333333326, 26.728333333333346 ] ] } },
{ "type": "Feature", "properties": { "COMID": 45043692, "id": "9229", "lengthkm": 7.7661556103213751, "order": 8, "uparea": 725339.20992777497 }, "geometry": { "type": "LineString", "coordinates": [ [ 67.806666666666672, 26.57166666666668 ], [ 67.801666666666662, 26.574166666666677 ], [ 67.801666666666662, 26.580833333333345 ], [ 67.799166666666665, 26.585833333333344 ], [ 67.8025, 26.591666666666676 ], [ 67.8025, 26.595 ], [ 67.805, 26.599166666666676 ], [ 67.8125, 26.604166666666679 ], [ 67.813333333333333, 26.606666666666676 ], [ 67.831666666666663, 26.624166666666675 ] ] } },
{ "type": "Feature", "properties": { "COMID": 45039692, "id": "9229", "lengthkm": 10.520167311711894, "order": 8, "uparea": 725899.64001959621 }, "geometry": { "type": "LineString", "coordinates": [ [ 67.884166666666658, 26.585 ], [ 67.879166666666663, 26.593333333333344 ], [ 67.873333333333335, 26.598333333333343 ], [ 67.870833333333337, 26.598333333333343 ], [ 67.869166666666658, 26.596666666666678 ], [ 67.856666666666669, 26.593333333333344 ], [ 67.8475, 26.583333333333343 ], [ 67.846666666666664, 26.58 ], [ 67.838333333333338, 26.575833333333343 ], [ 67.835, 26.5725 ], [ 67.8325, 26.573333333333345 ], [ 67.830833333333331, 26.57166666666668 ], [ 67.820833333333326, 26.570833333333344 ], [ 67.816666666666663, 26.5725 ], [ 67.80916666666667, 26.57 ], [ 67.806666666666672, 26.57166666666668 ] ] } },
{ "type": "Feature", "properties": { "COMID": 45043691, "id": "9229", "lengthkm": 7.4110955847659374, "order": 8, "uparea": 726656.26038760238 }, "geometry": { "type": "LineString", "coordinates": [ [ 67.9325, 26.548333333333346 ], [ 67.928333333333327, 26.55 ], [ 67.9225, 26.549166666666679 ], [ 67.915, 26.550833333333344 ], [ 67.9075, 26.555833333333343 ], [ 67.904166666666669, 26.555833333333343 ], [ 67.889166666666668, 26.57 ], [ 67.885, 26.576666666666675 ], [ 67.884166666666658, 26.585 ] ] } },
{ "type": "Feature", "properties": { "COMID": 45043690, "id": "9229", "lengthkm": 2.781867491324137, "order": 8, "uparea": 726725.03803351813 }, "geometry": { "type": "LineString", "coordinates": [ [ 67.946666666666658, 26.53 ], [ 67.945, 26.535 ], [ 67.938333333333333, 26.539166666666677 ], [ 67.935833333333335, 26.545833333333341 ], [ 67.9325, 26.548333333333346 ] ] } },
{ "type": "Feature", "properties": { "COMID": 45043689, "id": "9229", "lengthkm": 15.678099533324835, "order": 8, "uparea": 726863.16318658588 }, "geometry": { "type": "LineString", "coordinates": [ [ 67.879166666666663, 26.424166666666679 ], [ 67.895833333333329, 26.429166666666678 ], [ 67.905, 26.4375 ], [ 67.906666666666666, 26.445833333333344 ], [ 67.903333333333336, 26.450833333333343 ], [ 67.9025, 26.464166666666678 ], [ 67.905833333333334, 26.478333333333346 ], [ 67.9125, 26.4875 ], [ 67.928333333333327, 26.503333333333345 ], [ 67.93416666666667, 26.506666666666675 ], [ 67.945, 26.516666666666676 ], [ 67.946666666666658, 26.53 ] ] } },
{ "type": "Feature", "properties": { "COMID": 45043688, "id": "9229", "lengthkm": 18.574411575187227, "order": 8, "uparea": 825523.61787449906 }, "geometry": { "type": "LineString", "coordinates": [ [ 67.933333333333337, 26.314166666666679 ], [ 67.926666666666662, 26.315833333333345 ], [ 67.9075, 26.314166666666679 ], [ 67.9, 26.316666666666677 ], [ 67.8925, 26.320833333333344 ], [ 67.885833333333338, 26.33 ], [ 67.880833333333328, 26.345833333333346 ], [ 67.881666666666661, 26.349166666666676 ], [ 67.890833333333333, 26.358333333333341 ], [ 67.893333333333331, 26.370833333333344 ], [ 67.895833333333329, 26.3725 ], [ 67.8975, 26.3775 ], [ 67.8975, 26.38416666666668 ], [ 67.895833333333329, 26.385833333333345 ], [ 67.899166666666659, 26.395 ], [ 67.894166666666663, 26.405 ], [ 67.885833333333338, 26.409166666666678 ], [ 67.88, 26.416666666666679 ], [ 67.879166666666663, 26.424166666666679 ] ] } },
{ "type": "Feature", "properties": { "COMID": 45043687, "id": "9229", "lengthkm": 13.817941704037899, "order": 8, "uparea": 825699.62993286818 }, "geometry": { "type": "LineString", "coordinates": [ [ 67.928333333333327, 26.2475 ], [ 67.918333333333337, 26.256666666666675 ], [ 67.918333333333337, 26.261666666666677 ], [ 67.921666666666667, 26.266666666666676 ], [ 67.9275, 26.271666666666675 ], [ 67.933333333333337, 26.271666666666675 ], [ 67.93416666666667, 26.273333333333344 ], [ 67.945833333333326, 26.276666666666678 ], [ 67.94916666666667, 26.28 ], [ 67.951666666666668, 26.278333333333343 ], [ 67.958333333333329, 26.280833333333344 ], [ 67.9675, 26.2875 ], [ 67.965833333333336, 26.2925 ], [ 67.953333333333333, 26.304166666666678 ], [ 67.95, 26.305833333333347 ], [ 67.944166666666661, 26.305 ], [ 67.935, 26.314166666666679 ], [ 67.933333333333337, 26.314166666666679 ] ] } },
{ "type": "Feature", "properties": { "COMID": 45043686, "id": "9229", "lengthkm": 14.964591384706635, "order": 8, "uparea": 825837.56857267255 }, "geometry": { "type": "LineString", "coordinates": [ [ 68.013333333333335, 26.186666666666678 ], [ 68.01166666666667, 26.188333333333343 ], [ 68.01, 26.19666666666668 ], [ 68.014166666666668, 26.209166666666675 ], [ 68.01, 26.215 ], [ 68.01, 26.225 ], [ 68.001666666666665, 26.235 ], [ 67.99666666666667, 26.235 ], [ 67.993333333333325, 26.2375 ], [ 67.976666666666659, 26.2375 ], [ 67.964166666666671, 26.233333333333341 ], [ 67.948333333333338, 26.230833333333344 ], [ 67.94083333333333, 26.233333333333341 ], [ 67.928333333333327, 26.2475 ] ] } },
{ "type": "Feature", "properties": { "COMID": 45043685, "id": "9229", "lengthkm": 2.3337515046411661, "order": 8, "uparea": 825898.65616356942 }, "geometry": { "type": "LineString", "coordinates": [ [ 68.028333333333336, 26.170833333333341 ], [ 68.013333333333335, 26.186666666666678 ] ] } },
{ "type": "Feature", "properties": { "COMID": 45043684, "id": "9229", "lengthkm": 1.171910256217783, "order": 8, "uparea": 826694.1947731924 }, "geometry": { "type": "LineString", "coordinates": [ [ 68.035833333333329, 26.163333333333345 ], [ 68.028333333333336, 26.170833333333341 ] ] } },
{ "type": "Feature", "properties": { "COMID": 45043683, "id": "9229", "lengthkm": 3.4974618238921238, "order": 8, "uparea": 826779.16380995768 }, "geometry": { "type": "LineString", "coordinates": [ [ 68.060833333333335, 26.144166666666678 ], [ 68.046666666666667, 26.1525 ], [ 68.035833333333329, 26.163333333333345 ] ] } },
{ "type": "Feature", "properties": { "COMID": 45043682, "id": "9229", "lengthkm": 6.1933988735253864, "order": 8, "uparea": 826906.44360829657 }, "geometry": { "type": "LineString", "coordinates": [ [ 68.11666666666666, 26.146666666666675 ], [ 68.110833333333332, 26.145833333333343 ], [ 68.100833333333327, 26.140833333333344 ], [ 68.089166666666671, 26.139166666666675 ], [ 68.0775, 26.139166666666675 ], [ 68.060833333333335, 26.144166666666678 ] ] } },
{ "type": "Feature", "properties": { "COMID": 45043681, "id": "9229", "lengthkm": 10.259031985096977, "order": 8, "uparea": 827027.21627638326 }, "geometry": { "type": "LineString", "coordinates": [ [ 68.120833333333337, 26.07916666666668 ], [ 68.125, 26.089166666666678 ], [ 68.1275, 26.091666666666676 ], [ 68.125833333333333, 26.099166666666676 ], [ 68.131666666666661, 26.105 ], [ 68.13, 26.116666666666678 ], [ 68.135833333333338, 26.14166666666668 ], [ 68.13, 26.146666666666675 ], [ 68.11666666666666, 26.146666666666675 ] ] } },
{ "type": "Feature", "properties": { "COMID": 45043680, "id": "9229", "lengthkm": 4.0919949104506612, "order": 8, "uparea": 827221.74162941938 }, "geometry": { "type": "LineString", "coordinates": [ [ 68.14, 26.05 ], [ 68.123333333333335, 26.065833333333345 ], [ 68.12, 26.073333333333345 ], [ 68.120833333333337, 26.07916666666668 ] ] } },
{ "type": "Feature", "properties": { "COMID": 45047750, "id": "9229", "lengthkm": 32.398419805479243, "order": 8, "uparea": 827702.67723157548 }, "geometry": { "type": "LineString", "coordinates": [ [ 68.3325, 25.875833333333347 ], [ 68.326666666666668, 25.876666666666679 ], [ 68.325, 25.875 ], [ 68.321666666666658, 25.875 ], [ 68.32, 25.876666666666679 ], [ 68.310833333333335, 25.875833333333347 ], [ 68.30916666666667, 25.8775 ], [ 68.3, 25.875833333333347 ], [ 68.296666666666667, 25.8775 ], [ 68.2825, 25.878333333333345 ], [ 68.264166666666668, 25.889166666666675 ], [ 68.259166666666658, 25.898333333333344 ], [ 68.259166666666658, 25.900833333333345 ], [ 68.26166666666667, 25.903333333333343 ], [ 68.26, 25.918333333333344 ], [ 68.255833333333328, 25.9225 ], [ 68.256666666666661, 25.923333333333346 ], [ 68.245833333333337, 25.941666666666677 ], [ 68.240833333333327, 25.94666666666668 ], [ 68.240833333333327, 25.949166666666677 ], [ 68.2375, 25.953333333333344 ], [ 68.2325, 25.965 ], [ 68.231666666666669, 25.970833333333346 ], [ 68.22, 25.9925 ], [ 68.200833333333335, 26.013333333333343 ], [ 68.194166666666661, 26.018333333333345 ], [ 68.14, 26.05 ] ] } },
{ "type": "Feature", "properties": { "COMID": 45047749, "id": "9229", "lengthkm": 12.1799135882504, "order": 8, "uparea": 827984.76704310114 }, "geometry": { "type": "LineString", "coordinates": [ [ 68.381666666666661, 25.789166666666677 ], [ 68.376666666666665, 25.795833333333345 ], [ 68.376666666666665, 25.805 ], [ 68.359166666666667, 25.8225 ], [ 68.356666666666669, 25.83 ], [ 68.345, 25.843333333333344 ], [ 68.34, 25.860833333333346 ], [ 68.340833333333336, 25.8725 ], [ 68.336666666666659, 25.875833333333347 ], [ 68.3325, 25.875833333333347 ] ] } },
{ "type": "Feature", "properties": { "COMID": 45047748, "id": "9229", "lengthkm": 11.953752872280704, "order": 8, "uparea": 828390.60089591052 }, "geometry": { "type": "LineString", "coordinates": [ [ 68.319166666666661, 25.713333333333345 ], [ 68.321666666666658, 25.715833333333343 ], [ 68.333333333333329, 25.720833333333346 ], [ 68.3325, 25.724166666666676 ], [ 68.3425, 25.729166666666679 ], [ 68.345833333333331, 25.7325 ], [ 68.3475, 25.735833333333346 ], [ 68.345833333333331, 25.7375 ], [ 68.353333333333325, 25.748333333333342 ], [ 68.355, 25.753333333333345 ], [ 68.38, 25.781666666666677 ], [ 68.381666666666661, 25.784166666666678 ], [ 68.381666666666661, 25.789166666666677 ] ] } },
{ "type": "Feature", "properties": { "COMID": 45047747, "id": "9229", "lengthkm": 15.901375433785295, "order": 8, "uparea": 829337.52867651812 }, "geometry": { "type": "LineString", "coordinates": [ [ 68.426666666666662, 25.648333333333344 ], [ 68.424166666666665, 25.650833333333345 ], [ 68.423333333333332, 25.6575 ], [ 68.415, 25.663333333333345 ], [ 68.411666666666662, 25.670833333333345 ], [ 68.405833333333334, 25.675833333333344 ], [ 68.405833333333334, 25.6775 ], [ 68.409166666666664, 25.68 ], [ 68.405833333333334, 25.685833333333342 ], [ 68.375833333333333, 25.684166666666677 ], [ 68.360833333333332, 25.6875 ], [ 68.3475, 25.6925 ], [ 68.335833333333326, 25.7 ], [ 68.32416666666667, 25.705 ], [ 68.32, 25.709166666666675 ], [ 68.319166666666661, 25.713333333333345 ] ] } },
{ "type": "Feature", "properties": { "COMID": 45047746, "id": "9229", "lengthkm": 8.1926186510774226, "order": 8, "uparea": 829524.47395390016 }, "geometry": { "type": "LineString", "coordinates": [ [ 68.37166666666667, 25.608333333333345 ], [ 68.396666666666661, 25.615 ], [ 68.406666666666666, 25.621666666666677 ], [ 68.4075, 25.620833333333344 ], [ 68.415833333333325, 25.630833333333342 ], [ 68.419166666666669, 25.6425 ], [ 68.426666666666662, 25.648333333333344 ] ] } },
{ "type": "Feature", "properties": { "COMID": 45047745, "id": "9229", "lengthkm": 7.8705876456181123, "order": 8, "uparea": 829758.79830574768 }, "geometry": { "type": "LineString", "coordinates": [ [ 68.390833333333333, 25.549166666666679 ], [ 68.393333333333331, 25.555 ], [ 68.393333333333331, 25.561666666666678 ], [ 68.385833333333338, 25.573333333333345 ], [ 68.3825, 25.575 ], [ 68.375, 25.584166666666675 ], [ 68.368333333333325, 25.598333333333343 ], [ 68.368333333333325, 25.605 ], [ 68.37166666666667, 25.608333333333345 ] ] } },
{ "type": "Feature", "properties": { "COMID": 45047744, "id": "9229", "lengthkm": 2.7929150899053168, "order": 8, "uparea": 829846.95857476629 }, "geometry": { "type": "LineString", "coordinates": [ [ 68.368333333333325, 25.538333333333345 ], [ 68.3775, 25.545 ], [ 68.38666666666667, 25.546666666666678 ], [ 68.390833333333333, 25.549166666666679 ] ] } },
{ "type": "Feature", "properties": { "COMID": 45047743, "id": "9229", "lengthkm": 6.7733636194292286, "order": 8, "uparea": 830615.75133765815 }, "geometry": { "type": "LineString", "coordinates": [ [ 68.321666666666658, 25.505 ], [ 68.329166666666666, 25.511666666666677 ], [ 68.343333333333334, 25.511666666666677 ], [ 68.351666666666659, 25.515833333333344 ], [ 68.359166666666667, 25.523333333333344 ], [ 68.368333333333325, 25.538333333333345 ] ] } },
{ "type": "Feature", "properties": { "COMID": 45047742, "id": "9229", "lengthkm": 5.4335074070052691, "order": 8, "uparea": 830679.77834853542 }, "geometry": { "type": "LineString", "coordinates": [ [ 68.316666666666663, 25.4625 ], [ 68.3125, 25.47 ], [ 68.31, 25.481666666666676 ], [ 68.311666666666667, 25.488333333333344 ], [ 68.321666666666658, 25.505 ] ] } },
{ "type": "Feature", "properties": { "COMID": 45047741, "id": "9229", "lengthkm": 2.606223330534279, "order": 8, "uparea": 830902.20851079375 }, "geometry": { "type": "LineString", "coordinates": [ [ 68.31583333333333, 25.441666666666677 ], [ 68.32, 25.453333333333344 ], [ 68.316666666666663, 25.4625 ] ] } },
{ "type": "Feature", "properties": { "COMID": 45047740, "id": "9229", "lengthkm": 0.31017766657950802, "order": 8, "uparea": 831076.57329535985 }, "geometry": { "type": "LineString", "coordinates": [ [ 68.315, 25.439166666666679 ], [ 68.31583333333333, 25.441666666666677 ] ] } },
{ "type": "Feature", "properties": { "COMID": 45051878, "id": "9229", "lengthkm": 41.309578193004533, "order": 8, "uparea": 831348.94610087201 }, "geometry": { "type": "LineString", "coordinates": [ [ 68.339166666666671, 25.179166666666678 ], [ 68.336666666666659, 25.178333333333345 ], [ 68.328333333333333, 25.1825 ], [ 68.320833333333326, 25.178333333333345 ], [ 68.315, 25.181666666666679 ], [ 68.31, 25.1825 ], [ 68.2875, 25.1825 ], [ 68.2825, 25.185 ], [ 68.279166666666669, 25.19 ], [ 68.279166666666669, 25.1975 ], [ 68.284166666666664, 25.206666666666678 ], [ 68.290833333333325, 25.2125 ], [ 68.295833333333334, 25.220833333333346 ], [ 68.315, 25.2425 ], [ 68.330833333333331, 25.254166666666677 ], [ 68.34, 25.2675 ], [ 68.34, 25.27 ], [ 68.3425, 25.271666666666675 ], [ 68.346666666666664, 25.28 ], [ 68.350833333333327, 25.295 ], [ 68.350833333333327, 25.301666666666677 ], [ 68.349166666666662, 25.304166666666678 ], [ 68.35, 25.310833333333342 ], [ 68.344166666666666, 25.3175 ], [ 68.344166666666666, 25.326666666666679 ], [ 68.334166666666661, 25.350833333333345 ], [ 68.331666666666663, 25.353333333333346 ], [ 68.331666666666663, 25.356666666666676 ], [ 68.325833333333335, 25.363333333333344 ], [ 68.306666666666658, 25.375833333333347 ], [ 68.3075, 25.380833333333342 ], [ 68.305, 25.3875 ], [ 68.3075, 25.395833333333343 ], [ 68.310833333333335, 25.400833333333345 ], [ 68.31, 25.404166666666676 ], [ 68.313333333333333, 25.41 ], [ 68.31583333333333, 25.420833333333345 ], [ 68.315, 25.439166666666679 ] ] } },
{ "type": "Feature", "properties": { "COMID": 45051877, "id": "9229", "lengthkm": 4.3262078763479277, "order": 8, "uparea": 831391.3757437981 }, "geometry": { "type": "LineString", "coordinates": [ [ 68.360833333333332, 25.1525 ], [ 68.354166666666657, 25.161666666666676 ], [ 68.355, 25.164166666666677 ], [ 68.346666666666664, 25.173333333333346 ], [ 68.345833333333331, 25.1725 ], [ 68.344166666666666, 25.174166666666679 ], [ 68.344166666666666, 25.176666666666677 ], [ 68.340833333333336, 25.176666666666677 ], [ 68.339166666666671, 25.179166666666678 ] ] } },
{ "type": "Feature", "properties": { "COMID": 45051876, "id": "9229", "lengthkm": 14.043984848270064, "order": 8, "uparea": 831471.66551537905 }, "geometry": { "type": "LineString", "coordinates": [ [ 68.2975, 25.136666666666677 ], [ 68.30416666666666, 25.138333333333343 ], [ 68.306666666666658, 25.135833333333345 ], [ 68.310833333333335, 25.135 ], [ 68.31, 25.1325 ], [ 68.311666666666667, 25.13 ], [ 68.314166666666665, 25.130833333333342 ], [ 68.31583333333333, 25.128333333333345 ], [ 68.319166666666661, 25.13 ], [ 68.320833333333326, 25.1275 ], [ 68.323333333333338, 25.1275 ], [ 68.325, 25.124166666666678 ], [ 68.326666666666668, 25.125 ], [ 68.329166666666666, 25.121666666666677 ], [ 68.335, 25.12 ], [ 68.345, 25.111666666666679 ], [ 68.3475, 25.1125 ], [ 68.350833333333327, 25.110833333333346 ], [ 68.353333333333325, 25.1125 ], [ 68.350833333333327, 25.115 ], [ 68.355833333333337, 25.118333333333347 ], [ 68.3575, 25.1175 ], [ 68.3625, 25.121666666666677 ], [ 68.36666666666666, 25.128333333333345 ], [ 68.365833333333327, 25.1425 ], [ 68.36333333333333, 25.145 ], [ 68.360833333333332, 25.1525 ] ] } },
{ "type": "Feature", "properties": { "COMID": 45051875, "id": "9229", "lengthkm": 38.614078005323854, "order": 8, "uparea": 835656.97047156526 }, "geometry": { "type": "LineString", "coordinates": [ [ 68.188333333333333, 24.9875 ], [ 68.195, 24.984166666666678 ], [ 68.2075, 24.971666666666678 ], [ 68.205, 24.966666666666676 ], [ 68.2075, 24.9625 ], [ 68.214166666666671, 24.965 ], [ 68.221666666666664, 24.9575 ], [ 68.229166666666657, 24.953333333333347 ], [ 68.2325, 24.95416666666668 ], [ 68.235, 24.9525 ], [ 68.2425, 24.955 ], [ 68.245833333333337, 24.96 ], [ 68.2475, 24.958333333333343 ], [ 68.25, 24.960833333333344 ], [ 68.249166666666667, 24.96166666666668 ], [ 68.2525, 24.9675 ], [ 68.255, 24.966666666666676 ], [ 68.255833333333328, 24.96916666666668 ], [ 68.25333333333333, 24.970833333333346 ], [ 68.254166666666663, 24.9725 ], [ 68.25, 24.973333333333343 ], [ 68.25, 24.975 ], [ 68.2525, 24.9775 ], [ 68.255, 24.975833333333345 ], [ 68.254166666666663, 24.9775 ], [ 68.2575, 24.984166666666678 ], [ 68.256666666666661, 24.9925 ], [ 68.258333333333326, 24.995 ], [ 68.259166666666658, 24.993333333333347 ], [ 68.263333333333335, 24.995833333333344 ], [ 68.264166666666668, 25.000833333333347 ], [ 68.2675, 25.003333333333345 ], [ 68.265833333333333, 25.010833333333345 ], [ 68.263333333333335, 25.0125 ], [ 68.264166666666668, 25.015 ], [ 68.260833333333338, 25.015833333333347 ], [ 68.2625, 25.018333333333345 ], [ 68.260833333333338, 25.020833333333343 ], [ 68.264166666666668, 25.0225 ], [ 68.26166666666667, 25.0275 ], [ 68.266666666666666, 25.03166666666668 ], [ 68.265, 25.040833333333346 ], [ 68.266666666666666, 25.045 ], [ 68.2675, 25.044166666666676 ], [ 68.2725, 25.046666666666678 ], [ 68.271666666666661, 25.049166666666679 ], [ 68.276666666666671, 25.063333333333347 ], [ 68.275833333333338, 25.065833333333345 ], [ 68.2775, 25.075 ], [ 68.284166666666664, 25.0775 ], [ 68.285833333333329, 25.080833333333345 ], [ 68.284166666666664, 25.0825 ], [ 68.285833333333329, 25.085833333333344 ], [ 68.284166666666664, 25.09 ], [ 68.281666666666666, 25.091666666666676 ], [ 68.2825, 25.093333333333344 ], [ 68.2775, 25.096666666666678 ], [ 68.2775, 25.1 ], [ 68.28, 25.104166666666679 ], [ 68.276666666666671, 25.105833333333344 ], [ 68.276666666666671, 25.113333333333344 ], [ 68.284166666666664, 25.128333333333345 ], [ 68.291666666666657, 25.135 ], [ 68.2975, 25.136666666666677 ] ] } },
{ "type": "Feature", "properties": { "COMID": 45051874, "id": "9229", "lengthkm": 22.750940921305677, "order": 8, "uparea": 835755.60182853043 }, "geometry": { "type": "LineString", "coordinates": [ [ 68.125, 24.86 ], [ 68.120833333333337, 24.865 ], [ 68.1225, 24.869166666666679 ], [ 68.119166666666658, 24.870833333333344 ], [ 68.1175, 24.875 ], [ 68.1175, 24.888333333333343 ], [ 68.1125, 24.890833333333347 ], [ 68.114166666666662, 24.894166666666678 ], [ 68.1125, 24.898333333333344 ], [ 68.1125, 24.910833333333343 ], [ 68.114166666666662, 24.911666666666676 ], [ 68.114166666666662, 24.914166666666681 ], [ 68.110833333333332, 24.915833333333346 ], [ 68.110833333333332, 24.919166666666676 ], [ 68.11333333333333, 24.921666666666678 ], [ 68.115, 24.9275 ], [ 68.115833333333327, 24.926666666666677 ], [ 68.1175, 24.928333333333345 ], [ 68.115833333333327, 24.931666666666679 ], [ 68.11333333333333, 24.9325 ], [ 68.1175, 24.9425 ], [ 68.12166666666667, 24.945833333333347 ], [ 68.12833333333333, 24.956666666666678 ], [ 68.138333333333335, 24.966666666666676 ], [ 68.1475, 24.979166666666679 ], [ 68.160833333333329, 24.990833333333345 ], [ 68.166666666666657, 24.9925 ], [ 68.178333333333327, 24.991666666666678 ], [ 68.180833333333325, 24.989166666666677 ], [ 68.188333333333333, 24.9875 ] ] } },
{ "type": "Feature", "properties": { "COMID": 45055797, "id": "9229", "lengthkm": 43.417762073482791, "order": 8, "uparea": 835955.41910785297 }, "geometry": { "type": "LineString", "coordinates": [ [ 68.005833333333328, 24.698333333333345 ], [ 68.008333333333326, 24.706666666666678 ], [ 68.0125, 24.71166666666668 ], [ 68.010833333333338, 24.713333333333345 ], [ 68.0125, 24.716666666666679 ], [ 68.009166666666658, 24.718333333333344 ], [ 68.01166666666667, 24.72 ], [ 68.0125, 24.7225 ], [ 68.010833333333338, 24.725 ], [ 68.0125, 24.726666666666681 ], [ 68.010833333333338, 24.728333333333346 ], [ 68.01, 24.735833333333346 ], [ 68.006666666666661, 24.7375 ], [ 68.006666666666661, 24.740833333333345 ], [ 68.008333333333326, 24.7425 ], [ 68.0075, 24.745 ], [ 68.010833333333338, 24.748333333333346 ], [ 68.010833333333338, 24.750833333333347 ], [ 68.015, 24.7525 ], [ 68.0175, 24.751666666666679 ], [ 68.024166666666659, 24.755833333333346 ], [ 68.026666666666671, 24.753333333333345 ], [ 68.03, 24.755833333333346 ], [ 68.044166666666669, 24.755 ], [ 68.051666666666662, 24.758333333333347 ], [ 68.055, 24.7575 ], [ 68.058333333333337, 24.76 ], [ 68.0625, 24.769166666666678 ], [ 68.0575, 24.779166666666676 ], [ 68.055, 24.779166666666676 ], [ 68.053333333333327, 24.7825 ], [ 68.0525, 24.78166666666668 ], [ 68.049166666666665, 24.785 ], [ 68.045833333333334, 24.784166666666678 ], [ 68.04, 24.7875 ], [ 68.039166666666659, 24.786666666666676 ], [ 68.0375, 24.789166666666681 ], [ 68.036666666666662, 24.788333333333345 ], [ 68.03, 24.795 ], [ 68.031666666666666, 24.796666666666678 ], [ 68.025833333333338, 24.8 ], [ 68.0225, 24.806666666666679 ], [ 68.025, 24.81 ], [ 68.023333333333326, 24.811666666666678 ], [ 68.026666666666671, 24.8125 ], [ 68.026666666666671, 24.815 ], [ 68.025, 24.815833333333345 ], [ 68.0275, 24.819166666666678 ], [ 68.025833333333338, 24.824166666666677 ], [ 68.0325, 24.83 ], [ 68.030833333333334, 24.831666666666678 ], [ 68.033333333333331, 24.834166666666679 ], [ 68.031666666666666, 24.835833333333344 ], [ 68.033333333333331, 24.8425 ], [ 68.036666666666662, 24.845833333333346 ], [ 68.04, 24.845 ], [ 68.039166666666659, 24.8475 ], [ 68.040833333333325, 24.846666666666678 ], [ 68.044166666666669, 24.85 ], [ 68.043333333333337, 24.851666666666681 ], [ 68.0475, 24.855833333333344 ], [ 68.05, 24.865 ], [ 68.053333333333327, 24.869166666666679 ], [ 68.0525, 24.870833333333344 ], [ 68.06, 24.875833333333347 ], [ 68.068333333333328, 24.875 ], [ 68.071666666666658, 24.870833333333344 ], [ 68.080833333333331, 24.8675 ], [ 68.0825, 24.865 ], [ 68.084166666666661, 24.865833333333345 ], [ 68.084166666666661, 24.863333333333344 ], [ 68.089166666666671, 24.864166666666677 ], [ 68.09, 24.8625 ], [ 68.0925, 24.8625 ], [ 68.096666666666664, 24.855 ], [ 68.1, 24.8575 ], [ 68.105, 24.854166666666679 ], [ 68.11333333333333, 24.8525 ], [ 68.12, 24.8525 ], [ 68.125, 24.86 ] ] } },
{ "type": "Feature", "properties": { "COMID": 45055796, "id": "9229", "lengthkm": 3.7186977128934608, "order": 8, "uparea": 835991.43815334793 }, "geometry": { "type": "LineString", "coordinates": [ [ 67.98, 24.686666666666678 ], [ 67.9925, 24.690833333333345 ], [ 67.9975, 24.689166666666679 ], [ 68.005, 24.695 ], [ 68.005833333333328, 24.698333333333345 ] ] } },
{ "type": "Feature", "properties": { "COMID": 45055795, "id": "9229", "lengthkm": 15.895332144277935, "order": 8, "uparea": 836071.35997435113 }, "geometry": { "type": "LineString", "coordinates": [ [ 68.014166666666668, 24.588333333333345 ], [ 67.984166666666667, 24.6175 ], [ 67.981666666666669, 24.6175 ], [ 67.9775, 24.621666666666677 ], [ 67.970833333333331, 24.6225 ], [ 67.96, 24.629166666666677 ], [ 67.954166666666666, 24.640833333333347 ], [ 67.958333333333329, 24.651666666666678 ], [ 67.9575, 24.655833333333344 ], [ 67.959166666666661, 24.65666666666668 ], [ 67.961666666666659, 24.668333333333344 ], [ 67.971666666666664, 24.681666666666679 ], [ 67.98, 24.686666666666678 ] ] } },
{ "type": "Feature", "properties": { "COMID": 45055794, "id": "9229", "lengthkm": 12.188917286982925, "order": 8, "uparea": 836124.51385290094 }, "geometry": { "type": "LineString", "coordinates": [ [ 67.955833333333331, 24.551666666666677 ], [ 67.959166666666661, 24.55 ], [ 67.963333333333338, 24.551666666666677 ], [ 67.97, 24.551666666666677 ], [ 67.974166666666662, 24.554166666666678 ], [ 67.98, 24.554166666666678 ], [ 67.981666666666669, 24.5575 ], [ 67.986666666666665, 24.559166666666677 ], [ 67.998333333333335, 24.559166666666677 ], [ 68.006666666666661, 24.555833333333347 ], [ 68.0225, 24.558333333333344 ], [ 68.0275, 24.565 ], [ 68.0275, 24.57 ], [ 68.023333333333326, 24.576666666666679 ], [ 68.024166666666659, 24.5775 ], [ 68.020833333333329, 24.57916666666668 ], [ 68.021666666666661, 24.580833333333345 ], [ 68.014166666666668, 24.588333333333345 ] ] } },
{ "type": "Feature", "properties": { "COMID": 45055793, "id": "9229", "lengthkm": 53.767782192068204, "order": 8, "uparea": 836344.08608211798 }, "geometry": { "type": "LineString", "coordinates": [ [ 67.773333333333326, 24.338333333333345 ], [ 67.791666666666671, 24.355 ], [ 67.8125, 24.361666666666679 ], [ 67.820833333333326, 24.3625 ], [ 67.83, 24.360833333333346 ], [ 67.838333333333338, 24.3525 ], [ 67.845833333333331, 24.3475 ], [ 67.855, 24.346666666666678 ], [ 67.8575, 24.34916666666668 ], [ 67.859166666666667, 24.360833333333346 ], [ 67.856666666666669, 24.366666666666678 ], [ 67.85, 24.375 ], [ 67.846666666666664, 24.383333333333347 ], [ 67.845, 24.390833333333347 ], [ 67.845, 24.405 ], [ 67.848333333333329, 24.411666666666676 ], [ 67.848333333333329, 24.424166666666679 ], [ 67.854166666666671, 24.4325 ], [ 67.87166666666667, 24.448333333333345 ], [ 67.87833333333333, 24.450833333333346 ], [ 67.885, 24.450833333333346 ], [ 67.9, 24.4425 ], [ 67.905833333333334, 24.440833333333345 ], [ 67.915, 24.440833333333345 ], [ 67.919166666666669, 24.438333333333347 ], [ 67.925, 24.4375 ], [ 67.939166666666665, 24.438333333333347 ], [ 67.941666666666663, 24.436666666666678 ], [ 67.9625, 24.435 ], [ 67.975, 24.438333333333347 ], [ 67.986666666666665, 24.449166666666677 ], [ 67.98833333333333, 24.45416666666668 ], [ 67.9875, 24.458333333333343 ], [ 67.9825, 24.468333333333344 ], [ 67.976666666666659, 24.4875 ], [ 67.974166666666662, 24.49 ], [ 67.968333333333334, 24.493333333333347 ], [ 67.948333333333338, 24.495833333333344 ], [ 67.9375, 24.498333333333346 ], [ 67.935833333333335, 24.5 ], [ 67.935833333333335, 24.506666666666678 ], [ 67.95, 24.521666666666679 ], [ 67.951666666666668, 24.525833333333345 ], [ 67.95, 24.534166666666678 ], [ 67.946666666666658, 24.5375 ], [ 67.945, 24.544166666666676 ], [ 67.95, 24.549166666666679 ], [ 67.955833333333331, 24.551666666666677 ] ] } },
{ "type": "Feature", "properties": { "COMID": 45059533, "id": "9229", "lengthkm": 12.133903850640225, "order": 8, "uparea": 836810.92422479833 }, "geometry": { "type": "LineString", "coordinates": [ [ 67.805833333333325, 24.248333333333346 ], [ 67.810833333333335, 24.255833333333346 ], [ 67.810833333333335, 24.268333333333345 ], [ 67.785, 24.305833333333347 ], [ 67.78, 24.316666666666677 ], [ 67.7725, 24.325 ], [ 67.769166666666663, 24.334166666666679 ], [ 67.773333333333326, 24.338333333333345 ] ] } },
{ "type": "Feature", "properties": { "COMID": 45059532, "id": "9229", "lengthkm": 31.661031307937503, "order": 8, "uparea": 836932.21579652128 }, "geometry": { "type": "LineString", "coordinates": [ [ 67.635, 24.1525 ], [ 67.64, 24.155833333333348 ], [ 67.660833333333329, 24.153333333333343 ], [ 67.67, 24.1575 ], [ 67.67583333333333, 24.165 ], [ 67.680833333333325, 24.176666666666677 ], [ 67.685833333333335, 24.181666666666679 ], [ 67.691666666666663, 24.184166666666677 ], [ 67.701666666666668, 24.184166666666677 ], [ 67.705833333333331, 24.18 ], [ 67.721666666666664, 24.170833333333345 ], [ 67.73, 24.17 ], [ 67.733333333333334, 24.171666666666681 ], [ 67.736666666666665, 24.175 ], [ 67.7375, 24.18 ], [ 67.736666666666665, 24.19 ], [ 67.731666666666669, 24.206666666666678 ], [ 67.731666666666669, 24.216666666666679 ], [ 67.735833333333332, 24.2325 ], [ 67.745, 24.248333333333346 ], [ 67.745, 24.2575 ], [ 67.75, 24.2625 ], [ 67.759166666666658, 24.265 ], [ 67.778333333333336, 24.265833333333347 ], [ 67.788333333333327, 24.2625 ], [ 67.793333333333337, 24.258333333333347 ], [ 67.795, 24.255833333333346 ], [ 67.795, 24.25 ], [ 67.796666666666667, 24.248333333333346 ], [ 67.8, 24.246666666666677 ], [ 67.805833333333325, 24.248333333333346 ] ] } },
{ "type": "Feature", "properties": { "COMID": 45059531, "id": "9229", "lengthkm": 8.8085119127682425, "order": 8, "uparea": 837163.65821221401 }, "geometry": { "type": "LineString", "coordinates": [ [ 67.650833333333338, 24.085 ], [ 67.6525, 24.108333333333345 ], [ 67.649166666666659, 24.121666666666677 ], [ 67.645833333333329, 24.129166666666677 ], [ 67.63, 24.143333333333345 ], [ 67.63, 24.145833333333343 ], [ 67.635, 24.1525 ] ] } }
]
}
