{
"type": "FeatureCollection",
"name": "downstream_84647",
"crs": { "type": "name", "properties": { "name": "urn:ogc:def:crs:OGC:1.3:CRS84" } },
"features": [
{ "type": "Feature", "properties": { "COMID": 44030747, "id": "10258", "lengthkm": 4.3465604769962676, "order": 4, "uparea": 12350.900312993859 }, "geometry": { "type": "LineString", "coordinates": [ [ 102.683333333333337, 16.179166666666671 ], [ 102.68416666666667, 16.176666666666669 ], [ 102.686666666666667, 16.178333333333338 ], [ 102.6875, 16.1775 ], [ 102.6875, 16.173333333333339 ], [ 102.6925, 16.1725 ], [ 102.69083333333333, 16.17 ], [ 102.69083333333333, 16.16416666666667 ], [ 102.689166666666665, 16.163333333333338 ], [ 102.69, 16.159166666666671 ], [ 102.6925, 16.15666666666667 ], [ 102.69083333333333, 16.154166666666672 ] ] } },
{ "type": "Feature", "properties": { "COMID": 44030746, "id": "10258", "lengthkm": 6.555061065066293, "order": 4, "uparea": 12394.870128918878 }, "geometry": { "type": "LineString", "coordinates": [ [ 102.680833333333325, 16.215 ], [ 102.685, 16.206666666666671 ], [ 102.683333333333337, 16.205 ], [ 102.685, 16.19916666666667 ], [ 102.689166666666665, 16.201666666666672 ], [ 102.691666666666663, 16.2 ], [ 102.691666666666663, 16.1975 ], [ 102.695, 16.1925 ], [ 102.69, 16.188333333333336 ], [ 102.689166666666665, 16.185833333333338 ], [ 102.688333333333333, 16.186666666666671 ], [ 102.685833333333335, 16.181666666666672 ], [ 102.68416666666667, 16.1825 ], [ 102.683333333333337, 16.179166666666671 ] ] } },
{ "type": "Feature", "properties": { "COMID": 44030745, "id": "10258", "lengthkm": 6.2793464723323629, "order": 4, "uparea": 12442.703808120241 }, "geometry": { "type": "LineString", "coordinates": [ [ 102.713333333333338, 16.235833333333339 ], [ 102.715, 16.233333333333338 ], [ 102.715, 16.2275 ], [ 102.709166666666661, 16.220833333333339 ], [ 102.705, 16.220833333333339 ], [ 102.698333333333323, 16.224166666666672 ], [ 102.695833333333326, 16.221666666666671 ], [ 102.689166666666665, 16.220833333333339 ], [ 102.680833333333325, 16.215 ] ] } },
{ "type": "Feature", "properties": { "COMID": 44030744, "id": "10258", "lengthkm": 2.413841701076552, "order": 4, "uparea": 12521.140248857164 }, "geometry": { "type": "LineString", "coordinates": [ [ 102.723333333333329, 16.235 ], [ 102.720833333333331, 16.233333333333338 ], [ 102.72, 16.235833333333339 ], [ 102.716666666666669, 16.2375 ], [ 102.715833333333336, 16.240833333333338 ], [ 102.711666666666659, 16.2375 ], [ 102.713333333333338, 16.235833333333339 ] ] } },
{ "type": "Feature", "properties": { "COMID": 44030743, "id": "10258", "lengthkm": 1.7541687704481781, "order": 4, "uparea": 12565.978012482252 }, "geometry": { "type": "LineString", "coordinates": [ [ 102.731666666666669, 16.238333333333337 ], [ 102.73, 16.238333333333337 ], [ 102.728333333333325, 16.240833333333338 ], [ 102.726666666666659, 16.239166666666669 ], [ 102.725, 16.24 ], [ 102.725, 16.236666666666672 ], [ 102.723333333333329, 16.235 ] ] } },
{ "type": "Feature", "properties": { "COMID": 44030742, "id": "10258", "lengthkm": 10.91088391734163, "order": 4, "uparea": 12736.649494082569 }, "geometry": { "type": "LineString", "coordinates": [ [ 102.751666666666665, 16.280833333333337 ], [ 102.75, 16.279166666666672 ], [ 102.751666666666665, 16.2775 ], [ 102.750833333333333, 16.275 ], [ 102.755, 16.271666666666672 ], [ 102.7575, 16.276666666666671 ], [ 102.760833333333323, 16.278333333333336 ], [ 102.763333333333335, 16.275833333333338 ], [ 102.76, 16.2725 ], [ 102.760833333333323, 16.27 ], [ 102.755833333333328, 16.263333333333339 ], [ 102.756666666666661, 16.26 ], [ 102.7525, 16.255833333333339 ], [ 102.75, 16.255833333333339 ], [ 102.748333333333335, 16.2525 ], [ 102.744166666666672, 16.250833333333336 ], [ 102.745, 16.25 ], [ 102.743333333333325, 16.2475 ], [ 102.745833333333337, 16.245 ], [ 102.745, 16.2425 ], [ 102.74166666666666, 16.244166666666672 ], [ 102.734166666666667, 16.244166666666672 ], [ 102.735, 16.243333333333339 ], [ 102.731666666666669, 16.240833333333338 ], [ 102.731666666666669, 16.238333333333337 ] ] } },
{ "type": "Feature", "properties": { "COMID": 44030741, "id": "10258", "lengthkm": 5.2729586503053634, "order": 4, "uparea": 12845.367438211264 }, "geometry": { "type": "LineString", "coordinates": [ [ 102.7675, 16.29 ], [ 102.7675, 16.294166666666673 ], [ 102.764166666666668, 16.2975 ], [ 102.765, 16.299166666666672 ], [ 102.76, 16.300833333333337 ], [ 102.7575, 16.295833333333338 ], [ 102.754166666666663, 16.294166666666673 ], [ 102.754166666666663, 16.286666666666672 ], [ 102.7525, 16.2875 ], [ 102.750833333333333, 16.285833333333336 ], [ 102.751666666666665, 16.280833333333337 ] ] } },
{ "type": "Feature", "properties": { "COMID": 44028615, "id": "10258", "lengthkm": 14.778931871842284, "order": 4, "uparea": 12941.158263441876 }, "geometry": { "type": "LineString", "coordinates": [ [ 102.7825, 16.365833333333338 ], [ 102.779166666666669, 16.3625 ], [ 102.783333333333331, 16.36 ], [ 102.784166666666664, 16.360833333333339 ], [ 102.785833333333329, 16.356666666666673 ], [ 102.784166666666664, 16.353333333333339 ], [ 102.785833333333329, 16.348333333333336 ], [ 102.784166666666664, 16.340833333333336 ], [ 102.7825, 16.339166666666671 ], [ 102.78, 16.341666666666672 ], [ 102.773333333333326, 16.341666666666672 ], [ 102.775, 16.3375 ], [ 102.773333333333326, 16.335833333333337 ], [ 102.775, 16.3325 ], [ 102.77, 16.33 ], [ 102.768333333333331, 16.3225 ], [ 102.77, 16.320833333333336 ], [ 102.7675, 16.315833333333337 ], [ 102.776666666666671, 16.305833333333339 ], [ 102.774166666666659, 16.304166666666671 ], [ 102.775, 16.3025 ], [ 102.776666666666671, 16.300833333333337 ], [ 102.779166666666669, 16.301666666666669 ], [ 102.7775, 16.299166666666672 ], [ 102.778333333333336, 16.294166666666673 ], [ 102.776666666666671, 16.2925 ], [ 102.773333333333326, 16.294166666666673 ], [ 102.77, 16.29 ], [ 102.7675, 16.29 ] ] } },
{ "type": "Feature", "properties": { "COMID": 44028614, "id": "10258", "lengthkm": 14.774918639499914, "order": 4, "uparea": 13599.001406934422 }, "geometry": { "type": "LineString", "coordinates": [ [ 102.876666666666665, 16.3675 ], [ 102.874166666666667, 16.370833333333337 ], [ 102.868333333333325, 16.37166666666667 ], [ 102.86666666666666, 16.375833333333336 ], [ 102.8625, 16.375833333333336 ], [ 102.860833333333332, 16.378333333333337 ], [ 102.8575, 16.375 ], [ 102.855833333333337, 16.375833333333336 ], [ 102.853333333333325, 16.374166666666671 ], [ 102.850833333333327, 16.375 ], [ 102.848333333333329, 16.373333333333338 ], [ 102.84, 16.3725 ], [ 102.833333333333329, 16.368333333333339 ], [ 102.83, 16.37 ], [ 102.8275, 16.366666666666671 ], [ 102.819166666666661, 16.366666666666671 ], [ 102.818333333333328, 16.368333333333339 ], [ 102.82, 16.368333333333339 ], [ 102.82, 16.37 ], [ 102.818333333333328, 16.37166666666667 ], [ 102.814166666666665, 16.366666666666671 ], [ 102.810833333333335, 16.37166666666667 ], [ 102.805833333333325, 16.368333333333339 ], [ 102.798333333333332, 16.370833333333337 ], [ 102.795, 16.368333333333339 ], [ 102.794166666666669, 16.37 ], [ 102.79, 16.368333333333339 ], [ 102.788333333333327, 16.37 ], [ 102.7825, 16.365833333333338 ] ] } },
{ "type": "Feature", "properties": { "COMID": 44028613, "id": "10258", "lengthkm": 3.6600792312509349, "order": 4, "uparea": 13641.424145791321 }, "geometry": { "type": "LineString", "coordinates": [ [ 102.8825, 16.37916666666667 ], [ 102.891666666666666, 16.37166666666667 ], [ 102.89, 16.37 ], [ 102.8875, 16.37166666666667 ], [ 102.884166666666658, 16.369166666666672 ], [ 102.88, 16.370833333333337 ], [ 102.879166666666663, 16.368333333333339 ], [ 102.876666666666665, 16.3675 ] ] } },
{ "type": "Feature", "properties": { "COMID": 44028612, "id": "10258", "lengthkm": 3.3428903213466961, "order": 4, "uparea": 13713.556272837644 }, "geometry": { "type": "LineString", "coordinates": [ [ 102.899166666666659, 16.383333333333336 ], [ 102.9, 16.385 ], [ 102.898333333333326, 16.389166666666672 ], [ 102.893333333333331, 16.390833333333337 ], [ 102.88666666666667, 16.38666666666667 ], [ 102.8825, 16.37916666666667 ] ] } },
{ "type": "Feature", "properties": { "COMID": 44028611, "id": "10258", "lengthkm": 1.836356013780641, "order": 5, "uparea": 28768.585460820683 }, "geometry": { "type": "LineString", "coordinates": [ [ 102.901666666666671, 16.3725 ], [ 102.9, 16.37166666666667 ], [ 102.8975, 16.375 ], [ 102.9, 16.3775 ], [ 102.899166666666659, 16.383333333333336 ] ] } },
{ "type": "Feature", "properties": { "COMID": 44030738, "id": "10258", "lengthkm": 23.688395887543457, "order": 5, "uparea": 28895.989335361319 }, "geometry": { "type": "LineString", "coordinates": [ [ 103.000833333333333, 16.32416666666667 ], [ 102.990833333333327, 16.331666666666671 ], [ 102.989166666666662, 16.33 ], [ 102.990833333333327, 16.328333333333337 ], [ 102.983333333333334, 16.323333333333338 ], [ 102.979166666666657, 16.33 ], [ 102.984166666666667, 16.335833333333337 ], [ 102.9825, 16.3375 ], [ 102.979166666666657, 16.33666666666667 ], [ 102.973333333333329, 16.34 ], [ 102.968333333333334, 16.340833333333336 ], [ 102.968333333333334, 16.346666666666671 ], [ 102.9575, 16.348333333333336 ], [ 102.956666666666663, 16.35 ], [ 102.961666666666659, 16.353333333333339 ], [ 102.961666666666659, 16.356666666666673 ], [ 102.959166666666661, 16.35916666666667 ], [ 102.95, 16.353333333333339 ], [ 102.945, 16.355 ], [ 102.94083333333333, 16.35916666666667 ], [ 102.9425, 16.361666666666672 ], [ 102.94916666666667, 16.3575 ], [ 102.9525, 16.36 ], [ 102.94916666666667, 16.366666666666671 ], [ 102.9475, 16.365 ], [ 102.945, 16.365833333333338 ], [ 102.946666666666658, 16.375 ], [ 102.945, 16.3775 ], [ 102.93416666666667, 16.376666666666672 ], [ 102.93416666666667, 16.378333333333337 ], [ 102.931666666666672, 16.3775 ], [ 102.928333333333327, 16.38 ], [ 102.924166666666665, 16.38 ], [ 102.920833333333334, 16.376666666666672 ], [ 102.915833333333325, 16.3775 ], [ 102.910833333333329, 16.373333333333338 ], [ 102.908333333333331, 16.374166666666671 ], [ 102.9075, 16.3725 ], [ 102.901666666666671, 16.3725 ] ] } },
{ "type": "Feature", "properties": { "COMID": 44030737, "id": "10258", "lengthkm": 2.4702550233966911, "order": 5, "uparea": 29057.35473571195 }, "geometry": { "type": "LineString", "coordinates": [ [ 102.98833333333333, 16.315833333333337 ], [ 102.989166666666662, 16.32 ], [ 102.9925, 16.31666666666667 ], [ 102.995, 16.321666666666673 ], [ 103.000833333333333, 16.32416666666667 ] ] } },
{ "type": "Feature", "properties": { "COMID": 44030736, "id": "10258", "lengthkm": 1.7538644770503671, "order": 5, "uparea": 29229.970934460587 }, "geometry": { "type": "LineString", "coordinates": [ [ 102.998333333333335, 16.305833333333339 ], [ 102.99166666666666, 16.30916666666667 ], [ 102.98833333333333, 16.315833333333337 ] ] } },
{ "type": "Feature", "properties": { "COMID": 44030735, "id": "10258", "lengthkm": 8.0553449062326692, "order": 5, "uparea": 29328.279618262812 }, "geometry": { "type": "LineString", "coordinates": [ [ 103.05416666666666, 16.291666666666671 ], [ 103.05, 16.295 ], [ 103.046666666666667, 16.290833333333339 ], [ 103.034166666666664, 16.293333333333337 ], [ 103.0275, 16.2975 ], [ 103.020833333333329, 16.3075 ], [ 103.015833333333333, 16.306666666666672 ], [ 103.009166666666658, 16.3 ], [ 102.998333333333335, 16.305833333333339 ] ] } },
{ "type": "Feature", "properties": { "COMID": 44030734, "id": "10258", "lengthkm": 1.1944599906440441, "order": 5, "uparea": 29382.685678275138 }, "geometry": { "type": "LineString", "coordinates": [ [ 103.0575, 16.283333333333339 ], [ 103.058333333333337, 16.288333333333338 ], [ 103.05416666666666, 16.291666666666671 ] ] } },
{ "type": "Feature", "properties": { "COMID": 44030733, "id": "10258", "lengthkm": 13.467552977032966, "order": 5, "uparea": 29431.901841374747 }, "geometry": { "type": "LineString", "coordinates": [ [ 103.11333333333333, 16.225833333333338 ], [ 103.109166666666667, 16.225833333333338 ], [ 103.1075, 16.2275 ], [ 103.111666666666665, 16.233333333333338 ], [ 103.11, 16.235833333333339 ], [ 103.105, 16.2325 ], [ 103.1, 16.233333333333338 ], [ 103.094166666666666, 16.231666666666673 ], [ 103.09, 16.233333333333338 ], [ 103.088333333333338, 16.235833333333339 ], [ 103.0925, 16.238333333333337 ], [ 103.091666666666669, 16.2425 ], [ 103.083333333333329, 16.245 ], [ 103.069166666666661, 16.253333333333337 ], [ 103.070833333333326, 16.258333333333336 ], [ 103.06583333333333, 16.2625 ], [ 103.068333333333328, 16.266666666666673 ], [ 103.0675, 16.271666666666672 ], [ 103.0625, 16.2775 ], [ 103.063333333333333, 16.28166666666667 ], [ 103.0575, 16.283333333333339 ] ] } },
{ "type": "Feature", "properties": { "COMID": 44030732, "id": "10258", "lengthkm": 0.90556145507853303, "order": 5, "uparea": 29735.945639575279 }, "geometry": { "type": "LineString", "coordinates": [ [ 103.11333333333333, 16.218333333333337 ], [ 103.11333333333333, 16.225833333333338 ] ] } },
{ "type": "Feature", "properties": { "COMID": 44030731, "id": "10258", "lengthkm": 7.4599492503566642, "order": 5, "uparea": 30224.742631919569 }, "geometry": { "type": "LineString", "coordinates": [ [ 103.12833333333333, 16.1975 ], [ 103.115833333333327, 16.203333333333337 ], [ 103.115833333333327, 16.21166666666667 ], [ 103.119166666666672, 16.2125 ], [ 103.12, 16.2075 ], [ 103.12166666666667, 16.206666666666671 ], [ 103.123333333333335, 16.21 ], [ 103.130833333333328, 16.21583333333334 ], [ 103.125833333333333, 16.216666666666672 ], [ 103.118333333333325, 16.215 ], [ 103.11333333333333, 16.218333333333337 ] ] } },
{ "type": "Feature", "properties": { "COMID": 44030730, "id": "10258", "lengthkm": 4.6461107763356786, "order": 5, "uparea": 30305.207343208935 }, "geometry": { "type": "LineString", "coordinates": [ [ 103.166666666666657, 16.194166666666671 ], [ 103.161666666666662, 16.194166666666671 ], [ 103.16, 16.195833333333336 ], [ 103.139166666666668, 16.195 ], [ 103.133333333333326, 16.1975 ], [ 103.12833333333333, 16.1975 ] ] } },
{ "type": "Feature", "properties": { "COMID": 44030729, "id": "10258", "lengthkm": 10.313071901038075, "order": 5, "uparea": 30396.185849995971 }, "geometry": { "type": "LineString", "coordinates": [ [ 103.2375, 16.196666666666673 ], [ 103.233333333333334, 16.194166666666671 ], [ 103.223333333333329, 16.195833333333336 ], [ 103.220833333333331, 16.2 ], [ 103.21, 16.194166666666671 ], [ 103.2, 16.2025 ], [ 103.196666666666658, 16.19916666666667 ], [ 103.1925, 16.19916666666667 ], [ 103.1875, 16.190833333333337 ], [ 103.1825, 16.1875 ], [ 103.173333333333332, 16.1875 ], [ 103.1675, 16.189166666666672 ], [ 103.165833333333325, 16.19166666666667 ], [ 103.166666666666657, 16.194166666666671 ] ] } },
{ "type": "Feature", "properties": { "COMID": 44030728, "id": "10258", "lengthkm": 22.152358187412236, "order": 5, "uparea": 30843.884675913661 }, "geometry": { "type": "LineString", "coordinates": [ [ 103.325, 16.22666666666667 ], [ 103.3175, 16.23 ], [ 103.314166666666665, 16.23 ], [ 103.31, 16.22666666666667 ], [ 103.314166666666665, 16.21916666666667 ], [ 103.3175, 16.218333333333337 ], [ 103.32, 16.22 ], [ 103.321666666666658, 16.218333333333337 ], [ 103.318333333333328, 16.2125 ], [ 103.3125, 16.218333333333337 ], [ 103.30416666666666, 16.218333333333337 ], [ 103.3, 16.224166666666672 ], [ 103.301666666666662, 16.22666666666667 ], [ 103.30083333333333, 16.229166666666671 ], [ 103.296666666666667, 16.224166666666672 ], [ 103.2925, 16.224166666666672 ], [ 103.289166666666659, 16.21916666666667 ], [ 103.285, 16.2175 ], [ 103.2775, 16.2175 ], [ 103.275, 16.221666666666671 ], [ 103.279166666666669, 16.225 ], [ 103.2775, 16.2275 ], [ 103.278333333333336, 16.23 ], [ 103.275833333333338, 16.2325 ], [ 103.266666666666666, 16.2325 ], [ 103.264166666666668, 16.23 ], [ 103.268333333333331, 16.22666666666667 ], [ 103.266666666666666, 16.224166666666672 ], [ 103.2675, 16.21916666666667 ], [ 103.263333333333335, 16.21916666666667 ], [ 103.26166666666667, 16.214166666666671 ], [ 103.259166666666658, 16.2125 ], [ 103.2575, 16.214166666666671 ], [ 103.255833333333328, 16.208333333333339 ], [ 103.251666666666665, 16.206666666666671 ], [ 103.248333333333335, 16.2075 ], [ 103.24666666666667, 16.204166666666673 ], [ 103.24, 16.205 ], [ 103.239166666666662, 16.203333333333337 ], [ 103.240833333333327, 16.19916666666667 ], [ 103.2375, 16.196666666666673 ] ] } },
{ "type": "Feature", "properties": { "COMID": 44030727, "id": "10258", "lengthkm": 4.0744557519755924, "order": 5, "uparea": 31065.046396653779 }, "geometry": { "type": "LineString", "coordinates": [ [ 103.351666666666659, 16.21916666666667 ], [ 103.348333333333329, 16.21583333333334 ], [ 103.3425, 16.21583333333334 ], [ 103.340833333333336, 16.2175 ], [ 103.336666666666659, 16.216666666666672 ], [ 103.333333333333329, 16.224166666666672 ], [ 103.325, 16.22666666666667 ] ] } },
{ "type": "Feature", "properties": { "COMID": 44030726, "id": "10258", "lengthkm": 14.268461349976885, "order": 5, "uparea": 31127.042719318251 }, "geometry": { "type": "LineString", "coordinates": [ [ 103.418333333333337, 16.239166666666669 ], [ 103.415833333333325, 16.24 ], [ 103.414166666666659, 16.2375 ], [ 103.414166666666659, 16.2325 ], [ 103.410833333333329, 16.231666666666673 ], [ 103.406666666666666, 16.233333333333338 ], [ 103.405833333333334, 16.24 ], [ 103.4025, 16.244166666666672 ], [ 103.394166666666663, 16.23416666666667 ], [ 103.3925, 16.235833333333339 ], [ 103.393333333333331, 16.24 ], [ 103.391666666666666, 16.241666666666671 ], [ 103.389166666666668, 16.236666666666672 ], [ 103.383333333333326, 16.238333333333337 ], [ 103.383333333333326, 16.235833333333339 ], [ 103.385833333333323, 16.233333333333338 ], [ 103.3825, 16.229166666666671 ], [ 103.38, 16.228333333333339 ], [ 103.3775, 16.23 ], [ 103.3725, 16.23 ], [ 103.37, 16.224166666666672 ], [ 103.3675, 16.22666666666667 ], [ 103.36333333333333, 16.22666666666667 ], [ 103.36333333333333, 16.220833333333339 ], [ 103.360833333333332, 16.21583333333334 ], [ 103.355, 16.216666666666672 ], [ 103.351666666666659, 16.21916666666667 ] ] } },
{ "type": "Feature", "properties": { "COMID": 44030725, "id": "10258", "lengthkm": 15.300989831301994, "order": 5, "uparea": 31165.636464477113 }, "geometry": { "type": "LineString", "coordinates": [ [ 103.451666666666668, 16.183333333333337 ], [ 103.451666666666668, 16.186666666666671 ], [ 103.448333333333323, 16.19166666666667 ], [ 103.449166666666656, 16.1925 ], [ 103.454166666666666, 16.189166666666672 ], [ 103.455833333333331, 16.19166666666667 ], [ 103.451666666666668, 16.195833333333336 ], [ 103.445833333333326, 16.196666666666673 ], [ 103.444166666666661, 16.198333333333338 ], [ 103.450833333333335, 16.204166666666673 ], [ 103.441666666666663, 16.205 ], [ 103.44, 16.206666666666671 ], [ 103.443333333333328, 16.210833333333337 ], [ 103.448333333333323, 16.2125 ], [ 103.443333333333328, 16.216666666666672 ], [ 103.448333333333323, 16.218333333333337 ], [ 103.446666666666658, 16.221666666666671 ], [ 103.4475, 16.2275 ], [ 103.445, 16.229166666666671 ], [ 103.443333333333328, 16.228333333333339 ], [ 103.4425, 16.221666666666671 ], [ 103.44, 16.22 ], [ 103.438333333333333, 16.221666666666671 ], [ 103.438333333333333, 16.225 ], [ 103.431666666666672, 16.23416666666667 ], [ 103.426666666666662, 16.2375 ], [ 103.418333333333337, 16.239166666666669 ] ] } },
{ "type": "Feature", "properties": { "COMID": 44030724, "id": "10258", "lengthkm": 14.353819728706995, "order": 5, "uparea": 31362.002345942699 }, "geometry": { "type": "LineString", "coordinates": [ [ 103.525833333333338, 16.2025 ], [ 103.521666666666661, 16.201666666666672 ], [ 103.5225, 16.1975 ], [ 103.52, 16.195 ], [ 103.516666666666666, 16.195 ], [ 103.514166666666668, 16.2 ], [ 103.51, 16.1975 ], [ 103.501666666666665, 16.2 ], [ 103.500833333333333, 16.203333333333337 ], [ 103.504166666666663, 16.2075 ], [ 103.50333333333333, 16.208333333333339 ], [ 103.495833333333337, 16.208333333333339 ], [ 103.495833333333337, 16.204166666666673 ], [ 103.493333333333325, 16.201666666666672 ], [ 103.49, 16.203333333333337 ], [ 103.489166666666662, 16.2075 ], [ 103.483333333333334, 16.205833333333338 ], [ 103.48, 16.208333333333339 ], [ 103.471666666666664, 16.1975 ], [ 103.471666666666664, 16.1925 ], [ 103.466666666666669, 16.194166666666671 ], [ 103.464166666666671, 16.189166666666672 ], [ 103.458333333333329, 16.1875 ], [ 103.454166666666666, 16.181666666666672 ], [ 103.451666666666668, 16.183333333333337 ] ] } },
{ "type": "Feature", "properties": { "COMID": 44030723, "id": "10258", "lengthkm": 13.156637424117394, "order": 5, "uparea": 31740.60696180645 }, "geometry": { "type": "LineString", "coordinates": [ [ 103.570833333333326, 16.200833333333339 ], [ 103.5625, 16.203333333333337 ], [ 103.55916666666667, 16.2025 ], [ 103.55, 16.204166666666673 ], [ 103.549166666666665, 16.208333333333339 ], [ 103.555, 16.209166666666672 ], [ 103.56, 16.216666666666672 ], [ 103.55916666666667, 16.21916666666667 ], [ 103.556666666666672, 16.21916666666667 ], [ 103.55416666666666, 16.214166666666671 ], [ 103.55, 16.2125 ], [ 103.544166666666669, 16.214166666666671 ], [ 103.536666666666662, 16.21166666666667 ], [ 103.535, 16.214166666666671 ], [ 103.541666666666657, 16.21916666666667 ], [ 103.54, 16.2225 ], [ 103.531666666666666, 16.218333333333337 ], [ 103.53, 16.21 ], [ 103.525, 16.206666666666671 ], [ 103.525833333333338, 16.2025 ] ] } },
{ "type": "Feature", "properties": { "COMID": 44030722, "id": "10258", "lengthkm": 5.1251212652561247, "order": 5, "uparea": 31866.399548375732 }, "geometry": { "type": "LineString", "coordinates": [ [ 103.599166666666662, 16.1925 ], [ 103.5975, 16.194166666666671 ], [ 103.599166666666662, 16.2 ], [ 103.5975, 16.2025 ], [ 103.595, 16.2025 ], [ 103.595, 16.1975 ], [ 103.5925, 16.195 ], [ 103.586666666666659, 16.195 ], [ 103.570833333333326, 16.200833333333339 ] ] } },
{ "type": "Feature", "properties": { "COMID": 44030721, "id": "10258", "lengthkm": 36.354835649315795, "order": 5, "uparea": 32041.891198958565 }, "geometry": { "type": "LineString", "coordinates": [ [ 103.705, 16.221666666666671 ], [ 103.695, 16.223333333333336 ], [ 103.691666666666663, 16.225833333333338 ], [ 103.69, 16.223333333333336 ], [ 103.696666666666658, 16.22 ], [ 103.6975, 16.216666666666672 ], [ 103.693333333333328, 16.215 ], [ 103.69, 16.2175 ], [ 103.686666666666667, 16.210833333333337 ], [ 103.68416666666667, 16.21166666666667 ], [ 103.685833333333335, 16.21583333333334 ], [ 103.685, 16.2175 ], [ 103.681666666666672, 16.21583333333334 ], [ 103.6775, 16.216666666666672 ], [ 103.67583333333333, 16.2125 ], [ 103.671666666666667, 16.2125 ], [ 103.669166666666669, 16.215 ], [ 103.671666666666667, 16.21916666666667 ], [ 103.666666666666657, 16.2225 ], [ 103.665, 16.221666666666671 ], [ 103.660833333333329, 16.21583333333334 ], [ 103.660833333333329, 16.2125 ], [ 103.663333333333327, 16.209166666666672 ], [ 103.666666666666657, 16.21166666666667 ], [ 103.668333333333337, 16.205833333333338 ], [ 103.675, 16.205 ], [ 103.676666666666662, 16.2025 ], [ 103.67, 16.1975 ], [ 103.665833333333325, 16.2 ], [ 103.664166666666659, 16.194166666666671 ], [ 103.66, 16.1925 ], [ 103.655833333333334, 16.194166666666671 ], [ 103.655833333333334, 16.2025 ], [ 103.653333333333336, 16.204166666666673 ], [ 103.651666666666671, 16.189166666666672 ], [ 103.65, 16.188333333333336 ], [ 103.645833333333329, 16.193333333333339 ], [ 103.6425, 16.193333333333339 ], [ 103.64, 16.188333333333336 ], [ 103.636666666666656, 16.186666666666671 ], [ 103.631666666666661, 16.189166666666672 ], [ 103.63, 16.2025 ], [ 103.618333333333325, 16.2175 ], [ 103.608333333333334, 16.218333333333337 ], [ 103.601666666666659, 16.216666666666672 ], [ 103.6, 16.215 ], [ 103.601666666666659, 16.2125 ], [ 103.6125, 16.215 ], [ 103.611666666666665, 16.21 ], [ 103.614166666666662, 16.2075 ], [ 103.619166666666672, 16.206666666666671 ], [ 103.619166666666672, 16.203333333333337 ], [ 103.614166666666662, 16.19916666666667 ], [ 103.6075, 16.200833333333339 ], [ 103.605833333333337, 16.198333333333338 ], [ 103.605833333333337, 16.194166666666671 ], [ 103.599166666666662, 16.1925 ] ] } },
{ "type": "Feature", "properties": { "COMID": 44030720, "id": "10258", "lengthkm": 3.9017650688731971, "order": 5, "uparea": 40167.318040143749 }, "geometry": { "type": "LineString", "coordinates": [ [ 103.735, 16.214166666666671 ], [ 103.7325, 16.214166666666671 ], [ 103.7275, 16.22 ], [ 103.724166666666662, 16.220833333333339 ], [ 103.7125, 16.218333333333337 ], [ 103.705, 16.221666666666671 ] ] } },
{ "type": "Feature", "properties": { "COMID": 44030719, "id": "10258", "lengthkm": 4.1336196467530204, "order": 5, "uparea": 40211.403883590916 }, "geometry": { "type": "LineString", "coordinates": [ [ 103.75333333333333, 16.19 ], [ 103.748333333333335, 16.193333333333339 ], [ 103.751666666666665, 16.201666666666672 ], [ 103.745, 16.205 ], [ 103.735, 16.214166666666671 ] ] } },
{ "type": "Feature", "properties": { "COMID": 44030718, "id": "10258", "lengthkm": 9.7979143444005246, "order": 5, "uparea": 40527.802176459911 }, "geometry": { "type": "LineString", "coordinates": [ [ 103.790833333333325, 16.155833333333337 ], [ 103.791666666666657, 16.159166666666671 ], [ 103.8, 16.163333333333338 ], [ 103.8, 16.1675 ], [ 103.7975, 16.17 ], [ 103.793333333333337, 16.17 ], [ 103.785833333333329, 16.174166666666672 ], [ 103.78, 16.1725 ], [ 103.7775, 16.178333333333338 ], [ 103.77, 16.1825 ], [ 103.770833333333329, 16.189166666666672 ], [ 103.764166666666668, 16.196666666666673 ], [ 103.761666666666656, 16.195833333333336 ], [ 103.758333333333326, 16.190833333333337 ], [ 103.75333333333333, 16.19 ] ] } },
{ "type": "Feature", "properties": { "COMID": 44030717, "id": "10258", "lengthkm": 1.3049301399190829, "order": 5, "uparea": 40564.707396700665 }, "geometry": { "type": "LineString", "coordinates": [ [ 103.80083333333333, 16.1525 ], [ 103.7975, 16.151666666666671 ], [ 103.790833333333325, 16.155833333333337 ] ] } },
{ "type": "Feature", "properties": { "COMID": 44030716, "id": "10258", "lengthkm": 13.220367684470141, "order": 5, "uparea": 40864.687894396702 }, "geometry": { "type": "LineString", "coordinates": [ [ 103.880833333333328, 16.100833333333338 ], [ 103.874166666666667, 16.10916666666667 ], [ 103.865, 16.115 ], [ 103.856666666666669, 16.116666666666671 ], [ 103.841666666666669, 16.115833333333338 ], [ 103.835833333333326, 16.1175 ], [ 103.83, 16.12166666666667 ], [ 103.825833333333335, 16.1275 ], [ 103.821666666666658, 16.14 ], [ 103.81583333333333, 16.135833333333338 ], [ 103.814166666666665, 16.13666666666667 ], [ 103.811666666666667, 16.15 ], [ 103.808333333333337, 16.150833333333338 ], [ 103.8025, 16.14916666666667 ], [ 103.80083333333333, 16.1525 ] ] } },
{ "type": "Feature", "properties": { "COMID": 44030715, "id": "10258", "lengthkm": 4.9732497018290527, "order": 5, "uparea": 40903.564588988746 }, "geometry": { "type": "LineString", "coordinates": [ [ 103.901666666666671, 16.064166666666672 ], [ 103.886666666666656, 16.085 ], [ 103.880833333333328, 16.100833333333338 ] ] } },
{ "type": "Feature", "properties": { "COMID": 44030714, "id": "10258", "lengthkm": 12.219774646047325, "order": 5, "uparea": 40944.288031709904 }, "geometry": { "type": "LineString", "coordinates": [ [ 103.9325, 16.010833333333338 ], [ 103.9325, 16.0125 ], [ 103.92, 16.013333333333339 ], [ 103.9175, 16.01 ], [ 103.92, 16.003333333333337 ], [ 103.919166666666669, 16.0 ], [ 103.913333333333327, 15.9975 ], [ 103.909166666666664, 16.000833333333336 ], [ 103.9075, 16.005 ], [ 103.9075, 16.01166666666667 ], [ 103.905, 16.0175 ], [ 103.9075, 16.02833333333334 ], [ 103.9075, 16.036666666666672 ], [ 103.904166666666669, 16.05916666666667 ], [ 103.901666666666671, 16.064166666666672 ] ] } },
{ "type": "Feature", "properties": { "COMID": 44030713, "id": "10258", "lengthkm": 13.631142519338765, "order": 5, "uparea": 40984.056738395055 }, "geometry": { "type": "LineString", "coordinates": [ [ 103.901666666666671, 15.958333333333339 ], [ 103.905, 15.956666666666671 ], [ 103.9075, 15.948333333333338 ], [ 103.913333333333327, 15.9475 ], [ 103.915, 15.94916666666667 ], [ 103.913333333333327, 15.955833333333338 ], [ 103.915, 15.9575 ], [ 103.9225, 15.9575 ], [ 103.925, 15.960833333333337 ], [ 103.920833333333334, 15.965 ], [ 103.928333333333327, 15.9725 ], [ 103.933333333333337, 15.9725 ], [ 103.935, 15.974166666666672 ], [ 103.93416666666667, 15.9775 ], [ 103.9275, 15.978333333333339 ], [ 103.935, 15.985 ], [ 103.935, 15.988333333333337 ], [ 103.931666666666658, 15.9925 ], [ 103.931666666666658, 15.998333333333338 ], [ 103.925, 16.00416666666667 ], [ 103.9325, 16.010833333333338 ] ] } },
{ "type": "Feature", "properties": { "COMID": 44030712, "id": "10258", "lengthkm": 2.7723478245291848, "order": 5, "uparea": 41081.123785484393 }, "geometry": { "type": "LineString", "coordinates": [ [ 103.9, 15.94 ], [ 103.903333333333336, 15.945 ], [ 103.903333333333336, 15.94916666666667 ], [ 103.898333333333326, 15.9525 ], [ 103.8975, 15.955 ], [ 103.901666666666671, 15.958333333333339 ] ] } },
{ "type": "Feature", "properties": { "COMID": 44030711, "id": "10258", "lengthkm": 10.62902711581506, "order": 5, "uparea": 41959.399315602161 }, "geometry": { "type": "LineString", "coordinates": [ [ 103.943333333333328, 15.874166666666671 ], [ 103.94, 15.8775 ], [ 103.9375, 15.885833333333338 ], [ 103.93416666666667, 15.889166666666672 ], [ 103.908333333333331, 15.9 ], [ 103.9075, 15.90333333333334 ], [ 103.91, 15.911666666666672 ], [ 103.905833333333334, 15.915 ], [ 103.906666666666666, 15.9225 ], [ 103.903333333333336, 15.929166666666671 ], [ 103.905, 15.93416666666667 ], [ 103.9, 15.94 ] ] } },
{ "type": "Feature", "properties": { "COMID": 44030710, "id": "10258", "lengthkm": 6.3586227676434426, "order": 5, "uparea": 42024.365541327272 }, "geometry": { "type": "LineString", "coordinates": [ [ 103.9625, 15.8675 ], [ 103.95, 15.85916666666667 ], [ 103.9475, 15.85916666666667 ], [ 103.945, 15.860833333333339 ], [ 103.946666666666658, 15.8675 ], [ 103.949166666666656, 15.87 ], [ 103.955833333333331, 15.868333333333339 ], [ 103.9575, 15.870833333333337 ], [ 103.955, 15.8725 ], [ 103.946666666666658, 15.8725 ], [ 103.943333333333328, 15.874166666666671 ] ] } },
{ "type": "Feature", "properties": { "COMID": 44030709, "id": "10258", "lengthkm": 15.521786552389555, "order": 5, "uparea": 42089.856677282718 }, "geometry": { "type": "LineString", "coordinates": [ [ 104.0, 15.805833333333339 ], [ 103.995, 15.81 ], [ 103.990833333333327, 15.81 ], [ 103.989166666666662, 15.803333333333338 ], [ 103.986666666666665, 15.800833333333337 ], [ 103.980833333333337, 15.8025 ], [ 103.981666666666669, 15.805833333333339 ], [ 103.9875, 15.80916666666667 ], [ 103.9875, 15.8125 ], [ 103.985, 15.8125 ], [ 103.983333333333334, 15.81 ], [ 103.979166666666657, 15.811666666666671 ], [ 103.975833333333327, 15.819166666666671 ], [ 103.970833333333331, 15.82416666666667 ], [ 103.976666666666659, 15.825 ], [ 103.978333333333325, 15.829166666666673 ], [ 103.966666666666669, 15.84083333333334 ], [ 103.96, 15.84416666666667 ], [ 103.963333333333338, 15.849166666666672 ], [ 103.958333333333329, 15.855833333333337 ], [ 103.9675, 15.86 ], [ 103.9675, 15.863333333333337 ], [ 103.9625, 15.8675 ] ] } },
{ "type": "Feature", "properties": { "COMID": 44030708, "id": "10258", "lengthkm": 1.234865897045617, "order": 5, "uparea": 46180.946311069696 }, "geometry": { "type": "LineString", "coordinates": [ [ 104.0, 15.79666666666667 ], [ 104.0025, 15.800833333333337 ], [ 104.0, 15.805833333333339 ] ] } },
{ "type": "Feature", "properties": { "COMID": 44030707, "id": "10258", "lengthkm": 4.1682777694420894, "order": 5, "uparea": 46497.16834966754 }, "geometry": { "type": "LineString", "coordinates": [ [ 104.034166666666664, 15.795833333333338 ], [ 104.0275, 15.799166666666672 ], [ 104.0225, 15.799166666666672 ], [ 104.009166666666658, 15.794166666666673 ], [ 104.001666666666665, 15.795 ], [ 104.0, 15.79666666666667 ] ] } },
{ "type": "Feature", "properties": { "COMID": 44030706, "id": "10258", "lengthkm": 21.921558150700946, "order": 5, "uparea": 46594.479055643584 }, "geometry": { "type": "LineString", "coordinates": [ [ 104.129166666666663, 15.771666666666672 ], [ 104.1325, 15.7725 ], [ 104.134166666666658, 15.779166666666672 ], [ 104.139166666666668, 15.785 ], [ 104.139166666666668, 15.788333333333338 ], [ 104.134166666666658, 15.8 ], [ 104.1275, 15.800833333333337 ], [ 104.119166666666658, 15.805833333333339 ], [ 104.1125, 15.805833333333339 ], [ 104.096666666666664, 15.825833333333339 ], [ 104.085833333333326, 15.831666666666671 ], [ 104.076666666666668, 15.839166666666671 ], [ 104.0725, 15.839166666666671 ], [ 104.07, 15.83666666666667 ], [ 104.07, 15.8275 ], [ 104.074166666666656, 15.82416666666667 ], [ 104.079166666666666, 15.825 ], [ 104.079166666666666, 15.820833333333336 ], [ 104.066666666666663, 15.8125 ], [ 104.05916666666667, 15.811666666666671 ], [ 104.055833333333325, 15.808333333333337 ], [ 104.0475, 15.805 ], [ 104.034166666666664, 15.795833333333338 ] ] } },
{ "type": "Feature", "properties": { "COMID": 44030705, "id": "10258", "lengthkm": 2.1407767258357162, "order": 5, "uparea": 46629.076269986013 }, "geometry": { "type": "LineString", "coordinates": [ [ 104.1325, 15.755 ], [ 104.131666666666661, 15.760833333333338 ], [ 104.1275, 15.768333333333338 ], [ 104.129166666666663, 15.771666666666672 ] ] } },
{ "type": "Feature", "properties": { "COMID": 44032601, "id": "10258", "lengthkm": 6.0053503372305981, "order": 5, "uparea": 46676.171927290365 }, "geometry": { "type": "LineString", "coordinates": [ [ 104.1275, 15.718333333333337 ], [ 104.133333333333326, 15.73416666666667 ], [ 104.1325, 15.744166666666672 ], [ 104.136666666666656, 15.7475 ], [ 104.139166666666668, 15.7475 ], [ 104.141666666666666, 15.750833333333336 ], [ 104.14, 15.755 ], [ 104.136666666666656, 15.753333333333337 ], [ 104.1325, 15.755 ] ] } },
{ "type": "Feature", "properties": { "COMID": 44032600, "id": "10258", "lengthkm": 11.022665338358953, "order": 5, "uparea": 46723.976637108106 }, "geometry": { "type": "LineString", "coordinates": [ [ 104.1525, 15.694166666666671 ], [ 104.151666666666671, 15.6975 ], [ 104.1425, 15.705 ], [ 104.1425, 15.708333333333339 ], [ 104.148333333333326, 15.710833333333337 ], [ 104.146666666666661, 15.713333333333338 ], [ 104.14, 15.71166666666667 ], [ 104.136666666666656, 15.7075 ], [ 104.136666666666656, 15.705 ], [ 104.12833333333333, 15.695833333333336 ], [ 104.124166666666667, 15.695833333333336 ], [ 104.119166666666658, 15.700833333333339 ], [ 104.118333333333325, 15.705 ], [ 104.130833333333328, 15.705833333333338 ], [ 104.12833333333333, 15.71 ], [ 104.1275, 15.718333333333337 ] ] } },
{ "type": "Feature", "properties": { "COMID": 44032599, "id": "10258", "lengthkm": 23.637375906077949, "order": 5, "uparea": 47019.152442748134 }, "geometry": { "type": "LineString", "coordinates": [ [ 104.213333333333338, 15.614166666666673 ], [ 104.2125, 15.6175 ], [ 104.208333333333329, 15.618333333333339 ], [ 104.201666666666668, 15.615 ], [ 104.194166666666661, 15.614166666666673 ], [ 104.189166666666665, 15.60916666666667 ], [ 104.186666666666667, 15.610833333333339 ], [ 104.189166666666665, 15.615 ], [ 104.1825, 15.62 ], [ 104.1825, 15.6225 ], [ 104.18416666666667, 15.625 ], [ 104.191666666666663, 15.62916666666667 ], [ 104.191666666666663, 15.631666666666671 ], [ 104.19, 15.633333333333336 ], [ 104.185833333333335, 15.633333333333336 ], [ 104.18, 15.630833333333339 ], [ 104.173333333333332, 15.630833333333339 ], [ 104.17, 15.633333333333336 ], [ 104.17, 15.635 ], [ 104.175, 15.635833333333338 ], [ 104.178333333333327, 15.638333333333339 ], [ 104.178333333333327, 15.640833333333337 ], [ 104.173333333333332, 15.648333333333337 ], [ 104.171666666666667, 15.655 ], [ 104.1725, 15.660833333333336 ], [ 104.175, 15.661666666666672 ], [ 104.18, 15.6575 ], [ 104.18416666666667, 15.65666666666667 ], [ 104.1875, 15.66 ], [ 104.1875, 15.666666666666671 ], [ 104.185833333333335, 15.668333333333337 ], [ 104.1825, 15.668333333333337 ], [ 104.17583333333333, 15.66416666666667 ], [ 104.175, 15.666666666666671 ], [ 104.1775, 15.670833333333338 ], [ 104.17583333333333, 15.6725 ], [ 104.17, 15.6725 ], [ 104.164166666666659, 15.685833333333338 ], [ 104.16, 15.689166666666672 ], [ 104.153333333333336, 15.69 ], [ 104.151666666666671, 15.69166666666667 ], [ 104.1525, 15.694166666666671 ] ] } },
{ "type": "Feature", "properties": { "COMID": 44032598, "id": "10258", "lengthkm": 20.209506163566353, "order": 5, "uparea": 47144.866553078304 }, "geometry": { "type": "LineString", "coordinates": [ [ 104.248333333333335, 15.54 ], [ 104.24166666666666, 15.535833333333336 ], [ 104.239166666666662, 15.536666666666672 ], [ 104.239166666666662, 15.54 ], [ 104.245, 15.543333333333337 ], [ 104.2425, 15.54666666666667 ], [ 104.2375, 15.545833333333338 ], [ 104.233333333333334, 15.549166666666672 ], [ 104.239166666666662, 15.55916666666667 ], [ 104.239166666666662, 15.561666666666671 ], [ 104.235833333333332, 15.5625 ], [ 104.234166666666667, 15.558333333333337 ], [ 104.230833333333337, 15.556666666666672 ], [ 104.229166666666657, 15.558333333333337 ], [ 104.229166666666657, 15.565 ], [ 104.224166666666662, 15.569166666666671 ], [ 104.225833333333327, 15.575 ], [ 104.233333333333334, 15.57416666666667 ], [ 104.235833333333332, 15.575833333333339 ], [ 104.236666666666665, 15.58 ], [ 104.220833333333331, 15.58 ], [ 104.22, 15.589166666666671 ], [ 104.213333333333338, 15.591666666666672 ], [ 104.213333333333338, 15.59416666666667 ], [ 104.216666666666669, 15.5975 ], [ 104.215, 15.600833333333338 ], [ 104.210833333333326, 15.6 ], [ 104.205833333333331, 15.595 ], [ 104.204166666666666, 15.596666666666671 ], [ 104.204166666666666, 15.599166666666672 ], [ 104.208333333333329, 15.603333333333339 ], [ 104.209166666666661, 15.608333333333338 ], [ 104.213333333333338, 15.614166666666673 ] ] } },
{ "type": "Feature", "properties": { "COMID": 44032597, "id": "10258", "lengthkm": 35.65353721430683, "order": 5, "uparea": 47316.77502065611 }, "geometry": { "type": "LineString", "coordinates": [ [ 104.361666666666665, 15.46 ], [ 104.360833333333332, 15.455833333333338 ], [ 104.3625, 15.451666666666672 ], [ 104.353333333333325, 15.4425 ], [ 104.3525, 15.439166666666672 ], [ 104.354166666666657, 15.43416666666667 ], [ 104.3525, 15.4325 ], [ 104.345, 15.433333333333337 ], [ 104.338333333333338, 15.428333333333338 ], [ 104.333333333333329, 15.4275 ], [ 104.323333333333323, 15.4325 ], [ 104.32, 15.43833333333334 ], [ 104.314166666666665, 15.43833333333334 ], [ 104.308333333333337, 15.44166666666667 ], [ 104.305833333333325, 15.445833333333336 ], [ 104.31, 15.448333333333338 ], [ 104.31, 15.450833333333339 ], [ 104.3075, 15.453333333333337 ], [ 104.2975, 15.46 ], [ 104.29, 15.46 ], [ 104.291666666666657, 15.4625 ], [ 104.296666666666667, 15.465 ], [ 104.296666666666667, 15.473333333333336 ], [ 104.30083333333333, 15.483333333333338 ], [ 104.299166666666665, 15.48416666666667 ], [ 104.291666666666657, 15.4775 ], [ 104.286666666666662, 15.478333333333339 ], [ 104.283333333333331, 15.481666666666673 ], [ 104.283333333333331, 15.485833333333339 ], [ 104.285833333333329, 15.4875 ], [ 104.296666666666667, 15.486666666666672 ], [ 104.299166666666665, 15.489166666666673 ], [ 104.30083333333333, 15.4975 ], [ 104.2975, 15.498333333333338 ], [ 104.290833333333325, 15.493333333333339 ], [ 104.289166666666659, 15.495 ], [ 104.29, 15.501666666666672 ], [ 104.288333333333327, 15.508333333333336 ], [ 104.285, 15.509166666666673 ], [ 104.278333333333336, 15.515 ], [ 104.273333333333326, 15.509166666666673 ], [ 104.271666666666661, 15.510833333333338 ], [ 104.273333333333326, 15.5175 ], [ 104.271666666666661, 15.521666666666672 ], [ 104.265833333333333, 15.518333333333338 ], [ 104.261666666666656, 15.518333333333338 ], [ 104.255833333333328, 15.523333333333337 ], [ 104.249166666666667, 15.525 ], [ 104.24666666666667, 15.529166666666672 ], [ 104.251666666666665, 15.53166666666667 ], [ 104.254166666666663, 15.534166666666671 ], [ 104.254166666666663, 15.536666666666672 ], [ 104.248333333333335, 15.54 ] ] } },
{ "type": "Feature", "properties": { "COMID": 44032596, "id": "10258", "lengthkm": 8.0933236034734897, "order": 5, "uparea": 47401.861265276668 }, "geometry": { "type": "LineString", "coordinates": [ [ 104.3925, 15.405833333333337 ], [ 104.3875, 15.415 ], [ 104.385833333333323, 15.444166666666671 ], [ 104.37166666666667, 15.458333333333339 ], [ 104.365, 15.460833333333337 ], [ 104.361666666666665, 15.46 ] ] } },
{ "type": "Feature", "properties": { "COMID": 44032595, "id": "10258", "lengthkm": 23.155406456012443, "order": 5, "uparea": 47479.407811538229 }, "geometry": { "type": "LineString", "coordinates": [ [ 104.435, 15.3125 ], [ 104.43416666666667, 15.314166666666672 ], [ 104.439166666666665, 15.3175 ], [ 104.439166666666665, 15.321666666666673 ], [ 104.433333333333337, 15.3275 ], [ 104.433333333333337, 15.331666666666671 ], [ 104.441666666666663, 15.3375 ], [ 104.4475, 15.34416666666667 ], [ 104.445, 15.348333333333336 ], [ 104.441666666666663, 15.348333333333336 ], [ 104.438333333333333, 15.345 ], [ 104.435, 15.345 ], [ 104.433333333333337, 15.346666666666671 ], [ 104.433333333333337, 15.349166666666672 ], [ 104.438333333333333, 15.356666666666673 ], [ 104.4375, 15.3725 ], [ 104.431666666666658, 15.378333333333337 ], [ 104.43, 15.378333333333337 ], [ 104.42916666666666, 15.376666666666672 ], [ 104.43416666666667, 15.3725 ], [ 104.435, 15.369166666666672 ], [ 104.433333333333337, 15.3675 ], [ 104.4225, 15.369166666666672 ], [ 104.42, 15.365833333333338 ], [ 104.418333333333337, 15.365833333333338 ], [ 104.413333333333327, 15.37583333333334 ], [ 104.413333333333327, 15.37916666666667 ], [ 104.408333333333331, 15.3875 ], [ 104.405833333333334, 15.389166666666672 ], [ 104.400833333333338, 15.389166666666672 ], [ 104.395833333333329, 15.385833333333338 ], [ 104.391666666666666, 15.385833333333338 ], [ 104.383333333333326, 15.393333333333338 ], [ 104.381666666666661, 15.396666666666672 ], [ 104.3825, 15.400833333333338 ], [ 104.390833333333333, 15.40333333333334 ], [ 104.3925, 15.405833333333337 ] ] } },
{ "type": "Feature", "properties": { "COMID": 44032594, "id": "10258", "lengthkm": 5.7734902051661523, "order": 5, "uparea": 47977.73247275153 }, "geometry": { "type": "LineString", "coordinates": [ [ 104.475833333333327, 15.304166666666671 ], [ 104.468333333333334, 15.314166666666672 ], [ 104.454166666666666, 15.310833333333338 ], [ 104.445, 15.305833333333339 ], [ 104.4425, 15.305833333333339 ], [ 104.436666666666667, 15.3125 ], [ 104.435, 15.3125 ] ] } },
{ "type": "Feature", "properties": { "COMID": 44032593, "id": "10258", "lengthkm": 4.545320461729788, "order": 5, "uparea": 48042.902520612195 }, "geometry": { "type": "LineString", "coordinates": [ [ 104.50333333333333, 15.298333333333339 ], [ 104.5, 15.303333333333338 ], [ 104.4975, 15.303333333333338 ], [ 104.493333333333325, 15.299166666666672 ], [ 104.479166666666657, 15.295 ], [ 104.478333333333325, 15.300833333333337 ], [ 104.475833333333327, 15.304166666666671 ] ] } },
{ "type": "Feature", "properties": { "COMID": 44032592, "id": "10258", "lengthkm": 14.064932300665307, "order": 5, "uparea": 48137.316066474523 }, "geometry": { "type": "LineString", "coordinates": [ [ 104.576666666666668, 15.32 ], [ 104.566666666666663, 15.31333333333334 ], [ 104.5625, 15.31333333333334 ], [ 104.5525, 15.318333333333339 ], [ 104.545, 15.32416666666667 ], [ 104.5425, 15.319166666666671 ], [ 104.54, 15.319166666666671 ], [ 104.533333333333331, 15.325 ], [ 104.5275, 15.325 ], [ 104.521666666666661, 15.319166666666671 ], [ 104.518333333333331, 15.32 ], [ 104.513333333333335, 15.32416666666667 ], [ 104.510833333333323, 15.32416666666667 ], [ 104.508333333333326, 15.321666666666673 ], [ 104.508333333333326, 15.319166666666671 ], [ 104.515833333333333, 15.315833333333337 ], [ 104.518333333333331, 15.31333333333334 ], [ 104.518333333333331, 15.31 ], [ 104.510833333333323, 15.308333333333337 ], [ 104.5075, 15.300833333333337 ], [ 104.50333333333333, 15.298333333333339 ] ] } },
{ "type": "Feature", "properties": { "COMID": 44032591, "id": "10258", "lengthkm": 9.6754128838228972, "order": 5, "uparea": 48534.492233478566 }, "geometry": { "type": "LineString", "coordinates": [ [ 104.609166666666667, 15.283333333333339 ], [ 104.610833333333332, 15.288333333333338 ], [ 104.609166666666667, 15.29666666666667 ], [ 104.6075, 15.298333333333339 ], [ 104.606666666666669, 15.288333333333338 ], [ 104.603333333333325, 15.285833333333336 ], [ 104.595833333333331, 15.28916666666667 ], [ 104.59, 15.28916666666667 ], [ 104.586666666666659, 15.291666666666671 ], [ 104.585833333333326, 15.295 ], [ 104.59, 15.301666666666673 ], [ 104.589166666666671, 15.306666666666672 ], [ 104.5875, 15.31 ], [ 104.576666666666668, 15.32 ] ] } },
{ "type": "Feature", "properties": { "COMID": 44032590, "id": "10258", "lengthkm": 6.9483886947506717, "order": 5, "uparea": 48646.754478804665 }, "geometry": { "type": "LineString", "coordinates": [ [ 104.639166666666668, 15.273333333333337 ], [ 104.636666666666656, 15.27 ], [ 104.630833333333328, 15.27 ], [ 104.62166666666667, 15.275833333333338 ], [ 104.618333333333325, 15.273333333333337 ], [ 104.618333333333325, 15.268333333333338 ], [ 104.62, 15.265833333333337 ], [ 104.615833333333327, 15.263333333333339 ], [ 104.61333333333333, 15.265833333333337 ], [ 104.614166666666662, 15.275 ], [ 104.609166666666667, 15.280833333333337 ], [ 104.609166666666667, 15.283333333333339 ] ] } },
{ "type": "Feature", "properties": { "COMID": 44032589, "id": "10258", "lengthkm": 32.801339676699683, "order": 5, "uparea": 48874.660567236111 }, "geometry": { "type": "LineString", "coordinates": [ [ 104.714166666666671, 15.1825 ], [ 104.718333333333334, 15.18833333333334 ], [ 104.718333333333334, 15.19166666666667 ], [ 104.715833333333336, 15.195 ], [ 104.713333333333338, 15.195833333333336 ], [ 104.710833333333326, 15.193333333333339 ], [ 104.71, 15.189166666666672 ], [ 104.706666666666663, 15.185833333333338 ], [ 104.703333333333333, 15.185 ], [ 104.699166666666656, 15.1875 ], [ 104.698333333333323, 15.19 ], [ 104.698333333333323, 15.19166666666667 ], [ 104.705, 15.1975 ], [ 104.7025, 15.201666666666672 ], [ 104.696666666666658, 15.204166666666673 ], [ 104.693333333333328, 15.204166666666673 ], [ 104.685833333333335, 15.19916666666667 ], [ 104.681666666666658, 15.201666666666672 ], [ 104.681666666666658, 15.205833333333338 ], [ 104.688333333333333, 15.204166666666673 ], [ 104.69, 15.206666666666671 ], [ 104.6875, 15.21 ], [ 104.683333333333337, 15.21166666666667 ], [ 104.681666666666658, 15.2175 ], [ 104.68416666666667, 15.22 ], [ 104.694166666666661, 15.21916666666667 ], [ 104.696666666666658, 15.221666666666671 ], [ 104.696666666666658, 15.224166666666672 ], [ 104.695, 15.225833333333338 ], [ 104.69083333333333, 15.225833333333338 ], [ 104.689166666666665, 15.224166666666672 ], [ 104.683333333333337, 15.223333333333336 ], [ 104.678333333333327, 15.2275 ], [ 104.67916666666666, 15.235833333333339 ], [ 104.668333333333337, 15.255833333333339 ], [ 104.659166666666664, 15.259166666666673 ], [ 104.6575, 15.2575 ], [ 104.66, 15.2525 ], [ 104.653333333333336, 15.25 ], [ 104.651666666666671, 15.2475 ], [ 104.6525, 15.243333333333339 ], [ 104.660833333333329, 15.2425 ], [ 104.663333333333327, 15.24 ], [ 104.664166666666659, 15.238333333333337 ], [ 104.6625, 15.236666666666672 ], [ 104.658333333333331, 15.239166666666673 ], [ 104.6475, 15.238333333333337 ], [ 104.645, 15.240833333333338 ], [ 104.645, 15.2675 ], [ 104.644166666666663, 15.270833333333339 ], [ 104.640833333333333, 15.27416666666667 ], [ 104.639166666666668, 15.273333333333337 ] ] } },
{ "type": "Feature", "properties": { "COMID": 44032588, "id": "10258", "lengthkm": 10.270646459315627, "order": 6, "uparea": 101806.07164244182 }, "geometry": { "type": "LineString", "coordinates": [ [ 104.78, 15.239166666666673 ], [ 104.77, 15.23 ], [ 104.76, 15.215 ], [ 104.743333333333325, 15.198333333333338 ], [ 104.72, 15.180833333333339 ], [ 104.714166666666671, 15.1825 ] ] } },
{ "type": "Feature", "properties": { "COMID": 44032587, "id": "10258", "lengthkm": 3.433301801142179, "order": 6, "uparea": 105907.10461596637 }, "geometry": { "type": "LineString", "coordinates": [ [ 104.808333333333337, 15.235833333333339 ], [ 104.793333333333337, 15.241666666666671 ], [ 104.785833333333329, 15.241666666666671 ], [ 104.78, 15.239166666666673 ] ] } },
{ "type": "Feature", "properties": { "COMID": 44032586, "id": "10258", "lengthkm": 17.420119126139088, "order": 6, "uparea": 106233.18944049381 }, "geometry": { "type": "LineString", "coordinates": [ [ 104.8875, 15.2325 ], [ 104.883333333333326, 15.228333333333339 ], [ 104.873333333333335, 15.223333333333336 ], [ 104.850833333333327, 15.223333333333336 ], [ 104.845, 15.2125 ], [ 104.836666666666659, 15.206666666666671 ], [ 104.810833333333335, 15.205833333333338 ], [ 104.7925, 15.208333333333339 ], [ 104.791666666666657, 15.21166666666667 ], [ 104.795833333333334, 15.215 ], [ 104.808333333333337, 15.21583333333334 ], [ 104.815, 15.221666666666671 ], [ 104.815, 15.228333333333339 ], [ 104.808333333333337, 15.235833333333339 ] ] } },
{ "type": "Feature", "properties": { "COMID": 44032585, "id": "10258", "lengthkm": 12.217316549468524, "order": 6, "uparea": 106355.18630930842 }, "geometry": { "type": "LineString", "coordinates": [ [ 104.980833333333337, 15.2625 ], [ 104.946666666666658, 15.2375 ], [ 104.930833333333325, 15.2325 ], [ 104.9225, 15.225833333333338 ], [ 104.914166666666659, 15.22666666666667 ], [ 104.8975, 15.23416666666667 ], [ 104.89, 15.23416666666667 ], [ 104.8875, 15.2325 ] ] } },
{ "type": "Feature", "properties": { "COMID": 44032584, "id": "10258", "lengthkm": 0.38626168713758002, "order": 6, "uparea": 106387.84604315412 }, "geometry": { "type": "LineString", "coordinates": [ [ 104.983333333333334, 15.265 ], [ 104.980833333333337, 15.2625 ] ] } },
{ "type": "Feature", "properties": { "COMID": 44032583, "id": "10258", "lengthkm": 15.279928007921104, "order": 6, "uparea": 106508.12946345989 }, "geometry": { "type": "LineString", "coordinates": [ [ 105.100833333333327, 15.305 ], [ 105.085, 15.298333333333339 ], [ 105.0725, 15.29 ], [ 105.060833333333335, 15.285 ], [ 105.045, 15.284166666666671 ], [ 105.035833333333329, 15.280833333333337 ], [ 105.025833333333338, 15.273333333333337 ], [ 105.0225, 15.27416666666667 ], [ 105.0175, 15.279166666666672 ], [ 105.0125, 15.28166666666667 ], [ 105.0025, 15.280833333333337 ], [ 104.983333333333334, 15.265 ] ] } },
{ "type": "Feature", "properties": { "COMID": 44032582, "id": "10258", "lengthkm": 1.2406140111519981, "order": 6, "uparea": 106542.52524894421 }, "geometry": { "type": "LineString", "coordinates": [ [ 105.111666666666665, 15.306666666666672 ], [ 105.100833333333327, 15.305 ] ] } },
{ "type": "Feature", "properties": { "COMID": 44032581, "id": "10258", "lengthkm": 5.716826587643423, "order": 6, "uparea": 110185.93817968396 }, "geometry": { "type": "LineString", "coordinates": [ [ 105.161666666666662, 15.3075 ], [ 105.150833333333338, 15.308333333333337 ], [ 105.1375, 15.304166666666671 ], [ 105.111666666666665, 15.306666666666672 ] ] } },
{ "type": "Feature", "properties": { "COMID": 44032580, "id": "10258", "lengthkm": 10.206551583629061, "order": 6, "uparea": 115539.48950769554 }, "geometry": { "type": "LineString", "coordinates": [ [ 105.225, 15.268333333333338 ], [ 105.209166666666661, 15.3 ], [ 105.204166666666666, 15.305 ], [ 105.18416666666667, 15.31333333333334 ], [ 105.18, 15.31333333333334 ], [ 105.170833333333334, 15.30916666666667 ], [ 105.161666666666662, 15.3075 ] ] } },
{ "type": "Feature", "properties": { "COMID": 44032579, "id": "10258", "lengthkm": 11.546580673169265, "order": 6, "uparea": 115667.32684124727 }, "geometry": { "type": "LineString", "coordinates": [ [ 105.290833333333325, 15.251666666666672 ], [ 105.2875, 15.248333333333338 ], [ 105.281666666666666, 15.2325 ], [ 105.275833333333338, 15.228333333333339 ], [ 105.269166666666663, 15.228333333333339 ], [ 105.258333333333326, 15.23416666666667 ], [ 105.251666666666665, 15.235833333333339 ], [ 105.2475, 15.240833333333338 ], [ 105.24666666666667, 15.24666666666667 ], [ 105.235833333333332, 15.25083333333334 ], [ 105.2325, 15.25416666666667 ], [ 105.225, 15.268333333333338 ] ] } },
{ "type": "Feature", "properties": { "COMID": 44032578, "id": "10258", "lengthkm": 6.8296195786025784, "order": 6, "uparea": 116192.37605197339 }, "geometry": { "type": "LineString", "coordinates": [ [ 105.330833333333331, 15.284166666666671 ], [ 105.331666666666663, 15.27833333333334 ], [ 105.328333333333333, 15.27416666666667 ], [ 105.323333333333323, 15.27416666666667 ], [ 105.313333333333333, 15.27 ], [ 105.30916666666667, 15.270833333333339 ], [ 105.306666666666658, 15.268333333333338 ], [ 105.30416666666666, 15.260833333333338 ], [ 105.294166666666669, 15.255833333333339 ], [ 105.290833333333325, 15.251666666666672 ] ] } },
{ "type": "Feature", "properties": { "COMID": 44032577, "id": "10258", "lengthkm": 3.0464280513592601, "order": 6, "uparea": 116271.72681953483 }, "geometry": { "type": "LineString", "coordinates": [ [ 105.356666666666669, 15.288333333333338 ], [ 105.339166666666671, 15.288333333333338 ], [ 105.330833333333331, 15.284166666666671 ] ] } },
{ "type": "Feature", "properties": { "COMID": 44032576, "id": "10258", "lengthkm": 2.0951671593058521, "order": 6, "uparea": 116310.0105179011 }, "geometry": { "type": "LineString", "coordinates": [ [ 105.37166666666667, 15.2975 ], [ 105.356666666666669, 15.288333333333338 ] ] } },
{ "type": "Feature", "properties": { "COMID": 44032575, "id": "10258", "lengthkm": 4.058112908903948, "order": 6, "uparea": 116352.06994822793 }, "geometry": { "type": "LineString", "coordinates": [ [ 105.405833333333334, 15.304166666666671 ], [ 105.393333333333331, 15.305 ], [ 105.37166666666667, 15.2975 ] ] } },
{ "type": "Feature", "properties": { "COMID": 44032574, "id": "10258", "lengthkm": 9.6840480992728963, "order": 6, "uparea": 117234.82621598926 }, "geometry": { "type": "LineString", "coordinates": [ [ 105.466666666666669, 15.2775 ], [ 105.459166666666661, 15.27 ], [ 105.454166666666666, 15.269166666666671 ], [ 105.448333333333323, 15.264166666666672 ], [ 105.443333333333328, 15.264166666666672 ], [ 105.436666666666667, 15.269166666666671 ], [ 105.4275, 15.286666666666672 ], [ 105.4175, 15.293333333333337 ], [ 105.41, 15.301666666666673 ], [ 105.405833333333334, 15.304166666666671 ] ] } },
{ "type": "Feature", "properties": { "COMID": 44032573, "id": "10258", "lengthkm": 9.0618409098287405, "order": 6, "uparea": 119448.32371407033 }, "geometry": { "type": "LineString", "coordinates": [ [ 105.509166666666658, 15.3225 ], [ 105.508333333333326, 15.318333333333339 ], [ 105.505833333333328, 15.315833333333337 ], [ 105.493333333333325, 15.310833333333338 ], [ 105.489166666666662, 15.304166666666671 ], [ 105.485, 15.300833333333337 ], [ 105.474166666666662, 15.300833333333337 ], [ 105.470833333333331, 15.304166666666671 ], [ 105.468333333333334, 15.303333333333338 ], [ 105.466666666666669, 15.299166666666672 ], [ 105.468333333333334, 15.285833333333336 ], [ 105.466666666666669, 15.2775 ] ] } },
{ "type": "Feature", "properties": { "COMID": 44032550, "id": "10258", "lengthkm": 1.1011601189583251, "order": 7, "uparea": 538968.56994953356 }, "geometry": { "type": "LineString", "coordinates": [ [ 105.518333333333331, 15.321666666666673 ], [ 105.514166666666668, 15.321666666666673 ], [ 105.511666666666656, 15.323333333333338 ], [ 105.509166666666658, 15.3225 ] ] } },
{ "type": "Feature", "properties": { "COMID": 44032549, "id": "10258", "lengthkm": 18.293844985737408, "order": 7, "uparea": 539110.67568937177 }, "geometry": { "type": "LineString", "coordinates": [ [ 105.655833333333334, 15.283333333333339 ], [ 105.648333333333326, 15.294166666666673 ], [ 105.625833333333333, 15.311666666666671 ], [ 105.615, 15.323333333333338 ], [ 105.596666666666664, 15.334166666666672 ], [ 105.5825, 15.3325 ], [ 105.566666666666663, 15.325 ], [ 105.553333333333327, 15.321666666666673 ], [ 105.549166666666665, 15.321666666666673 ], [ 105.544166666666669, 15.32416666666667 ], [ 105.520833333333329, 15.323333333333338 ], [ 105.518333333333331, 15.321666666666673 ] ] } },
{ "type": "Feature", "properties": { "COMID": 44032548, "id": "10258", "lengthkm": 6.7260434614188753, "order": 7, "uparea": 539191.93427529593 }, "geometry": { "type": "LineString", "coordinates": [ [ 105.660833333333329, 15.229166666666671 ], [ 105.660833333333329, 15.238333333333337 ], [ 105.655, 15.245 ], [ 105.654166666666669, 15.249166666666671 ], [ 105.655833333333334, 15.2675 ], [ 105.658333333333331, 15.273333333333337 ], [ 105.655833333333334, 15.283333333333339 ] ] } },
{ "type": "Feature", "properties": { "COMID": 44032547, "id": "10258", "lengthkm": 9.4038607104341505, "order": 7, "uparea": 539334.73253831593 }, "geometry": { "type": "LineString", "coordinates": [ [ 105.719166666666666, 15.175 ], [ 105.716666666666669, 15.175 ], [ 105.711666666666659, 15.18 ], [ 105.706666666666663, 15.180833333333339 ], [ 105.688333333333333, 15.1925 ], [ 105.680833333333325, 15.2 ], [ 105.678333333333327, 15.2075 ], [ 105.670833333333334, 15.215 ], [ 105.660833333333329, 15.229166666666671 ] ] } },
{ "type": "Feature", "properties": { "COMID": 44034391, "id": "10258", "lengthkm": 3.6562463018587059, "order": 7, "uparea": 539385.37754451192 }, "geometry": { "type": "LineString", "coordinates": [ [ 105.730833333333322, 15.146666666666672 ], [ 105.719166666666666, 15.166666666666671 ], [ 105.719166666666666, 15.175 ] ] } },
{ "type": "Feature", "properties": { "COMID": 44034390, "id": "10258", "lengthkm": 8.2952785405289902, "order": 7, "uparea": 539884.48869209224 }, "geometry": { "type": "LineString", "coordinates": [ [ 105.79, 15.11 ], [ 105.776666666666671, 15.116666666666671 ], [ 105.770833333333329, 15.123333333333338 ], [ 105.769166666666663, 15.1275 ], [ 105.76, 15.13666666666667 ], [ 105.7525, 15.141666666666673 ], [ 105.745, 15.1425 ], [ 105.739166666666662, 15.145833333333339 ], [ 105.730833333333322, 15.146666666666672 ] ] } },
{ "type": "Feature", "properties": { "COMID": 44034389, "id": "10258", "lengthkm": 0.34705786836671598, "order": 7, "uparea": 547208.85894784529 }, "geometry": { "type": "LineString", "coordinates": [ [ 105.7925, 15.108333333333338 ], [ 105.79, 15.11 ] ] } },
{ "type": "Feature", "properties": { "COMID": 44034388, "id": "10258", "lengthkm": 10.909880596885063, "order": 7, "uparea": 547392.19473485998 }, "geometry": { "type": "LineString", "coordinates": [ [ 105.851666666666659, 15.048333333333339 ], [ 105.8325, 15.065 ], [ 105.828333333333333, 15.07416666666667 ], [ 105.829166666666666, 15.088333333333338 ], [ 105.825, 15.098333333333336 ], [ 105.82, 15.1025 ], [ 105.810833333333335, 15.106666666666673 ], [ 105.795833333333334, 15.106666666666673 ], [ 105.7925, 15.108333333333338 ] ] } },
{ "type": "Feature", "properties": { "COMID": 44034387, "id": "10258", "lengthkm": 2.7427309619384261, "order": 7, "uparea": 547437.3578680146 }, "geometry": { "type": "LineString", "coordinates": [ [ 105.86666666666666, 15.03 ], [ 105.8625, 15.035 ], [ 105.861666666666665, 15.03916666666667 ], [ 105.851666666666659, 15.048333333333339 ] ] } },
{ "type": "Feature", "properties": { "COMID": 44034386, "id": "10258", "lengthkm": 5.0468617343611646, "order": 7, "uparea": 547529.7994394683 }, "geometry": { "type": "LineString", "coordinates": [ [ 105.891666666666666, 14.999166666666671 ], [ 105.8825, 15.00416666666667 ], [ 105.879166666666663, 15.00416666666667 ], [ 105.870833333333337, 15.013333333333339 ], [ 105.86666666666666, 15.03 ] ] } },
{ "type": "Feature", "properties": { "COMID": 44034385, "id": "10258", "lengthkm": 4.6038950478733769, "order": 7, "uparea": 547561.72629035206 }, "geometry": { "type": "LineString", "coordinates": [ [ 105.896666666666661, 14.961666666666673 ], [ 105.8975, 14.9675 ], [ 105.895, 14.970833333333339 ], [ 105.895833333333329, 14.9925 ], [ 105.891666666666666, 14.999166666666671 ] ] } },
{ "type": "Feature", "properties": { "COMID": 44034384, "id": "10258", "lengthkm": 0.87014263447644102, "order": 7, "uparea": 548061.96316222788 }, "geometry": { "type": "LineString", "coordinates": [ [ 105.895833333333329, 14.954166666666673 ], [ 105.896666666666661, 14.961666666666673 ] ] } },
{ "type": "Feature", "properties": { "COMID": 44034383, "id": "10258", "lengthkm": 2.7551850177088331, "order": 7, "uparea": 548102.69587618939 }, "geometry": { "type": "LineString", "coordinates": [ [ 105.9, 14.931666666666672 ], [ 105.898333333333326, 14.935833333333338 ], [ 105.899166666666659, 14.943333333333339 ], [ 105.895833333333329, 14.954166666666673 ] ] } },
{ "type": "Feature", "properties": { "COMID": 44034382, "id": "10258", "lengthkm": 9.2967171364137027, "order": 7, "uparea": 548237.02037013462 }, "geometry": { "type": "LineString", "coordinates": [ [ 105.879166666666663, 14.8575 ], [ 105.880833333333328, 14.87 ], [ 105.88, 14.874166666666671 ], [ 105.881666666666661, 14.87583333333334 ], [ 105.880833333333328, 14.878333333333337 ], [ 105.8825, 14.88 ], [ 105.883333333333326, 14.88666666666667 ], [ 105.8925, 14.910833333333336 ], [ 105.8975, 14.916666666666671 ], [ 105.9, 14.931666666666672 ] ] } },
{ "type": "Feature", "properties": { "COMID": 44034381, "id": "10258", "lengthkm": 4.2539893401734883, "order": 7, "uparea": 548281.74714352842 }, "geometry": { "type": "LineString", "coordinates": [ [ 105.885833333333323, 14.8225 ], [ 105.880833333333328, 14.835833333333337 ], [ 105.881666666666661, 14.8375 ], [ 105.88, 14.839166666666671 ], [ 105.879166666666663, 14.8575 ] ] } },
{ "type": "Feature", "properties": { "COMID": 44034380, "id": "10258", "lengthkm": 2.6089025774229251, "order": 7, "uparea": 548324.09133450966 }, "geometry": { "type": "LineString", "coordinates": [ [ 105.901666666666671, 14.806666666666672 ], [ 105.895833333333329, 14.81 ], [ 105.888333333333335, 14.8175 ], [ 105.885833333333323, 14.8225 ] ] } },
{ "type": "Feature", "properties": { "COMID": 44034379, "id": "10258", "lengthkm": 0.48723013814006499, "order": 7, "uparea": 548397.40855983726 }, "geometry": { "type": "LineString", "coordinates": [ [ 105.905833333333334, 14.805833333333339 ], [ 105.901666666666671, 14.806666666666672 ] ] } },
{ "type": "Feature", "properties": { "COMID": 44034378, "id": "10258", "lengthkm": 0.56583564383006602, "order": 7, "uparea": 548763.10131903994 }, "geometry": { "type": "LineString", "coordinates": [ [ 105.91, 14.803333333333338 ], [ 105.905833333333334, 14.805833333333339 ] ] } },
{ "type": "Feature", "properties": { "COMID": 44034377, "id": "10258", "lengthkm": 2.9201370555840871, "order": 7, "uparea": 548805.01560535026 }, "geometry": { "type": "LineString", "coordinates": [ [ 105.9275, 14.78583333333334 ], [ 105.924166666666665, 14.7925 ], [ 105.92, 14.79666666666667 ], [ 105.91, 14.803333333333338 ] ] } },
{ "type": "Feature", "properties": { "COMID": 44034376, "id": "10258", "lengthkm": 2.5701871087897712, "order": 7, "uparea": 548997.50883995183 }, "geometry": { "type": "LineString", "coordinates": [ [ 105.933333333333337, 14.765 ], [ 105.933333333333337, 14.7725 ], [ 105.9275, 14.78583333333334 ] ] } },
{ "type": "Feature", "properties": { "COMID": 44034375, "id": "10258", "lengthkm": 3.6216563783216018, "order": 7, "uparea": 549070.94856472092 }, "geometry": { "type": "LineString", "coordinates": [ [ 105.9225, 14.736666666666672 ], [ 105.92916666666666, 14.75 ], [ 105.933333333333337, 14.765 ] ] } },
{ "type": "Feature", "properties": { "COMID": 44034374, "id": "10258", "lengthkm": 0.406894902612225, "order": 7, "uparea": 549180.9988458869 }, "geometry": { "type": "LineString", "coordinates": [ [ 105.923333333333332, 14.733333333333338 ], [ 105.9225, 14.736666666666672 ] ] } },
{ "type": "Feature", "properties": { "COMID": 44034373, "id": "10258", "lengthkm": 10.386033362090824, "order": 7, "uparea": 549320.28040187794 }, "geometry": { "type": "LineString", "coordinates": [ [ 105.874166666666667, 14.659166666666671 ], [ 105.875833333333333, 14.665833333333339 ], [ 105.885833333333323, 14.68416666666667 ], [ 105.91, 14.711666666666673 ], [ 105.923333333333332, 14.733333333333338 ] ] } },
{ "type": "Feature", "properties": { "COMID": 44034372, "id": "10258", "lengthkm": 1.3295574798644429, "order": 7, "uparea": 549405.60235960979 }, "geometry": { "type": "LineString", "coordinates": [ [ 105.869166666666658, 14.649166666666673 ], [ 105.870833333333337, 14.655 ], [ 105.874166666666667, 14.659166666666671 ] ] } },
{ "type": "Feature", "properties": { "COMID": 44036204, "id": "10258", "lengthkm": 12.397165558651722, "order": 7, "uparea": 549482.86405841529 }, "geometry": { "type": "LineString", "coordinates": [ [ 105.858333333333334, 14.545833333333338 ], [ 105.855833333333322, 14.560833333333338 ], [ 105.855833333333322, 14.573333333333338 ], [ 105.859166666666667, 14.600833333333338 ], [ 105.856666666666669, 14.605 ], [ 105.856666666666669, 14.60916666666667 ], [ 105.869166666666658, 14.649166666666673 ] ] } },
{ "type": "Feature", "properties": { "COMID": 44036203, "id": "10258", "lengthkm": 8.6225126470679658, "order": 7, "uparea": 549604.55012780754 }, "geometry": { "type": "LineString", "coordinates": [ [ 105.86, 14.474166666666672 ], [ 105.861666666666665, 14.4825 ], [ 105.86, 14.491666666666671 ], [ 105.864166666666662, 14.5075 ], [ 105.865, 14.526666666666671 ], [ 105.858333333333334, 14.545833333333338 ] ] } },
{ "type": "Feature", "properties": { "COMID": 44036202, "id": "10258", "lengthkm": 6.6805982084843878, "order": 7, "uparea": 549653.94594528072 }, "geometry": { "type": "LineString", "coordinates": [ [ 105.859166666666667, 14.418333333333337 ], [ 105.858333333333334, 14.439166666666672 ], [ 105.856666666666669, 14.44166666666667 ], [ 105.8575, 14.453333333333337 ], [ 105.855, 14.463333333333338 ], [ 105.859166666666667, 14.4675 ], [ 105.86, 14.474166666666672 ] ] } },
{ "type": "Feature", "properties": { "COMID": 44036201, "id": "10258", "lengthkm": 4.4042158761196317, "order": 7, "uparea": 549699.77136423916 }, "geometry": { "type": "LineString", "coordinates": [ [ 105.86666666666666, 14.381666666666671 ], [ 105.86333333333333, 14.390833333333337 ], [ 105.859166666666667, 14.418333333333337 ] ] } },
{ "type": "Feature", "properties": { "COMID": 44036200, "id": "10258", "lengthkm": 0.68498320908780597, "order": 7, "uparea": 549732.93949836434 }, "geometry": { "type": "LineString", "coordinates": [ [ 105.865833333333327, 14.37583333333334 ], [ 105.86666666666666, 14.381666666666671 ] ] } },
{ "type": "Feature", "properties": { "COMID": 44036199, "id": "10258", "lengthkm": 3.606688584847209, "order": 7, "uparea": 551502.75098438631 }, "geometry": { "type": "LineString", "coordinates": [ [ 105.874166666666667, 14.346666666666671 ], [ 105.868333333333325, 14.37166666666667 ], [ 105.865833333333327, 14.37583333333334 ] ] } },
{ "type": "Feature", "properties": { "COMID": 44036198, "id": "10258", "lengthkm": 5.0131675036776713, "order": 7, "uparea": 551576.25329557993 }, "geometry": { "type": "LineString", "coordinates": [ [ 105.87, 14.305833333333339 ], [ 105.876666666666665, 14.329166666666673 ], [ 105.874166666666667, 14.346666666666671 ] ] } },
{ "type": "Feature", "properties": { "COMID": 44036197, "id": "10258", "lengthkm": 2.1840494962859811, "order": 7, "uparea": 551839.26538042189 }, "geometry": { "type": "LineString", "coordinates": [ [ 105.868333333333325, 14.2875 ], [ 105.870833333333337, 14.298333333333339 ], [ 105.87, 14.305833333333339 ] ] } },
{ "type": "Feature", "properties": { "COMID": 44036196, "id": "10258", "lengthkm": 1.0920298651995759, "order": 7, "uparea": 552086.91998868471 }, "geometry": { "type": "LineString", "coordinates": [ [ 105.87, 14.27833333333334 ], [ 105.87, 14.28583333333334 ], [ 105.868333333333325, 14.2875 ] ] } },
{ "type": "Feature", "properties": { "COMID": 44036195, "id": "10258", "lengthkm": 1.03575098684871, "order": 7, "uparea": 552218.93079239293 }, "geometry": { "type": "LineString", "coordinates": [ [ 105.8675, 14.27 ], [ 105.87, 14.274166666666673 ], [ 105.87, 14.27833333333334 ] ] } },
{ "type": "Feature", "properties": { "COMID": 44036194, "id": "10258", "lengthkm": 16.484376147515491, "order": 7, "uparea": 552324.79068224609 }, "geometry": { "type": "LineString", "coordinates": [ [ 105.868333333333325, 14.143333333333338 ], [ 105.868333333333325, 14.1475 ], [ 105.86666666666666, 14.149166666666673 ], [ 105.86333333333333, 14.163333333333338 ], [ 105.86, 14.169166666666673 ], [ 105.856666666666669, 14.17166666666667 ], [ 105.856666666666669, 14.174166666666672 ], [ 105.845, 14.185 ], [ 105.841666666666669, 14.195833333333336 ], [ 105.843333333333334, 14.215 ], [ 105.8475, 14.228333333333339 ], [ 105.858333333333334, 14.246666666666673 ], [ 105.86, 14.256666666666671 ], [ 105.8675, 14.27 ] ] } },
{ "type": "Feature", "properties": { "COMID": 44036193, "id": "10258", "lengthkm": 6.9872648997238622, "order": 7, "uparea": 552466.40655851259 }, "geometry": { "type": "LineString", "coordinates": [ [ 105.845, 14.09416666666667 ], [ 105.8525, 14.096666666666671 ], [ 105.8575, 14.10166666666667 ], [ 105.8575, 14.11 ], [ 105.86, 14.113333333333337 ], [ 105.859166666666667, 14.120833333333337 ], [ 105.860833333333332, 14.125 ], [ 105.86666666666666, 14.13 ], [ 105.868333333333325, 14.143333333333338 ] ] } },
{ "type": "Feature", "properties": { "COMID": 44036192, "id": "10258", "lengthkm": 15.679418645440233, "order": 7, "uparea": 552578.58730749041 }, "geometry": { "type": "LineString", "coordinates": [ [ 105.915, 14.00083333333334 ], [ 105.915, 14.003333333333337 ], [ 105.91, 14.00833333333334 ], [ 105.91, 14.0125 ], [ 105.905, 14.025 ], [ 105.894166666666663, 14.03583333333334 ], [ 105.8925, 14.04666666666667 ], [ 105.889166666666668, 14.05 ], [ 105.889166666666668, 14.06333333333334 ], [ 105.88, 14.07 ], [ 105.8775, 14.069166666666671 ], [ 105.8725, 14.071666666666673 ], [ 105.858333333333334, 14.071666666666673 ], [ 105.849166666666662, 14.076666666666672 ], [ 105.843333333333334, 14.0825 ], [ 105.8425, 14.089166666666671 ], [ 105.845, 14.09416666666667 ] ] } },
{ "type": "Feature", "properties": { "COMID": 44037965, "id": "10258", "lengthkm": 4.4089659647484689, "order": 7, "uparea": 555582.77847617527 }, "geometry": { "type": "LineString", "coordinates": [ [ 105.948333333333323, 13.994166666666672 ], [ 105.944166666666661, 14.0 ], [ 105.939166666666665, 14.0025 ], [ 105.933333333333337, 14.0025 ], [ 105.923333333333332, 13.998333333333338 ], [ 105.915, 14.00083333333334 ] ] } },
{ "type": "Feature", "properties": { "COMID": 44037964, "id": "10258", "lengthkm": 8.6925424020594182, "order": 7, "uparea": 555707.78068258998 }, "geometry": { "type": "LineString", "coordinates": [ [ 105.984166666666667, 13.944166666666671 ], [ 105.9825, 13.946666666666673 ], [ 105.9875, 13.95 ], [ 105.984166666666667, 13.954166666666673 ], [ 105.985833333333332, 13.955833333333338 ], [ 105.986666666666665, 13.961666666666673 ], [ 105.983333333333334, 13.968333333333337 ], [ 105.971666666666664, 13.97666666666667 ], [ 105.968333333333334, 13.980833333333337 ], [ 105.9525, 13.9875 ], [ 105.948333333333323, 13.991666666666671 ], [ 105.948333333333323, 13.994166666666672 ] ] } },
{ "type": "Feature", "properties": { "COMID": 44037963, "id": "10258", "lengthkm": 3.4177656316151621, "order": 7, "uparea": 555851.64610465185 }, "geometry": { "type": "LineString", "coordinates": [ [ 105.971666666666664, 13.925 ], [ 105.981666666666669, 13.925833333333337 ], [ 105.981666666666669, 13.934166666666673 ], [ 105.984166666666667, 13.94 ], [ 105.984166666666667, 13.944166666666671 ] ] } },
{ "type": "Feature", "properties": { "COMID": 44037962, "id": "10258", "lengthkm": 9.4148581919887828, "order": 7, "uparea": 555953.13980894769 }, "geometry": { "type": "LineString", "coordinates": [ [ 105.984166666666667, 13.856666666666673 ], [ 105.980833333333322, 13.860833333333339 ], [ 105.980833333333322, 13.866666666666671 ], [ 105.975833333333327, 13.875 ], [ 105.9725, 13.8775 ], [ 105.969166666666666, 13.885 ], [ 105.969166666666666, 13.894166666666671 ], [ 105.966666666666669, 13.901666666666671 ], [ 105.9725, 13.904166666666672 ], [ 105.968333333333334, 13.91416666666667 ], [ 105.968333333333334, 13.920833333333338 ], [ 105.971666666666664, 13.925 ] ] } },
{ "type": "Feature", "properties": { "COMID": 44037961, "id": "10258", "lengthkm": 6.4862817114898483, "order": 7, "uparea": 556044.39859059174 }, "geometry": { "type": "LineString", "coordinates": [ [ 105.963333333333324, 13.808333333333337 ], [ 105.963333333333324, 13.81666666666667 ], [ 105.9675, 13.82 ], [ 105.966666666666669, 13.821666666666673 ], [ 105.974166666666662, 13.833333333333339 ], [ 105.984166666666667, 13.856666666666673 ] ] } },
{ "type": "Feature", "properties": { "COMID": 44037960, "id": "10258", "lengthkm": 8.2365441169269271, "order": 7, "uparea": 556128.56393633771 }, "geometry": { "type": "LineString", "coordinates": [ [ 105.9675, 13.748333333333338 ], [ 105.965, 13.755 ], [ 105.965833333333336, 13.7625 ], [ 105.970833333333331, 13.77 ], [ 105.975833333333327, 13.774166666666673 ], [ 105.971666666666664, 13.776666666666671 ], [ 105.970833333333331, 13.78 ], [ 105.9725, 13.7825 ], [ 105.964166666666671, 13.791666666666671 ], [ 105.9625, 13.799166666666672 ], [ 105.963333333333324, 13.808333333333337 ] ] } },
{ "type": "Feature", "properties": { "COMID": 44037959, "id": "10258", "lengthkm": 5.5752293618213198, "order": 7, "uparea": 557859.77821924037 }, "geometry": { "type": "LineString", "coordinates": [ [ 106.008333333333326, 13.725833333333338 ], [ 106.005, 13.728333333333339 ], [ 106.000833333333333, 13.728333333333339 ], [ 105.99166666666666, 13.735833333333339 ], [ 105.975833333333327, 13.74 ], [ 105.9675, 13.748333333333338 ] ] } },
{ "type": "Feature", "properties": { "COMID": 44037958, "id": "10258", "lengthkm": 3.4204665447844298, "order": 7, "uparea": 557959.56211795751 }, "geometry": { "type": "LineString", "coordinates": [ [ 106.020833333333329, 13.7 ], [ 106.0125, 13.710833333333337 ], [ 106.008333333333326, 13.725833333333338 ] ] } },
{ "type": "Feature", "properties": { "COMID": 44037957, "id": "10258", "lengthkm": 1.306277846091255, "order": 7, "uparea": 558006.07212552032 }, "geometry": { "type": "LineString", "coordinates": [ [ 106.029166666666669, 13.6925 ], [ 106.020833333333329, 13.7 ] ] } },
{ "type": "Feature", "properties": { "COMID": 44037956, "id": "10258", "lengthkm": 8.2286592987713725, "order": 7, "uparea": 558066.12336451048 }, "geometry": { "type": "LineString", "coordinates": [ [ 106.031666666666666, 13.628333333333337 ], [ 106.029166666666669, 13.63 ], [ 106.029166666666669, 13.6325 ], [ 106.036666666666662, 13.645833333333339 ], [ 106.0375, 13.66083333333334 ], [ 106.035833333333329, 13.663333333333338 ], [ 106.034166666666664, 13.684166666666673 ], [ 106.03, 13.68833333333334 ], [ 106.029166666666669, 13.6925 ] ] } },
{ "type": "Feature", "properties": { "COMID": 44037955, "id": "10258", "lengthkm": 11.04895170260451, "order": 7, "uparea": 558151.77722079458 }, "geometry": { "type": "LineString", "coordinates": [ [ 105.975833333333327, 13.56666666666667 ], [ 105.985833333333332, 13.575833333333339 ], [ 105.9975, 13.580833333333338 ], [ 105.998333333333335, 13.5825 ], [ 106.000833333333333, 13.581666666666671 ], [ 106.0125, 13.596666666666671 ], [ 106.018333333333331, 13.6 ], [ 106.024166666666659, 13.600833333333338 ], [ 106.029166666666669, 13.605 ], [ 106.03, 13.608333333333338 ], [ 106.0275, 13.615 ], [ 106.031666666666666, 13.628333333333337 ] ] } },
{ "type": "Feature", "properties": { "COMID": 44037954, "id": "10258", "lengthkm": 3.972115992266041, "order": 7, "uparea": 558248.62368979934 }, "geometry": { "type": "LineString", "coordinates": [ [ 105.955, 13.53916666666667 ], [ 105.9575, 13.545 ], [ 105.970833333333331, 13.559166666666673 ], [ 105.975833333333327, 13.56666666666667 ] ] } },
{ "type": "Feature", "properties": { "COMID": 44037953, "id": "10258", "lengthkm": 2.583551005728872, "order": 7, "uparea": 636985.77554160007 }, "geometry": { "type": "LineString", "coordinates": [ [ 105.936666666666667, 13.5275 ], [ 105.9425, 13.534166666666671 ], [ 105.955, 13.53916666666667 ] ] } },
{ "type": "Feature", "properties": { "COMID": 44037952, "id": "10258", "lengthkm": 3.3480699799657119, "order": 7, "uparea": 637551.33338222909 }, "geometry": { "type": "LineString", "coordinates": [ [ 105.92583333333333, 13.501666666666672 ], [ 105.9275, 13.514166666666672 ], [ 105.93416666666667, 13.521666666666672 ], [ 105.936666666666667, 13.5275 ] ] } },
{ "type": "Feature", "properties": { "COMID": 44037951, "id": "10258", "lengthkm": 7.0523683629704763, "order": 7, "uparea": 638082.72870787384 }, "geometry": { "type": "LineString", "coordinates": [ [ 105.9375, 13.444166666666671 ], [ 105.9375, 13.45 ], [ 105.931666666666658, 13.460833333333337 ], [ 105.92583333333333, 13.480833333333337 ], [ 105.92583333333333, 13.501666666666672 ] ] } },
{ "type": "Feature", "properties": { "COMID": 44037950, "id": "10258", "lengthkm": 2.9628881589546898, "order": 7, "uparea": 638140.71273385023 }, "geometry": { "type": "LineString", "coordinates": [ [ 105.933333333333337, 13.419166666666673 ], [ 105.936666666666667, 13.431666666666672 ], [ 105.9375, 13.444166666666671 ] ] } },
{ "type": "Feature", "properties": { "COMID": 44039774, "id": "10258", "lengthkm": 4.7727344026077034, "order": 7, "uparea": 638264.63766759238 }, "geometry": { "type": "LineString", "coordinates": [ [ 105.9325, 13.3825 ], [ 105.925, 13.401666666666671 ], [ 105.9275, 13.411666666666672 ], [ 105.933333333333337, 13.419166666666673 ] ] } },
{ "type": "Feature", "properties": { "COMID": 44039773, "id": "10258", "lengthkm": 6.672210038725404, "order": 7, "uparea": 638331.75427837751 }, "geometry": { "type": "LineString", "coordinates": [ [ 105.92916666666666, 13.339166666666671 ], [ 105.9325, 13.34 ], [ 105.943333333333328, 13.3525 ], [ 105.943333333333328, 13.355 ], [ 105.94083333333333, 13.3575 ], [ 105.93416666666667, 13.358333333333338 ], [ 105.93, 13.365 ], [ 105.93, 13.375 ], [ 105.9325, 13.37916666666667 ], [ 105.9325, 13.3825 ] ] } },
{ "type": "Feature", "properties": { "COMID": 44039772, "id": "10258", "lengthkm": 5.9777412697085142, "order": 7, "uparea": 638494.33212055825 }, "geometry": { "type": "LineString", "coordinates": [ [ 105.928333333333327, 13.291666666666671 ], [ 105.92583333333333, 13.31333333333334 ], [ 105.920833333333334, 13.319166666666671 ], [ 105.920833333333334, 13.328333333333337 ], [ 105.92916666666666, 13.339166666666671 ] ] } },
{ "type": "Feature", "properties": { "COMID": 44039771, "id": "10258", "lengthkm": 6.4296245377850756, "order": 7, "uparea": 639113.16834218067 }, "geometry": { "type": "LineString", "coordinates": [ [ 105.963333333333324, 13.2525 ], [ 105.9575, 13.25833333333334 ], [ 105.9575, 13.26 ], [ 105.936666666666667, 13.28 ], [ 105.92916666666666, 13.281666666666673 ], [ 105.928333333333327, 13.291666666666671 ] ] } },
{ "type": "Feature", "properties": { "COMID": 44039770, "id": "10258", "lengthkm": 8.258818620673896, "order": 7, "uparea": 639240.75469895452 }, "geometry": { "type": "LineString", "coordinates": [ [ 106.015, 13.221666666666671 ], [ 106.0125, 13.224166666666672 ], [ 106.005833333333328, 13.225 ], [ 106.001666666666665, 13.23 ], [ 105.995, 13.23416666666667 ], [ 105.990833333333327, 13.2325 ], [ 105.989166666666662, 13.23416666666667 ], [ 105.98, 13.231666666666673 ], [ 105.973333333333329, 13.231666666666673 ], [ 105.97, 13.235 ], [ 105.969166666666666, 13.240833333333338 ], [ 105.963333333333324, 13.2525 ] ] } },
{ "type": "Feature", "properties": { "COMID": 44039769, "id": "10258", "lengthkm": 6.4591977451643352, "order": 7, "uparea": 639519.52412222314 }, "geometry": { "type": "LineString", "coordinates": [ [ 106.025, 13.179166666666671 ], [ 106.02, 13.185833333333338 ], [ 106.014166666666668, 13.18833333333334 ], [ 106.014166666666668, 13.19583333333334 ], [ 106.0075, 13.201666666666672 ], [ 106.0075, 13.208333333333339 ], [ 106.01, 13.2125 ], [ 106.01, 13.21583333333334 ], [ 106.015, 13.219166666666673 ], [ 106.015, 13.221666666666671 ] ] } },
{ "type": "Feature", "properties": { "COMID": 44039768, "id": "10258", "lengthkm": 3.89551214223484, "order": 7, "uparea": 639686.40565063769 }, "geometry": { "type": "LineString", "coordinates": [ [ 106.015833333333333, 13.151666666666671 ], [ 106.02, 13.15333333333334 ], [ 106.0225, 13.16416666666667 ], [ 106.0275, 13.17166666666667 ], [ 106.025, 13.179166666666671 ] ] } },
{ "type": "Feature", "properties": { "COMID": 44039767, "id": "10258", "lengthkm": 9.6404352267185693, "order": 7, "uparea": 640426.18005107692 }, "geometry": { "type": "LineString", "coordinates": [ [ 106.0075, 13.076666666666672 ], [ 106.008333333333326, 13.0775 ], [ 106.005, 13.080833333333338 ], [ 106.006666666666661, 13.09083333333334 ], [ 106.005833333333328, 13.096666666666671 ], [ 106.0025, 13.099166666666672 ], [ 106.00333333333333, 13.108333333333338 ], [ 106.000833333333333, 13.115 ], [ 106.000833333333333, 13.120833333333337 ], [ 106.0025, 13.1225 ], [ 106.005, 13.134166666666673 ], [ 106.011666666666656, 13.1425 ], [ 106.015833333333333, 13.151666666666671 ] ] } },
{ "type": "Feature", "properties": { "COMID": 44039766, "id": "10258", "lengthkm": 9.4455768148937072, "order": 7, "uparea": 640496.77977728797 }, "geometry": { "type": "LineString", "coordinates": [ [ 105.973333333333329, 13.01 ], [ 105.975833333333327, 13.015 ], [ 105.974166666666662, 13.019166666666671 ], [ 105.9775, 13.025 ], [ 105.98833333333333, 13.034166666666671 ], [ 106.005, 13.056666666666672 ], [ 106.01, 13.06666666666667 ], [ 106.0075, 13.076666666666672 ] ] } },
{ "type": "Feature", "properties": { "COMID": 44039765, "id": "10258", "lengthkm": 6.4675468217871934, "order": 7, "uparea": 640798.77722031262 }, "geometry": { "type": "LineString", "coordinates": [ [ 105.9875, 12.9625 ], [ 105.99, 12.9775 ], [ 105.986666666666665, 12.98083333333334 ], [ 105.984166666666667, 12.98083333333334 ], [ 105.98, 12.99 ], [ 105.980833333333322, 12.993333333333339 ], [ 105.978333333333325, 12.9975 ], [ 105.9775, 13.005833333333339 ], [ 105.974166666666662, 13.0075 ], [ 105.973333333333329, 13.01 ] ] } },
{ "type": "Feature", "properties": { "COMID": 44039764, "id": "10258", "lengthkm": 11.508104759015081, "order": 7, "uparea": 640898.06793841161 }, "geometry": { "type": "LineString", "coordinates": [ [ 105.945833333333326, 12.876666666666672 ], [ 105.955, 12.89 ], [ 105.960833333333326, 12.90333333333334 ], [ 105.971666666666664, 12.91416666666667 ], [ 105.9775, 12.925833333333337 ], [ 105.985833333333332, 12.936666666666671 ], [ 105.9875, 12.9425 ], [ 105.9875, 12.9625 ] ] } },
{ "type": "Feature", "properties": { "COMID": 44039763, "id": "10258", "lengthkm": 3.903894491935366, "order": 7, "uparea": 640950.52136998496 }, "geometry": { "type": "LineString", "coordinates": [ [ 105.93416666666667, 12.846666666666671 ], [ 105.935, 12.856666666666673 ], [ 105.939166666666665, 12.869166666666672 ], [ 105.945833333333326, 12.876666666666672 ] ] } },
{ "type": "Feature", "properties": { "COMID": 44041371, "id": "10258", "lengthkm": 9.9073192351102133, "order": 7, "uparea": 641374.55556545558 }, "geometry": { "type": "LineString", "coordinates": [ [ 105.945833333333326, 12.774166666666673 ], [ 105.9425, 12.78 ], [ 105.936666666666667, 12.781666666666673 ], [ 105.93416666666667, 12.784166666666671 ], [ 105.9325, 12.78916666666667 ], [ 105.933333333333337, 12.805 ], [ 105.938333333333333, 12.809166666666673 ], [ 105.941666666666663, 12.815 ], [ 105.941666666666663, 12.8225 ], [ 105.93416666666667, 12.830833333333338 ], [ 105.93416666666667, 12.846666666666671 ] ] } },
{ "type": "Feature", "properties": { "COMID": 44041370, "id": "10258", "lengthkm": 1.216211418280952, "order": 7, "uparea": 641806.17016289127 }, "geometry": { "type": "LineString", "coordinates": [ [ 105.954166666666666, 12.7675 ], [ 105.945833333333326, 12.774166666666673 ] ] } },
{ "type": "Feature", "properties": { "COMID": 44041369, "id": "10258", "lengthkm": 3.537607767254328, "order": 7, "uparea": 646382.30820591503 }, "geometry": { "type": "LineString", "coordinates": [ [ 105.973333333333329, 12.746666666666673 ], [ 105.969166666666666, 12.749166666666671 ], [ 105.965, 12.749166666666671 ], [ 105.9625, 12.751666666666672 ], [ 105.954166666666666, 12.7675 ] ] } },
{ "type": "Feature", "properties": { "COMID": 44041368, "id": "10258", "lengthkm": 7.4622228208111681, "order": 7, "uparea": 646437.510342428 }, "geometry": { "type": "LineString", "coordinates": [ [ 105.999166666666667, 12.69583333333334 ], [ 105.993333333333325, 12.696666666666673 ], [ 105.99166666666666, 12.698333333333338 ], [ 105.99, 12.705833333333338 ], [ 105.986666666666665, 12.711666666666673 ], [ 105.99, 12.724166666666672 ], [ 105.9875, 12.73 ], [ 105.980833333333322, 12.735833333333339 ], [ 105.973333333333329, 12.746666666666673 ] ] } },
{ "type": "Feature", "properties": { "COMID": 44041367, "id": "10258", "lengthkm": 4.6077178156201866, "order": 7, "uparea": 646627.78126730688 }, "geometry": { "type": "LineString", "coordinates": [ [ 106.009166666666658, 12.66083333333334 ], [ 106.01, 12.6725 ], [ 106.0025, 12.68 ], [ 106.00333333333333, 12.684166666666673 ], [ 105.999166666666667, 12.69 ], [ 105.999166666666667, 12.69583333333334 ] ] } },
{ "type": "Feature", "properties": { "COMID": 44041366, "id": "10258", "lengthkm": 6.3808392470588444, "order": 7, "uparea": 646775.75605947291 }, "geometry": { "type": "LineString", "coordinates": [ [ 106.015, 12.611666666666672 ], [ 106.013333333333335, 12.620833333333337 ], [ 106.015833333333333, 12.621666666666673 ], [ 106.015833333333333, 12.63 ], [ 106.015, 12.635 ], [ 106.010833333333323, 12.638333333333339 ], [ 106.008333333333326, 12.6475 ], [ 106.008333333333326, 12.650833333333338 ], [ 106.01, 12.6525 ], [ 106.009166666666658, 12.66083333333334 ] ] } },
{ "type": "Feature", "properties": { "COMID": 44041365, "id": "10258", "lengthkm": 1.3328214982114741, "order": 7, "uparea": 647908.40840288217 }, "geometry": { "type": "LineString", "coordinates": [ [ 106.013333333333335, 12.60166666666667 ], [ 106.015, 12.603333333333339 ], [ 106.015, 12.606666666666673 ], [ 106.013333333333335, 12.608333333333338 ], [ 106.015, 12.611666666666672 ] ] } },
{ "type": "Feature", "properties": { "COMID": 44041364, "id": "10258", "lengthkm": 11.570842923750705, "order": 7, "uparea": 648096.66400981671 }, "geometry": { "type": "LineString", "coordinates": [ [ 106.006666666666661, 12.514166666666672 ], [ 105.993333333333325, 12.531666666666673 ], [ 105.995833333333337, 12.54333333333334 ], [ 106.006666666666661, 12.559166666666673 ], [ 106.014166666666668, 12.575 ], [ 106.016666666666666, 12.585 ], [ 106.015833333333333, 12.59 ], [ 106.0125, 12.595833333333339 ], [ 106.013333333333335, 12.60166666666667 ] ] } },
{ "type": "Feature", "properties": { "COMID": 44041363, "id": "10258", "lengthkm": 6.0386574047387596, "order": 7, "uparea": 648148.94085788494 }, "geometry": { "type": "LineString", "coordinates": [ [ 106.0175, 12.464166666666671 ], [ 106.015833333333333, 12.4775 ], [ 106.0125, 12.485833333333339 ], [ 106.0125, 12.5075 ], [ 106.006666666666661, 12.514166666666672 ] ] } },
{ "type": "Feature", "properties": { "COMID": 44041362, "id": "10258", "lengthkm": 2.2038544995270102, "order": 7, "uparea": 648853.42888243613 }, "geometry": { "type": "LineString", "coordinates": [ [ 106.023333333333326, 12.446666666666673 ], [ 106.0175, 12.464166666666671 ] ] } },
{ "type": "Feature", "properties": { "COMID": 44041361, "id": "10258", "lengthkm": 6.1694526719263374, "order": 7, "uparea": 653083.63648448454 }, "geometry": { "type": "LineString", "coordinates": [ [ 106.024166666666659, 12.394166666666671 ], [ 106.024166666666659, 12.404166666666672 ], [ 106.0275, 12.41833333333334 ], [ 106.024166666666659, 12.430833333333339 ], [ 106.023333333333326, 12.446666666666673 ] ] } },
{ "type": "Feature", "properties": { "COMID": 44041360, "id": "10258", "lengthkm": 7.352355896994438, "order": 7, "uparea": 653163.37290180451 }, "geometry": { "type": "LineString", "coordinates": [ [ 106.045833333333334, 12.336666666666673 ], [ 106.043333333333322, 12.34083333333334 ], [ 106.040833333333325, 12.35583333333334 ], [ 106.028333333333336, 12.376666666666672 ], [ 106.024166666666659, 12.394166666666671 ] ] } },
{ "type": "Feature", "properties": { "COMID": 44041359, "id": "10258", "lengthkm": 6.6851841476435974, "order": 7, "uparea": 653224.82392602402 }, "geometry": { "type": "LineString", "coordinates": [ [ 106.0225, 12.28583333333334 ], [ 106.0375, 12.311666666666671 ], [ 106.045833333333334, 12.336666666666673 ] ] } },
{ "type": "Feature", "properties": { "COMID": 44041358, "id": "10258", "lengthkm": 9.1935201241211519, "order": 7, "uparea": 653329.96944927471 }, "geometry": { "type": "LineString", "coordinates": [ [ 105.951666666666668, 12.266666666666673 ], [ 105.9675, 12.265 ], [ 105.975, 12.26166666666667 ], [ 105.9925, 12.26166666666667 ], [ 106.008333333333326, 12.270833333333339 ], [ 106.0225, 12.28583333333334 ] ] } },
{ "type": "Feature", "properties": { "COMID": 44041357, "id": "10258", "lengthkm": 33.68761811582732, "order": 7, "uparea": 653783.82358288323 }, "geometry": { "type": "LineString", "coordinates": [ [ 105.668333333333322, 12.2875 ], [ 105.6725, 12.28583333333334 ], [ 105.68416666666667, 12.28583333333334 ], [ 105.7, 12.281666666666673 ], [ 105.710833333333326, 12.280833333333337 ], [ 105.725833333333327, 12.2675 ], [ 105.743333333333325, 12.2625 ], [ 105.75, 12.2575 ], [ 105.761666666666656, 12.253333333333337 ], [ 105.776666666666671, 12.254166666666674 ], [ 105.798333333333332, 12.260833333333338 ], [ 105.825, 12.260833333333338 ], [ 105.831666666666663, 12.259166666666673 ], [ 105.834166666666661, 12.26 ], [ 105.838333333333324, 12.2575 ], [ 105.86, 12.2575 ], [ 105.8925, 12.26 ], [ 105.898333333333326, 12.2625 ], [ 105.943333333333328, 12.263333333333339 ], [ 105.951666666666668, 12.266666666666673 ] ] } },
{ "type": "Feature", "properties": { "COMID": 44042793, "id": "10258", "lengthkm": 20.237458916282328, "order": 7, "uparea": 654225.06609869457 }, "geometry": { "type": "LineString", "coordinates": [ [ 105.5375, 12.23 ], [ 105.544166666666669, 12.255 ], [ 105.549166666666665, 12.264166666666672 ], [ 105.55916666666667, 12.279166666666672 ], [ 105.566666666666663, 12.286666666666672 ], [ 105.5775, 12.294166666666673 ], [ 105.595, 12.301666666666673 ], [ 105.6125, 12.300833333333337 ], [ 105.625, 12.2975 ], [ 105.645, 12.2875 ], [ 105.650833333333324, 12.29 ], [ 105.659166666666664, 12.29 ], [ 105.668333333333322, 12.2875 ] ] } },
{ "type": "Feature", "properties": { "COMID": 44042792, "id": "10258", "lengthkm": 23.135426857617691, "order": 7, "uparea": 654581.86323657469 }, "geometry": { "type": "LineString", "coordinates": [ [ 105.49, 12.04666666666667 ], [ 105.495833333333337, 12.054166666666671 ], [ 105.500833333333333, 12.066666666666674 ], [ 105.5075, 12.076666666666672 ], [ 105.52, 12.09 ], [ 105.529166666666669, 12.105 ], [ 105.530833333333334, 12.125 ], [ 105.5325, 12.128333333333337 ], [ 105.535, 12.16416666666667 ], [ 105.541666666666657, 12.178333333333338 ], [ 105.538333333333327, 12.20333333333334 ], [ 105.535, 12.209166666666672 ], [ 105.5375, 12.219166666666673 ], [ 105.5375, 12.23 ] ] } },
{ "type": "Feature", "properties": { "COMID": 44042791, "id": "10258", "lengthkm": 8.7960497322341791, "order": 7, "uparea": 654949.48601183575 }, "geometry": { "type": "LineString", "coordinates": [ [ 105.469166666666666, 11.9775 ], [ 105.471666666666664, 11.994166666666672 ], [ 105.470833333333331, 12.01 ], [ 105.479166666666657, 12.02833333333334 ], [ 105.48, 12.034166666666671 ], [ 105.486666666666665, 12.039166666666674 ], [ 105.49, 12.04666666666667 ] ] } },
{ "type": "Feature", "properties": { "COMID": 44042790, "id": "10258", "lengthkm": 6.6333288003118724, "order": 7, "uparea": 655008.22297141701 }, "geometry": { "type": "LineString", "coordinates": [ [ 105.4625, 11.9225 ], [ 105.47, 11.93833333333334 ], [ 105.471666666666664, 11.9475 ], [ 105.471666666666664, 11.9625 ], [ 105.469166666666666, 11.9775 ] ] } },
{ "type": "Feature", "properties": { "COMID": 44042789, "id": "10258", "lengthkm": 20.389431346187674, "order": 7, "uparea": 662719.23706070322 }, "geometry": { "type": "LineString", "coordinates": [ [ 105.306666666666658, 11.934166666666673 ], [ 105.330833333333331, 11.9325 ], [ 105.343333333333334, 11.933333333333337 ], [ 105.353333333333325, 11.931666666666672 ], [ 105.375833333333333, 11.9175 ], [ 105.391666666666666, 11.900833333333338 ], [ 105.396666666666661, 11.8975 ], [ 105.408333333333331, 11.895 ], [ 105.415833333333325, 11.895 ], [ 105.43, 11.898333333333337 ], [ 105.445833333333326, 11.905833333333337 ], [ 105.454166666666666, 11.9125 ], [ 105.4625, 11.9225 ] ] } },
{ "type": "Feature", "properties": { "COMID": 44043941, "id": "10258", "lengthkm": 84.383365843787402, "order": 7, "uparea": 663282.95388426865 }, "geometry": { "type": "LineString", "coordinates": [ [ 104.9475, 11.560833333333338 ], [ 104.941666666666663, 11.595833333333339 ], [ 104.939166666666665, 11.600833333333338 ], [ 104.94, 11.603333333333339 ], [ 104.935, 11.61 ], [ 104.92916666666666, 11.63 ], [ 104.92, 11.648333333333337 ], [ 104.918333333333337, 11.66 ], [ 104.921666666666667, 11.670833333333338 ], [ 104.9325, 11.690833333333337 ], [ 104.961666666666659, 11.714166666666671 ], [ 104.9675, 11.71583333333334 ], [ 105.015, 11.7625 ], [ 105.016666666666666, 11.76583333333334 ], [ 105.018333333333331, 11.7775 ], [ 105.015833333333333, 11.78583333333334 ], [ 105.008333333333326, 11.79333333333334 ], [ 104.99666666666667, 11.80083333333334 ], [ 104.986666666666665, 11.80083333333334 ], [ 104.980833333333337, 11.804166666666671 ], [ 104.979166666666657, 11.81333333333334 ], [ 104.985833333333332, 11.83 ], [ 104.994166666666658, 11.8375 ], [ 105.000833333333333, 11.838333333333338 ], [ 105.005833333333328, 11.835833333333337 ], [ 105.011666666666656, 11.8375 ], [ 105.021666666666661, 11.84833333333334 ], [ 105.028333333333336, 11.85 ], [ 105.039166666666659, 11.849166666666672 ], [ 105.048333333333332, 11.8475 ], [ 105.05, 11.845833333333339 ], [ 105.066666666666663, 11.843333333333337 ], [ 105.088333333333338, 11.845 ], [ 105.098333333333329, 11.8425 ], [ 105.104166666666657, 11.844166666666673 ], [ 105.1325, 11.87 ], [ 105.138333333333335, 11.900833333333338 ], [ 105.145, 11.91083333333334 ], [ 105.170833333333334, 11.933333333333337 ], [ 105.18, 11.943333333333339 ], [ 105.195833333333326, 11.95 ], [ 105.215833333333336, 11.948333333333338 ], [ 105.243333333333325, 11.94 ], [ 105.265, 11.94 ], [ 105.273333333333326, 11.9375 ], [ 105.279166666666669, 11.933333333333337 ], [ 105.285, 11.935 ], [ 105.306666666666658, 11.934166666666673 ] ] } },
{ "type": "Feature", "properties": { "COMID": 44043940, "id": "10258", "lengthkm": 2.6721343464230611, "order": 7, "uparea": 751128.29172518873 }, "geometry": { "type": "LineString", "coordinates": [ [ 104.966666666666669, 11.548333333333339 ], [ 104.953333333333333, 11.555 ], [ 104.9475, 11.560833333333338 ] ] } },
{ "type": "Feature", "properties": { "COMID": 44043939, "id": "10258", "lengthkm": 27.602641817251001, "order": 7, "uparea": 751221.3391168192 }, "geometry": { "type": "LineString", "coordinates": [ [ 105.176666666666662, 11.4575 ], [ 105.1675, 11.463333333333338 ], [ 105.158333333333331, 11.4725 ], [ 105.145833333333329, 11.4775 ], [ 105.135, 11.485 ], [ 105.12166666666667, 11.490833333333338 ], [ 105.111666666666665, 11.5 ], [ 105.1, 11.505833333333339 ], [ 105.085833333333326, 11.518333333333338 ], [ 105.083333333333329, 11.523333333333337 ], [ 105.0775, 11.52833333333334 ], [ 105.061666666666667, 11.533333333333339 ], [ 105.056666666666658, 11.533333333333339 ], [ 105.033333333333331, 11.5425 ], [ 105.016666666666666, 11.54666666666667 ], [ 104.984166666666667, 11.5475 ], [ 104.974166666666662, 11.549166666666672 ], [ 104.966666666666669, 11.548333333333339 ] ] } },
{ "type": "Feature", "properties": { "COMID": 44043938, "id": "10258", "lengthkm": 22.169869394716191, "order": 7, "uparea": 752374.90433129028 }, "geometry": { "type": "LineString", "coordinates": [ [ 105.275, 11.306666666666672 ], [ 105.274166666666659, 11.321666666666673 ], [ 105.264166666666668, 11.35 ], [ 105.261666666666656, 11.3525 ], [ 105.260833333333323, 11.366666666666671 ], [ 105.255, 11.391666666666673 ], [ 105.239166666666662, 11.409166666666671 ], [ 105.229166666666657, 11.415 ], [ 105.210833333333326, 11.435 ], [ 105.195, 11.443333333333339 ], [ 105.176666666666662, 11.4575 ] ] } },
{ "type": "Feature", "properties": { "COMID": 44045069, "id": "10258", "lengthkm": 78.538432929652856, "order": 7, "uparea": 754973.09388872841 }, "geometry": { "type": "LineString", "coordinates": [ [ 105.335833333333326, 10.808333333333337 ], [ 105.325833333333335, 10.818333333333339 ], [ 105.313333333333333, 10.8225 ], [ 105.305, 10.8225 ], [ 105.286666666666662, 10.816666666666674 ], [ 105.283333333333331, 10.810833333333338 ], [ 105.276666666666671, 10.805 ], [ 105.264166666666668, 10.80083333333334 ], [ 105.2425, 10.805 ], [ 105.231666666666669, 10.805 ], [ 105.2275, 10.809166666666673 ], [ 105.2275, 10.811666666666671 ], [ 105.215833333333336, 10.835 ], [ 105.213333333333338, 10.8375 ], [ 105.210833333333326, 10.836666666666673 ], [ 105.203333333333333, 10.84083333333334 ], [ 105.193333333333328, 10.853333333333339 ], [ 105.19083333333333, 10.85916666666667 ], [ 105.19, 10.869166666666672 ], [ 105.1875, 10.871666666666673 ], [ 105.185833333333335, 10.88 ], [ 105.185833333333335, 10.894166666666671 ], [ 105.1875, 10.8975 ], [ 105.188333333333333, 10.9075 ], [ 105.186666666666667, 10.913333333333338 ], [ 105.185833333333335, 10.9475 ], [ 105.183333333333337, 10.964166666666671 ], [ 105.1875, 10.978333333333339 ], [ 105.1875, 11.001666666666672 ], [ 105.19083333333333, 11.020833333333339 ], [ 105.194166666666661, 11.025 ], [ 105.1975, 11.03583333333334 ], [ 105.1975, 11.041666666666671 ], [ 105.195, 11.045833333333338 ], [ 105.1925, 11.083333333333339 ], [ 105.195, 11.088333333333338 ], [ 105.203333333333333, 11.096666666666671 ], [ 105.21, 11.1 ], [ 105.213333333333338, 11.10583333333334 ], [ 105.234166666666667, 11.13 ], [ 105.236666666666665, 11.139166666666672 ], [ 105.235833333333332, 11.143333333333338 ], [ 105.24166666666666, 11.154166666666672 ], [ 105.23833333333333, 11.159166666666671 ], [ 105.235, 11.170833333333338 ], [ 105.235, 11.178333333333338 ], [ 105.250833333333333, 11.194166666666671 ], [ 105.255833333333328, 11.19583333333334 ], [ 105.259166666666658, 11.199166666666674 ], [ 105.268333333333331, 11.21583333333334 ], [ 105.271666666666661, 11.228333333333339 ], [ 105.279166666666669, 11.245833333333337 ], [ 105.280833333333334, 11.255 ], [ 105.28, 11.2775 ], [ 105.275, 11.29666666666667 ], [ 105.275, 11.306666666666672 ] ] } },
{ "type": "Feature", "properties": { "COMID": 44045068, "id": "10258", "lengthkm": 3.6899238053673629, "order": 7, "uparea": 755590.39581178268 }, "geometry": { "type": "LineString", "coordinates": [ [ 105.345833333333331, 10.779166666666672 ], [ 105.3375, 10.8 ], [ 105.335833333333326, 10.808333333333337 ] ] } },
{ "type": "Feature", "properties": { "COMID": 44045067, "id": "10258", "lengthkm": 8.1031903767886284, "order": 7, "uparea": 755633.45288342342 }, "geometry": { "type": "LineString", "coordinates": [ [ 105.350833333333327, 10.715 ], [ 105.355, 10.725 ], [ 105.359166666666667, 10.729166666666671 ], [ 105.359166666666667, 10.73416666666667 ], [ 105.355833333333322, 10.745 ], [ 105.355833333333322, 10.755833333333339 ], [ 105.351666666666659, 10.770833333333339 ], [ 105.345833333333331, 10.779166666666672 ] ] } },
{ "type": "Feature", "properties": { "COMID": 44045066, "id": "10258", "lengthkm": 17.48573855067545, "order": 7, "uparea": 755704.6604524802 }, "geometry": { "type": "LineString", "coordinates": [ [ 105.36666666666666, 10.574166666666674 ], [ 105.365833333333327, 10.583333333333339 ], [ 105.349166666666662, 10.6175 ], [ 105.34, 10.645833333333339 ], [ 105.338333333333338, 10.67583333333334 ], [ 105.345833333333331, 10.690833333333337 ], [ 105.350833333333327, 10.715 ] ] } },
{ "type": "Feature", "properties": { "COMID": 44045065, "id": "10258", "lengthkm": 6.0505441600601344, "order": 7, "uparea": 755739.88482001564 }, "geometry": { "type": "LineString", "coordinates": [ [ 105.3275, 10.540833333333339 ], [ 105.334166666666661, 10.548333333333339 ], [ 105.351666666666659, 10.556666666666672 ], [ 105.36666666666666, 10.574166666666674 ] ] } },
{ "type": "Feature", "properties": { "COMID": 44045924, "id": "10258", "lengthkm": 23.262980328980063, "order": 7, "uparea": 768296.12213371927 }, "geometry": { "type": "LineString", "coordinates": [ [ 105.445, 10.386666666666674 ], [ 105.431666666666658, 10.398333333333341 ], [ 105.414166666666659, 10.4175 ], [ 105.4075, 10.439166666666672 ], [ 105.385, 10.451666666666672 ], [ 105.361666666666665, 10.476666666666674 ], [ 105.346666666666664, 10.49 ], [ 105.33, 10.525833333333338 ], [ 105.3275, 10.540833333333339 ] ] } },
{ "type": "Feature", "properties": { "COMID": 44045923, "id": "10258", "lengthkm": 0.84564859880892596, "order": 7, "uparea": 770011.15033644927 }, "geometry": { "type": "LineString", "coordinates": [ [ 105.451666666666668, 10.384166666666673 ], [ 105.445, 10.386666666666674 ] ] } },
{ "type": "Feature", "properties": { "COMID": 44045922, "id": "10258", "lengthkm": 7.2556288478156619, "order": 7, "uparea": 770287.79144258949 }, "geometry": { "type": "LineString", "coordinates": [ [ 105.48833333333333, 10.334166666666672 ], [ 105.474166666666662, 10.3475 ], [ 105.4625, 10.3625 ], [ 105.456666666666663, 10.3725 ], [ 105.455, 10.38 ], [ 105.451666666666668, 10.384166666666673 ] ] } },
{ "type": "Feature", "properties": { "COMID": 44045921, "id": "10258", "lengthkm": 1.0025688598509439, "order": 7, "uparea": 770557.26773444971 }, "geometry": { "type": "LineString", "coordinates": [ [ 105.494166666666658, 10.3275 ], [ 105.48833333333333, 10.334166666666672 ] ] } },
{ "type": "Feature", "properties": { "COMID": 44045920, "id": "10258", "lengthkm": 22.999195181191958, "order": 7, "uparea": 770975.52559636952 }, "geometry": { "type": "LineString", "coordinates": [ [ 105.625, 10.186666666666671 ], [ 105.624166666666667, 10.1925 ], [ 105.615, 10.2175 ], [ 105.600833333333327, 10.23833333333334 ], [ 105.57, 10.268333333333338 ], [ 105.564166666666665, 10.27 ], [ 105.55916666666667, 10.275 ], [ 105.558333333333337, 10.27833333333334 ], [ 105.548333333333332, 10.2875 ], [ 105.525, 10.3025 ], [ 105.5175, 10.305833333333339 ], [ 105.515833333333333, 10.305 ], [ 105.494166666666658, 10.3275 ] ] } },
{ "type": "Feature", "properties": { "COMID": 44045919, "id": "10258", "lengthkm": 5.7164777464332648, "order": 7, "uparea": 771033.49665386393 }, "geometry": { "type": "LineString", "coordinates": [ [ 105.659166666666664, 10.15 ], [ 105.650833333333324, 10.158333333333339 ], [ 105.65, 10.1625 ], [ 105.625, 10.186666666666671 ] ] } },
{ "type": "Feature", "properties": { "COMID": 44045918, "id": "10258", "lengthkm": 15.015373103071788, "order": 7, "uparea": 772579.76282141218 }, "geometry": { "type": "LineString", "coordinates": [ [ 105.765, 10.0775 ], [ 105.7525, 10.09 ], [ 105.740833333333327, 10.095833333333339 ], [ 105.735, 10.095833333333339 ], [ 105.710833333333326, 10.116666666666671 ], [ 105.694166666666661, 10.12583333333334 ], [ 105.659166666666664, 10.15 ] ] } },
{ "type": "Feature", "properties": { "COMID": 44045917, "id": "10258", "lengthkm": 5.2380466363319433, "order": 7, "uparea": 772650.606293933 }, "geometry": { "type": "LineString", "coordinates": [ [ 105.798333333333332, 10.049166666666672 ], [ 105.793333333333322, 10.058333333333341 ], [ 105.784166666666664, 10.0675 ], [ 105.775833333333324, 10.073333333333338 ], [ 105.765, 10.0775 ] ] } },
{ "type": "Feature", "properties": { "COMID": 44045916, "id": "10258", "lengthkm": 0.57545517070872898, "order": 7, "uparea": 772739.76413985551 }, "geometry": { "type": "LineString", "coordinates": [ [ 105.80083333333333, 10.045 ], [ 105.798333333333332, 10.049166666666672 ] ] } },
{ "type": "Feature", "properties": { "COMID": 44045915, "id": "10258", "lengthkm": 17.013743803694048, "order": 7, "uparea": 773817.92850895261 }, "geometry": { "type": "LineString", "coordinates": [ [ 105.898333333333326, 9.936666666666671 ], [ 105.8775, 9.950833333333339 ], [ 105.846666666666664, 9.98 ], [ 105.819166666666661, 10.013333333333339 ], [ 105.8175, 10.016666666666673 ], [ 105.8175, 10.0225 ], [ 105.814166666666665, 10.03 ], [ 105.808333333333337, 10.038333333333338 ], [ 105.80083333333333, 10.045 ] ] } },
{ "type": "Feature", "properties": { "COMID": 44046400, "id": "10258", "lengthkm": 9.2908474740990226, "order": 7, "uparea": 774697.65067198128 }, "geometry": { "type": "LineString", "coordinates": [ [ 105.955, 9.880833333333339 ], [ 105.953333333333333, 9.885 ], [ 105.925, 9.91 ], [ 105.911666666666662, 9.925 ], [ 105.91, 9.93 ], [ 105.898333333333326, 9.936666666666671 ] ] } },
{ "type": "Feature", "properties": { "COMID": 44046399, "id": "10258", "lengthkm": 10.815765808967447, "order": 7, "uparea": 774772.97603668948 }, "geometry": { "type": "LineString", "coordinates": [ [ 106.025833333333338, 9.8175 ], [ 106.0175, 9.819166666666671 ], [ 106.014166666666668, 9.821666666666673 ], [ 105.955, 9.880833333333339 ] ] } },
{ "type": "Feature", "properties": { "COMID": 44046398, "id": "10258", "lengthkm": 2.955705689749085, "order": 7, "uparea": 775050.41322420561 }, "geometry": { "type": "LineString", "coordinates": [ [ 106.0475, 9.808333333333341 ], [ 106.034166666666664, 9.816666666666674 ], [ 106.025833333333338, 9.8175 ] ] } },
{ "type": "Feature", "properties": { "COMID": 44046397, "id": "10258", "lengthkm": 4.957685663430401, "order": 7, "uparea": 775140.78874230909 }, "geometry": { "type": "LineString", "coordinates": [ [ 106.069166666666661, 9.7725 ], [ 106.066666666666663, 9.7825 ], [ 106.0475, 9.808333333333341 ] ] } },
{ "type": "Feature", "properties": { "COMID": 44046396, "id": "10258", "lengthkm": 3.5701866387717152, "order": 7, "uparea": 775611.55126566498 }, "geometry": { "type": "LineString", "coordinates": [ [ 106.0975, 9.7625 ], [ 106.0775, 9.7725 ], [ 106.069166666666661, 9.7725 ] ] } },
{ "type": "Feature", "properties": { "COMID": 44046395, "id": "10258", "lengthkm": 2.355571900216527, "order": 7, "uparea": 775719.66045150871 }, "geometry": { "type": "LineString", "coordinates": [ [ 106.11333333333333, 9.749166666666671 ], [ 106.0975, 9.7625 ] ] } },
{ "type": "Feature", "properties": { "COMID": 44046394, "id": "10258", "lengthkm": 11.851812812818313, "order": 7, "uparea": 775833.02004996059 }, "geometry": { "type": "LineString", "coordinates": [ [ 106.185833333333335, 9.673333333333339 ], [ 106.161666666666662, 9.696666666666673 ], [ 106.15, 9.710833333333341 ], [ 106.12833333333333, 9.73083333333334 ], [ 106.11333333333333, 9.749166666666671 ] ] } },
{ "type": "Feature", "properties": { "COMID": 44046393, "id": "10258", "lengthkm": 4.0862544170249508, "order": 7, "uparea": 775876.22938334767 }, "geometry": { "type": "LineString", "coordinates": [ [ 106.2125, 9.648333333333341 ], [ 106.185833333333335, 9.673333333333339 ] ] } },
{ "type": "Feature", "properties": { "COMID": 44046392, "id": "10258", "lengthkm": 5.622978429100705, "order": 7, "uparea": 775976.91826970724 }, "geometry": { "type": "LineString", "coordinates": [ [ 106.25, 9.615833333333338 ], [ 106.2125, 9.648333333333341 ] ] } },
{ "type": "Feature", "properties": { "COMID": 44046391, "id": "10258", "lengthkm": 3.9342543909143042, "order": 7, "uparea": 776027.11519115441 }, "geometry": { "type": "LineString", "coordinates": [ [ 106.279166666666669, 9.6 ], [ 106.264166666666668, 9.606666666666673 ], [ 106.25, 9.615833333333338 ] ] } },
{ "type": "Feature", "properties": { "COMID": 44046390, "id": "10258", "lengthkm": 3.3861689994837838, "order": 7, "uparea": 776128.1625807212 }, "geometry": { "type": "LineString", "coordinates": [ [ 106.303333333333327, 9.584166666666672 ], [ 106.279166666666669, 9.6 ] ] } }
]
}
