{"type":"FeatureCollection","features":[{"type":"Feature","geometry":{"type":"MultiPolygon","coordinates":[[[[102.48545437282692,18.794313286675802],[102.48742024739292,18.794009195963994],[102.48899169921563,18.7940412055126],[102.49056776258365,18.79308729383726],[102.49228624131652,18.793527696398087],[102.49373670789655,18.792068956163703],[102.49495117187209,18.79209364149348],[102.4999055989554,18.79011990017412],[102.5013747829831,18.790149875217452],[102.5023418511253,18.78820855034762],[102.50294596353874,18.787897406684436],[102.50403049044834,18.78791951497439],[102.50489095051765,18.787336154514364],[102.50706515841696,18.787352973090762],[102.50873860676788,18.787781846788647],[102.50876356336514,18.78655192057346],[102.50792317708036,18.78447943793462],[102.5079085286429,18.783763156467415],[102.50846950954568,18.78212415907157],[102.50790445963227,18.780956759983056],[102.5093028428789,18.779613172743467],[102.50819742838232,18.778491482205226],[102.50930826822596,18.776530490451805],[102.50963026258384,18.774881049262575],[102.5107028537295,18.773467610677557],[102.5106860351531,18.77264160156294],[102.51124674478874,18.772102728950088],[102.51125868055246,18.77151963975743],[102.50959743923309,18.770713704427493],[102.50930094400749,18.77013793945366],[102.50985839843455,18.769602322049096],[102.50958116319126,18.768731553819933],[102.50883870442394,18.768018256293814],[102.50959147135129,18.767630615235007],[102.51109185112531,18.767661132812904],[102.51275987412905,18.766530490452013],[102.51430284287895,18.768210313585584],[102.51402615017057,18.76876152886335],[102.51215901692396,18.769367404514426],[102.51327094183708,18.77052463107701],[102.5150927734343,18.769586046007333],[102.51486382378184,18.771530490451823],[102.51455430772259,18.772131347656696],[102.51497395833061,18.77513617621574],[102.51541937933726,18.774863823785168],[102.51569173176782,18.771247287326872],[102.51609049478859,18.770082329644552],[102.51540717230588,18.768756103516168],[102.5164762369761,18.767347140842517],[102.51485677083028,18.76652981228338],[102.51541395399025,18.763469509549125],[102.51570827907668,18.76289808485285],[102.51568657768783,18.761840820313026],[102.5159695095455,18.760969509549042],[102.51707058376442,18.75951836480077],[102.51707546657698,18.7568305121532],[102.51762505425054,18.755697157118405],[102.52068386501443,18.756345214844103],[102.52070827907684,18.75514892578181],[102.51736382378172,18.75385213216194],[102.51822129991032,18.75264689127654],[102.51977593315664,18.752986246745238],[102.52149441188922,18.751682128906722],[102.52424913194156,18.75097615559936],[102.52511528862553,18.75095852322096],[102.52653049044844,18.75208062066018],[102.52706949869477,18.753191731771395],[102.52846950954566,18.752525499132375],[102.52772949218465,18.751316189236604],[102.52514160155957,18.74959893120713],[102.52565104166362,18.74904473198835],[102.52677815754916,18.748497856988223],[102.5290041775144,18.746808810764364],[102.52984971787876,18.74679158528687],[102.53059244791379,18.748747287326836],[102.53151095919841,18.747982177734798],[102.53191623263578,18.746004367404964],[102.52958848741005,18.74524902343795],[102.52990207247953,18.742412109375536],[102.53144287109089,18.740138888889376],[102.53053873697613,18.73880493164107],[102.53400309244509,18.736808268229566],[102.53596950954554,18.73856174045183],[102.53487684461501,18.7409010145404],[102.53485541449342,18.741949734158396],[102.53653049044826,18.744025065104594],[102.53721191405955,18.746614854601148],[102.53631781683717,18.74978488498307],[102.53375271267069,18.751808268229624],[102.53274495442415,18.752297227648],[102.53069715711499,18.754264729818246],[102.53177598741004,18.755407579210527],[102.53261393228868,18.755424669054293],[102.53648166232333,18.753474934896346],[102.53708062065684,18.753973931207014],[102.53624755859065,18.757107611762677],[102.53458604600374,18.759558648003946],[102.53527262369474,18.759939643012643],[102.53622124565678,18.75945081922781],[102.53665907117775,18.761247287326796],[102.53763237846917,18.760871310764387],[102.53761990017043,18.75851671006987],[102.53801540798295,18.757361111111663],[102.5375998263859,18.756146647135964],[102.53830457899008,18.75325547960125],[102.54146375867757,18.752174207899742],[102.54506076388591,18.756239963108072],[102.54652832030942,18.756241455078523],[102.54721815320889,18.757990315755606],[102.5492993164033,18.76136610243104],[102.54931396484082,18.7620753309466],[102.54873589409422,18.763197292752196],[102.54875868055254,18.76431301540842],[102.54812310112553,18.766169976128907],[102.54910427517044,18.767191297743466],[102.55012234157667,18.766666802300932],[102.55131347655939,18.767244737413677],[102.55233561197608,18.770394694010918],[102.55625922308738,18.773447129991695],[102.55708062065676,18.7726578776047],[102.55291937933717,18.76855658637193],[102.5537486436601,18.767445068359905],[102.55546034070872,18.76848917643288],[102.55730821397262,18.770412733290414],[102.55819173176772,18.770430772569995],[102.5568177625839,18.767360568576905],[102.5556231011254,18.767069363064678],[102.55249457464984,18.764588894314812],[102.55029866536145,18.761656358507466],[102.55098036024006,18.760946858724452],[102.55319173176784,18.76099202474009],[102.5528320312471,18.76022854275223],[102.5515418836774,18.759602593316487],[102.55121446397274,18.75896687825562],[102.55126437716737,18.756514485677457],[102.54881184895541,18.754063856337297],[102.54818630642066,18.753741726345893],[102.54687364366,18.753768446180956],[102.54516493055266,18.753213840061164],[102.54298312716722,18.751117892795648],[102.54245496961514,18.750029025608114],[102.53988091362535,18.748780246311256],[102.53949761284403,18.74803629557354],[102.54030598958016,18.746843804253984],[102.53979166666355,18.745845811632464],[102.54030490451069,18.744788275825172],[102.54152777777469,18.74415825737887],[102.5432126193547,18.744864366319888],[102.54481852213232,18.744037136502342],[102.5460587565075,18.74401177300402],[102.54827256944131,18.74569173177123],[102.5495806206566,18.744646267361702],[102.54791395399027,18.74403049045179],[102.54591010199348,18.742302381727853],[102.54378879122945,18.74284600151961],[102.5423323567679,18.742347547743492],[102.54098361544825,18.742375081380644],[102.53987711588255,18.74022705078174],[102.53985243055249,18.739020046658425],[102.54061279296562,18.737544080946634],[102.53930826822611,18.73629082573831],[102.54024739583022,18.73518215603339],[102.5423149956566,18.73624728732686],[102.54291395399011,18.73574829101601],[102.54229926214973,18.734993489583715],[102.54040852864293,18.73401936848998],[102.53877983940683,18.734858398437893],[102.53791937933718,18.733334011502194],[102.53863959418115,18.731328667535223],[102.5398583984344,18.73015787760461],[102.5378124999971,18.72869547526095],[102.53874891492754,18.726832275391004],[102.53971462673294,18.72291937934081],[102.54068793402476,18.723295355903232],[102.54071261935471,18.724495171441433],[102.54001085069129,18.72729098849868],[102.5408390299448,18.72771755642411],[102.54191026475385,18.723752712674084],[102.54296495225393,18.72414523654554],[102.54430094400752,18.72505086263068],[102.5467125108477,18.725443522135862],[102.54570475260115,18.72838785807332],[102.54568603515312,18.729297010634113],[102.54643880208047,18.729684787326818],[102.54742458767052,18.725974934896314],[102.54898410372957,18.727344156901523],[102.55013970268797,18.72792141384589],[102.55093614366027,18.727092556424083],[102.55481933593464,18.72767401801265],[102.55487440320869,18.730368652344325],[102.55430826822638,18.734030490452],[102.55388346353854,18.73485527886325],[102.55512098524,18.734880642361574],[102.55588812933732,18.733749050564683],[102.55518419053507,18.731692979601164],[102.5559917534691,18.730125461154913],[102.55594672308715,18.727918294271248],[102.5597081163165,18.72694186740496],[102.56067355685448,18.727869466146245],[102.56068603515305,18.730963677300835],[102.56159044053524,18.731429578993428],[102.56304850260122,18.73002848307344],[102.56208062065659,18.728752712674165],[102.56162760416376,18.726894395616767],[102.55954562716701,18.725146620009156],[102.55900960286144,18.725135633681035],[102.55612901475408,18.726802842882392],[102.55513888888575,18.725408121745232],[102.55348551431999,18.725408393012785],[102.55194580077816,18.725935465495326],[102.54913492838236,18.725386691623655],[102.54625271267057,18.72319173177128],[102.54430826822605,18.722424723307782],[102.54555338541357,18.72052069770021],[102.54381157768788,18.718847384983107],[102.54640733506633,18.71666829427133],[102.54846950954541,18.71912462022614],[102.54719211154222,18.721521538629005],[102.54791232638601,18.721536187066405],[102.54951226128159,18.720244818793816],[102.5503442382782,18.72195977105082],[102.55172553168117,18.722432590061175],[102.55263617621242,18.721557617187997],[102.55174153645535,18.72094536675391],[102.54875271267056,18.71795749240499],[102.54948920355608,18.717088080512553],[102.55013075086512,18.717075059679345],[102.55228434244506,18.71818440755264],[102.55346896701067,18.71820855034761],[102.55348361544836,18.717497287326864],[102.55214382595173,18.716847195095966],[102.55125271267062,18.71599121093793],[102.55178439669848,18.714863823785223],[102.55432047525753,18.71513739691879],[102.55513509114294,18.715985243055997],[102.55605224609084,18.714586046007383],[102.55652099609071,18.715222439236513],[102.55651936848673,18.7170753309468],[102.55816596136842,18.719944254557745],[102.55851291232321,18.722075602213977],[102.55929714626419,18.722091606988286],[102.56015787760109,18.72009440104206],[102.56013536241014,18.71899305555604],[102.56165961371218,18.71752848307338],[102.56041937933733,18.71589396158899],[102.56133327907688,18.715557861328577],[102.56258219400743,18.71640462239624],[102.5629953341984,18.715198025174104],[102.56101942273986,18.713299696180982],[102.55999647352135,18.710311143663617],[102.56050103081296,18.708756781684585],[102.56124457464958,18.708741590712364],[102.56208062065659,18.70930826822972],[102.56386827256645,18.70965738932327],[102.56505777994474,18.711225043403232],[102.56545572916386,18.71277777777827],[102.56513536241019,18.714027777778227],[102.56544053819144,18.715218505859866],[102.56541151258395,18.71664469401091],[102.56909478081278,18.722116156684507],[102.57143337673315,18.722875027127174],[102.57393446180257,18.724104953342447],[102.57435221353856,18.7249659559466],[102.57677870008368,18.727297092014325],[102.577337782115,18.728449571397988],[102.57882812499682,18.72958062066033],[102.5791425238684,18.728726264106285],[102.57764160155935,18.72502604166708],[102.57824381510105,18.72404052734423],[102.58090955945866,18.72541395399344],[102.58103488497986,18.724358859592428],[102.5755037434864,18.719186740451903],[102.57413058810457,18.715490993924064],[102.57209743923326,18.71432481553866],[102.57125379774013,18.712687174479626],[102.57123616536146,18.711816948785184],[102.57183566622953,18.711508110894556],[102.57373697916356,18.713487006293832],[102.57485839843449,18.71263617621588],[102.576802842879,18.712256537543823],[102.57645833333018,18.710979275174097],[102.5746194118893,18.71099134657166],[102.57291937933721,18.70985839843796],[102.57126193576076,18.709320475260924],[102.57096923827808,18.708752577040386],[102.57099148220206,18.70766465928868],[102.56990180121235,18.706530490451797],[102.56912977430247,18.70846950954899],[102.5678236219587,18.707381591797372],[102.5683957248232,18.70561808268272],[102.57013617621229,18.70505330403691],[102.56961751301768,18.7036234537765],[102.56818901909404,18.704591742621957],[102.56653591579581,18.70455796983552],[102.56554117838246,18.7055932617193],[102.56485677083035,18.704583740234767],[102.56541395398986,18.703502061632335],[102.56472113714986,18.703111029731346],[102.56290635850385,18.7048547363286],[102.56458062065659,18.70684922960126],[102.56388454860794,18.707148980035257],[102.56003228081292,18.70538764105943],[102.55709147135119,18.705402696397996],[102.55526502820894,18.70717990451432],[102.55762179904198,18.70872504340325],[102.55819173176772,18.709831271701802],[102.55767523871228,18.710420193142937],[102.55514322916352,18.710408257379],[102.55321587456288,18.711963975694943],[102.55220296223669,18.711442057292047],[102.55125135633372,18.712086995443286],[102.54970648871242,18.711770562066462],[102.54741292317388,18.712358398437942],[102.54627821180262,18.711851942274805],[102.54595296223638,18.711220838759132],[102.54597791883364,18.709994710286878],[102.5448638237817,18.708351236979567],[102.54569471570866,18.70819105360286],[102.54763617621214,18.708688557943077],[102.54736029730603,18.707903917101262],[102.54597819010124,18.707233344184516],[102.54590766058712,18.7037874348963],[102.54656765407694,18.703447536892867],[102.54874104817398,18.703491889106402],[102.5487638346323,18.702381049262655],[102.54820258246215,18.70179687500044],[102.54599527994495,18.701841905382352],[102.5456187608477,18.701111111111658],[102.54611952039645,18.700138888889285],[102.54554714626445,18.69902777777817],[102.54598063150743,18.69818644205779],[102.54595377603849,18.69687377929735],[102.54642578124694,18.69541937934069],[102.54845648871239,18.698191731771345],[102.54966335720198,18.69653049045182],[102.55298746744475,18.697913953993492],[102.55327582464966,18.696393500434525],[102.55111897786142,18.69475694444496],[102.54977945963222,18.695665011936384],[102.54874186197625,18.69513061523483],[102.54765028211514,18.695152859158412],[102.54725694444139,18.694389241536754],[102.548481174042,18.69321316189277],[102.54846381293098,18.692367757162017],[102.54978407117741,18.69191582573835],[102.55035210503169,18.69308702256987],[102.55153049044819,18.69346950954902],[102.55263617621242,18.69430840386339],[102.55318440754891,18.69429728190147],[102.55563503688941,18.69535753038248],[102.5562025282089,18.69314303927989],[102.55463134765333,18.690746663411844],[102.55307345919832,18.691802842882396],[102.55263617621242,18.69125271267407],[102.55185546874705,18.68914930555607],[102.5526388888857,18.68874579535651],[102.55396104600405,18.6894269477002],[102.55442003037902,18.6885358344189],[102.55241238063937,18.687343885634164],[102.55334689669834,18.68403049045176],[102.55524305555244,18.685500352648063],[102.554586046004,18.686775716146343],[102.5551394314206,18.687087944878897],[102.55633517794851,18.68618041992248],[102.55791395399004,18.686720648871955],[102.55750651041356,18.68559624566018],[102.55653049044847,18.68458062066017],[102.55543077256638,18.68404703776079],[102.55486382378163,18.682946506076874],[102.55652506510117,18.681279839410152],[102.55589084201077,18.680556640625383],[102.55428249782673,18.6815349663634],[102.55295844183732,18.682913004557804],[102.55052001952836,18.682962782118537],[102.54985839843474,18.682641601563063],[102.54847493489305,18.68129082573826],[102.5498261176185,18.68123752170179],[102.55106418185485,18.681554768880716],[102.55307481553521,18.681227484809412],[102.55458062065671,18.67862901475739],[102.54958604600384,18.677960340712275],[102.54986355251438,18.67734700520873],[102.55098659938918,18.677369927300873],[102.55095811631631,18.675975341797255],[102.55178683810473,18.67595838758723],[102.5526331922712,18.676394314236674],[102.55265272352116,18.675430230035133],[102.55207899305245,18.674583740234837],[102.55250840928531,18.673750000000382],[102.55180826822621,18.672390950521205],[102.55311035155958,18.67231363932332],[102.55429741753156,18.67292507595549],[102.55485866970193,18.672636040582162],[102.55569118923316,18.6726529947922],[102.55570638020558,18.671915961372036],[102.5536884223063,18.671120062934477],[102.55153049044819,18.669046766493466],[102.55180799695884,18.668741590712187],[102.55319173176784,18.6687698025178],[102.55236382378192,18.66711317274354],[102.55336181640311,18.665974934896198],[102.5552737087643,18.66896253797792],[102.55653618706302,18.669575059679275],[102.55771538628156,18.670802408854556],[102.5587443033825,18.670272352431],[102.55876980251426,18.67152506510459],[102.55764160155948,18.67260904947956],[102.55871554904198,18.67370062934073],[102.55985839843456,18.675584988064813],[102.5590234374969,18.677916666667187],[102.55948079426796,18.678804389106304],[102.55895643445868,18.680336642795652],[102.55983045789648,18.68124660915835],[102.56017279730602,18.681253526476183],[102.5620201280353,18.6803019205734],[102.56290690103876,18.68202365451441],[102.56293077256655,18.683186170790364],[102.56229139539639,18.685053575304238],[102.56346950954557,18.68660603841191],[102.559586046004,18.689385579427565],[102.56112006293088,18.692080620660235],[102.56235839843461,18.691590847439684],[102.56137505425042,18.68958930121572],[102.56293538411163,18.68959228515672],[102.56471679687215,18.687738172743607],[102.56513617621229,18.689030490451927],[102.56627522786155,18.69071099175386],[102.56626844617753,18.69312622070359],[102.56597493489275,18.694030490451823],[102.56526475694127,18.695078260634077],[102.56623399522258,18.697075737847754],[102.56736355251442,18.69736518012199],[102.56777479383376,18.695258789062905],[102.56874728732359,18.694324544271254],[102.56847493489263,18.69346950954902],[102.56736382378179,18.692005072700084],[102.5680563693546,18.691400553385833],[102.56954644096905,18.6928323025178],[102.57012505425072,18.69402506510471],[102.5729139539902,18.69228108724002],[102.57264160155964,18.691802842882396],[102.57043565537899,18.690167371962275],[102.56850287543105,18.684065212674014],[102.56791395398997,18.683474934896324],[102.56653049044834,18.68112901475739],[102.56689480251421,18.68017225477486],[102.56844238280931,18.680969509549058],[102.56851372612547,18.679769558377203],[102.56761935763589,18.678450520833835],[102.56762478298319,18.675975341797255],[102.56818630642053,18.67596394856824],[102.56928032768789,18.676527370877224],[102.57178629556998,18.676877305773033],[102.57353976779214,18.678065863715773],[102.58029025607348,18.680029975043922],[102.58078423393786,18.682559678819885],[102.58164767794838,18.68428331163237],[102.58371582030938,18.685685221354632],[102.58455837673321,18.68570244683204],[102.58568033853865,18.68515814887199],[102.58624728732329,18.68405761718799],[102.5850377061602,18.681980658637684],[102.58264160155935,18.681396484375483],[102.58314290364294,18.679587266710556],[102.58552056206312,18.680410291884172],[102.58759440103884,18.680397677951873],[102.58848551432001,18.68070271809941],[102.58954725477119,18.68068101671055],[102.5912201605872,18.68152506510465],[102.5912820095455,18.67995795355941],[102.58828965928532,18.678651665581896],[102.58494303385103,18.67914076063417],[102.58374728732346,18.678752712674097],[102.5825227864552,18.677922770182747],[102.57906385633365,18.67793579101604],[102.57772515190689,18.677058105469143],[102.57653049044839,18.675295681424117],[102.576907280813,18.675074869792027],[102.57819173176776,18.675514458550666],[102.5777191840248,18.674375271267948],[102.57625271267048,18.67319173177131],[102.57513617621217,18.67291937934084],[102.57390679253163,18.672086046007394],[102.57263617621246,18.672358398438035],[102.57173204209775,18.67373738606817],[102.57071940103847,18.673758002387572],[102.56962076822603,18.673224962023014],[102.56822509765314,18.671883951823332],[102.56774142794839,18.670471055773135],[102.56819742838243,18.66958591037384],[102.56820258246208,18.66876315646759],[102.56772515190656,18.667367892795525],[102.56981797959779,18.667325168186252],[102.57057834201092,18.668055555556137],[102.56956597221935,18.669028184679334],[102.57125271267049,18.66930284288236],[102.57364556206281,18.67027343750037],[102.57488986544823,18.669847547743572],[102.576802842879,18.669886610243466],[102.57606960720173,18.669062228733125],[102.57458062065692,18.668474934896366],[102.57334960937212,18.667540961371884],[102.5696712239554,18.665884195963997],[102.56879177517047,18.664071587456974],[102.56735839843432,18.662363823785256],[102.56699354383395,18.660495876736576],[102.56598198784403,18.65853190104214],[102.56600233289615,18.655742865668827],[102.56435736761833,18.654030490451916],[102.56382161458029,18.654469265408466],[102.56458062065659,18.65594238281288],[102.56413547091714,18.657358398437893],[102.56319173176789,18.65708604600742],[102.56265787760125,18.656530490451914],[102.56042263454552,18.65751383463585],[102.56039198133365,18.656011962891014],[102.56096950954574,18.654890950521335],[102.55955512152471,18.653472222222575],[102.56192518445883,18.65109714084248],[102.56346164279202,18.651622992621938],[102.5634914822019,18.650164659288635],[102.56153049044846,18.649049750434514],[102.56195746527473,18.647704399957007],[102.56292480468451,18.648202718099398],[102.56375813801773,18.64818576388936],[102.56509711371248,18.649579671224515],[102.56596950954545,18.649597439236558],[102.56650851779219,18.648486328125344],[102.56780626084756,18.647839491102914],[102.56732394747965,18.646429985894628],[102.56836154513607,18.644899359809372],[102.56782280815676,18.64385348849875],[102.56897840711488,18.642650553385906],[102.57314914279206,18.642075737847705],[102.57502251518812,18.64253241645011],[102.57568739148988,18.64317125108552],[102.57623616536162,18.644302435981317],[102.57735785589958,18.64432535807346],[102.57738091362555,18.64319213867229],[102.57612874348669,18.64076117621572],[102.57686550563957,18.640381673177572],[102.57919596353858,18.640722249349537],[102.5809581163164,18.640686170790374],[102.58139431423311,18.641105550130703],[102.58196017794856,18.64284898546059],[102.58275282117759,18.643257378472697],[102.58622504339965,18.64318644205774],[102.58710584852113,18.643613823785344],[102.58708007812189,18.64488511827298],[102.58996419270514,18.64779717339455],[102.59319173176775,18.64860351562541],[102.59270697699364,18.649858398437914],[102.58958550346907,18.649302707248765],[102.58801676431975,18.64933471679737],[102.58620117187192,18.648869357639327],[102.58556342230597,18.650107421875518],[102.58820285372965,18.65096394856812],[102.59290554470178,18.65305989583382],[102.59263509114274,18.655139838325127],[102.59293050129904,18.65571302625922],[102.59290256076096,18.657073703342405],[102.59521348741029,18.6580110677087],[102.5959952799449,18.65763170030428],[102.59731933593437,18.65625366210979],[102.59930202907677,18.656213243272987],[102.59929144964983,18.657636176215746],[102.60065538194155,18.658297932943114],[102.6009762912295,18.6596145290803],[102.6029060872365,18.661468505859858],[102.60318196614267,18.664496256510773],[102.60569173176779,18.667706570096044],[102.60541097004901,18.668785807292096],[102.60458604600407,18.670386827257502],[102.60680257161144,18.671237928602906],[102.60681857638585,18.672029893663634],[102.60513617621254,18.672358398438035],[102.6034752061602,18.673180609809478],[102.60346001518789,18.67393676757858],[102.60563829209778,18.675589735243463],[102.60708062065683,18.67605780707524],[102.60670491536163,18.676710069444965],[102.60571099175039,18.677222086588927],[102.60405246310475,18.676417371962174],[102.6021714952225,18.67499009874176],[102.59964843749694,18.674126519097697],[102.59930175780974,18.67513943142407],[102.60064805772262,18.677753228082025],[102.59986382378182,18.679275716146364],[102.60396782768785,18.68105428059941],[102.60445692273996,18.68256117079035],[102.60621880425035,18.683468695746953],[102.60653049044853,18.683475070529965],[102.60770317925031,18.68268012152832],[102.61039659287897,18.68262518988766],[102.6112472873235,18.683442382812984],[102.60931884765338,18.683452690972743],[102.60875271267051,18.68404201931469],[102.60656521267052,18.68399739583377],[102.60541937933723,18.685098063151514],[102.60765055338246,18.684712320964067],[102.60763047959765,18.685685899522994],[102.60890950520545,18.68634467230946],[102.61049479166357,18.68514160156296],[102.61071397569137,18.68543633355084],[102.61071994357329,18.68819105360282],[102.61016384548324,18.688202446832022],[102.60867268879898,18.687451714410287],[102.60653049044853,18.68954250759589],[102.60763807508388,18.69067749023479],[102.60799723306982,18.692150200738197],[102.60874104817421,18.69292426215317],[102.61032741970175,18.692280815972737],[102.61180175780962,18.69369723849867],[102.61181966145537,18.69458048502642],[102.61097574869498,18.696218804253903],[102.61095838758368,18.697063395182653],[102.61208007812209,18.698175048828674],[102.6120863172712,18.698474799262655],[102.61116617838249,18.700601399739966],[102.61232042100389,18.701802842882373],[102.61507622612547,18.700419379340687],[102.61569037543111,18.700906575521245],[102.61570746527488,18.701752115885895],[102.61359592013596,18.702164306641023],[102.61256429036146,18.703865559896272],[102.61313042534411,18.70503268771742],[102.61616400824337,18.708189832899777],[102.61653049044824,18.708197292752146],[102.61928846570876,18.70627495659771],[102.61983995225384,18.705204535590767],[102.61986924912904,18.703765869141066],[102.61918050129898,18.701385769314683],[102.62047634548313,18.700037163628892],[102.62176812065681,18.700663926866824],[102.62346191405939,18.7022912597661],[102.62448133680252,18.705969509549078],[102.62488064235808,18.70539550781298],[102.62486952039629,18.70320095486153],[102.62402479383385,18.70180813259593],[102.62404161241025,18.70098931206641],[102.62042561848668,18.698214111328568],[102.62040852864291,18.697374267578738],[102.62090277777483,18.695930040148028],[102.61893364800059,18.693646782769576],[102.61957980685455,18.692392306858068],[102.61959228515312,18.69178683810817],[102.61849717881668,18.69073486328172],[102.61735704209761,18.68791639539971],[102.61765272352122,18.68734252929734],[102.61762505425057,18.68598361545189],[102.61819200303503,18.68569159613756],[102.61985758463246,18.685725504557723],[102.61986952039624,18.685139838325227],[102.61819715711513,18.684025065104564],[102.61709011501429,18.68366577148491],[102.61708034938928,18.683191867405014],[102.61917616102127,18.679968939887615],[102.62096788194131,18.679509819878945],[102.62098063150736,18.680134277344237],[102.61986382378157,18.681606038412],[102.62166368272258,18.683744303385794],[102.62235270181984,18.683758273655002],[102.62264729817414,18.683186442057817],[102.62263102213242,18.6823864746099],[102.62439860025725,18.680546468099365],[102.62568766275749,18.67967271592927],[102.6257080078096,18.680670301649712],[102.62486382378157,18.682751736111555],[102.62608859591703,18.68374389648497],[102.62706461588223,18.68376383463584],[102.62791097004899,18.683327907986566],[102.6279082573756,18.68485555013065],[102.62867594400748,18.68598809136344],[102.62747504339987,18.68757052951436],[102.6280501302052,18.68875556098135],[102.63010823567416,18.69010511610287],[102.63122612846914,18.69157809787366],[102.62967773437188,18.693065592448278],[102.63109320746238,18.69402506510471],[102.63235839843438,18.691557617187968],[102.63196695963231,18.690312500000488],[102.62958604600382,18.687990180121957],[102.63042860242749,18.687347140842434],[102.63180826822631,18.687375352648047],[102.6334695095455,18.685724283854626],[102.63288384331307,18.684802381727806],[102.63085666232345,18.682854817708773],[102.63152506510099,18.681557617187906],[102.63033772786164,18.680713975694886],[102.6283159722191,18.681755506727868],[102.62791178385109,18.680970865885968],[102.62956868489297,18.679884575738257],[102.62960232204566,18.678241916233134],[102.6289339192679,18.676909044054284],[102.6294712999102,18.676349690755757],[102.63031304253175,18.677634006076957],[102.63151963975398,18.677630615234776],[102.63209147135106,18.6779250759553],[102.63365370008367,18.677120361328534],[102.63507351345183,18.678051350911915],[102.63568060980586,18.67930284288242],[102.6362472873233,18.678243950738235],[102.63541937933715,18.677080620660178],[102.63347493489269,18.6756391059032],[102.63374728732353,18.674025065104587],[102.63412814669849,18.673285454644514],[102.63330376518806,18.672493353950046],[102.63484537760124,18.670141601562904],[102.63594997829554,18.671646864149835],[102.63791395399014,18.672625189887682],[102.63700059678504,18.67675876193624],[102.63779839409406,18.67716973198837],[102.63909098306985,18.67592773437552],[102.63874647352142,18.674582926432734],[102.6392990451358,18.67296861436685],[102.63769775390315,18.67098524305611],[102.63847493489286,18.670969373915355],[102.63987901475403,18.672102864583792],[102.6412464735213,18.672074924045546],[102.6440947808131,18.674580620660194],[102.6449348958304,18.673676486545588],[102.64457519530956,18.67262573242232],[102.64461317274001,18.670764295790377],[102.6441807725665,18.66987291124181],[102.63847493489286,18.6690764702697],[102.63961751301784,18.66769490559939],[102.64097493489285,18.667363823785152],[102.64205349392054,18.666808268229644],[102.64425944010102,18.667913953993477],[102.64479844834776,18.667006700304242],[102.64242865668112,18.66431274414103],[102.64402479383378,18.664313964844112],[102.64404730902484,18.66320488823827],[102.6431811523407,18.662908393012657],[102.64127007378173,18.66294745551265],[102.640697157115,18.66183539496589],[102.64122395833036,18.66069715711845],[102.6435883246497,18.662077229818124],[102.64583821614272,18.66212307400221],[102.64708062065668,18.661719970703558],[102.64597493489308,18.660691731771337],[102.6441286892331,18.6602415635855],[102.64369873046584,18.65856363932339],[102.644302842879,18.657390950521233],[102.64153727213247,18.655131835937922],[102.64047471787879,18.655495605469127],[102.63985161675052,18.654576144748688],[102.6423583984346,18.652167697483065],[102.64208523220171,18.65152303059945],[102.64034179687215,18.65223022460991],[102.63929144964962,18.65068060980944],[102.6406917317677,18.649335394965746],[102.64014160155975,18.648469373915404],[102.639036187063,18.648491889106452],[102.6385983615422,18.646782633464085],[102.6401285807261,18.646813829210515],[102.64096950954567,18.645573459201955],[102.64069010416372,18.64512478298657],[102.63847493489286,18.645169949002124],[102.63913167317392,18.642902153863247],[102.63789632161146,18.64206488715314],[102.63415581596908,18.645855984158445],[102.63313747829571,18.64479627821217],[102.63140679253175,18.645969509548962],[102.63111056857323,18.644947916667206],[102.63333224826076,18.64349121093791],[102.63404161241002,18.642064751519598],[102.63401963975409,18.640985378689635],[102.6343842230871,18.639920247396248],[102.63264160155941,18.638246120877056],[102.63402506510116,18.636824544271292],[102.63276529947629,18.63458414713584],[102.63153049044828,18.633747287326827],[102.63025634765327,18.63333374023479],[102.62932454426775,18.632363823785155],[102.6286480034693,18.633606228299],[102.62958062065653,18.634982096354662],[102.62918185763598,18.63602973090329],[102.62819715711495,18.63748209635456],[102.63096950954551,18.638075493706978],[102.63063829209753,18.64058959960981],[102.62885009765338,18.639232855903373],[102.62624457464963,18.640549994575096],[102.62535698784407,18.642800157335486],[102.62414930555266,18.643422173394498],[102.62357476128173,18.642306722005827],[102.62430284287896,18.640179714627152],[102.62358832464977,18.64006537543463],[102.62129367404211,18.64234415690163],[102.61961452907698,18.643190917969207],[102.6187687174448,18.643208279080326],[102.6180202907955,18.642822672526535],[102.6162638346324,18.64459730360302],[102.61505723741018,18.64377943250915],[102.61386962890319,18.644391276042143],[102.61273111978855,18.64361965603345],[102.61097900390311,18.644219292535155],[102.61095323350403,18.642953559028257],[102.61230577256632,18.641545817057704],[102.61484917534429,18.64041015625044],[102.61640353732324,18.640808512370185],[102.61859483506632,18.638582763672304],[102.6192860243024,18.639302300347694],[102.62009657117764,18.639318847656824],[102.6218028428788,18.63767971462724],[102.62128065320886,18.636530490451776],[102.6204139539901,18.636802842882346],[102.61922200520533,18.637610677083742],[102.61791937933711,18.63589396158892],[102.6190169270802,18.634152696398033],[102.62003526475402,18.634677327474478],[102.62092664930262,18.633820936415432],[102.6214160156218,18.63031643337709],[102.62216417100407,18.629175211589],[102.62442165798322,18.627644992404925],[102.62619954426779,18.62760877821222],[102.62787055121234,18.62846950954909],[102.6279619683128,18.627441134983044],[102.6265388997364,18.62407389322962],[102.6261485460038,18.62178534613753],[102.62852891709773,18.61986382378518],[102.62976372612528,18.620181884766026],[102.63171929253159,18.622819824219206],[102.63484700520527,18.623480495877217],[102.63570827907691,18.62265272352468],[102.63697347004901,18.620045030382457],[102.63846923827819,18.61931939019142],[102.63848117404203,18.61873128255256],[102.63709255642053,18.617397189670612],[102.63707519530934,18.616539442274757],[102.63856391058712,18.61533759223127],[102.64020751952816,18.61658487955775],[102.64201334635126,18.6161220974397],[102.64290418836501,18.617851426866835],[102.64179551866008,18.61931233724013],[102.64346842447603,18.620919460720913],[102.6434860568547,18.623453640408428],[102.6426416015594,18.625092637804272],[102.64343315971931,18.625163167318235],[102.64455295138598,18.624586317274776],[102.64763454860801,18.62533745659769],[102.64766384548298,18.626783854167144],[102.6466745334171,18.627454562717446],[102.6446926540768,18.62625271267396],[102.64375271267048,18.627417941623634],[102.64408528645518,18.62836941189296],[102.64541395398996,18.629014078776393],[102.64488009982327,18.630135633680993],[102.64264702690676,18.630130615234705],[102.64157036675036,18.63068508572094],[102.63933430989275,18.63068088107684],[102.6379174804658,18.631165771484945],[102.63640679253163,18.63014160156291],[102.63569715711512,18.63193549262199],[102.63622450086493,18.633303358290362],[102.6376364474796,18.634030626085504],[102.63901529947609,18.634002549913717],[102.63932454426796,18.63490559895878],[102.63926486544838,18.637824435764358],[102.64009168836512,18.639528537326797],[102.64094238280958,18.64041395399346],[102.64173312716733,18.63887356228345],[102.64291720919849,18.63846828884597],[102.64347222221912,18.638754204644556],[102.64429985893784,18.638327907986593],[102.64396999782687,18.64035088433205],[102.64456380208017,18.64096896701433],[102.64487114800036,18.640975206163617],[102.64559163411141,18.638754882812933],[102.64597493489308,18.638747151693266],[102.64704508463231,18.639472520616778],[102.6484423828094,18.638752712674105],[102.64852973089987,18.63948011610306],[102.64708604600386,18.642331271701877],[102.64872314452836,18.641849772135885],[102.64948052300034,18.639865993924047],[102.65015760633386,18.639852159288566],[102.6516598849797,18.64141574435807],[102.65341824001425,18.641866319444915],[102.65582166883368,18.638752712674105],[102.65653049044849,18.63902506510466],[102.65745686848666,18.639989149305933],[102.65879747178528,18.63908053927996],[102.66017279730605,18.638745252821636],[102.66180826822622,18.637902560764346],[102.66261935763592,18.638746744792087],[102.66396782768808,18.638774278429324],[102.66615722655936,18.6380247667106],[102.66906168619474,18.63876912434941],[102.67225287543098,18.63873806423662],[102.67513888888604,18.639309217665442],[102.67628851996213,18.638915744358073],[102.6773665364552,18.63943888346398],[102.67854953341728,18.641243082682806],[102.67977430555263,18.64126803927995],[102.68286512586494,18.64074083116367],[102.68428331162912,18.642903781467425],[102.68704345702812,18.64402330186674],[102.6887472873232,18.644355875651527],[102.6884385850664,18.64524644639792],[102.68570746527465,18.646778564453626],[102.6847837999101,18.648187527127277],[102.68327392577831,18.6482183159727],[102.68176513671582,18.64783162434935],[102.68066569010122,18.648208007812954],[102.67934163411147,18.648181016710538],[102.67772732204557,18.648964165582058],[102.679607204858,18.650357666016035],[102.67921576605622,18.651501329210504],[102.68067843966705,18.65187622070364],[102.68358506944159,18.650697157118472],[102.68548638237556,18.651708306207112],[102.6860340711776,18.65339640299524],[102.6865304904484,18.6529193793407],[102.68685791015312,18.651910807292253],[102.68819417317397,18.651262613932815],[102.6885245768199,18.650244140625446],[102.68968234591696,18.64968234592064],[102.69053765190657,18.64791937934072],[102.69319173176788,18.648929850260814],[102.69097493489292,18.65192654079911],[102.69143853081303,18.65314425998308],[102.69208062065664,18.653474934896224],[102.69540907117764,18.653800591363265],[102.69543646918098,18.655135633681112],[102.69322021484075,18.655119628906718],[102.69236789279196,18.65593831380251],[102.69562771267053,18.656308593750538],[102.69649197048298,18.65547837999182],[102.69744113497958,18.654030490451916],[102.69984402126445,18.654442138672408],[102.69987494574369,18.655956759983084],[102.69875271267065,18.656808268229582],[102.6969219292503,18.657254638672313],[102.69597493489269,18.658164605035196],[102.69653537326096,18.658480902778223],[102.69775227864275,18.65785400390665],[102.69946397569154,18.65915296766552],[102.70150173610799,18.658491617838976],[102.70207628037886,18.65793986002646],[102.70289469400748,18.65625271267406],[102.70335503471935,18.657089843750427],[102.70180826822607,18.659775390625356],[102.70265570746218,18.65958292643269],[102.70429796006633,18.65795111762195],[102.70466878254891,18.656808268229582],[102.70581868489293,18.657112630208843],[102.70630045572616,18.659580620660222],[102.70686903211501,18.657641601562844],[102.70791395399013,18.658009847005616],[102.70708604600381,18.660653618707087],[102.70744276258372,18.661802842882366],[102.70873616536167,18.659308675130575],[102.70958007812206,18.659291449653352],[102.70961968315677,18.661231282552635],[102.70855360242749,18.662255723741765],[102.70982991536167,18.662913140191392],[102.71083333333038,18.66293362087717],[102.71164713541353,18.661256103516052],[102.71235812716716,18.661241590712294],[102.71237467447614,18.662054578993533],[102.71199598524007,18.663160807292087],[102.71291422525744,18.663475070529927],[102.71374674478861,18.663458116319973],[102.71376925997956,18.664557562934434],[102.71236382378183,18.665942382812943],[102.71319173176798,18.666786566840685],[102.71241970485792,18.667636176215723],[102.71069173176792,18.667363823785152],[102.70799940320867,18.66603298611159],[102.70627468532692,18.66486382378517],[102.7049582248234,18.665280219184396],[102.70430284287895,18.666247287326755],[102.70356255425034,18.668124050564813],[102.70180826822607,18.669809434679394],[102.70241780598687,18.669869791667168],[102.70566324869483,18.668197970920616],[102.70732367621221,18.668164062500622],[102.70893880208038,18.669819335937973],[102.71190348306996,18.670181613498897],[102.71399522569138,18.670860460069846],[102.7156773545976,18.674573838976173],[102.71958062065656,18.67609320746577],[102.71819715711516,18.6779949273008],[102.71849690754917,18.679440239800797],[102.71967339409449,18.678834092882354],[102.7223510742156,18.67997083875916],[102.72373426649003,18.682080213759164],[102.72481363931988,18.682102186415392],[102.72573377820888,18.681655815972746],[102.72568033853864,18.67903089735286],[102.7262247721325,18.67901977539111],[102.72709201388594,18.679853108724373],[102.72710286458025,18.681514350043912],[102.72625271267069,18.683164605035145],[102.7270673285561,18.684858398437925],[102.7295212131045,18.682386067708975],[102.73086181640312,18.681927218967488],[102.73206841362563,18.683707139757445],[102.7320751953097,18.68540242513059],[102.73262017143813,18.685969916450134],[102.7339260525143,18.68639363606819],[102.73513617621214,18.687653130425886],[102.73666666666352,18.687621934679186],[102.73734185112536,18.68901367187543],[102.7382717556392,18.689492730035155],[102.7393199327228,18.688485514323347],[102.73929199218438,18.68711954752642],[102.73984727647255,18.685974934896237],[102.74092502169847,18.686320258247036],[102.74138047959755,18.68818861219664],[102.74209771050047,18.68820326063421],[102.74205213758367,18.685974934896237],[102.74708062065687,18.686280653212236],[102.74647894964991,18.688326144748828],[102.74846923827815,18.68929172092065],[102.74778320312205,18.69333889431475],[102.74728217230611,18.694802924262518],[102.74819173176772,18.69541937934069],[102.75012885199354,18.695891655816396],[102.7501524522539,18.69705091688408],[102.74736382378163,18.6973916286896],[102.74763916015311,18.697925211589066],[102.75029405381653,18.69787095811668],[102.75237521701078,18.698472222222648],[102.75235812716707,18.699318847656684],[102.75334445529202,18.70026679145009],[102.75285101996221,18.701708984375443],[102.75430853949356,18.700958116319896],[102.75759006076092,18.70093071831647],[102.75791937933732,18.70124728732685],[102.75824896918093,18.702599148220926],[102.76007622612562,18.700697157118526],[102.76223578558736,18.70326036241366],[102.76370741102139,18.70401841905432],[102.76538140190686,18.7040200466585],[102.76707139756653,18.704568413629005],[102.7680639648407,18.706805555556002],[102.7676266818547,18.707654351128937],[102.76983154296582,18.709772813585502],[102.77016737195888,18.713548583984775],[102.77234185112545,18.717069227431068],[102.7745635308128,18.718164198134232],[102.77486382378177,18.718747287326906],[102.77513617621233,18.72069715711848],[102.77676296657697,18.722635226779957],[102.7776782226534,18.727242702908313],[102.77761908636856,18.73013563368093],[102.77818983289617,18.730147298177684],[102.77865451388615,18.727422824436232],[102.7778819444413,18.724753689236692],[102.77793619791376,18.722101236979668],[102.77662733289631,18.720480007596038],[102.77597493489279,18.718469509549053],[102.77155327690664,18.71374484592063],[102.77152045355595,18.71214735243106],[102.77230685763575,18.708941379123686],[102.76986545138604,18.70521240234433],[102.76988037109064,18.703504638672342],[102.76819173176776,18.701252712674133],[102.76767985025745,18.70019775390668],[102.7654193793372,18.699756537543948],[102.76652452256641,18.698491617839053],[102.76654161241007,18.6976536729605],[102.76256510416377,18.69504760742238],[102.76125542534416,18.693049994575148],[102.75876003688924,18.692441677517806],[102.75871392143787,18.690182020399845],[102.76041395398997,18.688947753906845],[102.75992702907692,18.686602105035163],[102.75904649522258,18.685685492622085],[102.75572889539623,18.685753309462314],[102.75486653645547,18.684013536241807],[102.7536121961775,18.684039035373686],[102.74986626518793,18.679695909288682],[102.75031765407678,18.677510443793807],[102.7485340711776,18.67607082790846],[102.7474999999969,18.676603597005652],[102.74648952907674,18.676083034939666],[102.74541937933716,18.67680826822979],[102.74268256293104,18.677635226779884],[102.74155354817398,18.677658148871927],[102.74041937933728,18.676525065104585],[102.73875271267056,18.67543226454049],[102.73930284287897,18.674858398437948],[102.74097493489288,18.674586046007377],[102.74180284287903,18.673469509549065],[102.74346950954552,18.67248006184947],[102.74302544487549,18.67182861328176],[102.74124999999688,18.67124579535637],[102.74055555555245,18.671603597005657],[102.73874728732343,18.670974934896364],[102.73649034287885,18.66908026801262],[102.73481309678513,18.668736843533367],[102.73319769964971,18.6687698025178],[102.73318060980594,18.66792805989624],[102.73430853949336,18.667347005208754],[102.73616536458044,18.66738484700565],[102.7384695095457,18.666637234158472],[102.73810167100399,18.66573499891551],[102.73641167534433,18.66458943684941],[102.73517415364293,18.664591064453504],[102.7337527126709,18.66412990993973],[102.73636610242741,18.662367214627267],[102.73707790798315,18.662352701823323],[102.73872531466705,18.663469509549188],[102.73911702473649,18.66276367187554],[102.73828369140332,18.661534423828627],[102.74069118923299,18.661547580295476],[102.7406974283825,18.661236707899747],[102.73986382378186,18.660435655382358],[102.74015136718461,18.66011935763943],[102.74180284287903,18.660152994792142],[102.74108534070885,18.65937649197089],[102.73847493489299,18.658065185547358],[102.74096950954552,18.65549018012203],[102.7402593315941,18.654566650391118],[102.73796413845182,18.65456448025212],[102.7335598415768,18.65649522569501],[102.73290581596908,18.654584554036887],[102.73381266275769,18.64994479709246],[102.73841932508387,18.64770982530419],[102.73934163411175,18.64634955512193],[102.73831244574345,18.642334120009068],[102.74007459852137,18.639863823785134],[102.73823377820892,18.640241427951736],[102.73764729817398,18.64264716254381],[102.73706407334751,18.64377916124178],[102.7370968966982,18.645385606554285],[102.73653049044847,18.645974934896245],[102.73569173176773,18.646247287326887],[102.73238932291375,18.64816840277824],[102.73041395398994,18.650413953993436],[102.72987603081307,18.652071397569955],[102.72877983940683,18.65263617621575],[102.72722493489269,18.65127265082502],[102.72655843098667,18.649898546007364],[102.72572428385112,18.649030490451835],[102.72480631510123,18.649835611979597],[102.72599202473648,18.65097493489631],[102.72596001518806,18.652543945313013],[102.72626464843441,18.65441541883726],[102.72771023220176,18.655363091363228],[102.7270480685734,18.659302842882383],[102.72652506510107,18.658752712674058],[102.72618652343434,18.657363823785175],[102.72541395398994,18.657636176215746],[102.7232115342853,18.660413953993498],[102.72236707899,18.66001437717067],[102.72234239366028,18.65880913628517],[102.72372694227144,18.657368299696643],[102.72439887152493,18.657042236328692],[102.72558756510122,18.655475667318186],[102.72511583116002,18.653059082031632],[102.72377983940666,18.65374728732688],[102.72138617621223,18.653047146267696],[102.71991292317418,18.65458062066014],[102.7182275390596,18.651894124349397],[102.71818060980584,18.649601915147926],[102.71874728732334,18.648502061632385],[102.71846978081308,18.647902560764322],[102.71682427300036,18.64790283203169],[102.71603542751441,18.648309190538797],[102.7146088324624,18.645443929037043],[102.7126416015594,18.643747287326903],[102.7083254665769,18.642759331597674],[102.70711018879896,18.64159179687543],[102.70678846570891,18.640928683811154],[102.70545247395543,18.6396450466585],[102.70486382378166,18.638747287326822],[102.70278320312192,18.63691609700558],[102.7018245442678,18.637913953993632],[102.70151909721918,18.63735324435811],[102.70235839843448,18.635724283854742],[102.70109456379905,18.63437282986149],[102.7004085286429,18.63401950412367],[102.69834147135109,18.634061686198393],[102.6979096137122,18.633171251085543],[102.69691596136849,18.632216661241756],[102.699155544702,18.631489935981335],[102.6984749348928,18.63016872829897],[102.6989653862818,18.62960937500044],[102.70012939452832,18.629044731988273],[102.70055013020536,18.62781521267418],[102.69791937933721,18.62569173177124],[102.69680826822625,18.625152587891122],[102.69819769964968,18.623774142795554],[102.69880452473663,18.62190375434085],[102.70041395398997,18.619782850477833],[102.69986382378167,18.619302842882377],[102.69847710503163,18.618852810330353],[102.69845947265341,18.6179854329432],[102.6998139105871,18.61519368489624],[102.70097791883362,18.614449869792153],[102.70096381293112,18.613749050564707],[102.70235053168099,18.613299018012498],[102.70236952039622,18.612363823785287],[102.70160915798303,18.611633165147964],[102.70237982855596,18.611236165365042],[102.7038913302923,18.611267089844205],[102.70604709201095,18.609805636936258],[102.70761040581297,18.610206298828544],[102.7081727430527,18.609047173394515],[102.7120605468721,18.606646457248814],[102.71344102647262,18.607357584635835],[102.71427680121215,18.6073746744796],[102.71795518662876,18.60651435004391],[102.72010145398994,18.606558159722724],[102.72078233506627,18.60550469292572],[102.72242838541368,18.60470608181471],[102.72311659070871,18.60337009006112],[102.72069715711487,18.601045735677587],[102.72250081379914,18.599884711372],[102.7240304904486,18.599586046007374],[102.72541395398994,18.598469509549062],[102.72657335069167,18.59818684895876],[102.72790825737539,18.596797281901516],[102.72931694878164,18.596113823785274],[102.72929741753163,18.595153130425743],[102.73011013454564,18.594307183160183],[102.73263861761845,18.59291232638938],[102.73372016058724,18.593469509548996],[102.73378255208016,18.59241631401953],[102.73326144747975,18.59140475802998],[102.73649115668124,18.590168999566345],[102.73790283202825,18.587364230686163],[102.73903591579565,18.587647162543846],[102.7403949652747,18.587619493273152],[102.7412497287298,18.588198784722707],[102.74295057508371,18.587634141710538],[102.74544325086495,18.58634996202298],[102.74812201605587,18.585826958550797],[102.74874728732325,18.584613172743474],[102.74722032334753,18.581882324219094],[102.74804307725404,18.581458468967398],[102.74893988714965,18.581893581814754],[102.74956000433738,18.583171793620394],[102.75250786675056,18.584965277778196],[102.75388888888605,18.583917507595856],[102.75540961371215,18.585071343316415],[102.75544704860803,18.58323174370716],[102.75383138020541,18.581633165148034],[102.75535020616027,18.580850694444862],[102.75730007595169,18.58151801215324],[102.75866319444131,18.58154581705776],[102.761056315101,18.58113769531292],[102.76342610676781,18.58235839843789],[102.7643969726532,18.581141628689736],[102.76399603949372,18.580363362630578],[102.7655805121498,18.5791889105907],[102.76625271267093,18.578197157118467],[102.76681396484062,18.57679755316893],[102.76681423610799,18.5756864420578],[102.7644875759519,18.57334418402823],[102.76294053819154,18.574392768012586],[102.76073811848667,18.572100287543833],[102.75991346570882,18.57170030382001],[102.75942626952806,18.570198838976168],[102.75774820963241,18.571063096788606],[102.75558593749705,18.57053602430605],[102.75456976996239,18.569847276476082],[102.75319742838226,18.569875217014328],[102.75191731770533,18.56921590169314],[102.7506751844588,18.57015842013928],[102.74958604600405,18.569025065104654],[102.74819715711519,18.568574354384268],[102.74866183810471,18.567921278212282],[102.75208062065659,18.567970513238294],[102.75157524956293,18.566834174262567],[102.75096408419827,18.566519504123647],[102.74882649739268,18.56656304253511],[102.74709255642043,18.56489718967056],[102.74707492404221,18.564034423828502],[102.74892252603863,18.56341986762196],[102.74956081813932,18.56210435655423],[102.75224555121238,18.560173475477868],[102.75717664930252,18.558850097656673],[102.7605181206566,18.558383653429345],[102.76360568576101,18.555549994575117],[102.76723442925052,18.55411593967051],[102.77031955294828,18.55336385091195],[102.77292860242758,18.551791585287063],[102.7744333224795,18.551822374132314],[102.77569173176792,18.550969509549006],[102.7770860460038,18.550697157118435],[102.77828938801778,18.549444986979566],[102.78266493055244,18.546998969184415],[102.78458604600397,18.546530490451815],[102.78735839843463,18.545136176215834],[102.79208604600379,18.544030490451902],[102.79346978081301,18.543469373915386],[102.79549614800041,18.54317057291722],[102.79871853298314,18.543169623481305],[102.79949191622964,18.543912760417115],[102.79832248263605,18.54623847113757],[102.79930447048318,18.54625854492234],[102.8003990342851,18.544589029948426],[102.80317925346904,18.54418280707513],[102.80495334201098,18.544902479384078],[102.80689100477142,18.544505615234797],[102.81121880425056,18.54652425130253],[102.81206461588252,18.546541612413733],[102.81318250867773,18.54596571180609],[102.81540961371232,18.54653645833382],[102.8203908962644,18.546485731337256],[102.82084174261851,18.547361111111442],[102.82032660589991,18.548361409505688],[102.82108018662902,18.549145914714046],[102.82271837022259,18.548726128472623],[102.82453531900731,18.54876315646743],[102.82637098523995,18.54838717990492],[102.82809977213245,18.549277750651413],[102.830908203122,18.549997558594256],[102.83518310546592,18.549301622179357],[102.83844618055261,18.54821384006138],[102.84039713541355,18.546253255208782],[102.84123860676775,18.54623602973129],[102.84154161241017,18.546824137370237],[102.84150933159427,18.54840399848132],[102.84206732855606,18.550123291016064],[102.8439594183998,18.551204427083846],[102.84304280598647,18.554385986328526],[102.84069715711516,18.55718017578168],[102.84117133246232,18.55846774631125],[102.84208007812194,18.558486328125554],[102.84206380208045,18.556259765625413],[102.84342068142044,18.555253906250414],[102.84539577907677,18.551856960720926],[102.84543050129898,18.55015299479213],[102.84373128254916,18.549303249783463],[102.84249484591723,18.54807237413236],[102.84291395398995,18.547636176215732],[102.84448567708037,18.54725287543458],[102.84596950954571,18.54624728732695],[102.8487874348929,18.545397542318184],[102.8514686414899,18.545398084852835],[102.85293701171568,18.545774332682782],[102.8548556857609,18.545151774089135],[102.85647135416374,18.543198377821724],[102.85708034938924,18.54318603515661],[102.85706949869504,18.544563395182735],[102.85788682725385,18.545413953993503],[102.8590418836774,18.54430826822957],[102.85901909721909,18.543186442057703],[102.86004421657694,18.542164984809503],[102.86210042317398,18.542917344835516],[102.86289767794833,18.54374728732678],[102.8642648654484,18.54236382378518],[102.86759521484058,18.54319078233553],[102.86845350477134,18.54320827908029],[102.86913818359065,18.542855631510832],[102.87093153211512,18.543469509549013],[102.87306586371218,18.543063829210453],[102.87458604600377,18.54125271267398],[102.87531629774028,18.539401584201784],[102.8784928385385,18.536530490451838],[102.8790516493024,18.536813557943148],[102.88060818142051,18.53843356662368],[102.88273030598654,18.53788967556474],[102.88679823133387,18.538409695095908],[102.88681993272266,18.53734781901089],[102.88541937933738,18.53600206163246],[102.88704210069127,18.53593804253515],[102.88926540798323,18.538192274306],[102.89461697048333,18.538897705078725],[102.89543538411166,18.539319390191423],[102.89680284287877,18.53929144965319],[102.89721272786173,18.54013617621567],[102.89875271267053,18.53930826822959],[102.89929660372948,18.538187662760905],[102.90200412326098,18.538839653863334],[102.9031032986081,18.53940592447961],[102.90398410372953,18.538489176432705],[102.904855143226,18.538066677517747],[102.90486952039637,18.537364095052553],[102.90180826822623,18.537414957682756],[102.90208062065662,18.53708062066015],[102.9043028428791,18.53664672851616],[102.90403049044826,18.536247287326788],[102.90236979166386,18.53570827908031],[102.9023410373234,18.53429090711856],[102.9037527126707,18.534319797092436],[102.90507269964982,18.53300754123299],[102.90588541666395,18.531808268229696],[102.90484374999696,18.532084418403258],[102.9039000108477,18.53306681315148],[102.90191134982345,18.532386067708714],[102.89803195529205,18.531591525608064],[102.89636013454557,18.53213406033045],[102.89513617621216,18.53374728732689],[102.89450927734092,18.535969509549034],[102.89300238714989,18.535574951172308],[102.89253662109084,18.534670817057716],[102.89485839843448,18.533065185547386],[102.89451090494484,18.531808268229696],[102.89346950954567,18.532080620660082],[102.89224012586513,18.532913953993443],[102.8915250651012,18.532641601562958],[102.8904193793372,18.531802842882414],[102.88847493489268,18.531423204210625],[102.88883327907698,18.530460611979635],[102.89069173176793,18.530007595486694],[102.89007161458048,18.529034966363398],[102.88709282768795,18.528974066840647],[102.8867355685733,18.530440131293943],[102.88506184895547,18.53130221896764],[102.88211859808737,18.531242268880618],[102.88068793402485,18.531706542969303],[102.87906982421558,18.5328032769102],[102.87658067491029,18.533289252387576],[102.87288058810466,18.53519531250035],[102.86574652777492,18.537464463976136],[102.86295735676796,18.536530490451838],[102.8598583984344,18.536802842882395],[102.8573068576359,18.537325303819927],[102.85464246961496,18.537379692925867],[102.85237928602115,18.536799723307666],[102.84711724175034,18.53738023546059],[102.84425021701097,18.536645507812977],[102.84073350694152,18.539290635851188],[102.83908691405972,18.539324137370343],[102.83748480902486,18.538913574219137],[102.83483208550038,18.541247287326698],[102.83456922742747,18.540962863498734],[102.83461425780965,18.538762478299006],[102.83074490017046,18.537642686632495],[102.82963080511851,18.537620035807635],[102.8274557834171,18.538722195095914],[102.8259174262121,18.539116482205273],[102.8237521701358,18.538747151693144],[102.82207573784413,18.538741319444867],[102.81995578341721,18.53983330620703],[102.81769070095177,18.540413953993593],[102.81619574652487,18.539685872396277],[102.81156846787914,18.541247287326698],[102.80708062065665,18.54097493489631],[102.80355170355617,18.54027275933194],[102.7997178819414,18.53740112304736],[102.79710530598672,18.536553276910155],[102.79597493489277,18.53488579644143],[102.79652506510124,18.533469509549036],[102.79779839409414,18.53189195421041],[102.79582655164623,18.530905761719183],[102.79302598741012,18.52799058702297],[102.7926350911429,18.528749050564727],[102.7931917317679,18.530920545790394],[102.79132595485802,18.53239312066026],[102.79080593532703,18.53399563259586],[102.7868462456569,18.535136176215858],[102.78367350260109,18.53198662651951],[102.78062934027488,18.531244439019616],[102.77848768445872,18.52901557074709],[102.77779025607347,18.52937486436683],[102.77654188367742,18.528769259983036],[102.7759724934867,18.52766411675384],[102.77558159721914,18.52486382378514],[102.7749590386255,18.5252442762591],[102.77354003905938,18.52763468424523],[102.7715888129309,18.52767456054741],[102.76934868706289,18.52683051215321],[102.76792046440656,18.525458306207],[102.76790825737564,18.524871961806056],[102.76859510633389,18.523178710937913],[102.7677956814205,18.52153049045178],[102.76633219400739,18.521931830512514],[102.76596788194135,18.52263888888926],[102.76645399305269,18.523582085503932],[102.76543050129905,18.525691324870294],[102.76461208767071,18.525708007813066],[102.76352322048339,18.52533528645874],[102.76211941188947,18.526796332465764],[102.76014160155935,18.525136176215696],[102.75902506510104,18.52486382378514],[102.75756076388595,18.52375271267411],[102.75708034938921,18.524858534071754],[102.7571088324622,18.52624660915845],[102.75628607855614,18.52626342773476],[102.75464409721909,18.525466715495284],[102.75425618489274,18.52347968207509],[102.75365288628191,18.523467339410246],[102.75262234157682,18.525039198134138],[102.7504332139728,18.522086046007388],[102.74986382378157,18.523474934896257],[102.74812581379913,18.525806342231363],[102.74549967447606,18.52415283203166],[102.74513454860792,18.52486111111149],[102.74596950954557,18.526481526693118],[102.74551405164638,18.527028130425705],[102.74281222872949,18.524977891710634],[102.74179334852121,18.525956759983117],[102.74253011067421,18.52738715277826],[102.74014702690656,18.528202853733134],[102.73958387586501,18.52791273329035],[102.73847222221914,18.52829318576441],[102.73734781900728,18.527908393012524],[102.73580403645528,18.527939995660233],[102.73458062065683,18.52764160156289],[102.73278130425038,18.52655056423653],[102.72791937933746,18.526519368490014],[102.72740152994479,18.52705837673649],[102.72627983940671,18.527636176215694],[102.72568522135131,18.526799180773054],[102.72652506510107,18.525168728299036],[102.725974934893,18.5248582628043],[102.7234589301186,18.524857991536933],[102.72263617621209,18.525714246962252],[102.71932807074361,18.525708143446693],[102.7169599066809,18.524683566623665],[102.7154584418374,18.52624633789108],[102.71483181423312,18.526259087456936],[102.71325602213247,18.524619140625447],[102.70982014973649,18.522181260851127],[102.70754801431977,18.522958984375464],[102.7029771592851,18.52129163954038],[102.7020955403614,18.52044474283899],[102.7011336262992,18.518824191623636],[102.69988715277483,18.518219536675915],[102.69774603949358,18.515427381727875],[102.69681369357343,18.515408393012734],[102.69611111110808,18.51577026367231],[102.69486111110794,18.51512627495697],[102.69331597221904,18.515922173394614],[102.69264160155936,18.51461317274355],[102.69440972221904,18.513408474392776],[102.6939946831566,18.5104341634119],[102.69155761718466,18.51291395399349],[102.69151448567422,18.51182291666713],[102.69208062065664,18.51072428385467],[102.69153483072617,18.51065877278691],[102.68936821831286,18.51291395399349],[102.68816623263601,18.510888807509104],[102.686806640622,18.50985704210116],[102.68592773437209,18.510157877604684],[102.68459499782685,18.510130615234814],[102.68211534287886,18.51106906467058],[102.68021538628173,18.510308702257547],[102.67855577256628,18.512036132812938],[102.67631266275728,18.513191731771244],[102.67375271267045,18.512080620660214],[102.67194227430261,18.511727159288668],[102.6700840928792,18.50910780164979],[102.66856065537885,18.5085864257817],[102.66778727213236,18.510136176215738],[102.66597493489277,18.509745279948376],[102.6663026258652,18.508878716363228],[102.66763617621243,18.508191731771248],[102.66914008246223,18.50782497829904],[102.67235161675055,18.506266954210446],[102.67264268662913,18.505416395399777],[102.67180826822604,18.50335937500043],[102.6720806206566,18.501525065104545],[102.67238037109067,18.500943060981342],[102.67234157985817,18.49904947916714],[102.67319173176773,18.497795681424094],[102.67236382378164,18.49708062066007],[102.66958062065672,18.4968082682296],[102.66847493489271,18.4959693739154],[102.66792209201097,18.49598063151079],[102.6670860460039,18.49541395399352],[102.66600179036183,18.49506198459244],[102.66552680121211,18.492144232856475],[102.66485297308716,18.49179714626777],[102.66430636935453,18.4923658582904],[102.66337022569147,18.491883409288576],[102.66211398654227,18.49319105360283],[102.66071940103856,18.49318074544317],[102.65903374565679,18.49443033854213],[102.65905897352118,18.496524251302546],[102.65823052300058,18.496541205512585],[102.65652099609056,18.495406629774692],[102.65524820963239,18.496731635200078],[102.65430826822606,18.49490736219657],[102.65471110025729,18.4936021592886],[102.65763264973648,18.494200439453564],[102.65765299478855,18.493199055990118],[102.65625271267058,18.492281087240045],[102.65779758029228,18.49087022569485],[102.66013617621215,18.48985839843793],[102.6615304904482,18.489586046007375],[102.66294325086497,18.488514133029966],[102.66541124131643,18.488463812934413],[102.6669018554658,18.489474419488317],[102.66763617621243,18.488768988715762],[102.66736382378159,18.487913953993456],[102.66631754556985,18.486534966363408],[102.66733344183714,18.486514214410107],[102.67026177300036,18.48874728732673],[102.67114800346931,18.486530490451855],[102.67226915147282,18.486855875651443],[102.67428249782691,18.489571668837243],[102.67593153211502,18.490136176215785],[102.67634629991008,18.48942599826431],[102.67486626518811,18.487475585937915],[102.67485243055253,18.486797824436323],[102.67551703558709,18.48550767686666],[102.67458007812215,18.48460734049516],[102.67459174261845,18.484032389323332],[102.67361328124687,18.482742919922288],[102.67485866970216,18.481546359592457],[102.67524631076097,18.480352240668893],[102.67680284287903,18.479597032335505],[102.67569715711491,18.477795681424055],[102.67656656900752,18.47733642578173],[102.6784410264726,18.477374674479634],[102.68201931423292,18.47357177734422],[102.68286675346931,18.471927083333725],[102.68206461588247,18.471513943142867],[102.68069769964964,18.471541883681013],[102.68069146050053,18.471247422960488],[102.68180284287891,18.46930284288237],[102.68458062065682,18.466229383681096],[102.68337131076098,18.46507459852471],[102.67796847872953,18.46652506510462],[102.67644775390337,18.46623819987022],[102.67413275824342,18.465045708550747],[102.67170871310455,18.46708062066014],[102.67035291883386,18.46634738498298],[102.66874728732327,18.463474934896396],[102.66843532985806,18.46219618055602],[102.66708631727144,18.46154161241367],[102.66707492404217,18.460976833767774],[102.6690250651013,18.458406846788634],[102.66735677083037,18.457156846788592],[102.66738525390306,18.455765245226075],[102.66665283202829,18.45390842013923],[102.66508789062195,18.45227973090313],[102.66323513454549,18.45291395399353],[102.66165445963256,18.451976182726057],[102.65980441622955,18.453469509548967],[102.65908121744505,18.45227620442749],[102.65984456379917,18.450703260634143],[102.66144666883403,18.450706922743507],[102.66307752820896,18.450388590495223],[102.66485839843446,18.447859971788617],[102.6636414930525,18.44671413845525],[102.66239230685491,18.447357584635853],[102.66184543185457,18.447368842231327],[102.65869384765315,18.446479899088942],[102.65599202473666,18.445169135200047],[102.65541368272258,18.44374742296047],[102.6565250651013,18.442282850477795],[102.6559781901012,18.44131876627644],[102.65363037109088,18.4388749186202],[102.65220784504893,18.43936184353339],[102.65097520616027,18.43876383463588],[102.65180284287882,18.436835394965883],[102.65127115885107,18.436229112413713],[102.65014160155962,18.43708604600741],[102.64740478515316,18.437913004557657],[102.64653103298318,18.437930772569885],[102.64681396484085,18.4367975531688],[102.64681911892049,18.43489732530415],[102.64624159070885,18.43374172634593],[102.64736029730605,18.432666829427532],[102.64749999999688,18.4316666666671],[102.64404758029204,18.43344197591186],[102.641394314233,18.438477783203552],[102.63708062065686,18.441802842882353],[102.63608723958035,18.443142768012663],[102.63303710937188,18.445068088108115],[102.63069715711501,18.447086046007385],[102.62554443359065,18.45023261176253],[102.62355197482341,18.45230631510455],[102.61786865234066,18.45547092013946],[102.6139198133649,18.457122124566425],[102.6118541124101,18.459272054036973],[102.60914903428531,18.461416558160224],[102.6058159722194,18.464619004991945],[102.60043972438919,18.472071668837287],[102.59953884548324,18.472380099826836],[102.59821750216705,18.47235310872442],[102.59458062065661,18.474302842882366],[102.58986382378166,18.47736382378524],[102.58812093098643,18.478051350912025],[102.58534369574349,18.47978719075563],[102.58319715711505,18.482641601562904],[102.58059597438947,18.48530368381114],[102.57899142794835,18.486355658637507],[102.57483317056975,18.490351019965686],[102.57369656032674,18.491884087457123],[102.56995849609083,18.495941975911975],[102.56757351345172,18.501462537977957],[102.56652479383368,18.503191867404993],[102.56658067491028,18.505920952691454],[102.56231906466726,18.5105228678389],[102.56011610242743,18.515174696180978],[102.55909179687214,18.518331976996976],[102.55546386718456,18.524806315104655],[102.5527018229138,18.527680935330324],[102.55153049044819,18.528474934896252],[102.54850802951077,18.52921183268286],[102.54791937933729,18.53093139648479],[102.54839735242743,18.53295898437544],[102.54982855902486,18.53507025824699],[102.54992811414635,18.53995374891528],[102.549025065101,18.543191731771344],[102.54871283636848,18.545746527778192],[102.54765842013572,18.546759575738278],[102.54734754773992,18.547667643229616],[102.54708089192408,18.550168457031617],[102.54542182074354,18.55176255967919],[102.54504909938922,18.553670789931047],[102.54453613280955,18.554666476780014],[102.54569173176768,18.556370985243547],[102.54514160155932,18.557919379340746],[102.54351833767052,18.559930555556008],[102.54540473089989,18.56330186631989],[102.54444986978874,18.57458889431463],[102.54388346353872,18.576799723307744],[102.54457790798315,18.576813964844234],[102.54561767577835,18.576109076606315],[102.54664740668093,18.579481065538573],[102.54625271267057,18.58069715711845],[102.5448638237817,18.582417805990104],[102.54610921223653,18.58538004557333],[102.54669894747965,18.587800157335522],[102.54785264756643,18.589000922309467],[102.54874403211514,18.58943332248309],[102.54876356336493,18.5903925238719],[102.5481860351533,18.591816406250388],[102.54822672525736,18.593809000651603],[102.54791937933729,18.595697157118508],[102.54624728732344,18.601247287326814],[102.54590196397257,18.604424777561306],[102.54513726128161,18.60600097656294],[102.54403103298304,18.607063937717413],[102.54401936848674,18.60762803819493],[102.54474989149006,18.609428846571575],[102.54372612846922,18.6120248752175],[102.54235839843457,18.61235839843792],[102.54190755208057,18.613747287326788],[102.54152506510124,18.613474934896317],[102.54105495876425,18.612505832248672],[102.54041937933712,18.613474934896317],[102.53810574001452,18.61385172526083],[102.53736816405959,18.614560139974387],[102.53683620876441,18.615657009549196],[102.53458604600374,18.617641601563122],[102.5325895182261,18.618784450955303],[102.52890896267056,18.619978841146235],[102.52153049044827,18.627678765191533],[102.52306098089966,18.6298555501306],[102.52370442708016,18.63249443901951],[102.52541069878177,18.633322211371947],[102.52541992187199,18.633768310547325],[102.52448920355587,18.635574951172345],[102.52651801214986,18.640079210069857],[102.5265624999968,18.64225789388064],[102.52512505425037,18.644038899739954],[102.52513020833035,18.646813015408426],[102.52596245659416,18.649244384766007],[102.52564019096931,18.653663058811247],[102.5250132920975,18.655495334201945],[102.52547363280937,18.657292344835483],[102.52456380208022,18.658491482205335],[102.52459716796571,18.66012695312544],[102.52349690754917,18.661576877170546],[102.52311767577831,18.664682210286884],[102.5218410915771,18.667313368055957],[102.51999104817392,18.669484998915365],[102.51791937933726,18.670974934896364],[102.51571994357343,18.67204210069484],[102.51485839843454,18.674302842882426],[102.51453342013596,18.676961805556033],[102.51375271267054,18.67736382378513],[102.51198893228852,18.677708197700028],[102.50876329209765,18.67962293836854],[102.508741861976,18.68068277994837],[102.51152506510138,18.682718912760862],[102.51076985676772,18.68413831922797],[102.50930853949333,18.684847276476177],[102.50928059895537,18.68621839735283],[102.51012559678523,18.687097710503835],[102.51097493489286,18.687080485026428],[102.51252441405936,18.688130832248703],[102.51329616970193,18.68663289388077],[102.51285888671558,18.684926893446615],[102.51371934678528,18.684031168620393],[102.5149734157956,18.684005669488343],[102.51646565754916,18.68597222222259],[102.51541151258388,18.68736151801265],[102.51652506510104,18.68843139648486],[102.51604709201101,18.688995632595848],[102.5151416015594,18.689434814453577],[102.51559868706292,18.69015502929726],[102.51813015407672,18.69012600368974],[102.51985839843437,18.69178656684072],[102.51932671440662,18.69291395399351],[102.51713161892062,18.691809353299035],[102.51653428819131,18.691797146267916],[102.5161710611948,18.692858479818213],[102.51708062065663,18.693474934896216],[102.51819173176793,18.693835584852778],[102.51776529947622,18.695011393229578],[102.515211046004,18.69584025065157],[102.51472249348663,18.696788872613254],[102.51518012152465,18.697732204861666],[102.5165323893199,18.698758409288615],[102.51735839843471,18.698741590712217],[102.51667914496224,18.700470784505697],[102.51486382378184,18.702919379340685],[102.51375515407679,18.703984781901426],[102.5132028537295,18.70681382921056],[102.51235243055245,18.708464491102887],[102.51237738714971,18.709690890842424],[102.51014160155958,18.71101820204045],[102.5104139539902,18.711808268229632],[102.51183810763595,18.713685167101147],[102.5117976887993,18.715657958984863],[102.51270616319138,18.71660359700573],[102.514453124997,18.716005588108132],[102.51513617621211,18.71733127170188],[102.5140448676186,18.72012003580774],[102.51244737412881,18.721409505208683],[102.51126736110794,18.719038221571594],[102.51014594183735,18.720115695529913],[102.50960503471933,18.721230604384132],[102.50835611978854,18.722077229818254],[102.5071514214379,18.722101779514304],[102.50419270833046,18.720974934896333],[102.50347737629889,18.721412082248875],[102.50345838758383,18.722347005208903],[102.50511474609075,18.7234697808165],[102.50789442273995,18.724147406684537],[102.50651936848666,18.726534695095935],[102.50654188367761,18.727641601563036],[102.50542019313937,18.728719482422363],[102.50545301649007,18.731504855686225],[102.50468695746233,18.731899549696678],[102.50345947265325,18.730720486111593],[102.50397813584758,18.729205729167106],[102.5019167751706,18.727641601563036],[102.50180230034405,18.728751491970883],[102.50209147135112,18.729596489800812],[102.50209174261849,18.731523166233075],[102.50124159070882,18.73264350043449],[102.50126925997952,18.734002007378933],[102.50044650607353,18.734858398437893],[102.49959445529223,18.73208604600751],[102.49836697048298,18.73267293294319],[102.49888563367759,18.736731499566403],[102.49806803385107,18.73715264214455],[102.4969843207434,18.73662679036501],[102.49626383463234,18.735142008464024],[102.49487820095172,18.73511379665851],[102.49440917968442,18.736024169922487],[102.49707980685449,18.738997260200094],[102.49711914062195,18.740927056207184],[102.49621961805244,18.742673475477886],[102.49626383463234,18.744841172960562],[102.49406304253168,18.746490749783433],[102.49368245442432,18.749605441623785],[102.49211317274009,18.750413953993558],[102.4918028428788,18.749863823785148],[102.4914453124969,18.74693901909764],[102.49069146050053,18.74541924370712],[102.49066514756638,18.74328057183206],[102.4929139539901,18.738224283854592],[102.49192979600392,18.73752495659768],[102.49097981770538,18.738437771267854],[102.49029405381626,18.740550808377137],[102.48902479383369,18.74180284288245],[102.48905219183732,18.743140733507488],[102.4871362304659,18.745134955512626],[102.48485297308716,18.74513020833379],[102.48400499131643,18.745988498264296],[102.48548394096949,18.747436930338935],[102.48664089626439,18.747040879991843],[102.49012993706279,18.74817314995701],[102.49047363280934,18.749514567057787],[102.48905219183732,18.7517808702262],[102.48762776692391,18.752930636936213],[102.4862472873235,18.752902425130614],[102.48516954209757,18.75402438693621],[102.48458794487553,18.75403618706642],[102.48312961154224,18.752929551866757],[102.48235839843451,18.752913818359815],[102.48122585720185,18.753681504991775],[102.47922526041376,18.754194200304283],[102.47736789279222,18.7535584852436],[102.47738064235799,18.755398763021233],[102.47611626518781,18.75625583224874],[102.47515028211498,18.75623602973134],[102.4745868598059,18.757329915365048],[102.47457492404217,18.75790798611152],[102.47592475043095,18.757935519748855],[102.47759033202831,18.757127414279907],[102.47902506510135,18.75596950954896],[102.47986382378164,18.755697157118405],[102.48132812499713,18.754586046007375],[102.48229844834779,18.75493462456646],[102.48373074001418,18.75818033854209],[102.48452012803531,18.75858696831638],[102.48502821180242,18.757600640191427],[102.48403049044819,18.756129014757477],[102.48598361544842,18.75430826822962],[102.48692274305236,18.755250786675745],[102.48624159070883,18.756255560981373],[102.48628607855588,18.75843804253516],[102.48402506510106,18.760136176215767],[102.48349148220197,18.76123589409768],[102.48181504991007,18.762066379123766],[102.48143066405962,18.76318956163246],[102.48233344183731,18.76320800781295],[102.4862421332434,18.760130208333848],[102.48752631293107,18.76015638563409],[102.48838026258383,18.757991400825063],[102.49038547091706,18.759024251302648],[102.49124674478875,18.759041883680965],[102.49127522786162,18.757656114366824],[102.49015706379888,18.75708007812544],[102.4884865993894,18.757114257812972],[102.48815728081283,18.756152208116802],[102.48911349826088,18.754741482205247],[102.48864257812184,18.75382744683199],[102.4896866861948,18.75311971028688],[102.49125895181979,18.75375759548666],[102.49341606987545,18.75151245117229],[102.49456922742772,18.751536051432694],[102.4961981879309,18.749863823785148],[102.49654188367762,18.750145399305993],[102.49651936848639,18.75124701605955],[102.49733235676788,18.751263563368497],[102.4984125433999,18.750893825955274],[102.5002870008652,18.75315999349006],[102.5008905707434,18.751988525391084],[102.4998638237818,18.751002061632406],[102.50034803602139,18.749956190321612],[102.50209662543105,18.75069756401959],[102.50318060980621,18.749569498698435],[102.50490478515306,18.74873304579043],[102.50767903645541,18.745845540365096],[102.50899793836507,18.746525065104677],[102.50900254991026,18.744045003255636],[102.51013888888579,18.743459608290337],[102.51208604600382,18.744308403863272],[102.51262505425038,18.74319756401961],[102.51345214843448,18.743180745443127],[102.51443359374687,18.744123535156717],[102.51363037109067,18.74530843098998],[102.51586452907671,18.747235243055968],[102.51693495008394,18.745419379340674],[102.51791395398996,18.746040581597683],[102.51658881293102,18.74815877278688],[102.5158618164032,18.74853325737884],[102.51457411024003,18.748092447917116],[102.51194363063925,18.74912990993971],[102.510958387584,18.750428602430944],[102.51099148220172,18.752057562934596],[102.51029459635103,18.752782931858093],[102.50958604600399,18.752102322049055],[102.50986273871214,18.749821370443144],[102.51291395399008,18.746889919705254],[102.51117892794858,18.746334499783558],[102.50899522569134,18.748432617188],[102.5081860351531,18.750427517361672],[102.50822536892073,18.75234781901092],[102.50744981553501,18.753092854818107],[102.5095784505177,18.753924967448285],[102.50960774739295,18.755358072917062],[102.50819146050057,18.758469645182686],[102.50823594834756,18.760645616319835],[102.506590440535,18.76235839843801],[102.50357584635103,18.760878228082035],[102.50274956596931,18.761672092014322],[102.504839952254,18.76368055555602],[102.50488389756643,18.765838487413575],[102.50449354383389,18.767837456597718],[102.50236382378179,18.77264160156294],[102.50137505425053,18.773944905599365],[102.5021666124102,18.77435262044311],[102.50427137586493,18.772925889757346],[102.5062464735212,18.772885606554254],[102.50549153645554,18.77644558376781],[102.50508382161152,18.77978108724008],[102.50383002386835,18.780210367838976],[102.50320149739272,18.779606526693087],[102.50266547308732,18.778501519097702],[102.499260796438,18.775424262153237],[102.4974921332437,18.775388183594174],[102.49597493489293,18.775758056641024],[102.49682156032677,18.77651963975751],[102.49860839843453,18.776505126953666],[102.49927490234055,18.777879231771323],[102.50285508897261,18.781491970486528],[102.50402289496239,18.7822576226133],[102.50404649522252,18.783413085937966],[102.50344997829549,18.786102701823523],[102.49939236110819,18.788596869575144],[102.49735704209778,18.789093017578637],[102.49561631944144,18.790413953993635],[102.49370930989292,18.790136176215796],[102.49252224392049,18.788900689019513],[102.49125271267062,18.789863823785225],[102.48942192925037,18.790310194227885],[102.48795844183732,18.79180189344669],[102.4871034071152,18.791819254557737],[102.48561442056976,18.789863823785225],[102.48431016709756,18.790333523220923],[102.48429714626437,18.7909642198355],[102.48541395398993,18.79316460503516],[102.48291395399022,18.794025065104577],[102.48153049044836,18.79486382378512],[102.47903049044848,18.795270860460604],[102.47965386284423,18.79624728732699],[102.48347493489277,18.79597493489625],[102.48545437282692,18.794313286675802]],[[102.5132421874973,18.763738606771227],[102.51292697482327,18.7623508029519],[102.51243326822615,18.761465793186346],[102.51444444444152,18.760833333333764],[102.51430392794842,18.763427734375497],[102.51396131727134,18.764573025174045],[102.5132421874973,18.763738606771227]],[[102.52720920138594,18.745929226345993],[102.52682345919843,18.743855523003887],[102.52787868923323,18.741713324653176],[102.52916666666354,18.74083333333381],[102.52821234808741,18.745156792535127],[102.52787027994478,18.746026882596013],[102.52720920138594,18.745929226345993]],[[102.5231637912295,18.74358032226604],[102.52227403428518,18.744103325738223],[102.52135009765325,18.743988444010796],[102.52098768445879,18.742416314019636],[102.52231472438942,18.742036946615116],[102.52293240017062,18.739876302083914],[102.52471381293114,18.737383490668847],[102.52527777777468,18.737222222222698],[102.52550971136841,18.737825656467407],[102.52484564886842,18.73873467339456],[102.52459879557009,18.739598659939617],[102.52399576822629,18.740081380208707],[102.52456787109085,18.742988688151456],[102.5231637912295,18.74358032226604]],[[102.51734293619481,18.7400577799483],[102.51622450086509,18.740515543620333],[102.5152585177922,18.74037272135459],[102.51440809461516,18.73822930230078],[102.51404568142041,18.736506618924125],[102.51544406466715,18.73542724609416],[102.5166666666635,18.735277777778307],[102.51680881076075,18.736114366319853],[102.5179345703094,18.736787651910163],[102.51876790364273,18.73762098524344],[102.51900987412878,18.738771158854718],[102.51734293619481,18.7400577799483]],[[102.50558132595174,18.74030341254381],[102.50485731336485,18.740904812283418],[102.50459608289614,18.742489420573506],[102.5054858398407,18.744042833116907],[102.50538221570875,18.745061035156738],[102.50377115885104,18.744138454861655],[102.50238498263602,18.745807156033464],[102.50154052734061,18.744872775608087],[102.50307996961524,18.74302680121572],[102.50200168185464,18.739690619575086],[102.50237386067417,18.73904066297783],[102.50262613931997,18.736792670356266],[102.50555718315658,18.73235758463599],[102.50638888888577,18.731666666667195],[102.50675157334777,18.732631835937923],[102.50562527126428,18.734598388672353],[102.50575764973652,18.735897216797312],[102.50539550780942,18.7365292697488],[102.50650227864278,18.73806694878509],[102.50558132595174,18.74030341254381]],[[102.52154324001438,18.731932644314654],[102.52241672091722,18.73044664171057],[102.52232340494473,18.729697536892758],[102.5234876844589,18.728765326606364],[102.5238283962644,18.727573784722637],[102.52371202256668,18.726640082465693],[102.52275417751426,18.727203233507325],[102.52152859157692,18.72622287326429],[102.52055067273997,18.72693712022631],[102.51911485459775,18.72514404296915],[102.51936604817413,18.723125406901516],[102.52154324001438,18.720709771050778],[102.52179009331306,18.719845784505637],[102.5225146484344,18.71885389539976],[102.52509060329575,18.717593994141154],[102.52611111110829,18.7163888888893],[102.52598768445895,18.717931993273027],[102.52531032985794,18.71969401041713],[102.52456787109085,18.72095689561675],[102.52432101779206,18.72209865993983],[102.5233523220455,18.72330973307335],[102.52381998697612,18.724105495877083],[102.52616753471924,18.724069281684464],[102.52729139539613,18.724729953342475],[102.52803927951103,18.72734714084261],[102.52783772786151,18.728967149523058],[102.52679009331283,18.730401340061206],[102.52625569661163,18.732270507813084],[102.52425754122945,18.733674994575082],[102.52325412326078,18.73409790039122],[102.52232313367736,18.733417833116818],[102.52154324001438,18.731932644314654]],[[102.51821234808742,18.726509874132333],[102.51845431857348,18.72723347981811],[102.5172390407956,18.728872612847596],[102.5148790147538,18.72734252929733],[102.51674045138591,18.725211452908468],[102.51749999999694,18.725000000000477],[102.51821234808742,18.726509874132333]],[[102.50980631510109,18.727983534071655],[102.50833007812187,18.73031195746566],[102.50693006727138,18.730689154731266],[102.50653320312202,18.729872504340747],[102.50999999999712,18.726111111111607],[102.51051540798292,18.726952853733067],[102.50980631510109,18.727983534071655]],[[102.51714463975375,18.705091010200178],[102.51916666666366,18.704722222222685],[102.51951524522272,18.70567165798664],[102.51762858072621,18.70623969184065],[102.5170936414901,18.706738416884136],[102.51901746961508,18.707504611545716],[102.51740641275737,18.70889255099877],[102.51706570095169,18.709656168620356],[102.5153664822017,18.71112019856811],[102.51459364149011,18.712410481771244],[102.51592773437196,18.71300591362892],[102.51623969183734,18.714021267361574],[102.5147176106739,18.71457302517399],[102.51240125867756,18.71188449435806],[102.51410101996217,18.70938557942752],[102.51584608289616,18.70788208007859],[102.51539930555239,18.707081027561387],[102.51714463975375,18.705091010200178]],[[102.54753119574357,18.690686577691437],[102.54681342230592,18.68939846462723],[102.54805555555245,18.68916666666712],[102.54959120008382,18.689575466580408],[102.55040879991023,18.690320366753866],[102.54753119574357,18.690686577691437]],[[102.5479245334171,18.68613945855084],[102.54888888888601,18.68527777777824],[102.54973063150729,18.68622002495711],[102.5511461045975,18.686657036675825],[102.55151991102136,18.688056911892815],[102.54892469617764,18.687902289497046],[102.5479245334171,18.68613945855084]],[[102.56134792751428,18.66127726237019],[102.56194444444148,18.66111111111158],[102.56206542968457,18.661545681424016],[102.56391574435466,18.662489691840875],[102.56369791666359,18.66396362304748],[102.56177870008369,18.664287651910243],[102.56126790364291,18.66329996744838],[102.56191813150755,18.66222222222278],[102.56134792751428,18.66127726237019]],[[102.55373426649007,18.659566786024826],[102.55370252820873,18.65713311089452],[102.55477566188918,18.65573364257854],[102.5528217230873,18.65526828342057],[102.55208875867763,18.65478474934939],[102.55327446831282,18.653685980903205],[102.55321424695879,18.650888807509233],[102.5537660047714,18.649846327040436],[102.5537285698754,18.64890557183203],[102.55292290581284,18.64660671658028],[102.55361111110815,18.646388888889277],[102.55493326822616,18.647404920790464],[102.55653320312203,18.647911376953616],[102.5568001302054,18.648528103298986],[102.55624457464987,18.649578043620153],[102.55595214843444,18.651413845486502],[102.55458875867751,18.65215969509586],[102.55652235242738,18.654083658854745],[102.55594618055281,18.65517306857683],[102.55599826388581,18.656493598090748],[102.55557237412896,18.657298855252222],[102.5568001302054,18.65871270073825],[102.55458306206307,18.660016140408402],[102.55373426649007,18.659566786024826]],[[102.5531827799447,18.658284640842453],[102.55191813150756,18.659019911024785],[102.55122639973641,18.65761773003507],[102.55128770616025,18.656588134766025],[102.55277777777488,18.65638888888944],[102.5531827799447,18.658284640842453]],[[102.56291937933733,18.64243516710127],[102.56444444444165,18.642222222222657],[102.56513264973646,18.644518229167133],[102.5637849934864,18.644858398437933],[102.56291937933733,18.64243516710127]],[[102.56543212890315,18.638956027561164],[102.56651882595199,18.638453911675754],[102.56747829860805,18.63857313368092],[102.56815917968444,18.638027886285144],[102.56684082030952,18.636972113715686],[102.56762342664618,18.636345350477853],[102.56598768445869,18.63478936089453],[102.56687174478876,18.633003200955287],[102.5674999999969,18.632500000000434],[102.56904324001445,18.634568006727804],[102.56932210286149,18.636484239366766],[102.57036404079545,18.63791083441882],[102.57048773871227,18.638904486762684],[102.56996012369481,18.639563530816417],[102.56919243706287,18.639886881510904],[102.56775661892041,18.641773681641084],[102.56670681423302,18.641904161241726],[102.56692491319146,18.640151502821638],[102.56543212890315,18.638956027561164]],[[102.58736653645539,18.63730265299519],[102.58944444444151,18.635555555556124],[102.59055555555264,18.636605495877205],[102.59335150824361,18.637355821398117],[102.59405002169822,18.635945638021298],[102.59504150390339,18.635984836155004],[102.59548990885114,18.638333740234785],[102.59679985893777,18.639547526042108],[102.59707790798294,18.640323350695084],[102.59556993272273,18.641522488064652],[102.59341064452829,18.640200330946556],[102.5917930772541,18.639688313802495],[102.58973117404204,18.63826944987028],[102.58784044053513,18.637908393012623],[102.58736653645539,18.63730265299519]],[[102.60317843966706,18.640409478082162],[102.60499999999709,18.640277777778167],[102.60605170355589,18.641722140842347],[102.60594997829551,18.643426649305965],[102.60697292751436,18.64724514431468],[102.60510633680266,18.64839884440144],[102.60457546657668,18.647924533420635],[102.60419297959763,18.647091200087274],[102.60243869357325,18.647759738498664],[102.6019357638859,18.646833902995283],[102.60341118706279,18.645515543620192],[102.6028922526011,18.644560682509123],[102.60401991102125,18.643553195529947],[102.60298339843453,18.643202311198408],[102.60172905815679,18.643564453125435],[102.60113742404221,18.644853244358103],[102.6003919813339,18.644300944010865],[102.60045681423307,18.643215467665428],[102.59959120008389,18.642442084418832],[102.6005756293371,18.641773681641084],[102.60304877386861,18.64192097981821],[102.60368896484081,18.641348876953572],[102.60317843966706,18.640409478082162]],[[102.59752794053523,18.63605211046051],[102.59578369140334,18.635046386719253],[102.59362847221908,18.633358561198392],[102.59249999999705,18.631556939019575],[102.59153808593433,18.632093641493498],[102.58975613063924,18.632350802951848],[102.58859456379892,18.63170274522615],[102.58963568793112,18.630373399523123],[102.58966037326078,18.627375759549096],[102.59083333333021,18.627222222222684],[102.59150553385123,18.627839762370144],[102.59264919704569,18.628184136285228],[102.5937046983477,18.629170328776453],[102.59415174695872,18.63017225477479],[102.5951882595455,18.63096191406298],[102.59583251952856,18.629517957899708],[102.59694959852132,18.62992811414992],[102.59792697482342,18.632350802951848],[102.59824625650745,18.634445122613272],[102.599949001733,18.63495781792588],[102.60051784938926,18.636232503255698],[102.60194688584758,18.63746365017407],[102.60463894313924,18.638196478950135],[102.60455674912899,18.639221327040346],[102.60262858072602,18.639573025173988],[102.60209092881652,18.639872911241696],[102.60135660807,18.63981391059076],[102.60020182291376,18.639169650608054],[102.59752794053523,18.63605211046051]],[[102.60484456379893,18.63651123046928],[102.60389160155958,18.633574218750468],[102.60270806206282,18.634806179471028],[102.60036675346922,18.63327107747439],[102.59847493489278,18.630616183811256],[102.59948052300038,18.630033094618412],[102.60180311414618,18.630975070529914],[102.60402452256633,18.630986328125474],[102.6040416124101,18.63015028211848],[102.6029397243893,18.629582519531752],[102.59944959852143,18.62924112955777],[102.59628228081303,18.62799194335983],[102.59561740451093,18.626620958116803],[102.59446560329562,18.626062282986553],[102.58928141275729,18.621530490451903],[102.58875271267047,18.622091878255617],[102.5909741210908,18.624758978950126],[102.59291937933736,18.62596950954901],[102.59458062065661,18.627619900174054],[102.59406087239299,18.628191731771324],[102.59291937933736,18.62708062066021],[102.59041124131633,18.62611667209258],[102.58940755208042,18.62458604600741],[102.58799696180259,18.62576090494848],[102.58894612629896,18.62671074761336],[102.58832492404221,18.62791666666712],[102.58886962890315,18.628973931207128],[102.58764784070868,18.62956665039117],[102.58765570746218,18.63110365125918],[102.58541937933708,18.630136176215814],[102.58402506510103,18.629863823785243],[102.58264160155935,18.628747287326846],[102.5804275173584,18.62820746527818],[102.57988389756625,18.627152099609816],[102.5820686848929,18.626592203776468],[102.58568657768794,18.628157687717447],[102.5857082790769,18.627103000217446],[102.58365858289628,18.626047227647987],[102.58176106770551,18.62539767795191],[102.58043077256659,18.625424940321608],[102.5796028645805,18.624629313151587],[102.57904812282689,18.623008490668866],[102.580183376733,18.622619900173973],[102.58180230034415,18.622652994792134],[102.58181939018792,18.62181911892405],[102.58103678385132,18.620664605035117],[102.58289822048297,18.618447129991793],[102.57932562933738,18.61851996527821],[102.57902316622958,18.617636583116834],[102.5807701280352,18.61721069335978],[102.58033555772275,18.614984673394446],[102.57884955511875,18.61611233181459],[102.57792860242765,18.614753689236593],[102.57791341145517,18.61400377061669],[102.58050157334756,18.611399603950105],[102.58123616536162,18.612913547092518],[102.58179741753159,18.612924940321633],[102.5829106987816,18.612351616753898],[102.58456271701104,18.613605278863318],[102.58694363063935,18.612575141059537],[102.59061740451088,18.61419528537371],[102.59144992404211,18.61253675672792],[102.5890304904485,18.609858398437922],[102.5876790364554,18.60885647243967],[102.58690049912897,18.6060412597662],[102.58596679687187,18.605408257378883],[102.5843294270804,18.60544162326441],[102.58324110242742,18.604007432726164],[102.58468505859085,18.602504747179324],[102.58555555555265,18.60222222222265],[102.58771701388574,18.604025065104665],[102.58850830077822,18.603740776910158],[102.58956380208022,18.6026421440977],[102.58991075303518,18.60263509114624],[102.59324354383367,18.60431708441881],[102.59482042100385,18.605958387587208],[102.59603135850406,18.60626858181476],[102.59923014322615,18.606203342014354],[102.60072998046579,18.608729926215673],[102.60151963975406,18.607908257379066],[102.60260904947623,18.60846950954904],[102.60267008463254,18.607441270616818],[102.60208007812187,18.60571750217062],[102.60206922742768,18.604314371745176],[102.60305935329578,18.604294162326852],[102.60584635416367,18.605477159288583],[102.60504828558717,18.60665445963575],[102.6062643771671,18.609014892578628],[102.60624159070866,18.61013088650212],[102.60667941622947,18.6109803602436],[102.60544487846929,18.61343980577297],[102.6037527126708,18.6157923719622],[102.60418457030957,18.616522488064632],[102.60595513237578,18.616502685547317],[102.60653428819128,18.61762708875918],[102.6061512586775,18.619121907552554],[102.60679606119473,18.620373942057867],[102.6068191189207,18.621491563585636],[102.60640001084764,18.62235527886334],[102.605706108938,18.62236938476609],[102.60263617621237,18.61819715711846],[102.60217827690659,18.616319037543846],[102.60085123697624,18.615419379340707],[102.60014160155939,18.616630316840755],[102.60180826822611,18.61958062066023],[102.60430284287875,18.625251736111608],[102.60304063584758,18.626077338325132],[102.60132622612556,18.624693467882366],[102.60016547308734,18.62525661892407],[102.60139268662888,18.62606106228347],[102.60276367187211,18.6279106987852],[102.60401340060449,18.62793619791725],[102.60468614366008,18.625813530816316],[102.60598551432005,18.62625827365497],[102.60679714626426,18.626241726345924],[102.60714843749716,18.6269236924918],[102.60541937933723,18.63037041558202],[102.60705946180244,18.63202229817753],[102.60613823784425,18.63429348415842],[102.60734239366005,18.636069742839],[102.60544135199362,18.63735839843794],[102.60484456379893,18.63651123046928]],[[102.61130995008389,18.62346693250909],[102.61051757812189,18.61684651692765],[102.61105468749682,18.61583143446228],[102.61249999999697,18.615555555555986],[102.6131825086774,18.61620849609433],[102.6136257595455,18.61714748806473],[102.61232367621218,18.619608425564735],[102.61233344183736,18.622921006944964],[102.61130995008389,18.62346693250909]],[[102.63876519096911,18.612200656467408],[102.63867621527461,18.61070705837713],[102.64080647786167,18.610759141710602],[102.64277777777485,18.609722222222643],[102.64301595051771,18.61038628472265],[102.63948703341694,18.61346435546929],[102.63876519096911,18.612200656467408]],[[102.68583577473655,18.610672336154963],[102.68542697482334,18.609262152778314],[102.68666666666397,18.608888888889453],[102.6878610568547,18.60951361762193],[102.68846191405933,18.61107394748298],[102.68785020616016,18.611517469618533],[102.6871283637121,18.610679660373805],[102.68583577473655,18.610672336154963]],[[102.57454833984067,18.618085123698492],[102.57628363714983,18.618881429036875],[102.57623345268789,18.61972303602471],[102.57222086588249,18.61960001627645],[102.57153564452815,18.619135877821577],[102.57273193359075,18.616934543186204],[102.5741666666635,18.6166666666672],[102.57460774739306,18.617090386285255],[102.57454833984067,18.618085123698492]],[[102.57716362846926,18.631864284939667],[102.57698947482348,18.632640923394447],[102.5759600151878,18.633351779514285],[102.5741262478268,18.632520616319923],[102.5737754991288,18.63135403103334],[102.57472222221915,18.63111111111155],[102.57716362846926,18.631864284939667]],[[102.57848524305265,18.632651231554206],[102.57999999999689,18.632500000000434],[102.58361490885116,18.633775227864987],[102.58444444444135,18.635119900174033],[102.58579508463222,18.634346381293895],[102.58623725043086,18.635514322917032],[102.58441677517075,18.636303846571664],[102.58359130859102,18.63621961805613],[102.5816124131915,18.635376654731303],[102.58104817708042,18.634075656467417],[102.57929280598668,18.633762885200042],[102.57842258029214,18.633264567057736],[102.57848524305265,18.632651231554206]],[[102.71058403862534,18.600408799913623],[102.70939371744478,18.599076741536962],[102.70995849609065,18.598037245009266],[102.70928168402472,18.59706814236162],[102.70933648003185,18.596148410373715],[102.70999999999694,18.595555555555947],[102.71125786675034,18.597353244358118],[102.71193684895522,18.600036214193125],[102.71058403862534,18.600408799913623]],[[102.71348768445867,18.596543104384168],[102.71392469617771,18.595505777995385],[102.71472222221936,18.595277777778364],[102.71682047525749,18.597621663411942],[102.71706787109085,18.598712158203654],[102.71571099175029,18.599568006727893],[102.7131323242157,18.598831651476175],[102.71324137369501,18.59795518663246],[102.71289116753164,18.597359483507404],[102.71348768445867,18.596543104384168]],[[102.72184922959784,18.597080620660194],[102.7195871310735,18.595181477864983],[102.71763617621238,18.594863823785232],[102.71696858723661,18.594519992404898],[102.7175282118026,18.593433973524824],[102.7162527126707,18.591209174262488],[102.71791395399012,18.58954250759595],[102.71653483072609,18.588217637804206],[102.71623643662903,18.587602674696754],[102.7162565104135,18.586631673177564],[102.7174999999971,18.58638888888933],[102.7182261827227,18.587678900824997],[102.71910834418097,18.589497070312945],[102.72021267360819,18.59290052625917],[102.72235839843452,18.59649549696225],[102.72184922959784,18.597080620660194]],[[102.71936496310448,18.58742445204038],[102.72055555555258,18.587222222222607],[102.72144070095172,18.588032226563],[102.72237792968437,18.587893608941442],[102.72262098524007,18.58898559570362],[102.72197591145547,18.590626627604735],[102.72022406683735,18.59036770290848],[102.71936496310448,18.58742445204038]],[[102.72254882812192,18.586514892578506],[102.71982177734063,18.58614678276946],[102.71904052734075,18.585497911241845],[102.71946072048334,18.584415283203512],[102.72131673176793,18.585112575955236],[102.72189019096928,18.583790011936216],[102.7224999999971,18.58361111111158],[102.72290391709757,18.584685872396435],[102.72254882812192,18.586514892578506]],[[102.62040120442398,18.584012451172313],[102.61807535806977,18.585123562283442],[102.61821153428505,18.58402832031298],[102.62015435112536,18.583209771050747],[102.62151231553517,18.582068006727837],[102.62222222221911,18.581944444444858],[102.62202148437203,18.583549126519543],[102.62040120442398,18.584012451172313]],[[102.60888753254895,18.583096516927597],[102.60751790364284,18.584025065104612],[102.60414849175052,18.583041856554303],[102.60318956162891,18.584305691189826],[102.60484917534407,18.58636176215309],[102.60488633897259,18.588177218967488],[102.60390489366009,18.588682861328536],[102.60338433159413,18.58707872178867],[102.60096815320875,18.583195529514356],[102.60151611327834,18.58159437391531],[102.60014160155939,18.57978285047801],[102.60073160806982,18.578742268880674],[102.60151936848652,18.5787582736549],[102.60208062065678,18.577668728299088],[102.60083062065681,18.576331922743506],[102.59891167534411,18.577632785373652],[102.59740559895536,18.577619900174],[102.5962605794239,18.578011881510804],[102.59624647352152,18.57732638888929],[102.59780843098665,18.575825737847637],[102.59841118706308,18.5734735785595],[102.59735649956289,18.57208387586853],[102.59791395398989,18.5710020616323],[102.59500786675042,18.56744873046921],[102.59679253471936,18.565734320746927],[102.59430826822606,18.564259575738248],[102.59459743923301,18.563420545790407],[102.59599202473689,18.562080620660183],[102.59596923827829,18.560969509549068],[102.59666666666354,18.56055555555602],[102.5973806423581,18.56154812283026],[102.59733072916359,18.563993191189695],[102.59819335937189,18.56566772460988],[102.5985129123234,18.567631157769583],[102.59948052300038,18.567650960286898],[102.60033745659436,18.564587809245282],[102.60096381293093,18.564575059679257],[102.60196126301773,18.566511501736542],[102.60152316622973,18.567361789280028],[102.60281819661165,18.56896579318635],[102.6023581271671,18.569858534071656],[102.60234700520525,18.572074517144515],[102.60318603515341,18.57209160698828],[102.60429172091708,18.569864230686207],[102.6051307508649,18.56984714084244],[102.60651123046583,18.571217854818286],[102.60744113497978,18.572636176215767],[102.60817003037883,18.571797824436118],[102.60736382378153,18.570136176215684],[102.60626763237534,18.56869127061678],[102.60734727647278,18.56653089735285],[102.60778293185476,18.566521945530013],[102.60942654079562,18.567636176215686],[102.60971327039621,18.566647271050826],[102.6084760199623,18.565458306206992],[102.60845241970188,18.56430881076426],[102.60903591579572,18.564296875000494],[102.60985270181996,18.56514716254381],[102.61151367187196,18.565952962240104],[102.61241536458024,18.567703586155005],[102.61097710503171,18.568646511502237],[102.61095838758368,18.56957194010451],[102.61429144964987,18.571230740017853],[102.61467692056996,18.571979166667134],[102.6104139539901,18.577636176215663],[102.61014160155938,18.579030490451828],[102.60940049912884,18.58046956380244],[102.60888753254895,18.583096516927597]],[[102.69122260199359,18.56875664605073],[102.69178168402468,18.56873440212715],[102.69318901909404,18.569227837457078],[102.69258273654205,18.56754787868968],[102.69361111110808,18.567222222222554],[102.69485568576093,18.568942192925846],[102.69376274956286,18.57078884548649],[102.69372260199358,18.571798909505574],[102.69432074652482,18.571822645399806],[102.69510715060474,18.570156656901446],[102.69569959852132,18.570133192274767],[102.69616210937207,18.572074381510873],[102.69653293185448,18.572089029948444],[102.69704698350401,18.570999484592463],[102.69813856336518,18.570421956380642],[102.69827148437193,18.571606038412],[102.69764431423309,18.573395860460522],[102.69819797091705,18.57347886827297],[102.69976833767075,18.572200927734954],[102.70096679687188,18.57446614583374],[102.69958414713247,18.575940755208705],[102.69918674044837,18.577609727648067],[102.69792209201083,18.576244710286957],[102.69725396050055,18.575929497613316],[102.69569227430239,18.573580729167176],[102.69239501952822,18.576121012370336],[102.69182807074341,18.577911376953594],[102.69068115234066,18.577555609809494],[102.69073269313938,18.57625488281289],[102.6898418511253,18.575429551866733],[102.69069986978869,18.574310845269594],[102.69160725911169,18.571908094618436],[102.69090006510132,18.57088026258731],[102.69126546223666,18.569837103950064],[102.69122260199359,18.56875664605073]],[[102.70360378688926,18.57025431315138],[102.70145263671586,18.570126139323293],[102.69873535155935,18.568299153646336],[102.69876464843438,18.567809922960507],[102.70099636501428,18.567906901042065],[102.70094156900754,18.56698676215325],[102.69751817491002,18.565616726345866],[102.6986797417504,18.563223198785096],[102.699664171004,18.562646755642817],[102.70095784504903,18.563349745009177],[102.70191053602136,18.56127414279561],[102.7041666666635,18.56111111111163],[102.70679768879896,18.56241251627651],[102.70603651258372,18.563092583550826],[102.70389268662902,18.562518446180917],[102.70320231119493,18.56303548177125],[102.70461371527469,18.56393324110293],[102.70456488714959,18.5647535536029],[102.7023472764727,18.567360297309563],[102.70307834201085,18.568407118056015],[102.70507107204563,18.566177029080308],[102.70581624348645,18.564238281250468],[102.70816569010114,18.564378390842393],[102.70874213324342,18.565249430339023],[102.70731933593439,18.56652072482683],[102.70737169053521,18.56740017361156],[102.70960774739265,18.56842637803868],[102.71257324218445,18.56719306098131],[102.71295193142069,18.568018527561208],[102.7128729926184,18.569344346788583],[102.71136311848656,18.56925428602476],[102.71021131727147,18.569667697483254],[102.70833333333039,18.569266357422336],[102.70541395399007,18.569871690538676],[102.70470377603877,18.56948581271743],[102.70360378688926,18.57025431315138]],[[102.722694498695,18.564252251519676],[102.7223790147539,18.56336615668448],[102.72432345919842,18.56265679253528],[102.72475124782673,18.56210245768277],[102.72583333333043,18.56166666666705],[102.72630940754917,18.562097574870137],[102.72619493272256,18.562872856988278],[102.72559570312214,18.563865966797252],[102.72413275824348,18.564464789496938],[102.722694498695,18.564252251519676]],[[102.68793457030952,18.566545681424245],[102.68680365668084,18.56700846354211],[102.68577501084778,18.565675726996986],[102.68799804687185,18.563997667101148],[102.6924999999969,18.56277777777835],[102.69275010850387,18.56341403537367],[102.69259874131629,18.564437527127154],[102.69067654079592,18.564843207465728],[102.6892928059867,18.565447998047432],[102.68793457030952,18.566545681424245]],[[102.70634602864291,18.560664333767804],[102.70568033853854,18.559801703559472],[102.70351915147276,18.5601209852434],[102.70293457030957,18.559233940972746],[102.7040201822887,18.55816650390672],[102.70499999999706,18.55855170355943],[102.70666666666355,18.55805555555594],[102.70762098524003,18.559334174262588],[102.70733642577815,18.560954318576762],[102.70634602864291,18.560664333767804]],[[102.70963704426774,18.55847805447091],[102.71055555555253,18.558333333333792],[102.71083089192419,18.558732096354532],[102.71221788194154,18.559251030816412],[102.7126133897539,18.55997070312536],[102.71151746961507,18.56039116753523],[102.70988009982321,18.559331054687945],[102.70959499782671,18.56079047309079],[102.70875542534432,18.560602213542126],[102.70849772135111,18.55926486545181],[102.70963704426774,18.55847805447091]],[[102.58134847004905,18.557548149956986],[102.58056396484076,18.558606092665443],[102.58000515407687,18.559971788194815],[102.57840169270523,18.56138251410637],[102.57765679253177,18.561003011068223],[102.57849012586493,18.559879014757357],[102.5791064453094,18.558189697266045],[102.58049886067388,18.55711493598136],[102.58111111110802,18.55694444444491],[102.58134847004905,18.557548149956986]],[[102.6552818467853,18.557348225911937],[102.6543183051185,18.55678805881122],[102.65511555989283,18.555924343533434],[102.65757785372975,18.55440538194493],[102.65901502820864,18.55103542751786],[102.65876274956284,18.55040378146755],[102.65820719400725,18.54994235568614],[102.65932834201075,18.549040662977916],[102.65990370008396,18.549582112630674],[102.65979248046582,18.550673285590662],[102.66090576171584,18.550786810981435],[102.6614765082434,18.54821384006138],[102.66523383246218,18.548246663412087],[102.66595947265338,18.547070448134193],[102.66666666666376,18.54666666666718],[102.66710232204557,18.547357855903158],[102.6667016601534,18.54842420789973],[102.66699218749707,18.551274820963997],[102.6656854926184,18.552847900391072],[102.66483208550059,18.55057006835999],[102.66106119791354,18.552066650391083],[102.66166314018787,18.55311767578172],[102.6611135525142,18.554384901259155],[102.66048312716705,18.555143771701907],[102.6585055881047,18.555438368055974],[102.6552818467853,18.557348225911937]],[[102.76003228081308,18.551337076823216],[102.75896782768805,18.55092787000909],[102.75712999131659,18.551156412760932],[102.75432508680242,18.55062744140666],[102.75404324001423,18.549044189453554],[102.75575005425029,18.547677273220998],[102.7574999999969,18.5472222222226],[102.7591593424448,18.54770874023488],[102.76095675997962,18.548765326606343],[102.76272949218438,18.549272189670575],[102.7626085069414,18.550243462457047],[102.76003228081308,18.551337076823216]],[[102.76848253037892,18.54967475043459],[102.77166666666349,18.546944444444847],[102.7723508029483,18.5477281358512],[102.77101806640334,18.54960761176254],[102.76951578775751,18.550278049045573],[102.76848253037892,18.54967475043459]],[[102.7687098524274,18.548164198134103],[102.76710232204553,18.548293321398006],[102.76703396267075,18.54744072808205],[102.76754584418089,18.54684651692746],[102.76999999999705,18.54666666666718],[102.7687098524274,18.548164198134103]],[[102.60153293185456,18.547850884331993],[102.60178765190679,18.548813883463907],[102.60072509765305,18.54928765191015],[102.6001567925318,18.547898763021365],[102.59858886718453,18.54725708007858],[102.59821234808729,18.546042616102895],[102.59944444444133,18.545833333333903],[102.60034206813944,18.54630791558216],[102.60153293185456,18.547850884331993]],[[102.58681342230605,18.561813422309456],[102.58761366102121,18.56137844509591],[102.58809922959765,18.563464355469236],[102.58906901041374,18.563192816840754],[102.58895399305268,18.56126261393277],[102.58944444444151,18.56111111111163],[102.59124213324358,18.56246731228353],[102.58950493706286,18.565209147135846],[102.58832763671566,18.565749376085506],[102.58784532334775,18.566636691623884],[102.58843831379889,18.56828870985285],[102.58699354383387,18.56929768880258],[102.58580919053529,18.566527777778305],[102.58639756944157,18.565445014106416],[102.58375786675029,18.563086344401455],[102.58681342230605,18.561813422309456]],[[102.58388481987546,18.573826090495146],[102.58299479166371,18.574295247396293],[102.58209364148988,18.573546685113286],[102.58373969183717,18.57096191406285],[102.58444444444135,18.570555555556],[102.58487141926796,18.57096191406285],[102.58512858072604,18.57173109266543],[102.58388481987546,18.573826090495146]],[[102.58005181206298,18.58560126410633],[102.57851318359079,18.58595933702307],[102.5768183051184,18.58501057942756],[102.57787000867737,18.584137098524764],[102.5786073133651,18.582941894531743],[102.5791666666635,18.582777777778304],[102.58063639322629,18.58404568142403],[102.58005181206298,18.58560126410633]],[[102.62437228732327,18.58840291341187],[102.62777777777481,18.588055555556053],[102.62764567056999,18.589064263238228],[102.62534939235812,18.58958591037367],[102.62348253037882,18.589657796224458],[102.62437228732327,18.58840291341187]],[[102.60429280598655,18.595126003689685],[102.6039100477399,18.597695855035198],[102.60331841362571,18.59840793185812],[102.600655924476,18.599267035590714],[102.59926459418094,18.600063883464003],[102.5947664387991,18.59792060004375],[102.59230740017071,18.597198893229617],[102.59126274956284,18.596331244575097],[102.59221191405945,18.595665147569903],[102.5928746202226,18.595732693142764],[102.5934838867158,18.594513753255782],[102.59443386501428,18.59461059570353],[102.59549180772277,18.594300130208794],[102.59632188584774,18.593300645616736],[102.59845079209774,18.591876763238332],[102.59972059461487,18.591504177517834],[102.600821126299,18.59017930772609],[102.60222222221924,18.59000000000053],[102.60473280164618,18.593149549696776],[102.60429280598655,18.595126003689685]],[[102.70611165364298,18.59923651801266],[102.70497422959752,18.597816162109808],[102.70376247829566,18.597966986762657],[102.7032861328095,18.59737182617225],[102.70452609591715,18.596378851997017],[102.70666666666355,18.596111111111455],[102.70687608506628,18.59665581597268],[102.70672987195863,18.59782958984411],[102.70715901692407,18.598559299045704],[102.70706000433748,18.599354519314716],[102.70611165364298,18.59923651801266]],[[102.59708062065661,18.541525065104537],[102.59756076388598,18.540697157118544],[102.59937201605598,18.542071668837394],[102.60122965494483,18.541435953776528],[102.60068739148991,18.53985148112025],[102.60179796006653,18.53878445095532],[102.60217122395542,18.53763427734421],[102.60308376735819,18.536288248698426],[102.60236382378153,18.534845513238253],[102.60446099175036,18.53330471462725],[102.60487386067402,18.532033013238248],[102.60599826388571,18.53095282660628],[102.60722222221912,18.530555555556006],[102.60740532768787,18.531090766059478],[102.60707519530936,18.532379286024778],[102.60709554036154,18.533382297092587],[102.60515733506648,18.534653184679215],[102.60790256076089,18.53583455403694],[102.60729844834773,18.536802842882395],[102.60499457464991,18.535615912543932],[102.60326850043103,18.538210313585495],[102.60458062065678,18.540152587891058],[102.6027815755177,18.541025390625506],[102.6020475260386,18.542145046658362],[102.60078748914626,18.54335557725733],[102.5993009440073,18.543838026259138],[102.59804768879897,18.544687500000535],[102.59662543402456,18.54360853407158],[102.59490478515337,18.545399712457012],[102.59410237629899,18.545788981120268],[102.59345838758364,18.545118950738342],[102.59347819010125,18.544158393012538],[102.59514160155939,18.543752712674063],[102.59655219183716,18.542614203559523],[102.59708062065661,18.541525065104537]],[[102.78737141926766,18.541815863715684],[102.78863633897274,18.539952935113277],[102.78999999999692,18.539166666667114],[102.79251871744506,18.54105414496574],[102.79170627169853,18.54251017252649],[102.78792371961507,18.54336941189281],[102.78684163411165,18.542765706380564],[102.78737141926766,18.541815863715684]],[[102.77041395399019,18.540413953993593],[102.76892252603855,18.541545410156672],[102.76771620008387,18.541520860460622],[102.76653320312224,18.539716661241798],[102.76481553819141,18.53929796006993],[102.76327121310456,18.537690565321597],[102.76291585286148,18.536233045790397],[102.7609990776879,18.534391140408488],[102.76187174478869,18.533103569878833],[102.76249999999689,18.532500000000397],[102.76275716145543,18.533251003689685],[102.76236409504898,18.534319390191442],[102.76428602430244,18.535276014540415],[102.76466715494476,18.53761773003518],[102.76599121093457,18.538469509549117],[102.76705457898996,18.537362738715743],[102.76846950954572,18.53712415907178],[102.76764756944127,18.53952514648485],[102.76862901475405,18.54013617621567],[102.77055745442411,18.538828938802595],[102.77152506510114,18.539874810113304],[102.77041395399019,18.540413953993593]],[[102.6279063585038,18.532906358507333],[102.62736273871232,18.533209635417137],[102.6268158637121,18.532991129557686],[102.62764919704554,18.531815863715792],[102.62846191405939,18.52962348090317],[102.62728597004914,18.5281218804257],[102.63005262586515,18.524890950521282],[102.6319444444413,18.523888888889303],[102.63216824001424,18.524498426649743],[102.63106011284404,18.525913357205212],[102.6300583224797,18.530369873047263],[102.6289729817677,18.532430284288623],[102.6279063585038,18.532906358507333]],[[102.74954155815661,18.52901150173645],[102.74887559678521,18.527560085720992],[102.74990885416364,18.526080593533464],[102.74987657334768,18.524184299045544],[102.75083333333029,18.523888888889303],[102.75124213324361,18.525424533420477],[102.75242811414623,18.52803927951443],[102.75217312282697,18.52874213324698],[102.75097195095194,18.527903103299067],[102.74954155815661,18.52901150173645]],[[102.5749829101533,18.52939914279561],[102.57390706379917,18.531522488064738],[102.57311089409436,18.53061008029566],[102.57371690537886,18.5293259006081],[102.57452311197599,18.52857910156301],[102.57586398654215,18.526572129991763],[102.57631266275726,18.52422254774345],[102.57680013020516,18.5231891547313],[102.57986653645523,18.519033067491705],[102.58022271050069,18.517907850477826],[102.5812179904485,18.516461588542185],[102.5826334635386,18.512078043620207],[102.58456325954549,18.509853244358055],[102.5856548394066,18.507673068576906],[102.58736653645539,18.505699734158455],[102.58814371744498,18.504052734375406],[102.58910834418091,18.503714599609893],[102.59096679687187,18.503733723958746],[102.59059217664625,18.50493272569487],[102.58903428819141,18.50566799587712],[102.589010687931,18.506265326606268],[102.59068901909436,18.507057427300808],[102.5901744249102,18.507652723524856],[102.58820475260123,18.5072406684032],[102.58822916666352,18.508655598958754],[102.58652235242747,18.51124471028703],[102.58615804036143,18.51277520073846],[102.58460340711511,18.514215494792083],[102.58455593532696,18.51541002061674],[102.58568413628157,18.51545477973147],[102.58620415581308,18.51435316297801],[102.58805148654201,18.511886935764352],[102.59030978732338,18.509643690321624],[102.59125542534426,18.509033067491814],[102.59177897135109,18.50792317708388],[102.59235080294846,18.50790052625902],[102.59337782117765,18.508607313368472],[102.59470621744478,18.50717339409769],[102.59625542534425,18.506533067491816],[102.59736002603856,18.50568589952306],[102.59841634114272,18.50624471028695],[102.5984456380177,18.50460557725738],[102.59945421006651,18.504071723090718],[102.60073187933719,18.50624471028695],[102.60141872829567,18.505164930555992],[102.60069986978854,18.5038058810769],[102.60290473089967,18.50474826388931],[102.60293267143814,18.50404256184939],[102.60240614148998,18.503047824436152],[102.60358262803524,18.502425265842405],[102.60477566188925,18.503712972005616],[102.60623670789644,18.504224989149762],[102.60627739800034,18.50319959852473],[102.60521267360818,18.502697075738325],[102.60431098089967,18.501861436632424],[102.60528537326095,18.501255289713896],[102.60681098089984,18.501522488064722],[102.60873535155955,18.50314873589454],[102.60878309461495,18.501940511068128],[102.60715820312211,18.50018649631123],[102.60607801649016,18.499615071615125],[102.6051340060732,18.499577636719152],[102.60400526258368,18.500443250868486],[102.60292561848664,18.50040052625903],[102.60110026041392,18.501800265842476],[102.60039659287904,18.501342773437983],[102.60045925563921,18.499760877821615],[102.59937608506644,18.499187689887606],[102.59902208116026,18.499856499566363],[102.59911838107345,18.502288818359844],[102.59707329643803,18.503371039496912],[102.59486653645521,18.50132636176258],[102.59544162326077,18.50055257161516],[102.59727457682001,18.501522488064722],[102.59743082682004,18.500595160590706],[102.59700466579554,18.49937920464447],[102.60096679687192,18.49652248806464],[102.6049251302052,18.495408664280063],[102.60647189669842,18.49707804362025],[102.6077452256915,18.49607449001772],[102.6083927408823,18.494702148437966],[102.60927137586512,18.49375379774345],[102.61273193359065,18.492471652561335],[102.61496636284417,18.490977511936165],[102.61521267360806,18.49173204210109],[102.61325602213228,18.49398776584239],[102.61223361544845,18.495920274522945],[102.61343994140313,18.496343180338997],[102.6165334743894,18.494065212674002],[102.61819525824333,18.49318603515664],[102.61916666666369,18.4938545735683],[102.62102837456311,18.492611355252265],[102.62211181640325,18.49144178602475],[102.62541124131636,18.490411376953617],[102.628502061629,18.489989013672385],[102.63277777777486,18.48750000000051],[102.63298909504911,18.488103298611662],[102.6323451063337,18.489320339627184],[102.63239827473646,18.490656738281857],[102.63120252820872,18.491573621962388],[102.6290462239555,18.492591281467412],[102.62909478081306,18.495021701389348],[102.62820502386833,18.49639946831647],[102.6262307400145,18.497847629123655],[102.62630777994522,18.49978786892413],[102.625816514754,18.500317925347673],[102.62467312282692,18.498759087457174],[102.62249430338241,18.49867268880263],[102.62098632812203,18.499646538628923],[102.62099907768803,18.50095567491364],[102.62011501735802,18.50126559787364],[102.61852213541354,18.50120239257869],[102.61374457464964,18.50430026584256],[102.61097764756639,18.50681084526967],[102.60847764756627,18.50828057183199],[102.60902235242762,18.50875528971396],[102.61013346353869,18.509107123481243],[102.60931776258386,18.51024386935805],[102.60714789496225,18.5109308539501],[102.605388454858,18.512314588759153],[102.60406494140344,18.51374308268275],[102.60360161675035,18.5137613932296],[102.60236192491007,18.51290825737884],[102.60138916015316,18.513422851562908],[102.59792914496225,18.514478081597815],[102.59791097004896,18.514023030599333],[102.59930013020548,18.512211235894483],[102.59868272569148,18.511261257595976],[102.59722222221924,18.51203409830775],[102.59608588324338,18.511432834201784],[102.59469807942392,18.51284776475744],[102.59291124131633,18.513744710287014],[102.5879673936602,18.51775444878514],[102.58487169053532,18.51861735026084],[102.58319986978867,18.520421956380574],[102.58187120225384,18.52139634874169],[102.58061279296587,18.523632134332033],[102.57909749348644,18.52461059570352],[102.57710286458033,18.526458604601075],[102.57650824652464,18.52798583984415],[102.5749829101533,18.52939914279561]],[[102.63367078992738,18.520517035590686],[102.63457302517051,18.51806016710114],[102.63262858072599,18.518739691840636],[102.63099745008364,18.519757758246925],[102.6308591037297,18.518035346137637],[102.63290635850402,18.516239691840738],[102.63445909287881,18.51526706271754],[102.63498996310474,18.513327365451886],[102.63356825086512,18.511608615451777],[102.63508110893784,18.511278889974378],[102.63707302517051,18.509573025174106],[102.637499999997,18.509444444445023],[102.63865695529196,18.510556640625424],[102.63913547091713,18.511413981120114],[102.63818413628164,18.512628580729626],[102.63776123046583,18.513576524522946],[102.63662516275727,18.51277113172783],[102.63623399522257,18.513472222222646],[102.63707302517051,18.514976128472668],[102.63661702473647,18.516268310547247],[102.63547390407675,18.51617648654552],[102.63503526475401,18.51696221245696],[102.63623074001438,18.518648003472634],[102.63634033202814,18.520011800130632],[102.63535346136857,18.52115709092928],[102.63407769096912,18.52162556966188],[102.63367078992738,18.520517035590686]],[[102.63879638671577,18.516411946615094],[102.63849012586488,18.51572523329031],[102.63948106553514,18.51438856336854],[102.64027777777468,18.51416666666708],[102.64046630859062,18.514843343099386],[102.64154568142047,18.515676540799106],[102.64178765190653,18.516422254774653],[102.64078721787902,18.517194552951807],[102.63879638671577,18.516411946615094]],[[102.64352701822631,18.510152316623675],[102.64435845268812,18.507887912326808],[102.64594048393812,18.50597520616367],[102.64873969183716,18.50373969184068],[102.6494444444414,18.503611111111496],[102.64959662543114,18.50402520073827],[102.64922797308728,18.50571478949695],[102.64764919704547,18.508204752604726],[102.64674723306999,18.50935668945357],[102.64596408419825,18.5092937554258],[102.64507893879917,18.509921332465737],[102.64551432291367,18.511917724609873],[102.64516167534416,18.512628580729626],[102.64344238280941,18.511206325955314],[102.64352701822631,18.510152316623675]],[[102.6412223307261,18.509468315972796],[102.64049126518793,18.509850802951874],[102.63799207899021,18.50779988606817],[102.63938205294826,18.505308566623654],[102.64191297742732,18.503491075304254],[102.6435739474795,18.503188069661988],[102.64499864366027,18.501534423828474],[102.64611111110801,18.501388888889352],[102.64740261501433,18.50254001193619],[102.6473399522541,18.503318956163625],[102.64675916883371,18.50435980902823],[102.64507649739298,18.50486640082518],[102.6427115885389,18.507343614366775],[102.64203559027467,18.507645263672302],[102.6412223307261,18.509468315972796]],[[102.63282036675051,18.501671549479667],[102.63363633897276,18.502618543837343],[102.63428548176788,18.50267076280427],[102.63525987412882,18.50197984483539],[102.63611111110814,18.5024546983511],[102.63725613063932,18.50181586371569],[102.6378149414032,18.50415540907163],[102.63714111327809,18.50566541883738],[102.63585177951077,18.50601833767402],[102.63442382812192,18.50590359158025],[102.63233832464968,18.50762858072963],[102.63178982204548,18.506807861328568],[102.63260443793106,18.504873860677563],[102.63273383246215,18.503263481988327],[102.6320212131046,18.50286580403686],[102.63109185112538,18.50294053819492],[102.63051730685467,18.501652696398168],[102.62754584418101,18.50421264648483],[102.62603868272257,18.505961914062908],[102.62529568142045,18.505006917318198],[102.62645589192405,18.503370632595903],[102.625677625865,18.501522894965717],[102.62718044704556,18.5002284071185],[102.62775227864276,18.498328586154926],[102.62879828558735,18.497586941189752],[102.6298809136255,18.49767401801266],[102.63111111110797,18.497222222222632],[102.6323529730872,18.49820624457503],[102.63286078558716,18.498165418837218],[102.63373969183723,18.49892279730952],[102.63346842447604,18.50051011827307],[102.63282036675051,18.501671549479667]],[[102.6468364800318,18.50044881184941],[102.64535563150739,18.500016954210594],[102.64487901475385,18.499172227647946],[102.64666666666372,18.498440483941337],[102.64657172308736,18.4969251844622],[102.64749999999688,18.496666666667124],[102.64800835503175,18.497122260200157],[102.64854085286143,18.498423936632392],[102.64842258029225,18.49922444661496],[102.6468364800318,18.50044881184941]],[[102.66166531032675,18.49721666124171],[102.66099772135104,18.496774495443248],[102.6621733940942,18.495364718967423],[102.66499999999687,18.49361111111152],[102.66487847221933,18.4949781629779],[102.66393988714967,18.495884195963953],[102.66166531032675,18.49721666124171]],[[102.65372450086497,18.495735134549193],[102.65199571397275,18.496928710937937],[102.65034586588231,18.496180962457018],[102.64907280815672,18.49433729383729],[102.64972222221931,18.493888888889373],[102.65109157985799,18.495006239149774],[102.6517800564205,18.494557834201842],[102.6534733072888,18.494123399522948],[102.65372450086497,18.495735134549193]],[[102.64389865451082,18.49243164062544],[102.64373182508402,18.49406833224883],[102.64305474175043,18.49399943033896],[102.64252604166384,18.49219753689286],[102.64047634548317,18.49154066297787],[102.63898464626428,18.49261420355954],[102.63737386067405,18.491051161024856],[102.63850043402473,18.48908433702306],[102.63959608289636,18.488762885200032],[102.63984836154216,18.488066134983043],[102.6386260308129,18.48705078125049],[102.63877848307001,18.485554741754015],[102.63972222221909,18.48527777777818],[102.64070719400766,18.48651489257847],[102.64095947265318,18.487651774088917],[102.64358751084754,18.48970296224006],[102.64343505859077,18.491198052300803],[102.64389865451082,18.49243164062544]],[[102.64604736327809,18.488273654514373],[102.64666666666372,18.487777777778177],[102.64698432074348,18.488174641927543],[102.64808729383375,18.488639322917223],[102.64761257595185,18.489874538846053],[102.64921739366017,18.490153808594087],[102.64984564886848,18.491019287109793],[102.64935058593446,18.49151245117227],[102.64807725694143,18.490582275391063],[102.64765435112557,18.491482747396205],[102.6485761176186,18.492744683160183],[102.64823947482327,18.493456895616745],[102.64689832898992,18.492477213542173],[102.64617377386858,18.490273708767788],[102.64515435112551,18.490872938368483],[102.64432101779224,18.49043240017403],[102.64604736327809,18.488273654514373]],[[102.63583333333028,18.493888888889373],[102.63645317925037,18.49596191406293],[102.63763970268784,18.495120713976107],[102.639059516056,18.496295166016168],[102.6395730251705,18.49785319010458],[102.63819444444144,18.49734700520871],[102.63731797959773,18.497668863932645],[102.63598253037887,18.497743869358075],[102.63662136501435,18.49888888888927],[102.63563856336489,18.500167914497],[102.63500840928523,18.50011718750035],[102.63431043836513,18.49779920789973],[102.63238009982322,18.496590033637503],[102.63326687282668,18.495339626736637],[102.63482964409431,18.494642198351116],[102.63535427517067,18.494033067491756],[102.63583333333028,18.493888888889373]],[[102.6249137369762,18.50267944335984],[102.62484564886844,18.503526746962322],[102.62402208116,18.5034605577261],[102.62247558593438,18.503883870443147],[102.6215380859343,18.502956814236512],[102.6227899848059,18.501358371311113],[102.62361111110832,18.501111111111598],[102.6249137369762,18.50267944335984]],[[102.61464979383388,18.512328559028177],[102.61453314886845,18.513116590712272],[102.61343804253167,18.512304551866862],[102.61281928168083,18.512396104601052],[102.61305528428542,18.513993462456995],[102.61274441188922,18.514843207465745],[102.61151909721931,18.513255750868467],[102.61126790364298,18.512073160807745],[102.61284396701078,18.51021362304735],[102.61361111110799,18.51000000000036],[102.613924967445,18.51112711588587],[102.61464979383388,18.512328559028177]],[[102.59422932942417,18.5029930284293],[102.5959326171845,18.50363037109426],[102.59640407985805,18.504313151042126],[102.59619411892069,18.50524915907161],[102.59410346136846,18.50578559027818],[102.5932744683129,18.50524590386324],[102.59393039279209,18.50368462456646],[102.59326334635116,18.502660454644612],[102.59388888888591,18.50250000000038],[102.59422932942417,18.5029930284293]],[[102.73681993272274,18.538067762587204],[102.73586615668094,18.538655463325057],[102.73496636284418,18.538375244141022],[102.73433865017077,18.53647528754381],[102.73555555555257,18.53583333333367],[102.7357788085906,18.536195610894595],[102.73716769747946,18.536951768663613],[102.73681993272274,18.538067762587204]],[[102.89794731987539,18.53340426974863],[102.8999999999971,18.53305555555592],[102.89970269096912,18.534805908203538],[102.89823920355602,18.53762098524345],[102.8976567925317,18.535369873047244],[102.89794731987539,18.53340426974863]],[[102.69068657768801,18.621415337457023],[102.68975938584757,18.621840820312997],[102.68825330945882,18.621751166450082],[102.6876543511253,18.619184299045585],[102.68861111110792,18.61888888888926],[102.69068657768801,18.621415337457023]],[[102.70301649305239,18.650565592448373],[102.7017293294239,18.65152248806463],[102.7001120334173,18.65095567491373],[102.70015407985827,18.649895290798995],[102.70249999999712,18.649722222222636],[102.70301649305239,18.650565592448373]],[[102.70552246093459,18.654527452257398],[102.70532687716727,18.65540039062539],[102.7036078558996,18.65584160698822],[102.70266438801767,18.65512844509591],[102.70351888020517,18.654025743272996],[102.70472222221909,18.653888888889256],[102.70552246093459,18.654527452257398]],[[102.71683105468443,18.664280056423962],[102.71705783419847,18.66484225803002],[102.7155696614553,18.66513292100744],[102.71484266492743,18.666185709635982],[102.71433105468438,18.665847846137652],[102.71474283853857,18.664010552300766],[102.71611111110823,18.663888888889332],[102.71683105468443,18.664280056423962]],[[102.64118896484084,18.659383544922363],[102.64015163845195,18.66009385850738],[102.6379470486082,18.659869520399738],[102.63865125867747,18.658841281467417],[102.64010850694152,18.65816392686675],[102.64111111110802,18.658055555555976],[102.6426858181392,18.65844414605087],[102.64255696614273,18.65890231662364],[102.64118896484084,18.659383544922363]],[[102.60138916015316,18.67793457031304],[102.60277777777466,18.67858466254384],[102.60345431857323,18.678176540799086],[102.60472222221907,18.67805555555593],[102.60441867404214,18.679843207465808],[102.60262098524001,18.67960123697968],[102.60071234808711,18.678978271484837],[102.60138916015316,18.67793457031304]],[[102.60577202690669,18.67877387152832],[102.60638888888579,18.67861111111162],[102.60738389756628,18.68011596679746],[102.60777886284413,18.682085367838994],[102.60636149088228,18.682338189019518],[102.60599500867741,18.680949300130735],[102.60549723306977,18.680164930556018],[102.60577202690669,18.67877387152832]],[[102.5710576714379,18.720957031250478],[102.56993001301785,18.721244710287067],[102.56760172525722,18.717880452474375],[102.5676551649274,18.71653659396742],[102.56626546223671,18.714724663628843],[102.56738416883385,18.712610677083745],[102.5686111111082,18.712222222222664],[102.57157362195889,18.71606580946235],[102.57148111978879,18.718401421441456],[102.57318712022257,18.71880791558212],[102.5710576714379,18.720957031250478]],[[102.5583333333303,18.715555555556108],[102.5596164279485,18.715939263238354],[102.55982801649012,18.717787136502096],[102.55870062933715,18.718161485460513],[102.55763264973675,18.7172964138459],[102.55739420572607,18.715692274306036],[102.5583333333303,18.715555555556108]],[[102.5391905381912,18.740805664062933],[102.53885552300059,18.74123209635455],[102.53706542968436,18.7404345703129],[102.53654568142073,18.739942220052512],[102.53738389756646,18.739599202474437],[102.53718478732353,18.738250732422372],[102.53833333333014,18.738055555555974],[102.5391905381912,18.740805664062933]]]]},"properties":{"id":"342"}}]}